timestamp,production_simulee_mw,production_hq_eolien_mw,ecart_mw
2024-01-01 00:00:00+00:00,372.6214384911864,820.0,-447.3785615088136
2024-01-01 01:00:00+00:00,340.4548108627676,761.0,-420.5451891372324
2024-01-01 02:00:00+00:00,337.32454722510613,593.0,-255.67545277489387
2024-01-01 03:00:00+00:00,325.4067601298154,512.0,-186.59323987018462
2024-01-01 04:00:00+00:00,326.2025962071045,428.0,-101.79740379289552
2024-01-01 05:00:00+00:00,306.35675892529935,445.0,-138.64324107470065
2024-01-01 06:00:00+00:00,270.6711902208912,424.0,-153.32880977910878
2024-01-01 07:00:00+00:00,233.29597539070855,480.0,-246.70402460929145
2024-01-01 08:00:00+00:00,234.56153091545048,490.0,-255.43846908454952
2024-01-01 09:00:00+00:00,249.8795044634734,496.0,-246.1204955365266
2024-01-01 10:00:00+00:00,235.4942307977741,570.0,-334.5057692022259
2024-01-01 11:00:00+00:00,220.7890321329779,548.0,-327.2109678670221
2024-01-01 12:00:00+00:00,217.02045264235824,507.0,-289.97954735764176
2024-01-01 13:00:00+00:00,176.10552317875008,440.0,-263.8944768212499
2024-01-01 14:00:00+00:00,185.87284988614505,370.0,-184.12715011385495
2024-01-01 15:00:00+00:00,168.7686352805718,354.0,-185.2313647194282
2024-01-01 16:00:00+00:00,128.38090746151371,310.0,-181.61909253848629
2024-01-01 17:00:00+00:00,97.85910526542472,268.0,-170.14089473457528
2024-01-01 18:00:00+00:00,92.42434960982804,327.0,-234.57565039017197
2024-01-01 19:00:00+00:00,105.21842542750228,346.0,-240.78157457249773
2024-01-01 20:00:00+00:00,132.83729962134328,304.0,-171.16270037865672
2024-01-01 21:00:00+00:00,166.55261548417403,374.0,-207.44738451582597
2024-01-01 22:00:00+00:00,182.6618915163557,445.0,-262.3381084836443
2024-01-01 23:00:00+00:00,246.58405431889912,537.0,-290.4159456811009
2024-01-02 00:00:00+00:00,299.647306384732,652.0,-352.352693615268
2024-01-02 01:00:00+00:00,363.0208108848233,867.0,-503.9791891151767
2024-01-02 02:00:00+00:00,475.54993577832266,882.0,-406.45006422167734
2024-01-02 03:00:00+00:00,555.7337492708622,1054.0,-498.2662507291378
2024-01-02 04:00:00+00:00,686.9531896262425,1156.0,-469.04681037375747
2024-01-02 05:00:00+00:00,732.1383521614241,1307.0,-574.8616478385759
2024-01-02 06:00:00+00:00,791.8040940294873,1342.0,-550.1959059705127
2024-01-02 07:00:00+00:00,776.498531536508,1475.0,-698.501468463492
2024-01-02 08:00:00+00:00,814.2957181608074,1563.0,-748.7042818391926
2024-01-02 09:00:00+00:00,831.801336246461,1585.0,-753.198663753539
2024-01-02 10:00:00+00:00,919.7018111132546,1683.0,-763.2981888867454
2024-01-02 11:00:00+00:00,976.0869571174644,1732.0,-755.9130428825356
2024-01-02 12:00:00+00:00,989.99545912654,1727.0,-737.00454087346
2024-01-02 13:00:00+00:00,957.2806955301412,1797.0,-839.7193044698588
2024-01-02 14:00:00+00:00,953.6864914311157,1777.0,-823.3135085688843
2024-01-02 15:00:00+00:00,769.7207992562642,1757.0,-987.2792007437358
2024-01-02 16:00:00+00:00,732.8710268339892,1662.0,-929.1289731660108
2024-01-02 17:00:00+00:00,726.3351680560041,1599.0,-872.6648319439959
2024-01-02 18:00:00+00:00,759.9332181304031,1473.0,-713.0667818695969
2024-01-02 19:00:00+00:00,763.9750044642306,1409.0,-645.0249955357694
2024-01-02 20:00:00+00:00,676.2317214109181,1398.0,-721.7682785890819
2024-01-02 21:00:00+00:00,780.3985412122117,1324.0,-543.6014587877883
2024-01-02 22:00:00+00:00,727.3021155273391,1312.0,-584.6978844726609
2024-01-02 23:00:00+00:00,794.37798472313,1238.0,-443.62201527687
2024-01-03 00:00:00+00:00,826.1500201050715,1199.0,-372.84997989492854
2024-01-03 01:00:00+00:00,850.1203176468314,1145.0,-294.8796823531686
2024-01-03 02:00:00+00:00,855.6227586813836,1154.0,-298.37724131861637
2024-01-03 03:00:00+00:00,864.6907224961473,1011.0,-146.30927750385274
2024-01-03 04:00:00+00:00,827.4273010601329,946.0,-118.57269893986711
2024-01-03 05:00:00+00:00,771.9436119068947,841.0,-69.05638809310528
2024-01-03 06:00:00+00:00,712.1593884258907,790.0,-77.84061157410929
2024-01-03 07:00:00+00:00,652.6276805718871,755.0,-102.37231942811286
2024-01-03 08:00:00+00:00,589.9709069470546,735.0,-145.02909305294543
2024-01-03 09:00:00+00:00,537.289970812569,694.0,-156.71002918743102
2024-01-03 10:00:00+00:00,568.8502279461242,650.0,-81.14977205387584
2024-01-03 11:00:00+00:00,466.7652215765307,573.0,-106.23477842346932
2024-01-03 12:00:00+00:00,402.0597867106513,477.0,-74.94021328934872
2024-01-03 13:00:00+00:00,328.1726204738787,398.0,-69.82737952612132
2024-01-03 14:00:00+00:00,231.35543405303855,285.0,-53.64456594696145
2024-01-03 15:00:00+00:00,112.92926766364502,191.0,-78.07073233635498
2024-01-03 16:00:00+00:00,108.79040270374492,172.0,-63.20959729625508
2024-01-03 17:00:00+00:00,116.19235483785268,148.0,-31.807645162147324
2024-01-03 18:00:00+00:00,150.86967513071238,90.0,60.86967513071238
2024-01-03 19:00:00+00:00,155.0078075000327,41.0,114.0078075000327
2024-01-03 20:00:00+00:00,173.88635583451452,26.0,147.88635583451452
2024-01-03 21:00:00+00:00,253.48251483684348,68.0,185.48251483684348
2024-01-03 22:00:00+00:00,318.8679800865325,133.0,185.8679800865325
2024-01-03 23:00:00+00:00,360.3294763876253,196.0,164.32947638762528
2024-01-04 00:00:00+00:00,368.9463136788236,291.0,77.94631367882363
2024-01-04 01:00:00+00:00,408.2892567132525,316.0,92.28925671325248
2024-01-04 02:00:00+00:00,414.7965869311308,378.0,36.796586931130776
2024-01-04 03:00:00+00:00,418.55368221197415,388.0,30.55368221197415
2024-01-04 04:00:00+00:00,405.6213139517965,412.0,-6.3786860482035195
2024-01-04 05:00:00+00:00,358.5215004528041,384.0,-25.478499547195895
2024-01-04 06:00:00+00:00,348.8798873053943,339.0,9.879887305394277
2024-01-04 07:00:00+00:00,318.3965558520247,329.0,-10.603444147975324
2024-01-04 08:00:00+00:00,305.4985841144582,244.0,61.4985841144582
2024-01-04 09:00:00+00:00,338.2770308060228,170.0,168.27703080602282
2024-01-04 10:00:00+00:00,308.11016494341504,146.0,162.11016494341504
2024-01-04 11:00:00+00:00,362.08143561292593,129.0,233.08143561292593
2024-01-04 12:00:00+00:00,330.98146504862746,169.0,161.98146504862746
2024-01-04 13:00:00+00:00,617.4461541364808,207.0,410.4461541364808
2024-01-04 14:00:00+00:00,615.3197166134286,224.0,391.31971661342857
2024-01-04 15:00:00+00:00,559.3346384723467,285.0,274.3346384723467
2024-01-04 16:00:00+00:00,573.9527423554208,379.0,194.9527423554208
2024-01-04 17:00:00+00:00,723.5020860995162,512.0,211.5020860995162
2024-01-04 18:00:00+00:00,725.7291303587473,545.0,180.72913035874728
2024-01-04 19:00:00+00:00,702.3779474600476,741.0,-38.62205253995239
2024-01-04 20:00:00+00:00,792.5806613809348,884.0,-91.41933861906523
2024-01-04 21:00:00+00:00,1149.8320133795394,1174.0,-24.167986620460624
2024-01-04 22:00:00+00:00,1173.9225671754334,875.0,298.9225671754334
2024-01-04 23:00:00+00:00,1049.5205344881786,1377.0,-327.47946551182145
2024-01-05 00:00:00+00:00,1100.13161050229,991.0,109.13161050228996
2024-01-05 01:00:00+00:00,1288.781719054043,1111.0,177.78171905404292
2024-01-05 02:00:00+00:00,1183.8454771660754,1454.0,-270.1545228339246
2024-01-05 03:00:00+00:00,1162.9426172397016,1562.0,-399.0573827602984
2024-01-05 04:00:00+00:00,1161.479774893488,1571.0,-409.52022510651204
2024-01-05 05:00:00+00:00,1080.5664239452565,1586.0,-505.4335760547435
2024-01-05 06:00:00+00:00,1015.1620899000736,1607.0,-591.8379100999264
2024-01-05 07:00:00+00:00,953.9583270698628,1520.0,-566.0416729301372
2024-01-05 08:00:00+00:00,945.9768527544674,1515.0,-569.0231472455326
2024-01-05 09:00:00+00:00,915.6112242459526,1456.0,-540.3887757540474
2024-01-05 10:00:00+00:00,695.1775892740341,1379.0,-683.8224107259659
2024-01-05 11:00:00+00:00,736.9194293509508,1686.0,-949.0805706490492
2024-01-05 12:00:00+00:00,686.050111136618,1614.0,-927.949888863382
2024-01-05 13:00:00+00:00,605.1459327752664,1580.0,-974.8540672247336
2024-01-05 14:00:00+00:00,506.84631629156297,1369.0,-862.153683708437
2024-01-05 15:00:00+00:00,515.1673936244492,1262.0,-746.8326063755508
2024-01-05 16:00:00+00:00,492.7995323473201,1215.0,-722.2004676526799
2024-01-05 17:00:00+00:00,485.9110227294759,1207.0,-721.0889772705241
2024-01-05 18:00:00+00:00,493.1087524045535,1166.0,-672.8912475954464
2024-01-05 19:00:00+00:00,514.3434176985937,1253.0,-738.6565823014063
2024-01-05 20:00:00+00:00,470.6820240213121,1149.0,-678.3179759786879
2024-01-05 21:00:00+00:00,470.1154772187044,1094.0,-623.8845227812956
2024-01-05 22:00:00+00:00,415.6444153786206,1187.0,-771.3555846213794
2024-01-05 23:00:00+00:00,507.9826335623616,1374.0,-866.0173664376384
2024-01-06 00:00:00+00:00,594.4226732553376,1532.0,-937.5773267446624
2024-01-06 01:00:00+00:00,650.322839377617,1496.0,-845.677160622383
2024-01-06 02:00:00+00:00,733.189999652631,1493.0,-759.810000347369
2024-01-06 03:00:00+00:00,753.2163538020352,1495.0,-741.7836461979648
2024-01-06 04:00:00+00:00,738.9718794405156,1567.0,-828.0281205594844
2024-01-06 05:00:00+00:00,785.5517870677207,1664.0,-878.4482129322793
2024-01-06 06:00:00+00:00,858.9850717730185,1732.0,-873.0149282269815
2024-01-06 07:00:00+00:00,811.7816342179926,1710.0,-898.2183657820074
2024-01-06 08:00:00+00:00,725.5954786681324,1548.0,-822.4045213318676
2024-01-06 09:00:00+00:00,611.4548234624958,1593.0,-981.5451765375042
2024-01-06 10:00:00+00:00,516.933531367439,1477.0,-960.066468632561
2024-01-06 11:00:00+00:00,507.7016605303687,1452.0,-944.2983394696313
2024-01-06 12:00:00+00:00,488.20442552983326,1244.0,-755.7955744701667
2024-01-06 13:00:00+00:00,402.87772392606826,1109.0,-706.1222760739317
2024-01-06 14:00:00+00:00,274.06332629330825,1094.0,-819.9366737066917
2024-01-06 15:00:00+00:00,217.2480710862763,1085.0,-867.7519289137238
2024-01-06 16:00:00+00:00,206.79277069502567,1002.0,-795.2072293049744
2024-01-06 17:00:00+00:00,205.62587876650773,951.0,-745.3741212334922
2024-01-06 18:00:00+00:00,184.14253188273895,862.0,-677.8574681172611
2024-01-06 19:00:00+00:00,181.9106055284537,846.0,-664.0893944715463
2024-01-06 20:00:00+00:00,173.26455854205398,842.0,-668.7354414579461
2024-01-06 21:00:00+00:00,204.58344707887343,909.0,-704.4165529211266
2024-01-06 22:00:00+00:00,192.77920535699133,1141.0,-948.2207946430087
2024-01-06 23:00:00+00:00,218.02075710102096,1182.0,-963.979242898979
2024-01-07 00:00:00+00:00,328.37558041298234,1123.0,-794.6244195870177
2024-01-07 01:00:00+00:00,315.98826917062587,1200.0,-884.0117308293741
2024-01-07 02:00:00+00:00,307.80414846843763,1050.0,-742.1958515315623
2024-01-07 03:00:00+00:00,453.6744508214485,1041.0,-587.3255491785515
2024-01-07 04:00:00+00:00,317.66896854063043,1002.0,-684.3310314593696
2024-01-07 05:00:00+00:00,286.5954167235455,975.0,-688.4045832764546
2024-01-07 06:00:00+00:00,269.6856456700177,953.0,-683.3143543299823
2024-01-07 07:00:00+00:00,273.661751606243,899.0,-625.338248393757
2024-01-07 08:00:00+00:00,304.7131119418539,864.0,-559.2868880581461
2024-01-07 09:00:00+00:00,301.27056907814773,934.0,-632.7294309218523
2024-01-07 10:00:00+00:00,243.33018096936345,956.0,-712.6698190306365
2024-01-07 11:00:00+00:00,235.30012124162351,1047.0,-811.6998787583765
2024-01-07 12:00:00+00:00,266.6444937498525,1140.0,-873.3555062501475
2024-01-07 13:00:00+00:00,279.89360130992617,1124.0,-844.1063986900738
2024-01-07 14:00:00+00:00,274.0328144852362,1110.0,-835.9671855147637
2024-01-07 15:00:00+00:00,180.3726865119704,977.0,-796.6273134880296
2024-01-07 16:00:00+00:00,159.609916077862,789.0,-629.390083922138
2024-01-07 17:00:00+00:00,136.0138151234654,726.0,-589.9861848765346
2024-01-07 18:00:00+00:00,135.6672100233695,675.0,-539.3327899766305
2024-01-07 19:00:00+00:00,115.22738433266092,557.0,-441.7726156673391
2024-01-07 20:00:00+00:00,96.64641570406016,414.0,-317.35358429593987
2024-01-07 21:00:00+00:00,139.37016175221035,495.0,-355.6298382477896
2024-01-07 22:00:00+00:00,219.5364028612248,508.0,-288.4635971387752
2024-01-07 23:00:00+00:00,206.97311766595723,553.0,-346.02688233404274
2024-01-08 00:00:00+00:00,180.63925336183092,596.0,-415.3607466381691
2024-01-08 01:00:00+00:00,159.02919291944625,603.0,-443.97080708055375
2024-01-08 02:00:00+00:00,154.890122612583,658.0,-503.109877387417
2024-01-08 03:00:00+00:00,151.95924215805033,510.0,-358.0407578419497
2024-01-08 04:00:00+00:00,159.0658748042392,506.0,-346.93412519576077
2024-01-08 05:00:00+00:00,178.66954083561154,483.0,-304.33045916438846
2024-01-08 06:00:00+00:00,205.7965324277367,521.0,-315.2034675722633
2024-01-08 07:00:00+00:00,238.99141360065624,598.0,-359.00858639934376
2024-01-08 08:00:00+00:00,286.7244387067156,717.0,-430.2755612932844
2024-01-08 09:00:00+00:00,323.1790888989689,783.0,-459.8209111010311
2024-01-08 10:00:00+00:00,412.5406845088804,909.0,-496.4593154911196
2024-01-08 11:00:00+00:00,409.0935527674076,994.0,-584.9064472325924
2024-01-08 12:00:00+00:00,429.70156690319294,1071.0,-641.298433096807
2024-01-08 13:00:00+00:00,469.4476117004926,1298.0,-828.5523882995074
2024-01-08 14:00:00+00:00,482.9532726544093,1408.0,-925.0467273455906
2024-01-08 15:00:00+00:00,427.148717084224,1475.0,-1047.851282915776
2024-01-08 16:00:00+00:00,526.6029829017075,1570.0,-1043.3970170982925
2024-01-08 17:00:00+00:00,545.9775103402022,1470.0,-924.0224896597978
2024-01-08 18:00:00+00:00,611.8121021992292,1609.0,-997.1878978007708
2024-01-08 19:00:00+00:00,674.6658526125726,1549.0,-874.3341473874274
2024-01-08 20:00:00+00:00,694.1186440253122,1576.0,-881.8813559746878
2024-01-08 21:00:00+00:00,725.8173500076003,1775.0,-1049.1826499923995
2024-01-08 22:00:00+00:00,915.2001172873736,2085.0,-1169.7998827126264
2024-01-08 23:00:00+00:00,1040.5251536474968,2271.0,-1230.4748463525032
2024-01-09 00:00:00+00:00,1090.9051097239535,2415.0,-1324.0948902760465
2024-01-09 01:00:00+00:00,1111.6477984574651,2096.0,-984.3522015425349
2024-01-09 02:00:00+00:00,1098.4831694936029,2346.0,-1247.5168305063971
2024-01-09 03:00:00+00:00,1036.0184659898548,2270.0,-1233.9815340101452
2024-01-09 04:00:00+00:00,798.8875985432541,2301.0,-1502.1124014567458
2024-01-09 05:00:00+00:00,742.0814023027691,1856.0,-1113.9185976972308
2024-01-09 06:00:00+00:00,675.5863641831097,1725.0,-1049.4136358168903
2024-01-09 07:00:00+00:00,673.3780511146006,1766.0,-1092.6219488853994
2024-01-09 08:00:00+00:00,689.2426574150205,1742.0,-1052.7573425849796
2024-01-09 09:00:00+00:00,665.2552220588028,1605.0,-939.7447779411972
2024-01-09 10:00:00+00:00,613.4527048259985,1561.0,-947.5472951740015
2024-01-09 11:00:00+00:00,594.2747462210749,1767.0,-1172.725253778925
2024-01-09 12:00:00+00:00,544.4925430934522,1593.0,-1048.5074569065478
2024-01-09 13:00:00+00:00,420.06264528966057,1370.0,-949.9373547103394
2024-01-09 14:00:00+00:00,381.4225707095631,1197.0,-815.5774292904368
2024-01-09 15:00:00+00:00,247.32271944178197,1045.0,-797.6772805582181
2024-01-09 16:00:00+00:00,144.4875565664463,913.0,-768.5124434335537
2024-01-09 17:00:00+00:00,133.29114495123085,650.0,-516.7088550487691
2024-01-09 18:00:00+00:00,121.73773872732563,705.0,-583.2622612726743
2024-01-09 19:00:00+00:00,150.52679951702368,638.0,-487.4732004829763
2024-01-09 20:00:00+00:00,191.0377036694425,809.0,-617.9622963305575
2024-01-09 21:00:00+00:00,366.93315396077793,1071.0,-704.0668460392221
2024-01-09 22:00:00+00:00,583.9524831249762,1235.0,-651.0475168750238
2024-01-09 23:00:00+00:00,725.1114934489191,1299.0,-573.8885065510809
2024-01-10 00:00:00+00:00,946.075577096345,1257.0,-310.924422903655
2024-01-10 01:00:00+00:00,1161.436372790339,1344.0,-182.56362720966104
2024-01-10 02:00:00+00:00,1321.562739926107,1587.0,-265.43726007389296
2024-01-10 03:00:00+00:00,1471.850794304911,1864.0,-392.149205695089
2024-01-10 04:00:00+00:00,1657.910793523955,2092.0,-434.0892064760451
2024-01-10 05:00:00+00:00,2098.5229508186258,1905.0,193.52295081862576
2024-01-10 06:00:00+00:00,2308.080153973616,2103.0,205.08015397361578
2024-01-10 07:00:00+00:00,2446.4181468929864,2188.0,258.41814689298644
2024-01-10 08:00:00+00:00,2511.329583946137,2218.0,293.32958394613706
2024-01-10 09:00:00+00:00,2724.394501459896,2140.0,584.3945014598962
2024-01-10 10:00:00+00:00,2898.734161927895,2246.0,652.734161927895
2024-01-10 11:00:00+00:00,3058.3737703880247,2173.0,885.3737703880247
2024-01-10 12:00:00+00:00,2924.730862428908,2221.0,703.730862428908
2024-01-10 13:00:00+00:00,2511.2034175431727,2333.0,178.2034175431727
2024-01-10 14:00:00+00:00,2454.1369633259287,2269.0,185.13696332592872
2024-01-10 15:00:00+00:00,2440.3024613652888,2107.0,333.30246136528876
2024-01-10 16:00:00+00:00,2290.7602983661805,1886.0,404.76029836618045
2024-01-10 17:00:00+00:00,2289.2891135901755,1619.0,670.2891135901755
2024-01-10 18:00:00+00:00,2432.3950950237745,1599.0,833.3950950237745
2024-01-10 19:00:00+00:00,2256.9765358971595,1470.0,786.9765358971595
2024-01-10 20:00:00+00:00,2479.2255265222484,1257.0,1222.2255265222484
2024-01-10 21:00:00+00:00,2373.5481038029047,1527.0,846.5481038029047
2024-01-10 22:00:00+00:00,1898.4198665319705,1735.0,163.41986653197046
2024-01-10 23:00:00+00:00,1525.3942060005113,1903.0,-377.6057939994887
2024-01-11 00:00:00+00:00,1487.461163239716,2194.0,-706.5388367602841
2024-01-11 01:00:00+00:00,1682.2459101966454,2004.0,-321.75408980335465
2024-01-11 02:00:00+00:00,1769.0542944835122,1811.0,-41.945705516487806
2024-01-11 03:00:00+00:00,1837.7292569337587,1697.0,140.72925693375873
2024-01-11 04:00:00+00:00,1824.8743700183916,1753.0,71.87437001839157
2024-01-11 05:00:00+00:00,1816.9641692965424,1680.0,136.96416929654242
2024-01-11 06:00:00+00:00,1857.818673664178,1535.0,322.81867366417805
2024-01-11 07:00:00+00:00,1616.3871686962325,1528.0,88.3871686962325
2024-01-11 08:00:00+00:00,1536.6759335120864,1710.0,-173.32406648791357
2024-01-11 09:00:00+00:00,1378.235742910141,1538.0,-159.76425708985903
2024-01-11 10:00:00+00:00,1196.7270896511095,1354.0,-157.2729103488905
2024-01-11 11:00:00+00:00,1161.168087485465,1509.0,-347.8319125145349
2024-01-11 12:00:00+00:00,1099.2052450462313,1420.0,-320.7947549537687
2024-01-11 13:00:00+00:00,1015.5811134078753,1377.0,-361.41888659212475
2024-01-11 14:00:00+00:00,929.0685461507662,1384.0,-454.9314538492338
2024-01-11 15:00:00+00:00,928.291906235874,1359.0,-430.70809376412603
2024-01-11 16:00:00+00:00,792.765978024418,1277.0,-484.234021975582
2024-01-11 17:00:00+00:00,763.2051101837093,1287.0,-523.7948898162907
2024-01-11 18:00:00+00:00,697.5135572575971,1112.0,-414.4864427424029
2024-01-11 19:00:00+00:00,615.4514736617047,1117.0,-501.54852633829535
2024-01-11 20:00:00+00:00,507.7140634887163,1168.0,-660.2859365112837
2024-01-11 21:00:00+00:00,481.3290756620472,1110.0,-628.6709243379528
2024-01-11 22:00:00+00:00,445.24482115039376,1325.0,-879.7551788496062
2024-01-11 23:00:00+00:00,473.6045705027733,1314.0,-840.3954294972267
2024-01-12 00:00:00+00:00,497.1571811568645,1399.0,-901.8428188431355
2024-01-12 01:00:00+00:00,494.1463469064457,1413.0,-918.8536530935544
2024-01-12 02:00:00+00:00,514.5388236551042,1318.0,-803.4611763448958
2024-01-12 03:00:00+00:00,535.9768540464453,1303.0,-767.0231459535547
2024-01-12 04:00:00+00:00,526.905616251874,1177.0,-650.094383748126
2024-01-12 05:00:00+00:00,475.6325515670416,1293.0,-817.3674484329583
2024-01-12 06:00:00+00:00,492.5091341742009,1416.0,-923.4908658257991
2024-01-12 07:00:00+00:00,491.5252997609264,1506.0,-1014.4747002390736
2024-01-12 08:00:00+00:00,519.1581165947973,1604.0,-1084.8418834052027
2024-01-12 09:00:00+00:00,519.5916463226384,1750.0,-1230.4083536773614
2024-01-12 10:00:00+00:00,476.77190632106993,1802.0,-1325.22809367893
2024-01-12 11:00:00+00:00,523.2433557560815,1755.0,-1231.7566442439183
2024-01-12 12:00:00+00:00,588.3883834947717,1638.0,-1049.6116165052283
2024-01-12 13:00:00+00:00,566.4021227229197,1729.0,-1162.5978772770804
2024-01-12 14:00:00+00:00,513.6986732141644,1647.0,-1133.3013267858355
2024-01-12 15:00:00+00:00,464.88243525348855,1598.0,-1133.1175647465116
2024-01-12 16:00:00+00:00,749.4099757909693,1719.0,-969.5900242090307
2024-01-12 17:00:00+00:00,830.7743367690576,1762.0,-931.2256632309424
2024-01-12 18:00:00+00:00,706.7512828804182,1676.0,-969.2487171195818
2024-01-12 19:00:00+00:00,589.1238204027128,1618.0,-1028.8761795972873
2024-01-12 20:00:00+00:00,447.67439555951097,1368.0,-920.3256044404891
2024-01-12 21:00:00+00:00,348.7302336785664,1169.0,-820.2697663214336
2024-01-12 22:00:00+00:00,386.0142564790582,1161.0,-774.9857435209418
2024-01-12 23:00:00+00:00,383.9527249076873,1190.0,-806.0472750923127
2024-01-13 00:00:00+00:00,449.1909185731916,1154.0,-704.8090814268085
2024-01-13 01:00:00+00:00,495.0527809293681,1117.0,-621.947219070632
2024-01-13 02:00:00+00:00,472.4189595519458,1035.0,-562.5810404480542
2024-01-13 03:00:00+00:00,386.9579641625695,939.0,-552.0420358374305
2024-01-13 04:00:00+00:00,408.6157724355476,792.0,-383.3842275644524
2024-01-13 05:00:00+00:00,518.0453202016123,824.0,-305.9546797983877
2024-01-13 06:00:00+00:00,597.4267039931956,951.0,-353.5732960068044
2024-01-13 07:00:00+00:00,749.7383467225106,1117.0,-367.26165327748936
2024-01-13 08:00:00+00:00,980.6018224370138,1278.0,-297.39817756298623
2024-01-13 09:00:00+00:00,1296.1153874287213,1336.0,-39.884612571278694
2024-01-13 10:00:00+00:00,1412.4146881505112,1390.0,22.41468815051121
2024-01-13 11:00:00+00:00,1578.340186909477,1704.0,-125.6598130905229
2024-01-13 12:00:00+00:00,1760.2835432867407,1949.0,-188.71645671325928
2024-01-13 13:00:00+00:00,1798.2518360957226,2159.0,-360.74816390427736
2024-01-13 14:00:00+00:00,1821.5030279335408,1811.0,10.503027933540807
2024-01-13 15:00:00+00:00,1816.0875071233277,1873.0,-56.91249287667233
2024-01-13 16:00:00+00:00,1748.0072686534866,2036.0,-287.99273134651344
2024-01-13 17:00:00+00:00,1621.9367285794842,2088.0,-466.0632714205158
2024-01-13 18:00:00+00:00,1901.969608955256,2275.0,-373.03039104474396
2024-01-13 19:00:00+00:00,2216.389272402447,2392.0,-175.6107275975528
2024-01-13 20:00:00+00:00,2452.509237231517,2359.0,93.50923723151709
2024-01-13 21:00:00+00:00,2379.93080548236,2411.0,-31.06919451763997
2024-01-13 22:00:00+00:00,2258.3811318717217,2611.0,-352.61886812827834
2024-01-13 23:00:00+00:00,2369.184559792137,2125.0,244.18455979213695
2024-01-14 00:00:00+00:00,2581.4130555173992,2228.0,353.41305551739924
2024-01-14 01:00:00+00:00,2399.708014113323,1736.0,663.7080141133229
2024-01-14 02:00:00+00:00,2359.302559459774,1606.0,753.3025594597739
2024-01-14 03:00:00+00:00,2330.205459745679,1867.0,463.20545974567904
2024-01-14 04:00:00+00:00,1811.1400598315809,1974.0,-162.85994016841914
2024-01-14 05:00:00+00:00,2208.59349308998,2347.0,-138.4065069100202
2024-01-14 06:00:00+00:00,2316.109544449514,2281.0,35.10954444951403
2024-01-14 07:00:00+00:00,2453.405940609091,2385.0,68.40594060909098
2024-01-14 08:00:00+00:00,2307.1796532773374,2365.0,-57.820346722662634
2024-01-14 09:00:00+00:00,2373.4929137750887,2447.0,-73.50708622491129
2024-01-14 10:00:00+00:00,2460.632439624138,2714.0,-253.367560375862
2024-01-14 11:00:00+00:00,2466.544728797715,2406.0,60.544728797714924
2024-01-14 12:00:00+00:00,2353.5012359986017,2434.0,-80.49876400139829
2024-01-14 13:00:00+00:00,2138.712287470637,2152.0,-13.287712529363034
2024-01-14 14:00:00+00:00,1876.403199521396,2415.0,-538.5968004786041
2024-01-14 15:00:00+00:00,1997.783073949282,2604.0,-606.216926050718
2024-01-14 16:00:00+00:00,2469.102457144852,2242.0,227.102457144852
2024-01-14 17:00:00+00:00,2247.092795345955,2338.0,-90.90720465404502
2024-01-14 18:00:00+00:00,2003.247837903598,2593.0,-589.7521620964019
2024-01-14 19:00:00+00:00,1429.825729057997,2393.0,-963.174270942003
2024-01-14 20:00:00+00:00,910.9252818707424,2153.0,-1242.0747181292577
2024-01-14 21:00:00+00:00,917.707422847792,1857.0,-939.292577152208
2024-01-14 22:00:00+00:00,1036.8150042123737,1750.0,-713.1849957876263
2024-01-14 23:00:00+00:00,1112.7913887704717,1839.0,-726.2086112295283
2024-01-15 00:00:00+00:00,1156.0811512705282,1840.0,-683.9188487294718
2024-01-15 01:00:00+00:00,1243.2163645316552,1729.0,-485.78363546834476
2024-01-15 02:00:00+00:00,1268.547182648759,1812.0,-543.452817351241
2024-01-15 03:00:00+00:00,1276.699245012046,1877.0,-600.300754987954
2024-01-15 04:00:00+00:00,1229.491559937892,1937.0,-707.5084400621081
2024-01-15 05:00:00+00:00,1146.4250312104548,2023.0,-876.5749687895452
2024-01-15 06:00:00+00:00,1055.1210077244457,1931.0,-875.8789922755543
2024-01-15 07:00:00+00:00,915.9929586133172,1836.0,-920.0070413866828
2024-01-15 08:00:00+00:00,711.9163834326462,1775.0,-1063.0836165673538
2024-01-15 09:00:00+00:00,643.2386645438876,1775.0,-1131.7613354561124
2024-01-15 10:00:00+00:00,585.8532306454766,1819.0,-1233.1467693545233
2024-01-15 11:00:00+00:00,611.8991229035817,1924.0,-1312.1008770964183
2024-01-15 12:00:00+00:00,636.9281325198779,1724.0,-1087.0718674801221
2024-01-15 13:00:00+00:00,653.5242880800188,1765.0,-1111.4757119199812
2024-01-15 14:00:00+00:00,664.8773931350177,1771.0,-1106.1226068649823
2024-01-15 15:00:00+00:00,665.5017712785227,1682.0,-1016.4982287214773
2024-01-15 16:00:00+00:00,693.4176075954607,1592.0,-898.5823924045393
2024-01-15 17:00:00+00:00,937.4564188217324,1515.0,-577.5435811782676
2024-01-15 18:00:00+00:00,1087.331618426662,1209.0,-121.66838157333791
2024-01-15 19:00:00+00:00,1134.220889993455,1304.0,-169.7791100065449
2024-01-15 20:00:00+00:00,885.2688609474511,1240.0,-354.7311390525489
2024-01-15 21:00:00+00:00,603.2816183136969,1188.0,-584.7183816863031
2024-01-15 22:00:00+00:00,537.8286879177675,1153.0,-615.1713120822325
2024-01-15 23:00:00+00:00,506.5136205577765,1470.0,-963.4863794422236
2024-01-16 00:00:00+00:00,539.7125888431405,1649.0,-1109.2874111568594
2024-01-16 01:00:00+00:00,537.1592861284929,1681.0,-1143.840713871507
2024-01-16 02:00:00+00:00,508.33598240597945,1737.0,-1228.6640175940206
2024-01-16 03:00:00+00:00,519.4831352145627,1676.0,-1156.5168647854373
2024-01-16 04:00:00+00:00,477.40395996282064,1739.0,-1261.5960400371794
2024-01-16 05:00:00+00:00,427.202151015326,1623.0,-1195.797848984674
2024-01-16 06:00:00+00:00,375.2634653102394,1474.0,-1098.7365346897607
2024-01-16 07:00:00+00:00,313.5128279090735,1220.0,-906.4871720909265
2024-01-16 08:00:00+00:00,259.7202716506654,983.0,-723.2797283493346
2024-01-16 09:00:00+00:00,207.16684788835656,873.0,-665.8331521116435
2024-01-16 10:00:00+00:00,193.16485457931435,735.0,-541.8351454206856
2024-01-16 11:00:00+00:00,133.60334100704884,648.0,-514.3966589929512
2024-01-16 12:00:00+00:00,132.0749611982481,686.0,-553.925038801752
2024-01-16 13:00:00+00:00,161.79416086884913,915.0,-753.2058391311509
2024-01-16 14:00:00+00:00,178.3199323431941,1020.0,-841.6800676568059
2024-01-16 15:00:00+00:00,125.52183387262016,925.0,-799.4781661273798
2024-01-16 16:00:00+00:00,91.2374125355001,818.0,-726.7625874644999
2024-01-16 17:00:00+00:00,106.6650644167389,695.0,-588.3349355832611
2024-01-16 18:00:00+00:00,125.83115070615834,596.0,-470.1688492938417
2024-01-16 19:00:00+00:00,101.46397861762192,463.0,-361.53602138237807
2024-01-16 20:00:00+00:00,132.14749840060017,565.0,-432.85250159939983
2024-01-16 21:00:00+00:00,210.7163351767913,638.0,-427.2836648232087
2024-01-16 22:00:00+00:00,316.7668315456037,759.0,-442.2331684543963
2024-01-16 23:00:00+00:00,310.9056046016248,789.0,-478.0943953983752
2024-01-17 00:00:00+00:00,323.07608082306314,875.0,-551.9239191769368
2024-01-17 01:00:00+00:00,476.90755937917146,996.0,-519.0924406208285
2024-01-17 02:00:00+00:00,643.1619060662874,1116.0,-472.83809393371257
2024-01-17 03:00:00+00:00,757.7114797070773,1330.0,-572.2885202929227
2024-01-17 04:00:00+00:00,827.3738518217787,1476.0,-648.6261481782213
2024-01-17 05:00:00+00:00,892.2164066636028,1785.0,-892.7835933363972
2024-01-17 06:00:00+00:00,1042.6106921847213,1844.0,-801.3893078152787
2024-01-17 07:00:00+00:00,1203.6963424954572,1832.0,-628.3036575045428
2024-01-17 08:00:00+00:00,1322.456632396175,1986.0,-663.5433676038249
2024-01-17 09:00:00+00:00,1465.0391117581105,2009.0,-543.9608882418895
2024-01-17 10:00:00+00:00,1413.5593379906345,1968.0,-554.4406620093655
2024-01-17 11:00:00+00:00,1404.7159507914646,2092.0,-687.2840492085354
2024-01-17 12:00:00+00:00,1458.407727922836,1693.0,-234.5922720771639
2024-01-17 13:00:00+00:00,1398.4823942891978,2033.0,-634.5176057108022
2024-01-17 14:00:00+00:00,1319.930329369171,1512.0,-192.06967063082902
2024-01-17 15:00:00+00:00,1353.2466366052504,1875.0,-521.7533633947496
2024-01-17 16:00:00+00:00,1285.8593574198298,2000.0,-714.1406425801702
2024-01-17 17:00:00+00:00,1281.975711653421,2336.0,-1054.024288346579
2024-01-17 18:00:00+00:00,1367.4630862659938,2630.0,-1262.5369137340062
2024-01-17 19:00:00+00:00,1479.1348947900185,2339.0,-859.8651052099815
2024-01-17 20:00:00+00:00,1407.2046319135054,2494.0,-1086.7953680864946
2024-01-17 21:00:00+00:00,1297.0058162979728,2606.0,-1308.9941837020272
2024-01-17 22:00:00+00:00,1109.2289676477974,2198.0,-1088.7710323522026
2024-01-17 23:00:00+00:00,1028.6571052108382,2151.0,-1122.3428947891618
2024-01-18 00:00:00+00:00,1072.2399236606343,2660.0,-1587.7600763393657
2024-01-18 01:00:00+00:00,1159.6379184655054,2270.0,-1110.3620815344946
2024-01-18 02:00:00+00:00,1173.1976581925765,2501.0,-1327.8023418074235
2024-01-18 03:00:00+00:00,1197.6470713096703,2832.0,-1634.3529286903297
2024-01-18 04:00:00+00:00,1217.3316080886136,2510.0,-1292.6683919113864
2024-01-18 05:00:00+00:00,1248.7368460369826,2913.0,-1664.2631539630174
2024-01-18 06:00:00+00:00,1287.5648717922968,3005.0,-1717.4351282077032
2024-01-18 07:00:00+00:00,1279.2188061721145,3000.0,-1720.7811938278855
2024-01-18 08:00:00+00:00,1241.9008368254265,2659.0,-1417.0991631745735
2024-01-18 09:00:00+00:00,1237.5776641859386,2594.0,-1356.4223358140614
2024-01-18 10:00:00+00:00,1165.1210728679002,2571.0,-1405.8789271320998
2024-01-18 11:00:00+00:00,1170.8224869623343,2511.0,-1340.1775130376657
2024-01-18 12:00:00+00:00,1190.596011980948,2544.0,-1353.403988019052
2024-01-18 13:00:00+00:00,1153.2037654203857,2464.0,-1310.7962345796143
2024-01-18 14:00:00+00:00,1084.9544324560202,2465.0,-1380.0455675439798
2024-01-18 15:00:00+00:00,1450.2265906184414,2451.0,-1000.7734093815586
2024-01-18 16:00:00+00:00,1658.2883946989407,2445.0,-786.7116053010593
2024-01-18 17:00:00+00:00,1782.1221512254915,2516.0,-733.8778487745085
2024-01-18 18:00:00+00:00,1804.363602070203,2557.0,-752.6363979297971
2024-01-18 19:00:00+00:00,1691.146808834791,2593.0,-901.853191165209
2024-01-18 20:00:00+00:00,1372.6818946545634,2568.0,-1195.3181053454366
2024-01-18 21:00:00+00:00,1249.9117161133286,2580.0,-1330.0882838866714
2024-01-18 22:00:00+00:00,1302.3778666543349,2609.0,-1306.6221333456651
2024-01-18 23:00:00+00:00,1334.854018712875,2641.0,-1306.145981287125
2024-01-19 00:00:00+00:00,1350.7677863687784,2665.0,-1314.2322136312216
2024-01-19 01:00:00+00:00,1339.2761010823958,2557.0,-1217.7238989176042
2024-01-19 02:00:00+00:00,1275.962454310777,2468.0,-1192.037545689223
2024-01-19 03:00:00+00:00,1266.3135023102627,2323.0,-1056.6864976897373
2024-01-19 04:00:00+00:00,1246.268402986791,2269.0,-1022.731597013209
2024-01-19 05:00:00+00:00,1212.5886082691109,2177.0,-964.4113917308891
2024-01-19 06:00:00+00:00,1184.0570042433962,2132.0,-947.9429957566038
2024-01-19 07:00:00+00:00,1177.9229192967778,2235.0,-1057.0770807032222
2024-01-19 08:00:00+00:00,1165.5870906869447,2220.0,-1054.4129093130553
2024-01-19 09:00:00+00:00,1156.9559400425562,2267.0,-1110.0440599574438
2024-01-19 10:00:00+00:00,1182.0541456212045,2291.0,-1108.9458543787955
2024-01-19 11:00:00+00:00,1199.7887687799544,2261.0,-1061.2112312200456
2024-01-19 12:00:00+00:00,1210.348726177119,2186.0,-975.651273822881
2024-01-19 13:00:00+00:00,1174.6548955948822,2258.0,-1083.3451044051178
2024-01-19 14:00:00+00:00,1128.532347445538,2211.0,-1082.467652554462
2024-01-19 15:00:00+00:00,1040.47225121044,2157.0,-1116.52774878956
2024-01-19 16:00:00+00:00,979.6393198342574,2057.0,-1077.3606801657425
2024-01-19 17:00:00+00:00,878.6677258593279,1994.0,-1115.332274140672
2024-01-19 18:00:00+00:00,780.2707851627921,1938.0,-1157.729214837208
2024-01-19 19:00:00+00:00,724.7075932578541,2252.0,-1527.2924067421459
2024-01-19 20:00:00+00:00,637.0750082619226,2159.0,-1521.9249917380776
2024-01-19 21:00:00+00:00,676.4220741916555,2244.0,-1567.5779258083444
2024-01-19 22:00:00+00:00,540.9337257811111,2352.0,-1811.0662742188888
2024-01-19 23:00:00+00:00,673.382297970307,2381.0,-1707.617702029693
2024-01-20 00:00:00+00:00,712.5272885319279,2210.0,-1497.4727114680722
2024-01-20 01:00:00+00:00,762.3513878890419,2045.0,-1282.648612110958
2024-01-20 02:00:00+00:00,773.9706383320017,1894.0,-1120.0293616679983
2024-01-20 03:00:00+00:00,733.2939301335845,1707.0,-973.7060698664155
2024-01-20 04:00:00+00:00,710.5838841067613,1623.0,-912.4161158932387
2024-01-20 05:00:00+00:00,695.107362989466,1494.0,-798.892637010534
2024-01-20 06:00:00+00:00,651.7721189536971,1343.0,-691.2278810463029
2024-01-20 07:00:00+00:00,564.4835831956557,1116.0,-551.5164168043443
2024-01-20 08:00:00+00:00,512.5930602374527,1058.0,-545.4069397625473
2024-01-20 09:00:00+00:00,476.4602397496337,1082.0,-605.5397602503663
2024-01-20 10:00:00+00:00,350.2846191709833,1062.0,-711.7153808290167
2024-01-20 11:00:00+00:00,435.3431132001761,955.0,-519.656886799824
2024-01-20 12:00:00+00:00,447.2643726685648,900.0,-452.7356273314352
2024-01-20 13:00:00+00:00,426.0239792640408,875.0,-448.9760207359592
2024-01-20 14:00:00+00:00,384.89810335800576,738.0,-353.10189664199424
2024-01-20 15:00:00+00:00,274.42555344649975,541.0,-266.57444655350025
2024-01-20 16:00:00+00:00,251.22438753804943,340.0,-88.77561246195057
2024-01-20 17:00:00+00:00,256.51589327152794,310.0,-53.48410672847206
2024-01-20 18:00:00+00:00,255.4744019572757,329.0,-73.52559804272431
2024-01-20 19:00:00+00:00,268.79560938153344,334.0,-65.20439061846656
2024-01-20 20:00:00+00:00,271.4853562664699,435.0,-163.51464373353008
2024-01-20 21:00:00+00:00,325.32750176764625,562.0,-236.67249823235375
2024-01-20 22:00:00+00:00,338.1994645539792,620.0,-281.8005354460208
2024-01-20 23:00:00+00:00,445.4793129527189,628.0,-182.52068704728111
2024-01-21 00:00:00+00:00,514.5781529931403,686.0,-171.4218470068597
2024-01-21 01:00:00+00:00,555.343322560829,701.0,-145.65667743917095
2024-01-21 02:00:00+00:00,572.1656607697437,651.0,-78.83433923025632
2024-01-21 03:00:00+00:00,531.7821499713684,640.0,-108.21785002863157
2024-01-21 04:00:00+00:00,486.5210526747472,664.0,-177.47894732525282
2024-01-21 05:00:00+00:00,476.1883136411962,733.0,-256.8116863588038
2024-01-21 06:00:00+00:00,463.2991620333587,738.0,-274.7008379666413
2024-01-21 07:00:00+00:00,475.2713285411909,734.0,-258.7286714588091
2024-01-21 08:00:00+00:00,468.9015036285344,803.0,-334.0984963714656
2024-01-21 09:00:00+00:00,505.4282094670643,910.0,-404.5717905329357
2024-01-21 10:00:00+00:00,444.3789885808073,965.0,-520.6210114191927
2024-01-21 11:00:00+00:00,495.19444787421406,982.0,-486.80555212578594
2024-01-21 12:00:00+00:00,486.4150719103354,951.0,-464.5849280896646
2024-01-21 13:00:00+00:00,496.4691269094751,822.0,-325.5308730905249
2024-01-21 14:00:00+00:00,482.5946347637516,821.0,-338.4053652362484
2024-01-21 15:00:00+00:00,461.2283515130844,827.0,-365.7716484869156
2024-01-21 16:00:00+00:00,488.9601415351838,930.0,-441.0398584648162
2024-01-21 17:00:00+00:00,534.5854951358762,965.0,-430.41450486412384
2024-01-21 18:00:00+00:00,570.198575219241,1026.0,-455.801424780759
2024-01-21 19:00:00+00:00,662.1598375258166,1279.0,-616.8401624741834
2024-01-21 20:00:00+00:00,675.0946713723197,1568.0,-892.9053286276803
2024-01-21 21:00:00+00:00,592.9252173645069,1772.0,-1179.0747826354932
2024-01-21 22:00:00+00:00,625.4617782720485,1924.0,-1298.5382217279516
2024-01-21 23:00:00+00:00,758.7487316878321,1703.0,-944.2512683121679
2024-01-22 00:00:00+00:00,804.0103574834932,2092.0,-1287.9896425165068
2024-01-22 01:00:00+00:00,758.5534256483467,2011.0,-1252.4465743516535
2024-01-22 02:00:00+00:00,723.8532923093738,2132.0,-1408.146707690626
2024-01-22 03:00:00+00:00,739.0149774195401,2106.0,-1366.9850225804598
2024-01-22 04:00:00+00:00,741.4151019678345,1813.0,-1071.5848980321655
2024-01-22 05:00:00+00:00,796.4328584793642,1907.0,-1110.5671415206357
2024-01-22 06:00:00+00:00,820.759024471417,1957.0,-1136.240975528583
2024-01-22 07:00:00+00:00,890.6022852405399,2081.0,-1190.39771475946
2024-01-22 08:00:00+00:00,949.016939895818,2060.0,-1110.983060104182
2024-01-22 09:00:00+00:00,1013.6945278001942,2497.0,-1483.3054721998058
2024-01-22 10:00:00+00:00,1063.089435963477,2206.0,-1142.910564036523
2024-01-22 11:00:00+00:00,1117.9659009276124,2267.0,-1149.0340990723876
2024-01-22 12:00:00+00:00,1263.5649521912967,2287.0,-1023.4350478087033
2024-01-22 13:00:00+00:00,1280.709619841732,2547.0,-1266.290380158268
2024-01-22 14:00:00+00:00,1295.2348878229602,2465.0,-1169.7651121770398
2024-01-22 15:00:00+00:00,975.2865782296394,2340.0,-1364.7134217703606
2024-01-22 16:00:00+00:00,1319.0145858686,2324.0,-1004.9854141313999
2024-01-22 17:00:00+00:00,1340.6766039579593,2269.0,-928.3233960420407
2024-01-22 18:00:00+00:00,1502.6765722703208,2368.0,-865.3234277296792
2024-01-22 19:00:00+00:00,1410.9861018239794,2404.0,-993.0138981760206
2024-01-22 20:00:00+00:00,1596.2544916291768,2462.0,-865.7455083708232
2024-01-22 21:00:00+00:00,1905.3408421057584,2557.0,-651.6591578942416
2024-01-22 22:00:00+00:00,1795.566645987318,2711.0,-915.433354012682
2024-01-22 23:00:00+00:00,2015.6294592349388,2887.0,-871.3705407650612
2024-01-23 00:00:00+00:00,2110.352903387332,2528.0,-417.64709661266807
2024-01-23 01:00:00+00:00,2084.0404621219545,2981.0,-896.9595378780455
2024-01-23 02:00:00+00:00,2086.776095565522,2530.0,-443.22390443447784
2024-01-23 03:00:00+00:00,2077.7015257176045,2430.0,-352.29847428239555
2024-01-23 04:00:00+00:00,1999.8928459264675,2753.0,-753.1071540735325
2024-01-23 05:00:00+00:00,1916.435449733293,2405.0,-488.5645502667071
2024-01-23 06:00:00+00:00,1870.0870984887572,2465.0,-594.9129015112428
2024-01-23 07:00:00+00:00,1889.2126980449807,2527.0,-637.7873019550193
2024-01-23 08:00:00+00:00,1877.1932045508256,2578.0,-700.8067954491744
2024-01-23 09:00:00+00:00,1875.514685685601,2553.0,-677.4853143143989
2024-01-23 10:00:00+00:00,1731.4694705558254,2529.0,-797.5305294441746
2024-01-23 11:00:00+00:00,1938.203382123292,2501.0,-562.7966178767081
2024-01-23 12:00:00+00:00,2012.2020785783936,2427.0,-414.79792142160636
2024-01-23 13:00:00+00:00,1809.3162283427175,2301.0,-491.6837716572825
2024-01-23 14:00:00+00:00,1719.8886071646075,2115.0,-395.1113928353925
2024-01-23 15:00:00+00:00,1391.9232933082542,1841.0,-449.0767066917458
2024-01-23 16:00:00+00:00,1198.0486464514977,1751.0,-552.9513535485023
2024-01-23 17:00:00+00:00,1034.5959324662658,1701.0,-666.4040675337342
2024-01-23 18:00:00+00:00,883.7496074100494,1574.0,-690.2503925899506
2024-01-23 19:00:00+00:00,727.7905481449056,1435.0,-707.2094518550944
2024-01-23 20:00:00+00:00,563.6666630892563,1350.0,-786.3333369107437
2024-01-23 21:00:00+00:00,557.6657649172862,1276.0,-718.3342350827138
2024-01-23 22:00:00+00:00,602.8320089703342,1370.0,-767.1679910296658
2024-01-23 23:00:00+00:00,612.5774455409555,1342.0,-729.4225544590445
2024-01-24 00:00:00+00:00,560.4867168630207,1317.0,-756.5132831369793
2024-01-24 01:00:00+00:00,488.01715307939713,1607.0,-1118.982846920603
2024-01-24 02:00:00+00:00,432.6367919378537,1472.0,-1039.3632080621464
2024-01-24 03:00:00+00:00,368.2358065432981,1310.0,-941.7641934567018
2024-01-24 04:00:00+00:00,292.3586764605876,1298.0,-1005.6413235394124
2024-01-24 05:00:00+00:00,249.39248056633247,1227.0,-977.6075194336676
2024-01-24 06:00:00+00:00,213.1239323665337,1185.0,-971.8760676334663
2024-01-24 07:00:00+00:00,173.38101808801784,1162.0,-988.6189819119821
2024-01-24 08:00:00+00:00,152.56755193239164,1171.0,-1018.4324480676083
2024-01-24 09:00:00+00:00,146.02549514653356,1121.0,-974.9745048534664
2024-01-24 10:00:00+00:00,141.38259508758972,1103.0,-961.6174049124103
2024-01-24 11:00:00+00:00,135.99228375943812,1157.0,-1021.0077162405619
2024-01-24 12:00:00+00:00,165.3087685644528,1085.0,-919.6912314355473
2024-01-24 13:00:00+00:00,184.00064259816435,1235.0,-1050.9993574018356
2024-01-24 14:00:00+00:00,160.66900607354077,1399.0,-1238.3309939264593
2024-01-24 15:00:00+00:00,119.34547635287628,1434.0,-1314.6545236471238
2024-01-24 16:00:00+00:00,92.96493029808882,1405.0,-1312.0350697019112
2024-01-24 17:00:00+00:00,114.08393437557154,1437.0,-1322.9160656244285
2024-01-24 18:00:00+00:00,158.65682256038903,1383.0,-1224.343177439611
2024-01-24 19:00:00+00:00,180.812460677082,1267.0,-1086.187539322918
2024-01-24 20:00:00+00:00,287.7440892246627,1244.0,-956.2559107753373
2024-01-24 21:00:00+00:00,416.91577527074287,1511.0,-1094.0842247292571
2024-01-24 22:00:00+00:00,440.88633698998245,1612.0,-1171.1136630100175
2024-01-24 23:00:00+00:00,581.6423244977943,1667.0,-1085.3576755022057
2024-01-25 00:00:00+00:00,765.3993222552315,1772.0,-1006.6006777447685
2024-01-25 01:00:00+00:00,771.2925960263834,1712.0,-940.7074039736166
2024-01-25 02:00:00+00:00,743.7324499532277,1640.0,-896.2675500467723
2024-01-25 03:00:00+00:00,750.2139910919149,1535.0,-784.7860089080851
2024-01-25 04:00:00+00:00,727.6423208700345,1558.0,-830.3576791299655
2024-01-25 05:00:00+00:00,726.49350485094,1299.0,-572.50649514906
2024-01-25 06:00:00+00:00,647.0771868075823,1211.0,-563.9228131924177
2024-01-25 07:00:00+00:00,531.8515268974003,1076.0,-544.1484731025997
2024-01-25 08:00:00+00:00,451.1162670494281,975.0,-523.8837329505719
2024-01-25 09:00:00+00:00,403.90340315360646,1118.0,-714.0965968463936
2024-01-25 10:00:00+00:00,316.8279036698463,1056.0,-739.1720963301536
2024-01-25 11:00:00+00:00,282.77447670519024,1097.0,-814.2255232948098
2024-01-25 12:00:00+00:00,331.22186309859285,1346.0,-1014.7781369014072
2024-01-25 13:00:00+00:00,416.4589375521546,1357.0,-940.5410624478454
2024-01-25 14:00:00+00:00,418.5975139034986,1248.0,-829.4024860965014
2024-01-25 15:00:00+00:00,424.0643327305613,1233.0,-808.9356672694387
2024-01-25 16:00:00+00:00,486.1765151360126,1334.0,-847.8234848639875
2024-01-25 17:00:00+00:00,478.2727550535737,1215.0,-736.7272449464263
2024-01-25 18:00:00+00:00,415.5011711134047,998.0,-582.4988288865952
2024-01-25 19:00:00+00:00,350.1521596314824,806.0,-455.8478403685176
2024-01-25 20:00:00+00:00,266.55848456917903,686.0,-419.44151543082097
2024-01-25 21:00:00+00:00,249.5904340943524,509.0,-259.4095659056476
2024-01-25 22:00:00+00:00,204.99390693023375,500.0,-295.0060930697663
2024-01-25 23:00:00+00:00,168.51605542523558,393.0,-224.48394457476442
2024-01-26 00:00:00+00:00,153.72479895622567,304.0,-150.27520104377433
2024-01-26 01:00:00+00:00,171.95005190505236,303.0,-131.04994809494764
2024-01-26 02:00:00+00:00,175.08913067161728,255.0,-79.91086932838272
2024-01-26 03:00:00+00:00,136.6748808213906,220.0,-83.32511917860941
2024-01-26 04:00:00+00:00,188.135222710206,234.0,-45.864777289794006
2024-01-26 05:00:00+00:00,236.20517738328172,462.0,-225.79482261671828
2024-01-26 06:00:00+00:00,298.35728557518775,719.0,-420.64271442481225
2024-01-26 07:00:00+00:00,310.4703433042465,931.0,-620.5296566957535
2024-01-26 08:00:00+00:00,331.34839747313094,1132.0,-800.651602526869
2024-01-26 09:00:00+00:00,338.2340418475789,1217.0,-878.765958152421
2024-01-26 10:00:00+00:00,274.3829035233068,1359.0,-1084.6170964766932
2024-01-26 11:00:00+00:00,288.5026348769628,1202.0,-913.4973651230372
2024-01-26 12:00:00+00:00,282.50368621610386,935.0,-652.4963137838961
2024-01-26 13:00:00+00:00,320.5471499602938,800.0,-479.4528500397062
2024-01-26 14:00:00+00:00,355.9260885732736,722.0,-366.0739114267264
2024-01-26 15:00:00+00:00,285.9589486735146,692.0,-406.0410513264854
2024-01-26 16:00:00+00:00,143.05511492789503,529.0,-385.94488507210497
2024-01-26 17:00:00+00:00,63.20364597826196,355.0,-291.796354021738
2024-01-26 18:00:00+00:00,34.18900196413498,230.0,-195.81099803586503
2024-01-26 19:00:00+00:00,16.869483111317983,86.0,-69.13051688868202
2024-01-26 20:00:00+00:00,16.008340003546493,68.0,-51.99165999645351
2024-01-26 21:00:00+00:00,31.34628453053673,32.0,-0.6537154694632683
2024-01-26 22:00:00+00:00,47.13646207457512,35.0,12.136462074575121
2024-01-26 23:00:00+00:00,50.06420152670327,52.0,-1.9357984732967282
2024-01-27 00:00:00+00:00,78.34503235722948,44.0,34.345032357229485
2024-01-27 01:00:00+00:00,95.15234013242068,23.0,72.15234013242068
2024-01-27 02:00:00+00:00,60.5792918549552,32.0,28.5792918549552
2024-01-27 03:00:00+00:00,55.75698338215768,34.0,21.756983382157678
2024-01-27 04:00:00+00:00,73.90114590094197,29.0,44.90114590094197
2024-01-27 05:00:00+00:00,70.81649391650073,13.0,57.81649391650073
2024-01-27 06:00:00+00:00,74.88187709199732,10.0,64.88187709199732
2024-01-27 07:00:00+00:00,64.55402456717685,33.0,31.554024567176853
2024-01-27 08:00:00+00:00,64.59716552785181,25.0,39.597165527851814
2024-01-27 09:00:00+00:00,101.53511277210448,17.0,84.53511277210448
2024-01-27 10:00:00+00:00,95.3698997031109,19.0,76.3698997031109
2024-01-27 11:00:00+00:00,78.49688287178937,16.0,62.49688287178937
2024-01-27 12:00:00+00:00,47.125113994005474,2.0,45.125113994005474
2024-01-27 13:00:00+00:00,18.673210143002184,-11.0,29.673210143002184
2024-01-27 14:00:00+00:00,3.9248353743987354,-11.0,14.924835374398736
2024-01-27 15:00:00+00:00,0.9548438667089512,-12.0,12.954843866708952
2024-01-27 16:00:00+00:00,1.1727449263673173,-12.0,13.172744926367317
2024-01-27 17:00:00+00:00,3.536133023765337,1.0,2.536133023765337
2024-01-27 18:00:00+00:00,8.426733313748015,46.0,-37.57326668625198
2024-01-27 19:00:00+00:00,22.297400471247,79.0,-56.702599528753
2024-01-27 20:00:00+00:00,31.939230430953067,105.0,-73.06076956904693
2024-01-27 21:00:00+00:00,44.684133223020375,200.0,-155.31586677697962
2024-01-27 22:00:00+00:00,120.47852234572586,342.0,-221.52147765427412
2024-01-27 23:00:00+00:00,207.6452622038213,625.0,-417.3547377961787
2024-01-28 00:00:00+00:00,282.53308619349065,825.0,-542.4669138065094
2024-01-28 01:00:00+00:00,341.2892723984889,886.0,-544.710727601511
2024-01-28 02:00:00+00:00,396.5160158539473,952.0,-555.4839841460528
2024-01-28 03:00:00+00:00,513.6189532742278,1114.0,-600.3810467257722
2024-01-28 04:00:00+00:00,535.4508950665268,1215.0,-679.5491049334732
2024-01-28 05:00:00+00:00,497.0065625437716,1135.0,-637.9934374562283
2024-01-28 06:00:00+00:00,465.9609327972878,1069.0,-603.0390672027122
2024-01-28 07:00:00+00:00,470.18797411857895,1084.0,-613.812025881421
2024-01-28 08:00:00+00:00,468.7104749833237,1130.0,-661.2895250166763
2024-01-28 09:00:00+00:00,434.4550595606295,1060.0,-625.5449404393705
2024-01-28 10:00:00+00:00,422.9003572548935,1004.0,-581.0996427451065
2024-01-28 11:00:00+00:00,387.41426492677647,1014.0,-626.5857350732235
2024-01-28 12:00:00+00:00,352.7657874036843,1094.0,-741.2342125963157
2024-01-28 13:00:00+00:00,352.20384534218954,1035.0,-682.7961546578105
2024-01-28 14:00:00+00:00,208.4131826597,868.0,-659.5868173403001
2024-01-28 15:00:00+00:00,149.1986053346378,625.0,-475.8013946653622
2024-01-28 16:00:00+00:00,147.2746418236104,531.0,-383.7253581763896
2024-01-28 17:00:00+00:00,152.9371585256797,628.0,-475.0628414743203
2024-01-28 18:00:00+00:00,105.30157292925443,656.0,-550.6984270707455
2024-01-28 19:00:00+00:00,86.65339972740288,537.0,-450.34660027259713
2024-01-28 20:00:00+00:00,65.60801197835632,315.0,-249.39198802164367
2024-01-28 21:00:00+00:00,66.1461615366624,237.0,-170.85383846333758
2024-01-28 22:00:00+00:00,117.0542926033498,270.0,-152.94570739665022
2024-01-28 23:00:00+00:00,119.62768019904298,383.0,-263.37231980095703
2024-01-29 00:00:00+00:00,145.03228266484788,314.0,-168.96771733515212
2024-01-29 01:00:00+00:00,167.12942171510417,393.0,-225.87057828489583
2024-01-29 02:00:00+00:00,251.6109162760041,502.0,-250.3890837239959
2024-01-29 03:00:00+00:00,332.7864220004956,633.0,-300.2135779995044
2024-01-29 04:00:00+00:00,365.0124048614589,763.0,-397.9875951385411
2024-01-29 05:00:00+00:00,461.0134147532884,911.0,-449.9865852467116
2024-01-29 06:00:00+00:00,631.8596876058838,1031.0,-399.1403123941162
2024-01-29 07:00:00+00:00,681.9639425773919,1027.0,-345.0360574226081
2024-01-29 08:00:00+00:00,747.4174109453256,924.0,-176.58258905467437
2024-01-29 09:00:00+00:00,850.4288915034188,969.0,-118.57110849658125
2024-01-29 10:00:00+00:00,713.9297131016591,986.0,-272.0702868983409
2024-01-29 11:00:00+00:00,875.3376129494492,1065.0,-189.66238705055082
2024-01-29 12:00:00+00:00,891.0622382566244,1109.0,-217.93776174337563
2024-01-29 13:00:00+00:00,903.4642305915562,1051.0,-147.5357694084438
2024-01-29 14:00:00+00:00,879.2053299214247,1024.0,-144.79467007857534
2024-01-29 15:00:00+00:00,820.7036879463919,931.0,-110.29631205360806
2024-01-29 16:00:00+00:00,715.3442712355919,902.0,-186.65572876440808
2024-01-29 17:00:00+00:00,631.1804722426679,928.0,-296.81952775733214
2024-01-29 18:00:00+00:00,582.2875058173296,936.0,-353.7124941826704
2024-01-29 19:00:00+00:00,552.1253711427179,960.0,-407.8746288572821
2024-01-29 20:00:00+00:00,512.6309526253003,922.0,-409.3690473746997
2024-01-29 21:00:00+00:00,479.520059567946,803.0,-323.479940432054
2024-01-29 22:00:00+00:00,393.3966960550206,983.0,-589.6033039449794
2024-01-29 23:00:00+00:00,476.41174374278734,1129.0,-652.5882562572126
2024-01-30 00:00:00+00:00,494.082304507327,1144.0,-649.9176954926729
2024-01-30 01:00:00+00:00,465.27011441229945,1124.0,-658.7298855877006
2024-01-30 02:00:00+00:00,435.03370264299895,953.0,-517.966297357001
2024-01-30 03:00:00+00:00,404.4509539387509,772.0,-367.5490460612491
2024-01-30 04:00:00+00:00,369.0924215433542,734.0,-364.9075784566458
2024-01-30 05:00:00+00:00,336.610533963596,748.0,-411.389466036404
2024-01-30 06:00:00+00:00,274.4386909004717,586.0,-311.5613090995283
2024-01-30 07:00:00+00:00,250.81575348422317,504.0,-253.18424651577683
2024-01-30 08:00:00+00:00,222.10276303045845,429.0,-206.89723696954155
2024-01-30 09:00:00+00:00,218.8662242237279,330.0,-111.1337757762721
2024-01-30 10:00:00+00:00,173.77259973221643,311.0,-137.22740026778357
2024-01-30 11:00:00+00:00,161.15585372252838,389.0,-227.84414627747162
2024-01-30 12:00:00+00:00,139.69715661500027,378.0,-238.30284338499973
2024-01-30 13:00:00+00:00,120.16979172018218,327.0,-206.83020827981784
2024-01-30 14:00:00+00:00,66.42831163979102,232.0,-165.57168836020898
2024-01-30 15:00:00+00:00,19.12818168262888,135.0,-115.87181831737112
2024-01-30 16:00:00+00:00,10.702646368743231,79.0,-68.29735363125677
2024-01-30 17:00:00+00:00,8.653197279776887,11.0,-2.3468027202231134
2024-01-30 18:00:00+00:00,7.111288357803584,0.0,7.111288357803584
2024-01-30 19:00:00+00:00,4.819723721447207,1.0,3.8197237214472066
2024-01-30 20:00:00+00:00,4.140416313420823,7.0,-2.8595836865791773
2024-01-30 21:00:00+00:00,16.20413060384744,36.0,-19.79586939615256
2024-01-30 22:00:00+00:00,65.27846423423337,159.0,-93.72153576576663
2024-01-30 23:00:00+00:00,99.31837895075772,399.0,-299.68162104924227
2024-01-31 00:00:00+00:00,137.25771554582778,593.0,-455.74228445417225
2024-01-31 01:00:00+00:00,171.37401403749013,789.0,-617.6259859625098
2024-01-31 02:00:00+00:00,203.33683827774573,872.0,-668.6631617222542
2024-01-31 03:00:00+00:00,246.06176567322788,1112.0,-865.9382343267721
2024-01-31 04:00:00+00:00,284.78660266918587,1177.0,-892.2133973308141
2024-01-31 05:00:00+00:00,306.85153518002056,1326.0,-1019.1484648199794
2024-01-31 06:00:00+00:00,330.13366767431336,1464.0,-1133.8663323256867
2024-01-31 07:00:00+00:00,339.3647164933566,1587.0,-1247.6352835066434
2024-01-31 08:00:00+00:00,389.375861074238,1711.0,-1321.624138925762
2024-01-31 09:00:00+00:00,403.90493775574816,1679.0,-1275.095062244252
2024-01-31 10:00:00+00:00,469.6066941423993,1652.0,-1182.3933058576008
2024-01-31 11:00:00+00:00,418.2856922276509,1537.0,-1118.714307772349
2024-01-31 12:00:00+00:00,407.0890236268048,1711.0,-1303.9109763731951
2024-01-31 13:00:00+00:00,394.2964271018898,1726.0,-1331.7035728981102
2024-01-31 14:00:00+00:00,379.877728281823,1533.0,-1153.122271718177
2024-01-31 15:00:00+00:00,230.6469244085312,1254.0,-1023.3530755914688
2024-01-31 16:00:00+00:00,255.30248809082957,1164.0,-908.6975119091704
2024-01-31 17:00:00+00:00,285.7635369257867,1084.0,-798.2364630742134
2024-01-31 18:00:00+00:00,326.2868348017561,1014.0,-687.7131651982439
2024-01-31 19:00:00+00:00,345.9770780632,980.0,-634.0229219368
2024-01-31 20:00:00+00:00,403.74210769196566,953.0,-549.2578923080343
2024-01-31 21:00:00+00:00,520.1413997170552,1008.0,-487.85860028294485
2024-01-31 22:00:00+00:00,603.0266468132173,1116.0,-512.9733531867827
2024-01-31 23:00:00+00:00,665.3442045277624,1046.0,-380.6557954722376
2024-02-01 00:00:00+00:00,681.9380372764005,1130.0,-448.06196272359955
2024-02-01 01:00:00+00:00,696.6892662370775,1217.0,-520.3107337629225
2024-02-01 02:00:00+00:00,683.5937043765207,1190.0,-506.4062956234793
2024-02-01 03:00:00+00:00,623.2165505627253,1148.0,-524.7834494372747
2024-02-01 04:00:00+00:00,573.3635699190133,857.0,-283.63643008098666
2024-02-01 05:00:00+00:00,496.08190522763925,598.0,-101.91809477236075
2024-02-01 06:00:00+00:00,427.56316216633513,339.0,88.56316216633513
2024-02-01 07:00:00+00:00,376.1450639922758,225.0,151.14506399227582
2024-02-01 08:00:00+00:00,348.11438163372407,160.0,188.11438163372407
2024-02-01 09:00:00+00:00,338.70457107788343,205.0,133.70457107788343
2024-02-01 10:00:00+00:00,309.7358122085886,254.0,55.735812208588584
2024-02-01 11:00:00+00:00,334.42547571862536,242.0,92.42547571862536
2024-02-01 12:00:00+00:00,340.08320198653246,321.0,19.08320198653246
2024-02-01 13:00:00+00:00,358.7852008777856,378.0,-19.2147991222144
2024-02-01 14:00:00+00:00,352.22479170581585,376.0,-23.775208294184154
2024-02-01 15:00:00+00:00,319.37840623531906,387.0,-67.62159376468094
2024-02-01 16:00:00+00:00,281.82277471593284,428.0,-146.17722528406716
2024-02-01 17:00:00+00:00,276.2382992298735,504.0,-227.76170077012648
2024-02-01 18:00:00+00:00,296.92771611199004,613.0,-316.07228388800996
2024-02-01 19:00:00+00:00,296.0681586585262,654.0,-357.9318413414738
2024-02-01 20:00:00+00:00,289.1944036507842,690.0,-400.8055963492158
2024-02-01 21:00:00+00:00,298.17487101940526,753.0,-454.82512898059474
2024-02-01 22:00:00+00:00,245.39990143878893,844.0,-598.6000985612111
2024-02-01 23:00:00+00:00,264.5087482280286,859.0,-594.4912517719714
2024-02-02 00:00:00+00:00,270.676378968472,846.0,-575.323621031528
2024-02-02 01:00:00+00:00,279.54077183658865,788.0,-508.45922816341135
2024-02-02 02:00:00+00:00,285.96240286459056,730.0,-444.03759713540944
2024-02-02 03:00:00+00:00,276.9065203146548,721.0,-444.0934796853452
2024-02-02 04:00:00+00:00,279.0628354463426,686.0,-406.9371645536574
2024-02-02 05:00:00+00:00,247.6740435890163,645.0,-397.32595641098374
2024-02-02 06:00:00+00:00,254.46804975164665,658.0,-403.5319502483534
2024-02-02 07:00:00+00:00,264.2741885020416,657.0,-392.7258114979584
2024-02-02 08:00:00+00:00,289.12456489324893,574.0,-284.87543510675107
2024-02-02 09:00:00+00:00,351.7425350140322,600.0,-248.25746498596777
2024-02-02 10:00:00+00:00,313.0083019080278,640.0,-326.9916980919722
2024-02-02 11:00:00+00:00,425.04839450611246,608.0,-182.95160549388754
2024-02-02 12:00:00+00:00,533.4648987886824,633.0,-99.53510121131762
2024-02-02 13:00:00+00:00,565.8823226335327,638.0,-72.11767736646732
2024-02-02 14:00:00+00:00,534.9376355770919,586.0,-51.062364422908104
2024-02-02 15:00:00+00:00,523.8533484252349,546.0,-22.146651574765087
2024-02-02 16:00:00+00:00,557.304435442489,594.0,-36.695564557511034
2024-02-02 17:00:00+00:00,597.4416969747554,699.0,-101.55830302524464
2024-02-02 18:00:00+00:00,637.8853427216052,651.0,-13.114657278394816
2024-02-02 19:00:00+00:00,660.0474731686892,617.0,43.04747316868918
2024-02-02 20:00:00+00:00,629.9044655468709,546.0,83.90446554687094
2024-02-02 21:00:00+00:00,553.6026507507244,538.0,15.602650750724365
2024-02-02 22:00:00+00:00,475.531754348332,612.0,-136.46824565166798
2024-02-02 23:00:00+00:00,577.3119480210809,529.0,48.311948021080866
2024-02-03 00:00:00+00:00,587.2335890725433,477.0,110.23358907254328
2024-02-03 01:00:00+00:00,589.7499587567253,430.0,159.74995875672528
2024-02-03 02:00:00+00:00,549.0303289133725,380.0,169.0303289133725
2024-02-03 03:00:00+00:00,505.4834904944297,334.0,171.4834904944297
2024-02-03 04:00:00+00:00,436.1490432298053,304.0,132.14904322980527
2024-02-03 05:00:00+00:00,376.9378908033447,340.0,36.937890803344715
2024-02-03 06:00:00+00:00,327.7935965094891,358.0,-30.206403490510922
2024-02-03 07:00:00+00:00,321.758156291635,433.0,-111.24184370836502
2024-02-03 08:00:00+00:00,319.27123719372963,507.0,-187.72876280627037
2024-02-03 09:00:00+00:00,323.96161206156654,549.0,-225.03838793843346
2024-02-03 10:00:00+00:00,304.3691398756929,578.0,-273.6308601243071
2024-02-03 11:00:00+00:00,331.21761007290286,523.0,-191.78238992709714
2024-02-03 12:00:00+00:00,330.08892183168376,563.0,-232.91107816831624
2024-02-03 13:00:00+00:00,289.46148833600125,496.0,-206.53851166399875
2024-02-03 14:00:00+00:00,187.099307969286,418.0,-230.900692030714
2024-02-03 15:00:00+00:00,205.7922390609116,295.0,-89.20776093908839
2024-02-03 16:00:00+00:00,224.6209898708993,250.0,-25.379010129100692
2024-02-03 17:00:00+00:00,247.35432416494908,278.0,-30.645675835050923
2024-02-03 18:00:00+00:00,287.4329247223116,278.0,9.432924722311611
2024-02-03 19:00:00+00:00,320.98596975390905,246.0,74.98596975390905
2024-02-03 20:00:00+00:00,322.66437359152565,264.0,58.664373591525646
2024-02-03 21:00:00+00:00,344.13324757433264,335.0,9.133247574332643
2024-02-03 22:00:00+00:00,457.7025251986027,537.0,-79.2974748013973
2024-02-03 23:00:00+00:00,456.56706577202254,762.0,-305.43293422797746
2024-02-04 00:00:00+00:00,445.9656701079917,904.0,-458.0343298920083
2024-02-04 01:00:00+00:00,427.89288607419087,964.0,-536.1071139258091
2024-02-04 02:00:00+00:00,439.96717091695285,945.0,-505.03282908304715
2024-02-04 03:00:00+00:00,444.2768930827292,914.0,-469.7231069172708
2024-02-04 04:00:00+00:00,450.3879020578737,884.0,-433.6120979421263
2024-02-04 05:00:00+00:00,442.9023904073587,962.0,-519.0976095926412
2024-02-04 06:00:00+00:00,435.6301392374871,1121.0,-685.3698607625129
2024-02-04 07:00:00+00:00,458.09234668927104,1201.0,-742.907653310729
2024-02-04 08:00:00+00:00,512.5056715028672,1182.0,-669.4943284971328
2024-02-04 09:00:00+00:00,584.2734313520384,1215.0,-630.7265686479616
2024-02-04 10:00:00+00:00,616.7274847617233,1116.0,-499.2725152382767
2024-02-04 11:00:00+00:00,560.5829090656663,1141.0,-580.4170909343337
2024-02-04 12:00:00+00:00,558.3238286064143,1153.0,-594.6761713935857
2024-02-04 13:00:00+00:00,527.6642544094072,1119.0,-591.3357455905928
2024-02-04 14:00:00+00:00,448.6327665153589,1064.0,-615.367233484641
2024-02-04 15:00:00+00:00,415.374201823371,892.0,-476.625798176629
2024-02-04 16:00:00+00:00,445.47111339458286,818.0,-372.52888660541714
2024-02-04 17:00:00+00:00,537.4572947344091,876.0,-338.54270526559094
2024-02-04 18:00:00+00:00,549.7709086964958,983.0,-433.2290913035042
2024-02-04 19:00:00+00:00,630.5910677056795,911.0,-280.4089322943205
2024-02-04 20:00:00+00:00,685.6016484136572,968.0,-282.39835158634276
2024-02-04 21:00:00+00:00,921.8154907314916,1089.0,-167.18450926850835
2024-02-04 22:00:00+00:00,999.9736842227804,1420.0,-420.02631577721957
2024-02-04 23:00:00+00:00,968.3384089173304,1231.0,-262.6615910826696
2024-02-05 00:00:00+00:00,943.0869028230678,1804.0,-860.9130971769322
2024-02-05 01:00:00+00:00,930.177268427884,1557.0,-626.822731572116
2024-02-05 02:00:00+00:00,943.0907287863736,1508.0,-564.9092712136264
2024-02-05 03:00:00+00:00,943.3250459234584,1620.0,-676.6749540765416
2024-02-05 04:00:00+00:00,965.8599194438432,1773.0,-807.1400805561568
2024-02-05 05:00:00+00:00,989.7295609361348,1818.0,-828.2704390638652
2024-02-05 06:00:00+00:00,1024.9168767461013,1856.0,-831.0831232538987
2024-02-05 07:00:00+00:00,1037.712908400688,1955.0,-917.2870915993119
2024-02-05 08:00:00+00:00,1041.88880894648,1981.0,-939.1111910535201
2024-02-05 09:00:00+00:00,1092.3340134534417,1904.0,-811.6659865465583
2024-02-05 10:00:00+00:00,1039.9177255632992,1829.0,-789.0822744367008
2024-02-05 11:00:00+00:00,1027.461752789534,1835.0,-807.5382472104659
2024-02-05 12:00:00+00:00,1067.6037825861074,1760.0,-692.3962174138926
2024-02-05 13:00:00+00:00,1170.0013676737258,1802.0,-631.9986323262742
2024-02-05 14:00:00+00:00,1146.502876793868,2083.0,-936.4971232061321
2024-02-05 15:00:00+00:00,1268.5547201004715,1874.0,-605.4452798995285
2024-02-05 16:00:00+00:00,1113.4718883093135,1882.0,-768.5281116906865
2024-02-05 17:00:00+00:00,1062.714188168376,1856.0,-793.285811831624
2024-02-05 18:00:00+00:00,1096.8651813601853,1855.0,-758.1348186398147
2024-02-05 19:00:00+00:00,1197.592497370183,1523.0,-325.4075026298169
2024-02-05 20:00:00+00:00,1017.6592842561782,1460.0,-442.34071574382176
2024-02-05 21:00:00+00:00,1043.4788802186583,1573.0,-529.5211197813417
2024-02-05 22:00:00+00:00,941.851510379414,1601.0,-659.148489620586
2024-02-05 23:00:00+00:00,1116.0378429105351,2017.0,-900.9621570894649
2024-02-06 00:00:00+00:00,1169.4621251608503,2034.0,-864.5378748391497
2024-02-06 01:00:00+00:00,1043.8018277935305,2018.0,-974.1981722064695
2024-02-06 02:00:00+00:00,966.8449612946788,2025.0,-1058.1550387053212
2024-02-06 03:00:00+00:00,891.1755154537633,1884.0,-992.8244845462367
2024-02-06 04:00:00+00:00,846.6216913050602,1780.0,-933.3783086949398
2024-02-06 05:00:00+00:00,798.3137627364694,1683.0,-884.6862372635306
2024-02-06 06:00:00+00:00,734.0770449315943,1564.0,-829.9229550684057
2024-02-06 07:00:00+00:00,697.1837048847046,1406.0,-708.8162951152954
2024-02-06 08:00:00+00:00,657.9415008322297,1376.0,-718.0584991677703
2024-02-06 09:00:00+00:00,603.5752965605988,1148.0,-544.4247034394012
2024-02-06 10:00:00+00:00,567.8107800362839,1042.0,-474.18921996371614
2024-02-06 11:00:00+00:00,502.6491392908754,924.0,-421.3508607091246
2024-02-06 12:00:00+00:00,469.4739346791762,813.0,-343.5260653208238
2024-02-06 13:00:00+00:00,384.616733766267,747.0,-362.383266233733
2024-02-06 14:00:00+00:00,269.81023213407366,494.0,-224.18976786592634
2024-02-06 15:00:00+00:00,143.23738565708797,281.0,-137.76261434291203
2024-02-06 16:00:00+00:00,88.51208911201475,141.0,-52.48791088798525
2024-02-06 17:00:00+00:00,69.17404739264836,88.0,-18.82595260735164
2024-02-06 18:00:00+00:00,66.17810594602929,107.0,-40.82189405397071
2024-02-06 19:00:00+00:00,70.47125041783066,108.0,-37.52874958216934
2024-02-06 20:00:00+00:00,76.10571255485738,81.0,-4.8942874451426235
2024-02-06 21:00:00+00:00,80.13099144613342,57.0,23.13099144613342
2024-02-06 22:00:00+00:00,170.39648805480505,127.0,43.39648805480505
2024-02-06 23:00:00+00:00,206.13440444168165,171.0,35.13440444168165
2024-02-07 00:00:00+00:00,177.82983613633212,130.0,47.82983613633212
2024-02-07 01:00:00+00:00,126.11900679662676,79.0,47.11900679662676
2024-02-07 02:00:00+00:00,64.58251738515385,46.0,18.58251738515385
2024-02-07 03:00:00+00:00,35.3029488522309,18.0,17.302948852230898
2024-02-07 04:00:00+00:00,16.78539120130996,18.0,-1.2146087986900405
2024-02-07 05:00:00+00:00,10.966868255649723,22.0,-11.033131744350277
2024-02-07 06:00:00+00:00,11.374136255332942,42.0,-30.625863744667058
2024-02-07 07:00:00+00:00,12.62134620470003,44.0,-31.378653795299968
2024-02-07 08:00:00+00:00,13.48998647526971,38.0,-24.51001352473029
2024-02-07 09:00:00+00:00,10.445684483765955,63.0,-52.55431551623404
2024-02-07 10:00:00+00:00,7.89532686722008,64.0,-56.10467313277992
2024-02-07 11:00:00+00:00,6.802467236369381,75.0,-68.19753276363062
2024-02-07 12:00:00+00:00,5.100713312418707,20.0,-14.899286687581293
2024-02-07 13:00:00+00:00,4.685410959734365,-10.0,14.685410959734366
2024-02-07 14:00:00+00:00,4.125038680748208,-10.0,14.125038680748208
2024-02-07 15:00:00+00:00,3.3698945254187174,-12.0,15.369894525418717
2024-02-07 16:00:00+00:00,2.9394377229662987,-11.0,13.939437722966298
2024-02-07 17:00:00+00:00,3.023126371667959,-11.0,14.02312637166796
2024-02-07 18:00:00+00:00,3.022579423502437,-11.0,14.022579423502437
2024-02-07 19:00:00+00:00,3.68930549085708,-7.0,10.68930549085708
2024-02-07 20:00:00+00:00,3.409415744869936,-8.0,11.409415744869936
2024-02-07 21:00:00+00:00,2.6161308972525337,2.0,0.6161308972525337
2024-02-07 22:00:00+00:00,2.9252090820399888,-6.0,8.925209082039988
2024-02-07 23:00:00+00:00,2.3216733448104026,1.0,1.3216733448104026
2024-02-08 00:00:00+00:00,2.04900552178943,9.0,-6.9509944782105695
2024-02-08 01:00:00+00:00,1.509076679172317,13.0,-11.490923320827683
2024-02-08 02:00:00+00:00,2.4929543486992056,15.0,-12.507045651300794
2024-02-08 03:00:00+00:00,2.25896170874578,20.0,-17.74103829125422
2024-02-08 04:00:00+00:00,0.7545779765374294,24.0,-23.24542202346257
2024-02-08 05:00:00+00:00,0.7079340689654599,1.0,-0.29206593103454015
2024-02-08 06:00:00+00:00,0.7717958281235073,5.0,-4.2282041718764924
2024-02-08 07:00:00+00:00,0.9714451065737876,4.0,-3.0285548934262123
2024-02-08 08:00:00+00:00,1.0918652049162751,1.0,0.09186520491627514
2024-02-08 09:00:00+00:00,1.184208205732095,5.0,-3.8157917942679047
2024-02-08 10:00:00+00:00,0.8741569791395982,5.0,-4.125843020860402
2024-02-08 11:00:00+00:00,1.4005680462563928,3.0,-1.5994319537436072
2024-02-08 12:00:00+00:00,3.084761395951129,2.0,1.084761395951129
2024-02-08 13:00:00+00:00,3.441377609328434,7.0,-3.558622390671566
2024-02-08 14:00:00+00:00,2.9670301036767395,-7.0,9.96703010367674
2024-02-08 15:00:00+00:00,0.2893199059387014,-12.0,12.2893199059387
2024-02-08 16:00:00+00:00,0.1668243793343393,-12.0,12.16682437933434
2024-02-08 17:00:00+00:00,0.1820093424643626,-11.0,11.182009342464363
2024-02-08 18:00:00+00:00,0.3736848766213597,-6.0,6.373684876621359
2024-02-08 19:00:00+00:00,0.666616950696918,1.0,-0.33338304930308205
2024-02-08 20:00:00+00:00,2.8648160171531303,-9.0,11.86481601715313
2024-02-08 21:00:00+00:00,5.851561466563617,7.0,-1.1484385334363827
2024-02-08 22:00:00+00:00,46.04541595753805,52.0,-5.954584042461953
2024-02-08 23:00:00+00:00,85.6197949913487,71.0,14.619794991348698
2024-02-09 00:00:00+00:00,145.40290772972003,173.0,-27.597092270279973
2024-02-09 01:00:00+00:00,178.3685031978189,222.0,-43.63149680218109
2024-02-09 02:00:00+00:00,288.92593429984987,406.0,-117.07406570015013
2024-02-09 03:00:00+00:00,365.4273666253045,530.0,-164.5726333746955
2024-02-09 04:00:00+00:00,412.0713513623111,536.0,-123.92864863768892
2024-02-09 05:00:00+00:00,473.4427057085871,653.0,-179.55729429141292
2024-02-09 06:00:00+00:00,490.4014243494467,736.0,-245.5985756505533
2024-02-09 07:00:00+00:00,577.8386721551769,845.0,-267.16132784482306
2024-02-09 08:00:00+00:00,525.0694129171793,999.0,-473.9305870828207
2024-02-09 09:00:00+00:00,541.9973203414576,1090.0,-548.0026796585424
2024-02-09 10:00:00+00:00,429.3440843779637,1131.0,-701.6559156220362
2024-02-09 11:00:00+00:00,583.0346659686488,1380.0,-796.9653340313512
2024-02-09 12:00:00+00:00,648.1377684344479,1422.0,-773.8622315655521
2024-02-09 13:00:00+00:00,689.4115211107838,1528.0,-838.5884788892162
2024-02-09 14:00:00+00:00,605.4763885261314,1449.0,-843.5236114738686
2024-02-09 15:00:00+00:00,465.0981021102376,1426.0,-960.9018978897624
2024-02-09 16:00:00+00:00,449.88700099418566,1371.0,-921.1129990058143
2024-02-09 17:00:00+00:00,331.9070833606297,1169.0,-837.0929166393703
2024-02-09 18:00:00+00:00,329.6872263405593,1060.0,-730.3127736594407
2024-02-09 19:00:00+00:00,307.42750073227126,956.0,-648.5724992677287
2024-02-09 20:00:00+00:00,386.7877587205328,966.0,-579.2122412794672
2024-02-09 21:00:00+00:00,575.3057529346098,1159.0,-583.6942470653902
2024-02-09 22:00:00+00:00,701.8788548788183,1496.0,-794.1211451211817
2024-02-09 23:00:00+00:00,926.028075139213,1661.0,-734.971924860787
2024-02-10 00:00:00+00:00,1058.1164987948284,1916.0,-857.8835012051716
2024-02-10 01:00:00+00:00,1151.7351217306618,2020.0,-868.2648782693382
2024-02-10 02:00:00+00:00,1150.5600621516123,2098.0,-947.4399378483877
2024-02-10 03:00:00+00:00,1084.4835408515924,1992.0,-907.5164591484076
2024-02-10 04:00:00+00:00,1029.9051754235963,1999.0,-969.0948245764037
2024-02-10 05:00:00+00:00,928.4624810942116,1824.0,-895.5375189057884
2024-02-10 06:00:00+00:00,985.6327566923846,1668.0,-682.3672433076154
2024-02-10 07:00:00+00:00,988.9149543399903,1639.0,-650.0850456600097
2024-02-10 08:00:00+00:00,956.479415583908,1580.0,-623.520584416092
2024-02-10 09:00:00+00:00,961.4681166147589,1429.0,-467.53188338524114
2024-02-10 10:00:00+00:00,970.56347116926,1472.0,-501.43652883074003
2024-02-10 11:00:00+00:00,1119.2256729307423,1563.0,-443.77432706925765
2024-02-10 12:00:00+00:00,1167.7271461401158,1777.0,-609.2728538598842
2024-02-10 13:00:00+00:00,1133.3744310099255,1965.0,-831.6255689900745
2024-02-10 14:00:00+00:00,1022.3406351559404,1972.0,-949.6593648440596
2024-02-10 15:00:00+00:00,974.3299785510638,1907.0,-932.6700214489362
2024-02-10 16:00:00+00:00,865.6371788352482,1843.0,-977.3628211647518
2024-02-10 17:00:00+00:00,902.3604567259032,1836.0,-933.6395432740968
2024-02-10 18:00:00+00:00,889.4879056709873,1653.0,-763.5120943290127
2024-02-10 19:00:00+00:00,733.1719799856157,1483.0,-749.8280200143843
2024-02-10 20:00:00+00:00,913.9458055096374,1394.0,-480.05419449036265
2024-02-10 21:00:00+00:00,947.1156161408144,1360.0,-412.8843838591856
2024-02-10 22:00:00+00:00,749.8763514058626,1374.0,-624.1236485941374
2024-02-10 23:00:00+00:00,816.8651762266201,1294.0,-477.13482377337994
2024-02-11 00:00:00+00:00,778.6553673015002,1190.0,-411.3446326984998
2024-02-11 01:00:00+00:00,691.8695142003957,1410.0,-718.1304857996043
2024-02-11 02:00:00+00:00,611.9805848287642,1284.0,-672.0194151712358
2024-02-11 03:00:00+00:00,619.9304904805373,1227.0,-607.0695095194627
2024-02-11 04:00:00+00:00,628.1382820323322,1323.0,-694.8617179676678
2024-02-11 05:00:00+00:00,661.5527484673014,1427.0,-765.4472515326986
2024-02-11 06:00:00+00:00,623.595252098768,1537.0,-913.404747901232
2024-02-11 07:00:00+00:00,655.4476264455648,1705.0,-1049.5523735544352
2024-02-11 08:00:00+00:00,723.2301516637564,1748.0,-1024.7698483362437
2024-02-11 09:00:00+00:00,697.6659506672983,1785.0,-1087.3340493327019
2024-02-11 10:00:00+00:00,790.1881872692395,1830.0,-1039.8118127307605
2024-02-11 11:00:00+00:00,852.8310850152939,1737.0,-884.1689149847061
2024-02-11 12:00:00+00:00,916.451838495874,1769.0,-852.548161504126
2024-02-11 13:00:00+00:00,923.3774289522448,1718.0,-794.6225710477552
2024-02-11 14:00:00+00:00,974.8791113086708,1719.0,-744.1208886913292
2024-02-11 15:00:00+00:00,992.5998667255574,1816.0,-823.4001332744426
2024-02-11 16:00:00+00:00,1112.3507686327127,1843.0,-730.6492313672873
2024-02-11 17:00:00+00:00,1127.026466921615,1782.0,-654.9735330783849
2024-02-11 18:00:00+00:00,1165.144044599992,1829.0,-663.855955400008
2024-02-11 19:00:00+00:00,1061.701416386417,1890.0,-828.2985836135831
2024-02-11 20:00:00+00:00,947.776085977103,1762.0,-814.223914022897
2024-02-11 21:00:00+00:00,846.316247981896,1742.0,-895.683752018104
2024-02-11 22:00:00+00:00,789.2958621035639,1910.0,-1120.7041378964361
2024-02-11 23:00:00+00:00,860.6180694127166,1927.0,-1066.3819305872835
2024-02-12 00:00:00+00:00,918.3218327617992,1953.0,-1034.6781672382008
2024-02-12 01:00:00+00:00,948.302619076224,1947.0,-998.697380923776
2024-02-12 02:00:00+00:00,870.8986652525546,1941.0,-1070.1013347474454
2024-02-12 03:00:00+00:00,834.2921895019596,1952.0,-1117.7078104980405
2024-02-12 04:00:00+00:00,717.9595459342678,1960.0,-1242.0404540657323
2024-02-12 05:00:00+00:00,728.0326815905715,1889.0,-1160.9673184094286
2024-02-12 06:00:00+00:00,731.9885312880838,1769.0,-1037.0114687119162
2024-02-12 07:00:00+00:00,712.7899423613646,1697.0,-984.2100576386354
2024-02-12 08:00:00+00:00,696.6320267206345,1669.0,-972.3679732793655
2024-02-12 09:00:00+00:00,587.7133815999904,1538.0,-950.2866184000096
2024-02-12 10:00:00+00:00,452.6087715388123,1350.0,-897.3912284611877
2024-02-12 11:00:00+00:00,401.9500979147302,1290.0,-888.0499020852699
2024-02-12 12:00:00+00:00,375.5685806497616,1245.0,-869.4314193502385
2024-02-12 13:00:00+00:00,372.8354329749922,1173.0,-800.1645670250077
2024-02-12 14:00:00+00:00,314.9015339637241,1119.0,-804.0984660362759
2024-02-12 15:00:00+00:00,276.02273333979974,969.0,-692.9772666602003
2024-02-12 16:00:00+00:00,297.85333763505867,936.0,-638.1466623649413
2024-02-12 17:00:00+00:00,339.316390182325,945.0,-605.683609817675
2024-02-12 18:00:00+00:00,382.5485795731634,945.0,-562.4514204268366
2024-02-12 19:00:00+00:00,389.41636091809136,965.0,-575.5836390819086
2024-02-12 20:00:00+00:00,384.69069536398354,1027.0,-642.3093046360165
2024-02-12 21:00:00+00:00,301.7794294971033,925.0,-623.2205705028966
2024-02-12 22:00:00+00:00,147.4911623218241,928.0,-780.508837678176
2024-02-12 23:00:00+00:00,231.26550106304185,1003.0,-771.7344989369582
2024-02-13 00:00:00+00:00,256.96931628548793,957.0,-700.0306837145121
2024-02-13 01:00:00+00:00,274.775905981544,1036.0,-761.2240940184561
2024-02-13 02:00:00+00:00,326.4764831625317,1123.0,-796.5235168374684
2024-02-13 03:00:00+00:00,324.68738261819124,1109.0,-784.3126173818088
2024-02-13 04:00:00+00:00,294.4274900715285,1057.0,-762.5725099284715
2024-02-13 05:00:00+00:00,243.08189358246773,902.0,-658.9181064175323
2024-02-13 06:00:00+00:00,192.03737529331252,810.0,-617.9626247066875
2024-02-13 07:00:00+00:00,160.00211665533672,676.0,-515.9978833446633
2024-02-13 08:00:00+00:00,179.9265212646994,742.0,-562.0734787353006
2024-02-13 09:00:00+00:00,200.04447628953577,823.0,-622.9555237104643
2024-02-13 10:00:00+00:00,203.56101911560927,942.0,-738.4389808843907
2024-02-13 11:00:00+00:00,199.37421592046397,1033.0,-833.6257840795361
2024-02-13 12:00:00+00:00,190.5901474020197,999.0,-808.4098525979803
2024-02-13 13:00:00+00:00,168.44597881173877,840.0,-671.5540211882612
2024-02-13 14:00:00+00:00,81.54609044988997,704.0,-622.45390955011
2024-02-13 15:00:00+00:00,79.9926365034501,594.0,-514.0073634965499
2024-02-13 16:00:00+00:00,97.75102866827169,525.0,-427.2489713317283
2024-02-13 17:00:00+00:00,95.411602447463,459.0,-363.588397552537
2024-02-13 18:00:00+00:00,172.48427455077632,438.0,-265.5157254492237
2024-02-13 19:00:00+00:00,222.2902140463821,479.0,-256.70978595361794
2024-02-13 20:00:00+00:00,290.22116728023354,523.0,-232.77883271976646
2024-02-13 21:00:00+00:00,305.4257467878819,694.0,-388.5742532121181
2024-02-13 22:00:00+00:00,326.4355007029095,773.0,-446.5644992970905
2024-02-13 23:00:00+00:00,434.5259200397832,1025.0,-590.4740799602168
2024-02-14 00:00:00+00:00,553.2209948044139,1288.0,-734.7790051955861
2024-02-14 01:00:00+00:00,615.9637629639254,1463.0,-847.0362370360746
2024-02-14 02:00:00+00:00,695.3738137489379,1407.0,-711.6261862510621
2024-02-14 03:00:00+00:00,770.6919089433626,1738.0,-967.3080910566374
2024-02-14 04:00:00+00:00,872.8552375688923,1866.0,-993.1447624311077
2024-02-14 05:00:00+00:00,856.0428750099776,1584.0,-727.9571249900224
2024-02-14 06:00:00+00:00,891.6600871786253,1772.0,-880.3399128213747
2024-02-14 07:00:00+00:00,971.6268180585898,1998.0,-1026.3731819414102
2024-02-14 08:00:00+00:00,1003.1030227600044,2244.0,-1240.8969772399955
2024-02-14 09:00:00+00:00,1042.468366340569,2383.0,-1340.531633659431
2024-02-14 10:00:00+00:00,1064.9218376100469,2393.0,-1328.0781623899531
2024-02-14 11:00:00+00:00,1163.4312672309932,2442.0,-1278.5687327690068
2024-02-14 12:00:00+00:00,1123.912509966,2459.0,-1335.087490034
2024-02-14 13:00:00+00:00,1207.9942035444803,2458.0,-1250.0057964555197
2024-02-14 14:00:00+00:00,1401.8496067495223,2801.0,-1399.1503932504777
2024-02-14 15:00:00+00:00,1369.6373570343071,2769.0,-1399.3626429656929
2024-02-14 16:00:00+00:00,1489.129672582687,2721.0,-1231.870327417313
2024-02-14 17:00:00+00:00,1662.5777520702914,2742.0,-1079.4222479297086
2024-02-14 18:00:00+00:00,1677.3130723861027,2786.0,-1108.6869276138973
2024-02-14 19:00:00+00:00,1732.9411923093814,2671.0,-938.0588076906186
2024-02-14 20:00:00+00:00,1838.1576396934795,2587.0,-748.8423603065205
2024-02-14 21:00:00+00:00,1800.3948185002348,2627.0,-826.6051814997652
2024-02-14 22:00:00+00:00,1363.4605904090065,2732.0,-1368.5394095909935
2024-02-14 23:00:00+00:00,1572.5161805941725,2737.0,-1164.4838194058275
2024-02-15 00:00:00+00:00,1736.550224044631,2800.0,-1063.449775955369
2024-02-15 01:00:00+00:00,1736.6243349345075,2464.0,-727.3756650654925
2024-02-15 02:00:00+00:00,1733.8843110551477,2323.0,-589.1156889448523
2024-02-15 03:00:00+00:00,1716.889536926373,2662.0,-945.110463073627
2024-02-15 04:00:00+00:00,1727.6686812986463,2637.0,-909.3313187013537
2024-02-15 05:00:00+00:00,1713.8468747054296,2283.0,-569.1531252945704
2024-02-15 06:00:00+00:00,1706.94865910022,2215.0,-508.0513408997799
2024-02-15 07:00:00+00:00,1566.4976128143594,2184.0,-617.5023871856406
2024-02-15 08:00:00+00:00,1535.9995704165,2137.0,-601.0004295834999
2024-02-15 09:00:00+00:00,1484.9933478735545,2099.0,-614.0066521264455
2024-02-15 10:00:00+00:00,1267.1736952496803,2083.0,-815.8263047503197
2024-02-15 11:00:00+00:00,1313.83857873195,2072.0,-758.1614212680499
2024-02-15 12:00:00+00:00,1266.620605299639,2438.0,-1171.379394700361
2024-02-15 13:00:00+00:00,1160.111679268016,2304.0,-1143.888320731984
2024-02-15 14:00:00+00:00,1064.42115294187,2078.0,-1013.5788470581299
2024-02-15 15:00:00+00:00,979.4795808384196,1918.0,-938.5204191615804
2024-02-15 16:00:00+00:00,837.118707565148,1800.0,-962.881292434852
2024-02-15 17:00:00+00:00,788.6689227857515,1906.0,-1117.3310772142486
2024-02-15 18:00:00+00:00,843.7474303985266,1941.0,-1097.2525696014734
2024-02-15 19:00:00+00:00,829.497609514383,1891.0,-1061.502390485617
2024-02-15 20:00:00+00:00,713.9583420754318,1725.0,-1011.0416579245682
2024-02-15 21:00:00+00:00,551.5082289917369,1594.0,-1042.4917710082632
2024-02-15 22:00:00+00:00,499.27371553305295,1658.0,-1158.7262844669472
2024-02-15 23:00:00+00:00,501.97536858331256,1710.0,-1208.0246314166875
2024-02-16 00:00:00+00:00,522.6369918600345,1671.0,-1148.3630081399656
2024-02-16 01:00:00+00:00,472.4360672135753,1565.0,-1092.5639327864246
2024-02-16 02:00:00+00:00,458.60683414824575,1384.0,-925.3931658517542
2024-02-16 03:00:00+00:00,402.2714438313255,1264.0,-861.7285561686745
2024-02-16 04:00:00+00:00,350.3552243104978,1158.0,-807.6447756895022
2024-02-16 05:00:00+00:00,345.7682088909211,1000.0,-654.2317911090789
2024-02-16 06:00:00+00:00,339.6934646810171,981.0,-641.3065353189829
2024-02-16 07:00:00+00:00,360.3467108221494,993.0,-632.6532891778506
2024-02-16 08:00:00+00:00,363.9331616936692,1116.0,-752.0668383063307
2024-02-16 09:00:00+00:00,372.1231987441533,1187.0,-814.8768012558467
2024-02-16 10:00:00+00:00,371.3422469968268,1150.0,-778.6577530031732
2024-02-16 11:00:00+00:00,370.2618364135962,1175.0,-804.7381635864037
2024-02-16 12:00:00+00:00,369.9877773921476,1135.0,-765.0122226078524
2024-02-16 13:00:00+00:00,341.7890210382301,1108.0,-766.2109789617699
2024-02-16 14:00:00+00:00,276.37465847671166,982.0,-705.6253415232884
2024-02-16 15:00:00+00:00,348.31359042632266,834.0,-485.68640957367734
2024-02-16 16:00:00+00:00,430.357009892765,957.0,-526.6429901072349
2024-02-16 17:00:00+00:00,535.601668213945,1089.0,-553.398331786055
2024-02-16 18:00:00+00:00,663.8838433115202,1433.0,-769.1161566884798
2024-02-16 19:00:00+00:00,791.8370515929416,1556.0,-764.1629484070584
2024-02-16 20:00:00+00:00,880.2667010279507,1620.0,-739.7332989720493
2024-02-16 21:00:00+00:00,827.0960093693392,1822.0,-994.9039906306608
2024-02-16 22:00:00+00:00,736.664836209849,2093.0,-1356.335163790151
2024-02-16 23:00:00+00:00,778.598546670674,2257.0,-1478.4014533293262
2024-02-17 00:00:00+00:00,813.0514105457618,2399.0,-1585.9485894542381
2024-02-17 01:00:00+00:00,838.159979271037,1942.0,-1103.840020728963
2024-02-17 02:00:00+00:00,779.7239633857055,1768.0,-988.2760366142945
2024-02-17 03:00:00+00:00,636.6397095673718,1609.0,-972.3602904326282
2024-02-17 04:00:00+00:00,525.392205916049,1745.0,-1219.607794083951
2024-02-17 05:00:00+00:00,450.46423418075096,1592.0,-1141.535765819249
2024-02-17 06:00:00+00:00,421.94517135068446,1630.0,-1208.0548286493156
2024-02-17 07:00:00+00:00,412.5753855474036,1537.0,-1124.4246144525964
2024-02-17 08:00:00+00:00,386.3330396504145,1463.0,-1076.6669603495855
2024-02-17 09:00:00+00:00,327.0836332350074,1426.0,-1098.9163667649925
2024-02-17 10:00:00+00:00,354.5872009012964,1289.0,-934.4127990987035
2024-02-17 11:00:00+00:00,364.2194420732257,1275.0,-910.7805579267742
2024-02-17 12:00:00+00:00,325.78737398367895,1233.0,-907.2126260163211
2024-02-17 13:00:00+00:00,268.8506016479745,1093.0,-824.1493983520255
2024-02-17 14:00:00+00:00,184.82173187977853,792.0,-607.1782681202214
2024-02-17 15:00:00+00:00,191.25464690045408,608.0,-416.7453530995459
2024-02-17 16:00:00+00:00,204.65359600950663,544.0,-339.3464039904934
2024-02-17 17:00:00+00:00,284.4932506536499,625.0,-340.5067493463501
2024-02-17 18:00:00+00:00,397.142357383524,841.0,-443.857642616476
2024-02-17 19:00:00+00:00,568.1270446976422,963.0,-394.8729553023578
2024-02-17 20:00:00+00:00,701.7449543918018,1130.0,-428.2550456081982
2024-02-17 21:00:00+00:00,663.7340995655695,1117.0,-453.2659004344305
2024-02-17 22:00:00+00:00,501.4398419178041,1133.0,-631.5601580821959
2024-02-17 23:00:00+00:00,487.5834542647558,1195.0,-707.4165457352442
2024-02-18 00:00:00+00:00,475.2666758873333,1373.0,-897.7333241126667
2024-02-18 01:00:00+00:00,468.4323135482136,1492.0,-1023.5676864517864
2024-02-18 02:00:00+00:00,418.0397812836076,1474.0,-1055.9602187163923
2024-02-18 03:00:00+00:00,399.0844920554064,1517.0,-1117.9155079445936
2024-02-18 04:00:00+00:00,416.3385355357493,1724.0,-1307.6614644642507
2024-02-18 05:00:00+00:00,455.86073453916816,1796.0,-1340.139265460832
2024-02-18 06:00:00+00:00,480.5591541274612,1912.0,-1431.4408458725388
2024-02-18 07:00:00+00:00,506.8933848325127,1869.0,-1362.1066151674872
2024-02-18 08:00:00+00:00,542.9084605343968,1888.0,-1345.091539465603
2024-02-18 09:00:00+00:00,565.1170192121706,1908.0,-1342.8829807878294
2024-02-18 10:00:00+00:00,449.572346083085,2068.0,-1618.427653916915
2024-02-18 11:00:00+00:00,494.5440359570604,2290.0,-1795.4559640429397
2024-02-18 12:00:00+00:00,512.3097215065384,2338.0,-1825.6902784934616
2024-02-18 13:00:00+00:00,499.19854025749487,2277.0,-1777.8014597425051
2024-02-18 14:00:00+00:00,494.6724009796608,1937.0,-1442.3275990203392
2024-02-18 15:00:00+00:00,515.8048602498718,1699.0,-1183.1951397501282
2024-02-18 16:00:00+00:00,695.7238190731665,1528.0,-832.2761809268335
2024-02-18 17:00:00+00:00,840.8967964966803,1351.0,-510.1032035033197
2024-02-18 18:00:00+00:00,952.298568211083,1433.0,-480.70143178891703
2024-02-18 19:00:00+00:00,922.3167262585744,1452.0,-529.6832737414256
2024-02-18 20:00:00+00:00,871.6092318659317,1500.0,-628.3907681340683
2024-02-18 21:00:00+00:00,652.1623308535973,1402.0,-749.8376691464027
2024-02-18 22:00:00+00:00,581.9424241692009,1393.0,-811.0575758307991
2024-02-18 23:00:00+00:00,626.2162605957658,1465.0,-838.7837394042342
2024-02-19 00:00:00+00:00,709.1846948562774,1598.0,-888.8153051437226
2024-02-19 01:00:00+00:00,714.7951526176784,1778.0,-1063.2048473823215
2024-02-19 02:00:00+00:00,690.1010986353891,1594.0,-903.8989013646109
2024-02-19 03:00:00+00:00,693.6698052380954,1337.0,-643.3301947619046
2024-02-19 04:00:00+00:00,764.2071071229896,1142.0,-377.79289287701044
2024-02-19 05:00:00+00:00,724.98773173758,1026.0,-301.01226826242
2024-02-19 06:00:00+00:00,667.0126429933813,928.0,-260.9873570066187
2024-02-19 07:00:00+00:00,619.4286098278411,984.0,-364.5713901721589
2024-02-19 08:00:00+00:00,586.9077386037497,1078.0,-491.09226139625025
2024-02-19 09:00:00+00:00,629.0001959020173,1123.0,-493.99980409798275
2024-02-19 10:00:00+00:00,703.0257022315958,1271.0,-567.9742977684042
2024-02-19 11:00:00+00:00,645.1779034675936,1337.0,-691.8220965324064
2024-02-19 12:00:00+00:00,680.5609805866642,1521.0,-840.4390194133358
2024-02-19 13:00:00+00:00,739.5304454695955,1602.0,-862.4695545304045
2024-02-19 14:00:00+00:00,847.0178573681715,1492.0,-644.9821426318285
2024-02-19 15:00:00+00:00,992.1077808651768,1637.0,-644.8922191348232
2024-02-19 16:00:00+00:00,933.6124043640692,1818.0,-884.3875956359308
2024-02-19 17:00:00+00:00,1032.882977501039,2185.0,-1152.117022498961
2024-02-19 18:00:00+00:00,994.6280364633576,2467.0,-1472.3719635366424
2024-02-19 19:00:00+00:00,1021.5186750315772,2554.0,-1532.4813249684228
2024-02-19 20:00:00+00:00,1029.7704696416165,2484.0,-1454.2295303583835
2024-02-19 21:00:00+00:00,959.1118760121358,2444.0,-1484.8881239878642
2024-02-19 22:00:00+00:00,538.4839240802809,2351.0,-1812.5160759197192
2024-02-19 23:00:00+00:00,629.6875128709577,2460.0,-1830.3124871290424
2024-02-20 00:00:00+00:00,707.2859741612905,2566.0,-1858.7140258387094
2024-02-20 01:00:00+00:00,747.138519046963,2664.0,-1916.861480953037
2024-02-20 02:00:00+00:00,731.5721401925682,2577.0,-1845.4278598074318
2024-02-20 03:00:00+00:00,705.1670333335384,2472.0,-1766.8329666664617
2024-02-20 04:00:00+00:00,663.1627836445683,2373.0,-1709.8372163554318
2024-02-20 05:00:00+00:00,604.3619192063888,2256.0,-1651.6380807936112
2024-02-20 06:00:00+00:00,546.0622079540334,2082.0,-1535.9377920459665
2024-02-20 07:00:00+00:00,503.35290935318005,1971.0,-1467.6470906468198
2024-02-20 08:00:00+00:00,479.5954945556723,1969.0,-1489.4045054443277
2024-02-20 09:00:00+00:00,469.4406298675019,2004.0,-1534.559370132498
2024-02-20 10:00:00+00:00,488.1897164331737,2070.0,-1581.8102835668262
2024-02-20 11:00:00+00:00,472.74868357085046,2175.0,-1702.2513164291495
2024-02-20 12:00:00+00:00,475.4261687312884,1898.0,-1422.5738312687117
2024-02-20 13:00:00+00:00,478.7804356156941,1673.0,-1194.2195643843058
2024-02-20 14:00:00+00:00,464.29450315997343,1925.0,-1460.7054968400266
2024-02-20 15:00:00+00:00,428.2740094369933,1816.0,-1387.7259905630067
2024-02-20 16:00:00+00:00,419.9853041522334,1760.0,-1340.0146958477667
2024-02-20 17:00:00+00:00,459.0922670158803,1826.0,-1366.9077329841198
2024-02-20 18:00:00+00:00,515.4076949455919,1875.0,-1359.5923050544081
2024-02-20 19:00:00+00:00,559.7668364933617,1878.0,-1318.2331635066384
2024-02-20 20:00:00+00:00,562.0676153494956,1857.0,-1294.9323846505044
2024-02-20 21:00:00+00:00,459.9563912515192,1834.0,-1374.043608748481
2024-02-20 22:00:00+00:00,365.36239309027474,1722.0,-1356.6376069097253
2024-02-20 23:00:00+00:00,353.6290292173489,1855.0,-1501.370970782651
2024-02-21 00:00:00+00:00,378.8553225617583,1956.0,-1577.1446774382416
2024-02-21 01:00:00+00:00,340.8411169112952,1905.0,-1564.158883088705
2024-02-21 02:00:00+00:00,297.0231823228484,1795.0,-1497.9768176771515
2024-02-21 03:00:00+00:00,257.95532760796334,1586.0,-1328.0446723920368
2024-02-21 04:00:00+00:00,234.00138447997247,1490.0,-1255.9986155200274
2024-02-21 05:00:00+00:00,203.9284256591427,1372.0,-1168.0715743408573
2024-02-21 06:00:00+00:00,191.574607899946,1030.0,-838.4253921000541
2024-02-21 07:00:00+00:00,201.64823982778364,1119.0,-917.3517601722164
2024-02-21 08:00:00+00:00,210.52055680976883,1156.0,-945.4794431902312
2024-02-21 09:00:00+00:00,225.1936965732532,1219.0,-993.8063034267468
2024-02-21 10:00:00+00:00,213.9318332659642,1378.0,-1164.068166734036
2024-02-21 11:00:00+00:00,318.8092886763232,1381.0,-1062.1907113236769
2024-02-21 12:00:00+00:00,418.38737115278457,1441.0,-1022.6126288472154
2024-02-21 13:00:00+00:00,491.4871046009277,1520.0,-1028.5128953990722
2024-02-21 14:00:00+00:00,432.4889317294956,1676.0,-1243.5110682705044
2024-02-21 15:00:00+00:00,421.2796312351248,1623.0,-1201.7203687648753
2024-02-21 16:00:00+00:00,596.9332561737727,1724.0,-1127.0667438262271
2024-02-21 17:00:00+00:00,665.7120391824411,1884.0,-1218.287960817559
2024-02-21 18:00:00+00:00,622.9011017735688,1759.0,-1136.0988982264312
2024-02-21 19:00:00+00:00,566.4724930303424,1634.0,-1067.5275069696577
2024-02-21 20:00:00+00:00,511.43859838344207,1645.0,-1133.561401616558
2024-02-21 21:00:00+00:00,527.7474767884388,1791.0,-1263.2525232115613
2024-02-21 22:00:00+00:00,737.5004634361596,2007.0,-1269.4995365638404
2024-02-21 23:00:00+00:00,1210.541618047906,2532.0,-1321.458381952094
2024-02-22 00:00:00+00:00,1570.2326115367405,2585.0,-1014.7673884632595
2024-02-22 01:00:00+00:00,1715.4638845862892,2673.0,-957.5361154137108
2024-02-22 02:00:00+00:00,1785.41968627682,2763.0,-977.5803137231801
2024-02-22 03:00:00+00:00,1777.4202403331124,2742.0,-964.5797596668876
2024-02-22 04:00:00+00:00,1703.6634470053364,2667.0,-963.3365529946636
2024-02-22 05:00:00+00:00,1601.1046560272923,2549.0,-947.8953439727077
2024-02-22 06:00:00+00:00,1456.7489082833338,2928.0,-1471.2510917166662
2024-02-22 07:00:00+00:00,1330.0314431111676,2728.0,-1397.9685568888324
2024-02-22 08:00:00+00:00,1205.6713103300945,2331.0,-1125.3286896699055
2024-02-22 09:00:00+00:00,1109.392267192875,2608.0,-1498.607732807125
2024-02-22 10:00:00+00:00,952.0043858643446,2428.0,-1475.9956141356554
2024-02-22 11:00:00+00:00,1015.3735213508752,2515.0,-1499.6264786491247
2024-02-22 12:00:00+00:00,1058.3404948671257,2446.0,-1387.6595051328743
2024-02-22 13:00:00+00:00,1175.7328348987164,2475.0,-1299.2671651012836
2024-02-22 14:00:00+00:00,781.3954648664297,2206.0,-1424.6045351335702
2024-02-22 15:00:00+00:00,617.591544968075,1801.0,-1183.4084550319249
2024-02-22 16:00:00+00:00,540.2316261246463,1646.0,-1105.7683738753537
2024-02-22 17:00:00+00:00,476.4673968956,1587.0,-1110.5326031044
2024-02-22 18:00:00+00:00,419.0702973088102,1429.0,-1009.9297026911897
2024-02-22 19:00:00+00:00,387.6266683812075,1377.0,-989.3733316187925
2024-02-22 20:00:00+00:00,368.59157956587103,1313.0,-944.408420434129
2024-02-22 21:00:00+00:00,394.1979073993956,1349.0,-954.8020926006044
2024-02-22 22:00:00+00:00,345.2098023226314,1454.0,-1108.7901976773687
2024-02-22 23:00:00+00:00,474.7201732703945,1616.0,-1141.2798267296055
2024-02-23 00:00:00+00:00,518.3507704553588,1608.0,-1089.6492295446412
2024-02-23 01:00:00+00:00,542.3763537996541,1651.0,-1108.6236462003458
2024-02-23 02:00:00+00:00,499.7855646337357,1652.0,-1152.2144353662643
2024-02-23 03:00:00+00:00,492.1422292812572,1663.0,-1170.8577707187428
2024-02-23 04:00:00+00:00,520.4642792250473,1351.0,-830.5357207749527
2024-02-23 05:00:00+00:00,509.3488852536308,1177.0,-667.6511147463692
2024-02-23 06:00:00+00:00,495.9273981293398,1063.0,-567.0726018706603
2024-02-23 07:00:00+00:00,449.9472615161449,970.0,-520.0527384838551
2024-02-23 08:00:00+00:00,375.3484698408354,938.0,-562.6515301591646
2024-02-23 09:00:00+00:00,362.59228981430255,819.0,-456.40771018569745
2024-02-23 10:00:00+00:00,379.5572329470892,827.0,-447.4427670529108
2024-02-23 11:00:00+00:00,435.34238764941085,864.0,-428.65761235058915
2024-02-23 12:00:00+00:00,469.1709434110221,911.0,-441.8290565889779
2024-02-23 13:00:00+00:00,482.8452255699634,1029.0,-546.1547744300366
2024-02-23 14:00:00+00:00,350.23021732771474,1039.0,-688.7697826722853
2024-02-23 15:00:00+00:00,390.9743688986856,1095.0,-704.0256311013144
2024-02-23 16:00:00+00:00,514.0201490815305,955.0,-440.97985091846954
2024-02-23 17:00:00+00:00,629.9434205849184,1090.0,-460.0565794150816
2024-02-23 18:00:00+00:00,575.8648304963865,961.0,-385.1351695036135
2024-02-23 19:00:00+00:00,603.9918295132866,971.0,-367.0081704867134
2024-02-23 20:00:00+00:00,585.3889185820344,965.0,-379.6110814179656
2024-02-23 21:00:00+00:00,509.4403982487073,997.0,-487.5596017512927
2024-02-23 22:00:00+00:00,552.0257987650899,999.0,-446.9742012349101
2024-02-23 23:00:00+00:00,609.7626000775115,903.0,-293.2373999224885
2024-02-24 00:00:00+00:00,729.5407429479199,1104.0,-374.45925705208015
2024-02-24 01:00:00+00:00,835.7280401240323,1070.0,-234.2719598759677
2024-02-24 02:00:00+00:00,709.594080689629,1102.0,-392.405919310371
2024-02-24 03:00:00+00:00,601.9192618496654,1103.0,-501.0807381503346
2024-02-24 04:00:00+00:00,645.7494491743722,1153.0,-507.2505508256278
2024-02-24 05:00:00+00:00,831.0659339172311,1123.0,-291.93406608276894
2024-02-24 06:00:00+00:00,861.1697147663854,1456.0,-594.8302852336146
2024-02-24 07:00:00+00:00,996.421181078845,1637.0,-640.578818921155
2024-02-24 08:00:00+00:00,1039.869033100572,1668.0,-628.1309668994279
2024-02-24 09:00:00+00:00,999.5270796393154,1649.0,-649.4729203606846
2024-02-24 10:00:00+00:00,774.376556343708,1520.0,-745.623443656292
2024-02-24 11:00:00+00:00,878.3071210562256,1432.0,-553.6928789437744
2024-02-24 12:00:00+00:00,908.7460061460298,1663.0,-754.2539938539702
2024-02-24 13:00:00+00:00,900.2462693135328,1588.0,-687.7537306864672
2024-02-24 14:00:00+00:00,856.3588838299995,1599.0,-742.6411161700005
2024-02-24 15:00:00+00:00,745.5999524965191,1485.0,-739.4000475034809
2024-02-24 16:00:00+00:00,759.8578236351539,1512.0,-752.1421763648461
2024-02-24 17:00:00+00:00,872.194230609799,1654.0,-781.805769390201
2024-02-24 18:00:00+00:00,953.7511174465634,1921.0,-967.2488825534366
2024-02-24 19:00:00+00:00,972.4209153521094,1722.0,-749.5790846478906
2024-02-24 20:00:00+00:00,1039.7179966303204,1894.0,-854.2820033696796
2024-02-24 21:00:00+00:00,1048.660901387538,2091.0,-1042.339098612462
2024-02-24 22:00:00+00:00,818.285637257232,2272.0,-1453.7143627427681
2024-02-24 23:00:00+00:00,952.7222704763718,2480.0,-1527.2777295236283
2024-02-25 00:00:00+00:00,1013.2310902149896,2439.0,-1425.7689097850102
2024-02-25 01:00:00+00:00,994.1200272752012,2387.0,-1392.8799727247988
2024-02-25 02:00:00+00:00,939.4763210092916,2261.0,-1321.5236789907085
2024-02-25 03:00:00+00:00,884.805621742341,2338.0,-1453.194378257659
2024-02-25 04:00:00+00:00,798.3377445076297,2257.0,-1458.6622554923702
2024-02-25 05:00:00+00:00,720.5682950348172,2182.0,-1461.4317049651827
2024-02-25 06:00:00+00:00,679.0190552651935,2321.0,-1641.9809447348066
2024-02-25 07:00:00+00:00,665.3673356369482,2362.0,-1696.6326643630518
2024-02-25 08:00:00+00:00,648.0187333708845,2272.0,-1623.9812666291155
2024-02-25 09:00:00+00:00,605.0146086891154,2661.0,-2055.9853913108846
2024-02-25 10:00:00+00:00,562.7909548405444,2595.0,-2032.2090451594556
2024-02-25 11:00:00+00:00,556.3582993120604,2569.0,-2012.6417006879396
2024-02-25 12:00:00+00:00,546.774183308684,2598.0,-2051.225816691316
2024-02-25 13:00:00+00:00,434.7188429722668,2205.0,-1770.2811570277331
2024-02-25 14:00:00+00:00,307.70409314254783,1903.0,-1595.295906857452
2024-02-25 15:00:00+00:00,290.6889066238624,1574.0,-1283.3110933761377
2024-02-25 16:00:00+00:00,328.29282063745705,1186.0,-857.707179362543
2024-02-25 17:00:00+00:00,407.76794948055135,1087.0,-679.2320505194486
2024-02-25 18:00:00+00:00,455.2424465855518,1079.0,-623.7575534144482
2024-02-25 19:00:00+00:00,488.21983538783,1064.0,-575.78016461217
2024-02-25 20:00:00+00:00,519.142230648065,1078.0,-558.857769351935
2024-02-25 21:00:00+00:00,468.7227846640433,1053.0,-584.2772153359567
2024-02-25 22:00:00+00:00,448.3187689412292,1239.0,-790.6812310587708
2024-02-25 23:00:00+00:00,587.2715744581712,1846.0,-1258.7284255418288
2024-02-26 00:00:00+00:00,744.1157363001566,2077.0,-1332.8842636998434
2024-02-26 01:00:00+00:00,894.4558376764438,2341.0,-1446.544162323556
2024-02-26 02:00:00+00:00,1006.3212923566128,2452.0,-1445.678707643387
2024-02-26 03:00:00+00:00,1053.8253270967514,2076.0,-1022.1746729032486
2024-02-26 04:00:00+00:00,1006.50240699668,2289.0,-1282.4975930033202
2024-02-26 05:00:00+00:00,998.8664061199886,2089.0,-1090.1335938800114
2024-02-26 06:00:00+00:00,1001.0004258271706,1962.0,-960.9995741728294
2024-02-26 07:00:00+00:00,1015.8292918150814,1993.0,-977.1707081849186
2024-02-26 08:00:00+00:00,1015.7187215363506,1985.0,-969.2812784636494
2024-02-26 09:00:00+00:00,988.264409209984,2112.0,-1123.735590790016
2024-02-26 10:00:00+00:00,913.298446734149,2198.0,-1284.701553265851
2024-02-26 11:00:00+00:00,860.132639321846,2314.0,-1453.867360678154
2024-02-26 12:00:00+00:00,886.8718732099286,2114.0,-1227.1281267900713
2024-02-26 13:00:00+00:00,1018.1295822896432,2152.0,-1133.8704177103568
2024-02-26 14:00:00+00:00,666.3964837626507,1805.0,-1138.6035162373491
2024-02-26 15:00:00+00:00,953.5185272496406,1684.0,-730.4814727503594
2024-02-26 16:00:00+00:00,1156.4222718494975,1701.0,-544.5777281505025
2024-02-26 17:00:00+00:00,1414.1619453149915,1484.0,-69.8380546850085
2024-02-26 18:00:00+00:00,1704.9702583678045,1735.0,-30.02974163219551
2024-02-26 19:00:00+00:00,1727.1816831688789,1968.0,-240.81831683112114
2024-02-26 20:00:00+00:00,1347.7545105833026,2121.0,-773.2454894166974
2024-02-26 21:00:00+00:00,1004.8856190070968,2208.0,-1203.114380992903
2024-02-26 22:00:00+00:00,856.433286993176,2128.0,-1271.566713006824
2024-02-26 23:00:00+00:00,872.0933533968597,2182.0,-1309.9066466031404
2024-02-27 00:00:00+00:00,921.0684544397626,2300.0,-1378.9315455602373
2024-02-27 01:00:00+00:00,840.7571079705837,2279.0,-1438.2428920294165
2024-02-27 02:00:00+00:00,730.969270389921,1668.0,-937.030729610079
2024-02-27 03:00:00+00:00,648.815704508452,1850.0,-1201.184295491548
2024-02-27 04:00:00+00:00,688.0117556317014,1705.0,-1016.9882443682986
2024-02-27 05:00:00+00:00,596.5102128620523,1554.0,-957.4897871379477
2024-02-27 06:00:00+00:00,476.59492081033113,1464.0,-987.4050791896689
2024-02-27 07:00:00+00:00,503.7913283612496,1644.0,-1140.2086716387503
2024-02-27 08:00:00+00:00,518.2087988624282,1516.0,-997.7912011375718
2024-02-27 09:00:00+00:00,513.4537228374024,1347.0,-833.5462771625976
2024-02-27 10:00:00+00:00,599.9624779091614,1338.0,-738.0375220908386
2024-02-27 11:00:00+00:00,738.8335883034496,1550.0,-811.1664116965504
2024-02-27 12:00:00+00:00,859.1670770538387,1668.0,-808.8329229461613
2024-02-27 13:00:00+00:00,831.428066867366,1510.0,-678.571933132634
2024-02-27 14:00:00+00:00,680.2858453119346,1742.0,-1061.7141546880653
2024-02-27 15:00:00+00:00,437.0403564152693,1720.0,-1282.9596435847307
2024-02-27 16:00:00+00:00,558.5415829410956,1760.0,-1201.4584170589044
2024-02-27 17:00:00+00:00,797.5301610050573,1896.0,-1098.4698389949426
2024-02-27 18:00:00+00:00,934.85262463493,2039.0,-1104.14737536507
2024-02-27 19:00:00+00:00,948.0632831722028,2056.0,-1107.9367168277972
2024-02-27 20:00:00+00:00,945.9570939912458,2210.0,-1264.0429060087542
2024-02-27 21:00:00+00:00,1497.522937070455,2406.0,-908.4770629295449
2024-02-27 22:00:00+00:00,1402.3254654975888,2581.0,-1178.6745345024112
2024-02-27 23:00:00+00:00,1926.3291985637609,2423.0,-496.6708014362391
2024-02-28 00:00:00+00:00,2255.4597803752367,2510.0,-254.54021962476327
2024-02-28 01:00:00+00:00,2395.460042740567,2506.0,-110.53995725943287
2024-02-28 02:00:00+00:00,2374.812393969504,2537.0,-162.18760603049623
2024-02-28 03:00:00+00:00,2357.8692746530623,2526.0,-168.13072534693765
2024-02-28 04:00:00+00:00,2273.272868955828,2552.0,-278.727131044172
2024-02-28 05:00:00+00:00,2401.237605307856,2558.0,-156.76239469214397
2024-02-28 06:00:00+00:00,2199.4411875333244,2521.0,-321.5588124666756
2024-02-28 07:00:00+00:00,2028.3882064115332,2452.0,-423.61179358846675
2024-02-28 08:00:00+00:00,2082.77426568073,2359.0,-276.22573431927003
2024-02-28 09:00:00+00:00,2010.318575926446,2284.0,-273.6814240735539
2024-02-28 10:00:00+00:00,2015.0821764548823,2423.0,-407.9178235451177
2024-02-28 11:00:00+00:00,2308.525015633425,2412.0,-103.47498436657497
2024-02-28 12:00:00+00:00,2455.5848059146992,2591.0,-135.41519408530075
2024-02-28 13:00:00+00:00,2538.6423274719778,2726.0,-187.35767252802225
2024-02-28 14:00:00+00:00,2659.0874123296967,2724.0,-64.91258767030331
2024-02-28 15:00:00+00:00,2591.0635605975544,2621.0,-29.936439402445558
2024-02-28 16:00:00+00:00,2920.876010223045,2583.0,337.8760102230449
2024-02-28 17:00:00+00:00,3013.963755464509,2697.0,316.9637554645092
2024-02-28 18:00:00+00:00,3050.997663326644,2633.0,417.9976633266442
2024-02-28 19:00:00+00:00,3137.54462087416,2831.0,306.54462087416005
2024-02-28 20:00:00+00:00,3170.1882836775108,2823.0,347.18828367751075
2024-02-28 21:00:00+00:00,3288.182664865416,2844.0,444.182664865416
2024-02-28 22:00:00+00:00,3252.5388258897606,2879.0,373.5388258897606
2024-02-28 23:00:00+00:00,3340.3313717388664,2842.0,498.33137173886644
2024-02-29 00:00:00+00:00,3427.457080392673,2824.0,603.4570803926731
2024-02-29 01:00:00+00:00,3578.3461215757065,2874.0,704.3461215757065
2024-02-29 02:00:00+00:00,3543.0371125127126,2876.0,667.0371125127126
2024-02-29 03:00:00+00:00,3520.71147534112,2912.0,608.7114753411201
2024-02-29 04:00:00+00:00,3437.3842032755965,2867.0,570.3842032755965
2024-02-29 05:00:00+00:00,3251.034835715321,2891.0,360.03483571532115
2024-02-29 06:00:00+00:00,3229.486582830733,2908.0,321.4865828307329
2024-02-29 07:00:00+00:00,2923.898890272629,2792.0,131.89889027262916
2024-02-29 08:00:00+00:00,2613.814653110108,2866.0,-252.18534688989212
2024-02-29 09:00:00+00:00,2606.73427238508,2682.0,-75.2657276149198
2024-02-29 10:00:00+00:00,2131.4764356269734,2741.0,-609.5235643730266
2024-02-29 11:00:00+00:00,2203.573480974792,2729.0,-525.4265190252081
2024-02-29 12:00:00+00:00,2023.9734252136795,2857.0,-833.0265747863205
2024-02-29 13:00:00+00:00,2101.416623658324,2907.0,-805.5833763416758
2024-02-29 14:00:00+00:00,2068.257689576388,2990.0,-921.7423104236118
2024-02-29 15:00:00+00:00,2120.7123633193182,2909.0,-788.2876366806818
2024-02-29 16:00:00+00:00,2117.908511534569,2956.0,-838.0914884654312
2024-02-29 17:00:00+00:00,2189.0573958331865,2956.0,-766.9426041668135
2024-02-29 18:00:00+00:00,2369.1907083265182,3004.0,-634.8092916734818
2024-02-29 19:00:00+00:00,2319.957022416685,3023.0,-703.042977583315
2024-02-29 20:00:00+00:00,2326.130290343894,3013.0,-686.8697096561059
2024-02-29 21:00:00+00:00,2196.302167064367,3022.0,-825.697832935633
2024-02-29 22:00:00+00:00,1927.0390274118572,3028.0,-1100.9609725881428
2024-02-29 23:00:00+00:00,1726.2583641468923,3015.0,-1288.7416358531077
2024-03-01 00:00:00+00:00,1627.8129062296032,2952.0,-1324.1870937703968
2024-03-01 01:00:00+00:00,1618.8427786478846,2995.0,-1376.1572213521154
2024-03-01 02:00:00+00:00,1586.3708032085103,2951.0,-1364.6291967914897
2024-03-01 03:00:00+00:00,1515.5583999235855,2893.0,-1377.4416000764145
2024-03-01 04:00:00+00:00,1440.106542131402,2876.0,-1435.893457868598
2024-03-01 05:00:00+00:00,1367.9906136216848,2802.0,-1434.0093863783152
2024-03-01 06:00:00+00:00,1269.4923257104736,2813.0,-1543.5076742895264
2024-03-01 07:00:00+00:00,1209.0653133298908,2746.0,-1536.9346866701092
2024-03-01 08:00:00+00:00,1173.1055622519784,2799.0,-1625.8944377480216
2024-03-01 09:00:00+00:00,1114.1576087435797,2790.0,-1675.8423912564203
2024-03-01 10:00:00+00:00,1132.6564439433755,2778.0,-1645.3435560566245
2024-03-01 11:00:00+00:00,1103.4425013821397,2752.0,-1648.5574986178603
2024-03-01 12:00:00+00:00,1013.1614523619176,2729.0,-1715.8385476380824
2024-03-01 13:00:00+00:00,1126.7555178529296,2640.0,-1513.2444821470704
2024-03-01 14:00:00+00:00,1253.7287328524678,2740.0,-1486.2712671475322
2024-03-01 15:00:00+00:00,1361.6411188006048,2741.0,-1379.3588811993952
2024-03-01 16:00:00+00:00,1464.1617246025728,2780.0,-1315.8382753974272
2024-03-01 17:00:00+00:00,1507.272729274758,2779.0,-1271.727270725242
2024-03-01 18:00:00+00:00,1664.1555408730674,2769.0,-1104.8444591269326
2024-03-01 19:00:00+00:00,1730.5191918294213,2817.0,-1086.4808081705787
2024-03-01 20:00:00+00:00,1677.9298721669954,2811.0,-1133.0701278330046
2024-03-01 21:00:00+00:00,1730.0350887934392,2721.0,-990.9649112065608
2024-03-01 22:00:00+00:00,1057.959091222991,2632.0,-1574.040908777009
2024-03-01 23:00:00+00:00,1029.447948941465,2907.0,-1877.552051058535
2024-03-02 00:00:00+00:00,1002.6768169250032,2927.0,-1924.323183074997
2024-03-02 01:00:00+00:00,962.7407487927838,2829.0,-1866.259251207216
2024-03-02 02:00:00+00:00,885.3385642969199,2800.0,-1914.66143570308
2024-03-02 03:00:00+00:00,833.9954505834835,2764.0,-1930.0045494165165
2024-03-02 04:00:00+00:00,745.2333408437491,2690.0,-1944.7666591562509
2024-03-02 05:00:00+00:00,668.763508456531,2608.0,-1939.2364915434691
2024-03-02 06:00:00+00:00,620.7810810080905,2518.0,-1897.2189189919095
2024-03-02 07:00:00+00:00,642.8560718771555,2359.0,-1716.1439281228445
2024-03-02 08:00:00+00:00,705.0329717145728,2408.0,-1702.9670282854272
2024-03-02 09:00:00+00:00,779.7205884229218,2483.0,-1703.2794115770782
2024-03-02 10:00:00+00:00,795.0843748945971,2385.0,-1589.9156251054028
2024-03-02 11:00:00+00:00,866.4339579904075,2345.0,-1478.5660420095924
2024-03-02 12:00:00+00:00,867.5202257627677,2375.0,-1507.4797742372323
2024-03-02 13:00:00+00:00,811.3055620625041,2186.0,-1374.6944379374959
2024-03-02 14:00:00+00:00,470.4508592550814,1889.0,-1418.5491407449185
2024-03-02 15:00:00+00:00,504.2444012234303,1462.0,-957.7555987765697
2024-03-02 16:00:00+00:00,646.3061284037882,1366.0,-719.6938715962118
2024-03-02 17:00:00+00:00,779.8976793110929,1508.0,-728.1023206889071
2024-03-02 18:00:00+00:00,1024.5313053156476,1929.0,-904.4686946843524
2024-03-02 19:00:00+00:00,1107.81039085025,2070.0,-962.1896091497499
2024-03-02 20:00:00+00:00,1079.6469007454627,1970.0,-890.3530992545373
2024-03-02 21:00:00+00:00,1110.075711479859,2157.0,-1046.924288520141
2024-03-02 22:00:00+00:00,1029.1797638583334,2274.0,-1244.8202361416666
2024-03-02 23:00:00+00:00,1268.1250779414895,2466.0,-1197.8749220585105
2024-03-03 00:00:00+00:00,1397.267300925541,2150.0,-752.7326990744591
2024-03-03 01:00:00+00:00,1498.5723582937992,2003.0,-504.4276417062008
2024-03-03 02:00:00+00:00,1337.0236963834502,1907.0,-569.9763036165498
2024-03-03 03:00:00+00:00,1202.9304809593186,2013.0,-810.0695190406814
2024-03-03 04:00:00+00:00,1054.4668455509272,1676.0,-621.5331544490728
2024-03-03 05:00:00+00:00,915.0725350528386,1449.0,-533.9274649471614
2024-03-03 06:00:00+00:00,793.0942818336488,1244.0,-450.9057181663512
2024-03-03 07:00:00+00:00,630.911853236815,1191.0,-560.088146763185
2024-03-03 08:00:00+00:00,549.114258920847,957.0,-407.88574107915304
2024-03-03 09:00:00+00:00,497.7121248589237,689.0,-191.2878751410763
2024-03-03 10:00:00+00:00,313.0479944774038,588.0,-274.9520055225962
2024-03-03 11:00:00+00:00,280.0341432715637,476.0,-195.96585672843628
2024-03-03 12:00:00+00:00,217.9940381843332,292.0,-74.00596181566681
2024-03-03 13:00:00+00:00,143.14577783203254,199.0,-55.854222167967464
2024-03-03 14:00:00+00:00,105.36341046840664,194.0,-88.63658953159336
2024-03-03 15:00:00+00:00,61.87922366301165,137.0,-75.12077633698834
2024-03-03 16:00:00+00:00,43.35159429414338,161.0,-117.64840570585662
2024-03-03 17:00:00+00:00,30.25281321070253,264.0,-233.74718678929747
2024-03-03 18:00:00+00:00,29.32965508342852,239.0,-209.67034491657148
2024-03-03 19:00:00+00:00,26.76238284196757,108.0,-81.23761715803244
2024-03-03 20:00:00+00:00,21.09667617871977,75.0,-53.90332382128023
2024-03-03 21:00:00+00:00,33.623707291046365,88.0,-54.376292708953635
2024-03-03 22:00:00+00:00,83.32904712149255,158.0,-74.67095287850745
2024-03-03 23:00:00+00:00,270.04406139762483,286.0,-15.95593860237517
2024-03-04 00:00:00+00:00,398.3098897750097,388.0,10.309889775009708
2024-03-04 01:00:00+00:00,435.39339493505537,562.0,-126.60660506494463
2024-03-04 02:00:00+00:00,473.1599573718615,682.0,-208.84004262813852
2024-03-04 03:00:00+00:00,515.1214486663844,759.0,-243.87855133361563
2024-03-04 04:00:00+00:00,519.033984216638,966.0,-446.96601578336197
2024-03-04 05:00:00+00:00,565.9474030220769,1131.0,-565.0525969779231
2024-03-04 06:00:00+00:00,675.1774027554679,1274.0,-598.8225972445321
2024-03-04 07:00:00+00:00,605.1887552684616,1315.0,-709.8112447315384
2024-03-04 08:00:00+00:00,570.5974394507716,1242.0,-671.4025605492284
2024-03-04 09:00:00+00:00,592.4246652030424,1295.0,-702.5753347969576
2024-03-04 10:00:00+00:00,623.093742686494,1306.0,-682.906257313506
2024-03-04 11:00:00+00:00,675.9413153349949,1261.0,-585.0586846650051
2024-03-04 12:00:00+00:00,641.9995823828497,1134.0,-492.00041761715033
2024-03-04 13:00:00+00:00,478.23958650043215,866.0,-387.76041349956785
2024-03-04 14:00:00+00:00,346.3408003421344,743.0,-396.6591996578656
2024-03-04 15:00:00+00:00,274.3892913347726,698.0,-423.6107086652274
2024-03-04 16:00:00+00:00,254.4137238181366,664.0,-409.5862761818634
2024-03-04 17:00:00+00:00,248.7900277996732,731.0,-482.2099722003268
2024-03-04 18:00:00+00:00,305.05287880016465,787.0,-481.94712119983535
2024-03-04 19:00:00+00:00,340.39882010300033,827.0,-486.60117989699967
2024-03-04 20:00:00+00:00,392.2577157210515,1051.0,-658.7422842789485
2024-03-04 21:00:00+00:00,550.362896094525,1294.0,-743.637103905475
2024-03-04 22:00:00+00:00,677.6140566581945,1710.0,-1032.3859433418056
2024-03-04 23:00:00+00:00,1154.743169717192,2220.0,-1065.256830282808
2024-03-05 00:00:00+00:00,1212.7129517726771,2406.0,-1193.2870482273229
2024-03-05 01:00:00+00:00,1251.5983975677866,2315.0,-1063.4016024322134
2024-03-05 02:00:00+00:00,1297.2407587799848,2303.0,-1005.7592412200152
2024-03-05 03:00:00+00:00,1284.5939984123672,2363.0,-1078.4060015876328
2024-03-05 04:00:00+00:00,1321.6215514911028,2323.0,-1001.3784485088972
2024-03-05 05:00:00+00:00,1344.121553647651,2369.0,-1024.878446352349
2024-03-05 06:00:00+00:00,1352.4071229706635,2437.0,-1084.5928770293365
2024-03-05 07:00:00+00:00,1310.7147456823864,2474.0,-1163.2852543176136
2024-03-05 08:00:00+00:00,1371.2206906201047,2493.0,-1121.7793093798953
2024-03-05 09:00:00+00:00,1416.4162490259955,2532.0,-1115.5837509740045
2024-03-05 10:00:00+00:00,1329.5469916301597,2639.0,-1309.4530083698403
2024-03-05 11:00:00+00:00,1586.9922705669062,2743.0,-1156.0077294330938
2024-03-05 12:00:00+00:00,1572.240822782374,2350.0,-777.7591772176261
2024-03-05 13:00:00+00:00,1462.922306947231,2716.0,-1253.077693052769
2024-03-05 14:00:00+00:00,1095.555907109214,2530.0,-1434.444092890786
2024-03-05 15:00:00+00:00,1105.5918649454334,2489.0,-1383.4081350545666
2024-03-05 16:00:00+00:00,1193.7813029706338,2462.0,-1268.2186970293662
2024-03-05 17:00:00+00:00,1344.963945413205,2334.0,-989.036054586795
2024-03-05 18:00:00+00:00,1421.312632189136,2201.0,-779.6873678108641
2024-03-05 19:00:00+00:00,1362.029847836991,2157.0,-794.9701521630091
2024-03-05 20:00:00+00:00,1233.876050662452,1714.0,-480.1239493375481
2024-03-05 21:00:00+00:00,1366.42067298686,1919.0,-552.5793270131401
2024-03-05 22:00:00+00:00,1272.23144164388,2069.0,-796.7685583561199
2024-03-05 23:00:00+00:00,1515.4132423894052,2467.0,-951.5867576105948
2024-03-06 00:00:00+00:00,1524.9976972970733,2489.0,-964.0023027029267
2024-03-06 01:00:00+00:00,1195.9866258459474,2153.0,-957.0133741540526
2024-03-06 02:00:00+00:00,975.5087134981692,1764.0,-788.4912865018308
2024-03-06 03:00:00+00:00,833.1087139684183,1315.0,-481.89128603158167
2024-03-06 04:00:00+00:00,589.5635256946921,980.0,-390.4364743053079
2024-03-06 05:00:00+00:00,433.1479173210042,629.0,-195.85208267899583
2024-03-06 06:00:00+00:00,342.1920494724396,522.0,-179.80795052756042
2024-03-06 07:00:00+00:00,291.8908347788601,554.0,-262.1091652211399
2024-03-06 08:00:00+00:00,327.96265032171937,591.0,-263.03734967828063
2024-03-06 09:00:00+00:00,343.2262830917771,778.0,-434.7737169082229
2024-03-06 10:00:00+00:00,503.9897634483716,850.0,-346.0102365516284
2024-03-06 11:00:00+00:00,504.4190680337083,1085.0,-580.5809319662917
2024-03-06 12:00:00+00:00,546.0805089864564,1021.0,-474.9194910135436
2024-03-06 13:00:00+00:00,618.8263426410451,980.0,-361.17365735895487
2024-03-06 14:00:00+00:00,584.8008299292648,862.0,-277.19917007073525
2024-03-06 15:00:00+00:00,558.8164248378567,739.0,-180.18357516214326
2024-03-06 16:00:00+00:00,432.7256373635144,684.0,-251.2743626364856
2024-03-06 17:00:00+00:00,368.9262078197574,689.0,-320.0737921802426
2024-03-06 18:00:00+00:00,371.58743877985495,707.0,-335.41256122014505
2024-03-06 19:00:00+00:00,400.1332121654334,728.0,-327.8667878345666
2024-03-06 20:00:00+00:00,408.1263401021837,811.0,-402.8736598978163
2024-03-06 21:00:00+00:00,391.87256536016974,801.0,-409.12743463983026
2024-03-06 22:00:00+00:00,576.6568231982959,871.0,-294.3431768017041
2024-03-06 23:00:00+00:00,756.8775768663859,1039.0,-282.1224231336141
2024-03-07 00:00:00+00:00,856.2132290316283,1095.0,-238.78677096837168
2024-03-07 01:00:00+00:00,877.0970085508147,989.0,-111.90299144918527
2024-03-07 02:00:00+00:00,781.4431607417268,951.0,-169.55683925827316
2024-03-07 03:00:00+00:00,729.6925894545308,870.0,-140.30741054546922
2024-03-07 04:00:00+00:00,716.5666066204528,927.0,-210.43339337954717
2024-03-07 05:00:00+00:00,695.0742319398894,960.0,-264.9257680601106
2024-03-07 06:00:00+00:00,702.4185034751067,920.0,-217.58149652489328
2024-03-07 07:00:00+00:00,732.1435208178057,984.0,-251.85647918219433
2024-03-07 08:00:00+00:00,777.6631994218059,922.0,-144.33680057819413
2024-03-07 09:00:00+00:00,864.430786195478,908.0,-43.56921380452195
2024-03-07 10:00:00+00:00,866.2718136142544,881.0,-14.72818638574563
2024-03-07 11:00:00+00:00,857.0438465695635,921.0,-63.95615343043653
2024-03-07 12:00:00+00:00,899.9006708154158,951.0,-51.099329184584235
2024-03-07 13:00:00+00:00,777.8537466785968,858.0,-80.14625332140315
2024-03-07 14:00:00+00:00,804.0879655511937,655.0,149.08796555119375
2024-03-07 15:00:00+00:00,811.096954904856,624.0,187.09695490485603
2024-03-07 16:00:00+00:00,713.5069128171838,592.0,121.50691281718377
2024-03-07 17:00:00+00:00,614.0141737387139,524.0,90.01417373871391
2024-03-07 18:00:00+00:00,570.7958288250509,488.0,82.79582882505088
2024-03-07 19:00:00+00:00,591.1218491387142,564.0,27.121849138714197
2024-03-07 20:00:00+00:00,506.5149388547181,645.0,-138.48506114528192
2024-03-07 21:00:00+00:00,441.5194815266215,732.0,-290.4805184733785
2024-03-07 22:00:00+00:00,353.9771494703875,659.0,-305.0228505296125
2024-03-07 23:00:00+00:00,498.3709814080729,776.0,-277.6290185919271
2024-03-08 00:00:00+00:00,588.0833753771269,1040.0,-451.9166246228731
2024-03-08 01:00:00+00:00,597.4916926953389,1146.0,-548.5083073046611
2024-03-08 02:00:00+00:00,598.0577693529667,1240.0,-641.9422306470333
2024-03-08 03:00:00+00:00,553.4801112212197,1366.0,-812.5198887787803
2024-03-08 04:00:00+00:00,499.3009130711972,1286.0,-786.6990869288028
2024-03-08 05:00:00+00:00,466.3128340485614,1312.0,-845.6871659514386
2024-03-08 06:00:00+00:00,436.2502979590371,1260.0,-823.7497020409629
2024-03-08 07:00:00+00:00,432.540942223233,1112.0,-679.4590577767669
2024-03-08 08:00:00+00:00,408.9473628930796,1070.0,-661.0526371069204
2024-03-08 09:00:00+00:00,437.94864923415895,1031.0,-593.0513507658411
2024-03-08 10:00:00+00:00,304.8592141255574,1053.0,-748.1407858744426
2024-03-08 11:00:00+00:00,291.0469111682067,1065.0,-773.9530888317934
2024-03-08 12:00:00+00:00,250.3904584019986,878.0,-627.6095415980014
2024-03-08 13:00:00+00:00,172.896237690164,496.0,-323.103762309836
2024-03-08 14:00:00+00:00,143.2323720594254,334.0,-190.7676279405746
2024-03-08 15:00:00+00:00,139.34214098258153,285.0,-145.65785901741847
2024-03-08 16:00:00+00:00,107.10612569919095,239.0,-131.89387430080905
2024-03-08 17:00:00+00:00,58.06448626014252,186.0,-127.93551373985747
2024-03-08 18:00:00+00:00,33.87809259954128,169.0,-135.12190740045872
2024-03-08 19:00:00+00:00,40.08099227689045,159.0,-118.91900772310956
2024-03-08 20:00:00+00:00,40.70022352707765,116.0,-75.29977647292236
2024-03-08 21:00:00+00:00,36.84388555016345,99.0,-62.15611444983655
2024-03-08 22:00:00+00:00,108.96190118393676,98.0,10.96190118393676
2024-03-08 23:00:00+00:00,270.12055484334934,240.0,30.12055484334934
2024-03-09 00:00:00+00:00,355.919703561038,479.0,-123.08029643896202
2024-03-09 01:00:00+00:00,389.0603069046514,705.0,-315.9396930953486
2024-03-09 02:00:00+00:00,389.4196019613837,892.0,-502.5803980386163
2024-03-09 03:00:00+00:00,390.3929249279431,1123.0,-732.6070750720569
2024-03-09 04:00:00+00:00,457.0168986251447,1210.0,-752.9831013748553
2024-03-09 05:00:00+00:00,619.8317178135095,1359.0,-739.1682821864905
2024-03-09 06:00:00+00:00,782.5813504945322,1645.0,-862.4186495054678
2024-03-09 07:00:00+00:00,868.8483470105485,1864.0,-995.1516529894515
2024-03-09 08:00:00+00:00,882.8907825748963,1828.0,-945.1092174251037
2024-03-09 09:00:00+00:00,887.7080593913565,1740.0,-852.2919406086435
2024-03-09 10:00:00+00:00,787.2604964183051,1682.0,-894.7395035816949
2024-03-09 11:00:00+00:00,928.0227171824336,1762.0,-833.9772828175664
2024-03-09 12:00:00+00:00,1006.0830480109188,1851.0,-844.9169519890812
2024-03-09 13:00:00+00:00,882.5764497790466,1845.0,-962.4235502209534
2024-03-09 14:00:00+00:00,787.2583900703821,1769.0,-981.7416099296179
2024-03-09 15:00:00+00:00,893.7426219183541,1703.0,-809.2573780816459
2024-03-09 16:00:00+00:00,1010.9224951477296,1746.0,-735.0775048522704
2024-03-09 17:00:00+00:00,1158.871049501755,1836.0,-677.1289504982451
2024-03-09 18:00:00+00:00,1334.47394263161,2029.0,-694.52605736839
2024-03-09 19:00:00+00:00,1510.6631022283768,2108.0,-597.3368977716232
2024-03-09 20:00:00+00:00,1589.9253099478271,2293.0,-703.0746900521729
2024-03-09 21:00:00+00:00,1734.6231225763652,2471.0,-736.3768774236348
2024-03-09 22:00:00+00:00,1808.9435638352916,2766.0,-957.0564361647084
2024-03-09 23:00:00+00:00,1994.8280370223845,2929.0,-934.1719629776155
2024-03-10 00:00:00+00:00,2125.245429725405,3075.0,-949.7545702745952
2024-03-10 01:00:00+00:00,2223.123660360133,2599.0,-375.8763396398672
2024-03-10 02:00:00+00:00,2118.7368470814554,2495.0,-376.2631529185446
2024-03-10 03:00:00+00:00,2043.7449074645715,2885.0,-841.2550925354285
2024-03-10 04:00:00+00:00,1855.9354644973537,2866.0,-1010.0645355026463
2024-03-10 05:00:00+00:00,1710.3380315982222,2727.0,-1016.6619684017778
2024-03-10 06:00:00+00:00,1530.5689983319132,2566.0,-1035.4310016680868
2024-03-10 07:00:00+00:00,1298.7642910989646,2461.0,-1162.2357089010354
2024-03-10 08:00:00+00:00,1197.6143061861153,2352.0,-1154.3856938138847
2024-03-10 09:00:00+00:00,1200.1596823163477,2318.0,-1117.8403176836523
2024-03-10 10:00:00+00:00,911.5089775600634,2220.0,-1308.4910224399366
2024-03-10 11:00:00+00:00,936.4622034252964,2122.0,-1185.5377965747036
2024-03-10 12:00:00+00:00,1059.585489692287,1849.0,-789.414510307713
2024-03-10 13:00:00+00:00,1159.9497590191072,2330.0,-1170.0502409808928
2024-03-10 14:00:00+00:00,1182.1691674269598,1789.0,-606.8308325730402
2024-03-10 15:00:00+00:00,1262.742182505106,1691.0,-428.25781749489397
2024-03-10 16:00:00+00:00,1343.5107021932756,1759.0,-415.4892978067244
2024-03-10 17:00:00+00:00,1347.5667930149834,1837.0,-489.43320698501657
2024-03-10 18:00:00+00:00,1500.927061132036,1824.0,-323.072938867964
2024-03-10 19:00:00+00:00,1396.6671699310104,1763.0,-366.33283006898955
2024-03-10 20:00:00+00:00,1542.2277268507307,1766.0,-223.77227314926927
2024-03-10 21:00:00+00:00,1679.1636300047005,1730.0,-50.83636999529949
2024-03-10 22:00:00+00:00,1232.8975105189254,1588.0,-355.1024894810746
2024-03-10 23:00:00+00:00,1329.140816587168,1490.0,-160.85918341283195
2024-03-11 00:00:00+00:00,1368.018424528151,1474.0,-105.98157547184906
2024-03-11 01:00:00+00:00,1367.1589653079975,1442.0,-74.8410346920025
2024-03-11 02:00:00+00:00,1397.7815192032344,1471.0,-73.21848079676556
2024-03-11 03:00:00+00:00,1502.179369540638,1449.0,53.179369540637936
2024-03-11 04:00:00+00:00,1520.720791417258,1508.0,12.720791417257942
2024-03-11 05:00:00+00:00,1474.3716267291302,1552.0,-77.62837327086982
2024-03-11 06:00:00+00:00,1380.3120470864735,1547.0,-166.6879529135265
2024-03-11 07:00:00+00:00,1321.6176448201415,1532.0,-210.38235517985845
2024-03-11 08:00:00+00:00,1275.733741954733,1538.0,-262.266258045267
2024-03-11 09:00:00+00:00,1258.7552718637671,1782.0,-523.2447281362329
2024-03-11 10:00:00+00:00,1062.5439472913165,1660.0,-597.4560527086835
2024-03-11 11:00:00+00:00,1165.256559398313,1589.0,-423.7434406016871
2024-03-11 12:00:00+00:00,1388.799212906085,1479.0,-90.2007870939151
2024-03-11 13:00:00+00:00,1554.464352707075,1377.0,177.46435270707502
2024-03-11 14:00:00+00:00,1729.6051992056578,1307.0,422.60519920565775
2024-03-11 15:00:00+00:00,1902.7533900227463,1317.0,585.7533900227463
2024-03-11 16:00:00+00:00,1861.5045256922149,1427.0,434.5045256922149
2024-03-11 17:00:00+00:00,2058.5036501134505,1584.0,474.5036501134505
2024-03-11 18:00:00+00:00,2066.049017282837,1670.0,396.0490172828372
2024-03-11 19:00:00+00:00,2348.242317546828,1766.0,582.242317546828
2024-03-11 20:00:00+00:00,2529.180943594458,1806.0,723.1809435944579
2024-03-11 21:00:00+00:00,2481.200905662829,1893.0,588.200905662829
2024-03-11 22:00:00+00:00,2031.325544966562,1898.0,133.3255449665619
2024-03-11 23:00:00+00:00,2054.8723959285658,1927.0,127.87239592856577
2024-03-12 00:00:00+00:00,1926.7922447413828,1859.0,67.79224474138277
2024-03-12 01:00:00+00:00,1790.423636941406,1855.0,-64.5763630585941
2024-03-12 02:00:00+00:00,1755.862253909088,1702.0,53.86225390908794
2024-03-12 03:00:00+00:00,1704.1259104543287,1642.0,62.12591045432873
2024-03-12 04:00:00+00:00,1743.820506897219,1637.0,106.82050689721905
2024-03-12 05:00:00+00:00,1769.855357952647,1632.0,137.85535795264695
2024-03-12 06:00:00+00:00,1691.899048282587,1666.0,25.899048282587046
2024-03-12 07:00:00+00:00,1609.387105105077,1652.0,-42.6128948949231
2024-03-12 08:00:00+00:00,1562.109507066578,1621.0,-58.89049293342191
2024-03-12 09:00:00+00:00,1523.305348911212,1532.0,-8.694651088788078
2024-03-12 10:00:00+00:00,1268.2021157061288,1440.0,-171.79788429387122
2024-03-12 11:00:00+00:00,1327.81249505727,1338.0,-10.187504942729902
2024-03-12 12:00:00+00:00,1256.9260467447473,1335.0,-78.07395325525272
2024-03-12 13:00:00+00:00,1252.3981050196417,1349.0,-96.60189498035834
2024-03-12 14:00:00+00:00,1427.6896109713527,1437.0,-9.31038902864725
2024-03-12 15:00:00+00:00,1706.5855895555333,1485.0,221.58558955553326
2024-03-12 16:00:00+00:00,1789.6483907772815,1407.0,382.6483907772815
2024-03-12 17:00:00+00:00,2069.083856777951,1403.0,666.083856777951
2024-03-12 18:00:00+00:00,2170.3561649687654,1182.0,988.3561649687654
2024-03-12 19:00:00+00:00,2193.065522779078,1560.0,633.065522779078
2024-03-12 20:00:00+00:00,2038.314812466664,1671.0,367.3148124666641
2024-03-12 21:00:00+00:00,1777.3703277883214,1670.0,107.37032778832145
2024-03-12 22:00:00+00:00,1651.0003648596485,1614.0,37.00036485964847
2024-03-12 23:00:00+00:00,1581.751017651913,1573.0,8.751017651912889
2024-03-13 00:00:00+00:00,1565.487223350344,1530.0,35.48722335034404
2024-03-13 01:00:00+00:00,1521.6952989182269,1404.0,117.69529891822685
2024-03-13 02:00:00+00:00,1433.8121826912247,1369.0,64.81218269122473
2024-03-13 03:00:00+00:00,1329.3150330609567,1232.0,97.3150330609567
2024-03-13 04:00:00+00:00,1148.046108247093,1118.0,30.04610824709289
2024-03-13 05:00:00+00:00,947.7824501031386,946.0,1.782450103138558
2024-03-13 06:00:00+00:00,787.4491570597604,881.0,-93.55084294023959
2024-03-13 07:00:00+00:00,609.3185943532609,815.0,-205.6814056467391
2024-03-13 08:00:00+00:00,542.7057445518416,709.0,-166.29425544815842
2024-03-13 09:00:00+00:00,483.2999046625803,659.0,-175.70009533741973
2024-03-13 10:00:00+00:00,393.8491209771071,562.0,-168.15087902289292
2024-03-13 11:00:00+00:00,355.5336994634629,470.0,-114.46630053653712
2024-03-13 12:00:00+00:00,285.1616086906967,409.0,-123.83839130930329
2024-03-13 13:00:00+00:00,158.3589179261269,284.0,-125.6410820738731
2024-03-13 14:00:00+00:00,123.94953293890477,167.0,-43.05046706109523
2024-03-13 15:00:00+00:00,95.3738971241654,112.0,-16.626102875834604
2024-03-13 16:00:00+00:00,79.68858399764403,89.0,-9.31141600235597
2024-03-13 17:00:00+00:00,53.21099061287223,65.0,-11.78900938712777
2024-03-13 18:00:00+00:00,34.909807103060245,49.0,-14.090192896939755
2024-03-13 19:00:00+00:00,25.10079874285708,22.0,3.10079874285708
2024-03-13 20:00:00+00:00,23.88453742505692,20.0,3.8845374250569193
2024-03-13 21:00:00+00:00,49.85419870511807,26.0,23.854198705118073
2024-03-13 22:00:00+00:00,102.29901797626394,50.0,52.29901797626394
2024-03-13 23:00:00+00:00,186.53305425863505,141.0,45.53305425863505
2024-03-14 00:00:00+00:00,237.14810985286465,224.0,13.14810985286465
2024-03-14 01:00:00+00:00,239.90864704393888,306.0,-66.09135295606112
2024-03-14 02:00:00+00:00,200.0416880929689,399.0,-198.9583119070311
2024-03-14 03:00:00+00:00,200.39731125444743,409.0,-208.60268874555257
2024-03-14 04:00:00+00:00,242.0469462314336,431.0,-188.9530537685664
2024-03-14 05:00:00+00:00,249.6949922389906,485.0,-235.3050077610094
2024-03-14 06:00:00+00:00,247.75387476879584,584.0,-336.24612523120413
2024-03-14 07:00:00+00:00,201.84257229399967,600.0,-398.15742770600036
2024-03-14 08:00:00+00:00,196.90368543507475,526.0,-329.09631456492525
2024-03-14 09:00:00+00:00,187.3219484951492,436.0,-248.6780515048508
2024-03-14 10:00:00+00:00,169.38515788156414,425.0,-255.61484211843586
2024-03-14 11:00:00+00:00,169.7585673352467,411.0,-241.2414326647533
2024-03-14 12:00:00+00:00,191.7060617426732,368.0,-176.2939382573268
2024-03-14 13:00:00+00:00,113.6034113477925,363.0,-249.3965886522075
2024-03-14 14:00:00+00:00,105.24599960302548,362.0,-256.7540003969745
2024-03-14 15:00:00+00:00,185.5669965822739,355.0,-169.4330034177261
2024-03-14 16:00:00+00:00,231.39906603381584,322.0,-90.60093396618416
2024-03-14 17:00:00+00:00,258.95298182649964,295.0,-36.04701817350036
2024-03-14 18:00:00+00:00,298.0361836753457,257.0,41.03618367534568
2024-03-14 19:00:00+00:00,260.195919903808,296.0,-35.804080096192024
2024-03-14 20:00:00+00:00,197.60987972702068,309.0,-111.39012027297932
2024-03-14 21:00:00+00:00,70.9704099325391,333.0,-262.0295900674609
2024-03-14 22:00:00+00:00,37.55487469448862,321.0,-283.4451253055114
2024-03-14 23:00:00+00:00,64.43460764589527,348.0,-283.56539235410474
2024-03-15 00:00:00+00:00,81.82130706174176,440.0,-358.1786929382582
2024-03-15 01:00:00+00:00,154.5531581370414,550.0,-395.4468418629586
2024-03-15 02:00:00+00:00,250.44718165349272,573.0,-322.55281834650725
2024-03-15 03:00:00+00:00,252.2632498042666,452.0,-199.7367501957334
2024-03-15 04:00:00+00:00,176.0313842432817,307.0,-130.9686157567183
2024-03-15 05:00:00+00:00,164.1909622851074,195.0,-30.80903771489261
2024-03-15 06:00:00+00:00,204.9465798164049,173.0,31.946579816404892
2024-03-15 07:00:00+00:00,204.58955751729764,196.0,8.589557517297635
2024-03-15 08:00:00+00:00,171.24492985890942,227.0,-55.755070141090584
2024-03-15 09:00:00+00:00,140.92749506116292,260.0,-119.07250493883708
2024-03-15 10:00:00+00:00,196.05492055177888,300.0,-103.94507944822112
2024-03-15 11:00:00+00:00,132.80243546619718,347.0,-214.19756453380282
2024-03-15 12:00:00+00:00,112.16378189426048,255.0,-142.83621810573953
2024-03-15 13:00:00+00:00,54.602419872817066,212.0,-157.39758012718295
2024-03-15 14:00:00+00:00,27.927186817131545,142.0,-114.07281318286846
2024-03-15 15:00:00+00:00,57.38178645811333,158.0,-100.61821354188666
2024-03-15 16:00:00+00:00,64.62550300893557,167.0,-102.37449699106443
2024-03-15 17:00:00+00:00,92.10843993706315,186.0,-93.89156006293685
2024-03-15 18:00:00+00:00,123.16219559547072,257.0,-133.83780440452927
2024-03-15 19:00:00+00:00,183.00287092709345,200.0,-16.997129072906546
2024-03-15 20:00:00+00:00,226.65275778217,241.0,-14.34724221783
2024-03-15 21:00:00+00:00,207.75967370899744,253.0,-45.24032629100256
2024-03-15 22:00:00+00:00,159.74076203310378,256.0,-96.25923796689622
2024-03-15 23:00:00+00:00,297.97118197959986,246.0,51.97118197959986
2024-03-16 00:00:00+00:00,278.5920529002736,263.0,15.592052900273586
2024-03-16 01:00:00+00:00,243.3063052939196,289.0,-45.69369470608041
2024-03-16 02:00:00+00:00,254.8478072519456,278.0,-23.152192748054404
2024-03-16 03:00:00+00:00,260.00039350694146,334.0,-73.99960649305854
2024-03-16 04:00:00+00:00,268.6423585288933,294.0,-25.357641471106717
2024-03-16 05:00:00+00:00,284.61444975761015,312.0,-27.385550242389854
2024-03-16 06:00:00+00:00,299.5473235161014,390.0,-90.45267648389859
2024-03-16 07:00:00+00:00,255.050164727555,340.0,-84.949835272445
2024-03-16 08:00:00+00:00,209.21284956727948,311.0,-101.78715043272052
2024-03-16 09:00:00+00:00,171.20778435986472,327.0,-155.79221564013528
2024-03-16 10:00:00+00:00,174.08487381831767,398.0,-223.91512618168233
2024-03-16 11:00:00+00:00,144.31101556515705,390.0,-245.68898443484295
2024-03-16 12:00:00+00:00,123.47936040400384,290.0,-166.52063959599616
2024-03-16 13:00:00+00:00,56.75782893192383,200.0,-143.24217106807617
2024-03-16 14:00:00+00:00,39.36078597572288,267.0,-227.63921402427712
2024-03-16 15:00:00+00:00,42.94174350838232,243.0,-200.05825649161767
2024-03-16 16:00:00+00:00,46.87442869843191,185.0,-138.12557130156807
2024-03-16 17:00:00+00:00,48.168864320346536,187.0,-138.83113567965347
2024-03-16 18:00:00+00:00,65.07537095722371,191.0,-125.92462904277629
2024-03-16 19:00:00+00:00,66.24301064682261,185.0,-118.75698935317739
2024-03-16 20:00:00+00:00,63.338637597924055,188.0,-124.66136240207595
2024-03-16 21:00:00+00:00,50.92635150136746,187.0,-136.07364849863254
2024-03-16 22:00:00+00:00,17.46335163292293,87.0,-69.53664836707708
2024-03-16 23:00:00+00:00,45.91605743949295,119.0,-73.08394256050704
2024-03-17 00:00:00+00:00,54.2113344762374,104.0,-49.7886655237626
2024-03-17 01:00:00+00:00,81.55441644085337,71.0,10.554416440853373
2024-03-17 02:00:00+00:00,110.847606799776,83.0,27.847606799776003
2024-03-17 03:00:00+00:00,177.7956919903874,144.0,33.79569199038741
2024-03-17 04:00:00+00:00,239.7371655601684,178.0,61.73716556016839
2024-03-17 05:00:00+00:00,305.4857686700872,218.0,87.48576867008723
2024-03-17 06:00:00+00:00,361.5913174293411,250.0,111.59131742934107
2024-03-17 07:00:00+00:00,428.56909663226287,392.0,36.56909663226287
2024-03-17 08:00:00+00:00,424.0441082246487,570.0,-145.9558917753513
2024-03-17 09:00:00+00:00,462.5966529434704,658.0,-195.40334705652958
2024-03-17 10:00:00+00:00,539.769349142594,837.0,-297.230650857406
2024-03-17 11:00:00+00:00,587.8737181495193,1020.0,-432.1262818504807
2024-03-17 12:00:00+00:00,567.4096220898806,1034.0,-466.5903779101194
2024-03-17 13:00:00+00:00,513.2174134972869,1097.0,-583.7825865027131
2024-03-17 14:00:00+00:00,587.6892205996932,1088.0,-500.31077940030684
2024-03-17 15:00:00+00:00,810.0844574355514,1068.0,-257.91554256444863
2024-03-17 16:00:00+00:00,847.052193179243,1129.0,-281.947806820757
2024-03-17 17:00:00+00:00,987.1064904236288,1125.0,-137.89350957637123
2024-03-17 18:00:00+00:00,1159.497687198534,1305.0,-145.5023128014659
2024-03-17 19:00:00+00:00,1072.4945912775315,1208.0,-135.50540872246847
2024-03-17 20:00:00+00:00,1050.8724605544887,1601.0,-550.1275394455113
2024-03-17 21:00:00+00:00,1020.0246770212648,1560.0,-539.9753229787352
2024-03-17 22:00:00+00:00,939.167375377366,1605.0,-665.832624622634
2024-03-17 23:00:00+00:00,869.78741971851,1504.0,-634.21258028149
2024-03-18 00:00:00+00:00,815.5229856297373,1522.0,-706.4770143702627
2024-03-18 01:00:00+00:00,821.6948886954324,1504.0,-682.3051113045676
2024-03-18 02:00:00+00:00,771.6820649852201,1334.0,-562.3179350147799
2024-03-18 03:00:00+00:00,744.8876058559131,1172.0,-427.1123941440869
2024-03-18 04:00:00+00:00,674.7778831076114,1143.0,-468.2221168923886
2024-03-18 05:00:00+00:00,622.5233220983855,965.0,-342.4766779016145
2024-03-18 06:00:00+00:00,651.9400687267499,844.0,-192.05993127325007
2024-03-18 07:00:00+00:00,682.9177649776976,729.0,-46.08223502230237
2024-03-18 08:00:00+00:00,713.5193955473743,790.0,-76.4806044526257
2024-03-18 09:00:00+00:00,725.6456397897207,823.0,-97.35436021027931
2024-03-18 10:00:00+00:00,621.7800921819064,920.0,-298.2199078180936
2024-03-18 11:00:00+00:00,613.2419357261282,959.0,-345.7580642738718
2024-03-18 12:00:00+00:00,631.9432558773146,954.0,-322.05674412268536
2024-03-18 13:00:00+00:00,815.0158688958035,982.0,-166.98413110419654
2024-03-18 14:00:00+00:00,983.1674477208892,982.0,1.1674477208891858
2024-03-18 15:00:00+00:00,1122.1095482903363,1024.0,98.1095482903363
2024-03-18 16:00:00+00:00,1305.7396374129555,1102.0,203.73963741295552
2024-03-18 17:00:00+00:00,1284.0553498006143,1204.0,80.0553498006143
2024-03-18 18:00:00+00:00,1260.4713862932783,1296.0,-35.52861370672167
2024-03-18 19:00:00+00:00,1299.5668281149538,1334.0,-34.43317188504625
2024-03-18 20:00:00+00:00,1193.8011657048469,1301.0,-107.19883429515312
2024-03-18 21:00:00+00:00,1029.094913239425,1288.0,-258.90508676057493
2024-03-18 22:00:00+00:00,576.1425520362415,1171.0,-594.8574479637585
2024-03-18 23:00:00+00:00,582.116748934133,1081.0,-498.88325106586694
2024-03-19 00:00:00+00:00,589.3306021658179,1093.0,-503.66939783418206
2024-03-19 01:00:00+00:00,585.2926187595524,965.0,-379.7073812404476
2024-03-19 02:00:00+00:00,552.729578405159,923.0,-370.27042159484097
2024-03-19 03:00:00+00:00,542.724032295367,894.0,-351.275967704633
2024-03-19 04:00:00+00:00,529.6072477313066,854.0,-324.39275226869336
2024-03-19 05:00:00+00:00,456.3652256707173,826.0,-369.6347743292827
2024-03-19 06:00:00+00:00,437.3819037585354,814.0,-376.6180962414646
2024-03-19 07:00:00+00:00,411.8929400568353,732.0,-320.1070599431647
2024-03-19 08:00:00+00:00,394.8805874813687,675.0,-280.1194125186313
2024-03-19 09:00:00+00:00,378.1494080034782,669.0,-290.8505919965218
2024-03-19 10:00:00+00:00,406.15372314504685,689.0,-282.84627685495315
2024-03-19 11:00:00+00:00,432.20800188135615,713.0,-280.79199811864385
2024-03-19 12:00:00+00:00,510.8825494170658,727.0,-216.11745058293423
2024-03-19 13:00:00+00:00,531.556915921765,671.0,-139.44308407823496
2024-03-19 14:00:00+00:00,664.0861160759098,645.0,19.086116075909786
2024-03-19 15:00:00+00:00,729.8431527353275,618.0,111.84315273532752
2024-03-19 16:00:00+00:00,782.5058301920869,734.0,48.50583019208693
2024-03-19 17:00:00+00:00,792.6117714643341,780.0,12.611771464334083
2024-03-19 18:00:00+00:00,786.6060135568954,813.0,-26.39398644310461
2024-03-19 19:00:00+00:00,740.443401652901,876.0,-135.556598347099
2024-03-19 20:00:00+00:00,683.1066636955271,764.0,-80.89333630447288
2024-03-19 21:00:00+00:00,685.3606827278995,662.0,23.36068272789953
2024-03-19 22:00:00+00:00,306.0785567140845,571.0,-264.9214432859155
2024-03-19 23:00:00+00:00,322.7117401592892,687.0,-364.2882598407108
2024-03-20 00:00:00+00:00,336.03965561730627,808.0,-471.96034438269373
2024-03-20 01:00:00+00:00,313.23971216103706,848.0,-534.760287838963
2024-03-20 02:00:00+00:00,310.1202065991396,804.0,-493.8797934008604
2024-03-20 03:00:00+00:00,310.6970748103196,742.0,-431.3029251896804
2024-03-20 04:00:00+00:00,305.7603815569749,638.0,-332.2396184430251
2024-03-20 05:00:00+00:00,261.16259494887083,521.0,-259.83740505112917
2024-03-20 06:00:00+00:00,221.9999320659064,439.0,-217.0000679340936
2024-03-20 07:00:00+00:00,221.93108919448497,437.0,-215.06891080551503
2024-03-20 08:00:00+00:00,224.6074762128404,465.0,-240.3925237871596
2024-03-20 09:00:00+00:00,242.3289695213699,513.0,-270.6710304786301
2024-03-20 10:00:00+00:00,285.1990603887096,616.0,-330.8009396112904
2024-03-20 11:00:00+00:00,302.14979313736694,569.0,-266.85020686263306
2024-03-20 12:00:00+00:00,296.55057781985266,562.0,-265.44942218014734
2024-03-20 13:00:00+00:00,306.7426958661085,533.0,-226.25730413389152
2024-03-20 14:00:00+00:00,407.1565199847207,561.0,-153.84348001527928
2024-03-20 15:00:00+00:00,536.8887623454191,540.0,-3.1112376545809184
2024-03-20 16:00:00+00:00,676.6554384287585,585.0,91.65543842875854
2024-03-20 17:00:00+00:00,613.4095105363809,589.0,24.409510536380935
2024-03-20 18:00:00+00:00,606.0922279611697,606.0,0.09222796116966947
2024-03-20 19:00:00+00:00,612.6197464178751,678.0,-65.38025358212485
2024-03-20 20:00:00+00:00,725.7692635992632,696.0,29.76926359926324
2024-03-20 21:00:00+00:00,579.146770915882,862.0,-282.85322908411797
2024-03-20 22:00:00+00:00,327.25113380791123,914.0,-586.7488661920888
2024-03-20 23:00:00+00:00,376.7401491965716,948.0,-571.2598508034284
2024-03-21 00:00:00+00:00,387.8648384691138,1046.0,-658.1351615308862
2024-03-21 01:00:00+00:00,393.2107374015024,1139.0,-745.7892625984975
2024-03-21 02:00:00+00:00,455.0177474177844,1168.0,-712.9822525822156
2024-03-21 03:00:00+00:00,513.1391580427296,1133.0,-619.8608419572704
2024-03-21 04:00:00+00:00,661.0253828724389,1309.0,-647.9746171275611
2024-03-21 05:00:00+00:00,674.7247077477865,1200.0,-525.2752922522135
2024-03-21 06:00:00+00:00,699.0077135493033,1425.0,-725.9922864506967
2024-03-21 07:00:00+00:00,890.2032851811832,1373.0,-482.7967148188168
2024-03-21 08:00:00+00:00,1140.2120263743989,1427.0,-286.7879736256011
2024-03-21 09:00:00+00:00,1467.313898021974,1647.0,-179.68610197802604
2024-03-21 10:00:00+00:00,1624.1003249555945,1918.0,-293.8996750444055
2024-03-21 11:00:00+00:00,2005.276139572118,2225.0,-219.72386042788207
2024-03-21 12:00:00+00:00,2129.023746883791,2605.0,-475.97625311620914
2024-03-21 13:00:00+00:00,2014.1951638210012,2735.0,-720.8048361789988
2024-03-21 14:00:00+00:00,1818.8934929232944,2865.0,-1046.1065070767056
2024-03-21 15:00:00+00:00,1864.0932238648347,2893.0,-1028.9067761351653
2024-03-21 16:00:00+00:00,1887.8363776024387,2910.0,-1022.1636223975613
2024-03-21 17:00:00+00:00,1879.8663101594416,2798.0,-918.1336898405584
2024-03-21 18:00:00+00:00,1856.359567104566,2668.0,-811.6404328954341
2024-03-21 19:00:00+00:00,1816.1364502395709,2598.0,-781.8635497604291
2024-03-21 20:00:00+00:00,1795.9621130581704,2585.0,-789.0378869418296
2024-03-21 21:00:00+00:00,1906.3792025350103,2514.0,-607.6207974649897
2024-03-21 22:00:00+00:00,1982.731693297364,2464.0,-481.268306702636
2024-03-21 23:00:00+00:00,2187.7519002049544,2369.0,-181.24809979504562
2024-03-22 00:00:00+00:00,2304.9177532709323,2343.0,-38.08224672906772
2024-03-22 01:00:00+00:00,2346.964099829009,2314.0,32.964099829008774
2024-03-22 02:00:00+00:00,2336.120794907675,2434.0,-97.87920509232481
2024-03-22 03:00:00+00:00,2260.543681737005,2580.0,-319.45631826299496
2024-03-22 04:00:00+00:00,2170.8595982941806,2242.0,-71.14040170581939
2024-03-22 05:00:00+00:00,2158.79445020858,2422.0,-263.2055497914198
2024-03-22 06:00:00+00:00,2123.208510359809,2553.0,-429.7914896401908
2024-03-22 07:00:00+00:00,2074.291793940971,2602.0,-527.7082060590292
2024-03-22 08:00:00+00:00,1854.713681289127,2755.0,-900.286318710873
2024-03-22 09:00:00+00:00,1862.2235927587071,2771.0,-908.7764072412929
2024-03-22 10:00:00+00:00,1646.018137159093,2796.0,-1149.981862840907
2024-03-22 11:00:00+00:00,1748.841372491049,2837.0,-1088.158627508951
2024-03-22 12:00:00+00:00,1758.5284100663184,2793.0,-1034.4715899336816
2024-03-22 13:00:00+00:00,1729.835652887439,2737.0,-1007.164347112561
2024-03-22 14:00:00+00:00,1622.989785737258,2684.0,-1061.010214262742
2024-03-22 15:00:00+00:00,1678.7894261549786,2659.0,-980.2105738450214
2024-03-22 16:00:00+00:00,1976.5520724772755,2680.0,-703.4479275227245
2024-03-22 17:00:00+00:00,1988.2630641389003,2720.0,-731.7369358610997
2024-03-22 18:00:00+00:00,2036.5416384906,2754.0,-717.4583615094
2024-03-22 19:00:00+00:00,2065.4152996389435,2758.0,-692.5847003610565
2024-03-22 20:00:00+00:00,2001.4155398720995,2755.0,-753.5844601279005
2024-03-22 21:00:00+00:00,1906.2810337245464,2635.0,-728.7189662754536
2024-03-22 22:00:00+00:00,1461.677000095163,2476.0,-1014.3229999048369
2024-03-22 23:00:00+00:00,1462.8706644245322,2217.0,-754.1293355754678
2024-03-23 00:00:00+00:00,1486.0661912435694,2267.0,-780.9338087564306
2024-03-23 01:00:00+00:00,1118.324294339088,2255.0,-1136.675705660912
2024-03-23 02:00:00+00:00,1010.0300675976044,2154.0,-1143.9699324023954
2024-03-23 03:00:00+00:00,862.1527689754455,2066.0,-1203.8472310245545
2024-03-23 04:00:00+00:00,713.5471789280925,2181.0,-1467.4528210719075
2024-03-23 05:00:00+00:00,614.3665051660057,2005.0,-1390.6334948339943
2024-03-23 06:00:00+00:00,548.7616974584172,1393.0,-844.2383025415828
2024-03-23 07:00:00+00:00,514.7915890576697,1244.0,-729.2084109423303
2024-03-23 08:00:00+00:00,467.6788943697708,1170.0,-702.3211056302292
2024-03-23 09:00:00+00:00,382.0214942527884,1372.0,-989.9785057472116
2024-03-23 10:00:00+00:00,339.8005527695841,1158.0,-818.1994472304159
2024-03-23 11:00:00+00:00,277.69877318585486,1107.0,-829.3012268141451
2024-03-23 12:00:00+00:00,186.39907818079203,943.0,-756.600921819208
2024-03-23 13:00:00+00:00,148.0601803162894,653.0,-504.9398196837106
2024-03-23 14:00:00+00:00,132.783766957328,478.0,-345.216233042672
2024-03-23 15:00:00+00:00,123.13383284356864,400.0,-276.86616715643135
2024-03-23 16:00:00+00:00,117.78647710538776,408.0,-290.21352289461225
2024-03-23 17:00:00+00:00,135.9278648078425,456.0,-320.0721351921575
2024-03-23 18:00:00+00:00,131.92841714945422,416.0,-284.0715828505458
2024-03-23 19:00:00+00:00,121.98751843740574,398.0,-276.01248156259425
2024-03-23 20:00:00+00:00,108.82184740364411,314.0,-205.1781525963559
2024-03-23 21:00:00+00:00,115.1284646021412,274.0,-158.8715353978588
2024-03-23 22:00:00+00:00,125.79020498970412,286.0,-160.20979501029586
2024-03-23 23:00:00+00:00,159.1984660896143,294.0,-134.8015339103857
2024-03-24 00:00:00+00:00,232.74112565338845,281.0,-48.25887434661155
2024-03-24 01:00:00+00:00,328.2263981341842,334.0,-5.773601865815806
2024-03-24 02:00:00+00:00,502.7176005783556,424.0,78.71760057835559
2024-03-24 03:00:00+00:00,587.1675684469044,631.0,-43.8324315530956
2024-03-24 04:00:00+00:00,752.6183404428814,881.0,-128.3816595571186
2024-03-24 05:00:00+00:00,880.5905512379171,1109.0,-228.4094487620829
2024-03-24 06:00:00+00:00,984.0466246043866,1373.0,-388.9533753956134
2024-03-24 07:00:00+00:00,1134.6187111485726,1618.0,-483.38128885142737
2024-03-24 08:00:00+00:00,1205.9926185021825,1964.0,-758.0073814978175
2024-03-24 09:00:00+00:00,1268.2372996113338,2100.0,-831.7627003886662
2024-03-24 10:00:00+00:00,1173.9535965779412,1745.0,-571.0464034220588
2024-03-24 11:00:00+00:00,1278.212916067061,2338.0,-1059.787083932939
2024-03-24 12:00:00+00:00,1342.3655688077574,1908.0,-565.6344311922426
2024-03-24 13:00:00+00:00,1326.864564561385,1754.0,-427.1354354386151
2024-03-24 14:00:00+00:00,1272.3553157147087,1654.0,-381.6446842852913
2024-03-24 15:00:00+00:00,1346.7129018112778,1980.0,-633.2870981887222
2024-03-24 16:00:00+00:00,1305.2323533662368,1529.0,-223.7676466337632
2024-03-24 17:00:00+00:00,1219.7006131105936,1630.0,-410.2993868894064
2024-03-24 18:00:00+00:00,1108.0171557623137,2093.0,-984.9828442376863
2024-03-24 19:00:00+00:00,1004.6789740491672,1780.0,-775.3210259508328
2024-03-24 20:00:00+00:00,826.6753714391604,2202.0,-1375.3246285608398
2024-03-24 21:00:00+00:00,671.7288409258564,1988.0,-1316.2711590741437
2024-03-24 22:00:00+00:00,462.6558152103744,1568.0,-1105.3441847896256
2024-03-24 23:00:00+00:00,393.88603781325446,1231.0,-837.1139621867455
2024-03-25 00:00:00+00:00,411.3222752453499,1269.0,-857.6777247546502
2024-03-25 01:00:00+00:00,351.35976865870384,1196.0,-844.6402313412962
2024-03-25 02:00:00+00:00,311.52844447479,1003.0,-691.4715555252101
2024-03-25 03:00:00+00:00,232.7012517133166,823.0,-590.2987482866833
2024-03-25 04:00:00+00:00,217.67437483304843,675.0,-457.32562516695157
2024-03-25 05:00:00+00:00,187.901274757122,610.0,-422.098725242878
2024-03-25 06:00:00+00:00,177.97405484316135,501.0,-323.02594515683865
2024-03-25 07:00:00+00:00,173.83814144227657,498.0,-324.16185855772346
2024-03-25 08:00:00+00:00,170.43961300805458,442.0,-271.5603869919454
2024-03-25 09:00:00+00:00,170.5959806284092,536.0,-365.40401937159083
2024-03-25 10:00:00+00:00,196.34681521120592,680.0,-483.6531847887941
2024-03-25 11:00:00+00:00,212.8048918968313,733.0,-520.1951081031686
2024-03-25 12:00:00+00:00,269.6108521390203,793.0,-523.3891478609796
2024-03-25 13:00:00+00:00,115.25054312132602,737.0,-621.749456878674
2024-03-25 14:00:00+00:00,101.48787232164666,630.0,-528.5121276783533
2024-03-25 15:00:00+00:00,136.2437432510519,456.0,-319.7562567489481
2024-03-25 16:00:00+00:00,121.05680258928648,314.0,-192.94319741071354
2024-03-25 17:00:00+00:00,94.36494596084368,220.0,-125.63505403915632
2024-03-25 18:00:00+00:00,96.82780469341566,166.0,-69.17219530658434
2024-03-25 19:00:00+00:00,119.69476812335832,204.0,-84.30523187664168
2024-03-25 20:00:00+00:00,182.2130095991348,377.0,-194.7869904008652
2024-03-25 21:00:00+00:00,292.02140697073844,613.0,-320.97859302926156
2024-03-25 22:00:00+00:00,201.9527809533546,654.0,-452.0472190466454
2024-03-25 23:00:00+00:00,321.7107490551976,853.0,-531.2892509448025
2024-03-26 00:00:00+00:00,506.979607683885,1222.0,-715.020392316115
2024-03-26 01:00:00+00:00,717.0109795625833,1749.0,-1031.9890204374167
2024-03-26 02:00:00+00:00,884.7268132917404,2156.0,-1271.2731867082596
2024-03-26 03:00:00+00:00,884.6881059306786,2102.0,-1217.3118940693214
2024-03-26 04:00:00+00:00,705.0860553443273,1955.0,-1249.9139446556728
2024-03-26 05:00:00+00:00,572.8111864960892,1847.0,-1274.1888135039108
2024-03-26 06:00:00+00:00,551.7833780076216,1658.0,-1106.2166219923784
2024-03-26 07:00:00+00:00,609.2484226937469,1656.0,-1046.7515773062532
2024-03-26 08:00:00+00:00,647.6129723780706,1411.0,-763.3870276219294
2024-03-26 09:00:00+00:00,711.7381884697946,1486.0,-774.2618115302054
2024-03-26 10:00:00+00:00,627.7957545142314,1779.0,-1151.2042454857688
2024-03-26 11:00:00+00:00,763.3019803540781,1974.0,-1210.698019645922
2024-03-26 12:00:00+00:00,821.099102150358,1897.0,-1075.900897849642
2024-03-26 13:00:00+00:00,509.1447198960983,1528.0,-1018.8552801039017
2024-03-26 14:00:00+00:00,426.2172342038884,1400.0,-973.7827657961116
2024-03-26 15:00:00+00:00,497.0965471400295,1440.0,-942.9034528599705
2024-03-26 16:00:00+00:00,529.7783563890957,1562.0,-1032.2216436109043
2024-03-26 17:00:00+00:00,468.7790563203396,1547.0,-1078.2209436796604
2024-03-26 18:00:00+00:00,490.1042168072663,1620.0,-1129.8957831927337
2024-03-26 19:00:00+00:00,590.0534065688513,1622.0,-1031.9465934311488
2024-03-26 20:00:00+00:00,592.1478977284238,1644.0,-1051.8521022715763
2024-03-26 21:00:00+00:00,672.8400158252301,1717.0,-1044.1599841747698
2024-03-26 22:00:00+00:00,781.9058565451446,1976.0,-1194.0941434548554
2024-03-26 23:00:00+00:00,1319.7783828010267,1829.0,-509.22161719897326
2024-03-27 00:00:00+00:00,1439.4872581766858,2284.0,-844.5127418233142
2024-03-27 01:00:00+00:00,1435.2978363211648,2024.0,-588.7021636788352
2024-03-27 02:00:00+00:00,1438.1941623848916,2007.0,-568.8058376151084
2024-03-27 03:00:00+00:00,1377.635492205019,2239.0,-861.3645077949809
2024-03-27 04:00:00+00:00,1342.6175065970767,2059.0,-716.3824934029233
2024-03-27 05:00:00+00:00,1222.2325398229884,1923.0,-700.7674601770116
2024-03-27 06:00:00+00:00,992.332553698016,1702.0,-709.667446301984
2024-03-27 07:00:00+00:00,933.7994869937288,1508.0,-574.2005130062712
2024-03-27 08:00:00+00:00,962.5796673689456,1223.0,-260.4203326310544
2024-03-27 09:00:00+00:00,879.5517070785794,1215.0,-335.4482929214206
2024-03-27 10:00:00+00:00,518.0680186222341,1087.0,-568.9319813777659
2024-03-27 11:00:00+00:00,654.3969823199993,986.0,-331.6030176800007
2024-03-27 12:00:00+00:00,631.404713258128,1006.0,-374.595286741872
2024-03-27 13:00:00+00:00,611.3262457549426,1081.0,-469.67375424505735
2024-03-27 14:00:00+00:00,634.4543260980939,1150.0,-515.5456739019061
2024-03-27 15:00:00+00:00,612.1186655929089,1185.0,-572.8813344070911
2024-03-27 16:00:00+00:00,500.7271568096262,1216.0,-715.2728431903738
2024-03-27 17:00:00+00:00,400.67386937498526,1269.0,-868.3261306250147
2024-03-27 18:00:00+00:00,373.97824304607707,1147.0,-773.0217569539229
2024-03-27 19:00:00+00:00,307.20294309265347,1022.0,-714.7970569073466
2024-03-27 20:00:00+00:00,351.0228631564981,926.0,-574.977136843502
2024-03-27 21:00:00+00:00,372.844731088146,1249.0,-876.155268911854
2024-03-27 22:00:00+00:00,210.86746915131968,1309.0,-1098.1325308486803
2024-03-27 23:00:00+00:00,314.47833501252103,1321.0,-1006.521664987479
2024-03-28 00:00:00+00:00,426.6800772393996,1369.0,-942.3199227606003
2024-03-28 01:00:00+00:00,466.8511451847583,1132.0,-665.1488548152417
2024-03-28 02:00:00+00:00,406.61407553656767,1320.0,-913.3859244634323
2024-03-28 03:00:00+00:00,356.32044235218353,1157.0,-800.6795576478164
2024-03-28 04:00:00+00:00,314.66470615847066,1083.0,-768.3352938415294
2024-03-28 05:00:00+00:00,281.72990195158764,796.0,-514.2700980484124
2024-03-28 06:00:00+00:00,272.6263225077998,605.0,-332.3736774922002
2024-03-28 07:00:00+00:00,282.1157561504021,568.0,-285.8842438495979
2024-03-28 08:00:00+00:00,207.42918986625455,469.0,-261.57081013374545
2024-03-28 09:00:00+00:00,194.7466055868862,467.0,-272.2533944131138
2024-03-28 10:00:00+00:00,144.2528141724474,393.0,-248.7471858275526
2024-03-28 11:00:00+00:00,113.27222587682868,312.0,-198.72777412317132
2024-03-28 12:00:00+00:00,75.65809144417365,224.0,-148.34190855582636
2024-03-28 13:00:00+00:00,82.55278300103923,144.0,-61.44721699896077
2024-03-28 14:00:00+00:00,59.313059756052525,150.0,-90.68694024394748
2024-03-28 15:00:00+00:00,55.02963960842278,111.0,-55.97036039157722
2024-03-28 16:00:00+00:00,72.8292802218025,144.0,-71.1707197781975
2024-03-28 17:00:00+00:00,64.87856587238025,189.0,-124.12143412761975
2024-03-28 18:00:00+00:00,52.5681288588033,148.0,-95.4318711411967
2024-03-28 19:00:00+00:00,60.93287845358209,133.0,-72.06712154641791
2024-03-28 20:00:00+00:00,49.07928261713012,88.0,-38.92071738286988
2024-03-28 21:00:00+00:00,61.93131297959511,108.0,-46.06868702040489
2024-03-28 22:00:00+00:00,48.71449598941688,180.0,-131.2855040105831
2024-03-28 23:00:00+00:00,84.69899842119355,303.0,-218.30100157880645
2024-03-29 00:00:00+00:00,129.4847248703977,314.0,-184.5152751296023
2024-03-29 01:00:00+00:00,188.1511940117648,225.0,-36.8488059882352
2024-03-29 02:00:00+00:00,252.70329240897203,226.0,26.703292408972032
2024-03-29 03:00:00+00:00,246.20986958458408,278.0,-31.790130415415916
2024-03-29 04:00:00+00:00,297.87376914756777,372.0,-74.12623085243223
2024-03-29 05:00:00+00:00,360.4485681091924,449.0,-88.55143189080758
2024-03-29 06:00:00+00:00,431.01617040327335,535.0,-103.98382959672665
2024-03-29 07:00:00+00:00,519.8915987956675,659.0,-139.1084012043325
2024-03-29 08:00:00+00:00,605.8905513515356,831.0,-225.10944864846442
2024-03-29 09:00:00+00:00,597.6385507936762,954.0,-356.36144920632375
2024-03-29 10:00:00+00:00,637.3705695417003,1043.0,-405.6294304582997
2024-03-29 11:00:00+00:00,705.9933951940886,1100.0,-394.00660480591137
2024-03-29 12:00:00+00:00,859.4253202286197,1125.0,-265.57467977138026
2024-03-29 13:00:00+00:00,867.1870903810936,1154.0,-286.81290961890636
2024-03-29 14:00:00+00:00,951.35596953215,1130.0,-178.64403046785003
2024-03-29 15:00:00+00:00,1065.5021092049285,1155.0,-89.4978907950715
2024-03-29 16:00:00+00:00,1152.6661745359424,1391.0,-238.33382546405755
2024-03-29 17:00:00+00:00,1301.2627811476652,1467.0,-165.73721885233476
2024-03-29 18:00:00+00:00,1589.7870971758352,1713.0,-123.21290282416476
2024-03-29 19:00:00+00:00,1701.291223992932,1967.0,-265.7087760070681
2024-03-29 20:00:00+00:00,1997.1385157352945,2119.0,-121.8614842647055
2024-03-29 21:00:00+00:00,2343.3108814175434,2247.0,96.31088141754344
2024-03-29 22:00:00+00:00,2459.8656315805715,1990.0,469.8656315805715
2024-03-29 23:00:00+00:00,2554.6447921511376,2056.0,498.6447921511376
2024-03-30 00:00:00+00:00,2720.0625938270027,2041.0,679.0625938270027
2024-03-30 01:00:00+00:00,2839.984677888973,2050.0,789.9846778889728
2024-03-30 02:00:00+00:00,2949.75930158686,2123.0,826.7593015868601
2024-03-30 03:00:00+00:00,2967.8173513722027,2091.0,876.8173513722027
2024-03-30 04:00:00+00:00,2915.087808326268,2099.0,816.0878083262678
2024-03-30 05:00:00+00:00,2849.6557078886112,2088.0,761.6557078886112
2024-03-30 06:00:00+00:00,2855.4150593172885,2065.0,790.4150593172885
2024-03-30 07:00:00+00:00,2703.2921134965327,2105.0,598.2921134965327
2024-03-30 08:00:00+00:00,2773.7451551024674,2115.0,658.7451551024674
2024-03-30 09:00:00+00:00,2812.2580267087774,2134.0,678.2580267087774
2024-03-30 10:00:00+00:00,2456.5072045989905,2125.0,331.5072045989905
2024-03-30 11:00:00+00:00,2501.987552651139,2063.0,438.98755265113914
2024-03-30 12:00:00+00:00,2549.6036633485223,2061.0,488.60366334852233
2024-03-30 13:00:00+00:00,2460.011927129581,2112.0,348.0119271295812
2024-03-30 14:00:00+00:00,2449.5991867301136,2090.0,359.5991867301136
2024-03-30 15:00:00+00:00,2524.697402183993,2114.0,410.69740218399284
2024-03-30 16:00:00+00:00,2597.310726405862,2186.0,411.31072640586217
2024-03-30 17:00:00+00:00,2603.661659223082,2239.0,364.6616592230821
2024-03-30 18:00:00+00:00,2730.662281148489,2284.0,446.662281148489
2024-03-30 19:00:00+00:00,2740.1784148406227,2312.0,428.17841484062274
2024-03-30 20:00:00+00:00,2722.4903343871915,2373.0,349.4903343871915
2024-03-30 21:00:00+00:00,2630.9271148082075,2407.0,223.92711480820753
2024-03-30 22:00:00+00:00,1642.055183325459,2413.0,-770.944816674541
2024-03-30 23:00:00+00:00,2071.322935432868,2747.0,-675.6770645671322
2024-03-31 00:00:00+00:00,2183.371279460568,2383.0,-199.62872053943192
2024-03-31 01:00:00+00:00,2155.457831472004,2376.0,-220.54216852799618
2024-03-31 02:00:00+00:00,2089.931769695697,2354.0,-264.06823030430314
2024-03-31 03:00:00+00:00,1987.318574001743,2384.0,-396.68142599825705
2024-03-31 04:00:00+00:00,1883.6924908569256,2361.0,-477.3075091430744
2024-03-31 05:00:00+00:00,1717.0572069965206,2251.0,-533.9427930034794
2024-03-31 06:00:00+00:00,1549.468490669884,2068.0,-518.531509330116
2024-03-31 07:00:00+00:00,1381.3613755693336,1901.0,-519.6386244306664
2024-03-31 08:00:00+00:00,1211.329007593108,1831.0,-619.6709924068921
2024-03-31 09:00:00+00:00,1117.115811609808,2100.0,-982.8841883901921
2024-03-31 10:00:00+00:00,967.2491458341568,2186.0,-1218.750854165843
2024-03-31 11:00:00+00:00,1017.5778856051804,2243.0,-1225.4221143948196
2024-03-31 12:00:00+00:00,1018.460742462376,2014.0,-995.539257537624
2024-03-31 13:00:00+00:00,1272.3064426277351,2011.0,-738.6935573722649
2024-03-31 14:00:00+00:00,1340.648865552001,2196.0,-855.3511344479989
2024-03-31 15:00:00+00:00,1408.0501752744449,2298.0,-889.9498247255551
2024-03-31 16:00:00+00:00,1538.2147543627195,2348.0,-809.7852456372805
2024-03-31 17:00:00+00:00,1695.13732613012,2412.0,-716.8626738698799
2024-03-31 18:00:00+00:00,1972.7759156744503,2278.0,-305.2240843255497
2024-03-31 19:00:00+00:00,2053.1562060142605,2376.0,-322.84379398573947
2024-03-31 20:00:00+00:00,2066.3784034322143,2305.0,-238.62159656778567
2024-03-31 21:00:00+00:00,1875.8477591241983,2260.0,-384.1522408758017
2024-03-31 22:00:00+00:00,791.8051318740147,2068.0,-1276.1948681259853
2024-03-31 23:00:00+00:00,664.1773318277749,1809.0,-1144.8226681722251
2024-04-01 00:00:00+00:00,630.6860151386742,1729.0,-1098.313984861326
2024-04-01 01:00:00+00:00,596.9919632418179,1703.0,-1106.0080367581822
2024-04-01 02:00:00+00:00,615.5214642427376,1649.0,-1033.4785357572623
2024-04-01 03:00:00+00:00,615.0189674662524,1532.0,-916.9810325337476
2024-04-01 04:00:00+00:00,567.4265213797379,1523.0,-955.5734786202621
2024-04-01 05:00:00+00:00,527.3627912071735,1318.0,-790.6372087928265
2024-04-01 06:00:00+00:00,470.0844855411538,1149.0,-678.9155144588462
2024-04-01 07:00:00+00:00,386.58073124284914,932.0,-545.4192687571508
2024-04-01 08:00:00+00:00,314.9264999425071,793.0,-478.0735000574929
2024-04-01 09:00:00+00:00,260.3702484078611,652.0,-391.6297515921389
2024-04-01 10:00:00+00:00,259.9087869136547,576.0,-316.0912130863453
2024-04-01 11:00:00+00:00,212.3215480026815,497.0,-284.67845199731846
2024-04-01 12:00:00+00:00,148.54365025441345,436.0,-287.4563497455865
2024-04-01 13:00:00+00:00,76.0666622522644,364.0,-287.9333377477356
2024-04-01 14:00:00+00:00,131.8582146935601,442.0,-310.14178530643994
2024-04-01 15:00:00+00:00,175.31695638051664,410.0,-234.68304361948336
2024-04-01 16:00:00+00:00,206.451453108226,424.0,-217.548546891774
2024-04-01 17:00:00+00:00,233.06517985879628,497.0,-263.9348201412037
2024-04-01 18:00:00+00:00,350.17377302936376,528.0,-177.82622697063624
2024-04-01 19:00:00+00:00,404.81870988964494,634.0,-229.18129011035506
2024-04-01 20:00:00+00:00,412.2781469332298,677.0,-264.7218530667702
2024-04-01 21:00:00+00:00,318.0199536367269,570.0,-251.98004636327312
2024-04-01 22:00:00+00:00,298.5595904342365,459.0,-160.4404095657635
2024-04-01 23:00:00+00:00,362.7383228071944,459.0,-96.26167719280562
2024-04-02 00:00:00+00:00,343.55575569425577,584.0,-240.44424430574423
2024-04-02 01:00:00+00:00,292.03987705329087,748.0,-455.96012294670913
2024-04-02 02:00:00+00:00,242.016111766832,795.0,-552.983888233168
2024-04-02 03:00:00+00:00,235.8985309598476,766.0,-530.1014690401524
2024-04-02 04:00:00+00:00,252.92624214416733,724.0,-471.0737578558327
2024-04-02 05:00:00+00:00,250.36331636745223,642.0,-391.6366836325478
2024-04-02 06:00:00+00:00,254.03823810340884,651.0,-396.96176189659116
2024-04-02 07:00:00+00:00,285.3233202830763,564.0,-278.6766797169237
2024-04-02 08:00:00+00:00,324.9393679546644,659.0,-334.0606320453356
2024-04-02 09:00:00+00:00,347.594292138895,668.0,-320.405707861105
2024-04-02 10:00:00+00:00,275.9992961933189,785.0,-509.0007038066811
2024-04-02 11:00:00+00:00,264.2735906070658,823.0,-558.7264093929342
2024-04-02 12:00:00+00:00,172.3182375192529,654.0,-481.6817624807471
2024-04-02 13:00:00+00:00,61.17416740592064,448.0,-386.8258325940794
2024-04-02 14:00:00+00:00,96.77262449547985,372.0,-275.2273755045202
2024-04-02 15:00:00+00:00,148.66001307232744,301.0,-152.33998692767256
2024-04-02 16:00:00+00:00,192.77072613427637,223.0,-30.229273865723627
2024-04-02 17:00:00+00:00,202.2530573366033,170.0,32.25305733660329
2024-04-02 18:00:00+00:00,182.61394219472217,204.0,-21.38605780527783
2024-04-02 19:00:00+00:00,183.92047805442377,289.0,-105.07952194557623
2024-04-02 20:00:00+00:00,200.077264064428,419.0,-218.922735935572
2024-04-02 21:00:00+00:00,270.9540452474128,508.0,-237.0459547525872
2024-04-02 22:00:00+00:00,404.56279511246703,540.0,-135.43720488753297
2024-04-02 23:00:00+00:00,628.0523247346024,536.0,92.0523247346024
2024-04-03 00:00:00+00:00,849.0934229883953,817.0,32.09342298839533
2024-04-03 01:00:00+00:00,874.5766628819346,886.0,-11.423337118065433
2024-04-03 02:00:00+00:00,955.5846159587018,1092.0,-136.41538404129824
2024-04-03 03:00:00+00:00,836.0576585414725,1191.0,-354.9423414585275
2024-04-03 04:00:00+00:00,725.5423775691526,1364.0,-638.4576224308474
2024-04-03 05:00:00+00:00,841.8181478856677,1206.0,-364.1818521143323
2024-04-03 06:00:00+00:00,730.56805149001,1192.0,-461.43194850999
2024-04-03 07:00:00+00:00,834.3878971976271,1166.0,-331.6121028023729
2024-04-03 08:00:00+00:00,830.5683068524046,1277.0,-446.4316931475954
2024-04-03 09:00:00+00:00,932.1317227475936,1276.0,-343.8682772524064
2024-04-03 10:00:00+00:00,892.9749976690462,1399.0,-506.02500233095384
2024-04-03 11:00:00+00:00,944.4735551291212,1495.0,-550.5264448708788
2024-04-03 12:00:00+00:00,773.8761812402818,1381.0,-607.1238187597182
2024-04-03 13:00:00+00:00,871.8018778790594,1288.0,-416.19812212094064
2024-04-03 14:00:00+00:00,1124.7296193740644,1409.0,-284.27038062593556
2024-04-03 15:00:00+00:00,1227.880587322963,1561.0,-333.11941267703696
2024-04-03 16:00:00+00:00,1343.070396686831,1685.0,-341.9296033131691
2024-04-03 17:00:00+00:00,1400.2795250347033,1690.0,-289.7204749652967
2024-04-03 18:00:00+00:00,1472.896582919685,1758.0,-285.103417080315
2024-04-03 19:00:00+00:00,1632.511110768361,1816.0,-183.48888923163895
2024-04-03 20:00:00+00:00,1717.5525800508894,1832.0,-114.44741994911055
2024-04-03 21:00:00+00:00,1731.235573491588,1884.0,-152.76442650841204
2024-04-03 22:00:00+00:00,1060.230658605577,1818.0,-757.769341394423
2024-04-03 23:00:00+00:00,1409.920991058905,1930.0,-520.079008941095
2024-04-04 00:00:00+00:00,1647.3171480326544,2114.0,-466.68285196734564
2024-04-04 01:00:00+00:00,1743.2349396283596,2115.0,-371.7650603716404
2024-04-04 02:00:00+00:00,1876.2001935051844,2227.0,-350.7998064948156
2024-04-04 03:00:00+00:00,1856.11483441852,2263.0,-406.8851655814799
2024-04-04 04:00:00+00:00,1845.460145164136,2269.0,-423.53985483586393
2024-04-04 05:00:00+00:00,1803.6876881283551,2358.0,-554.3123118716449
2024-04-04 06:00:00+00:00,1827.148660257064,2407.0,-579.851339742936
2024-04-04 07:00:00+00:00,1772.2746340442086,2503.0,-730.7253659557914
2024-04-04 08:00:00+00:00,1722.8429680342604,2554.0,-831.1570319657396
2024-04-04 09:00:00+00:00,1810.8248623732304,2687.0,-876.1751376267696
2024-04-04 10:00:00+00:00,1617.408087887344,2460.0,-842.591912112656
2024-04-04 11:00:00+00:00,1824.5785408207155,2938.0,-1113.4214591792845
2024-04-04 12:00:00+00:00,1743.0728340391483,2777.0,-1033.9271659608517
2024-04-04 13:00:00+00:00,2184.8737611206093,2439.0,-254.1262388793907
2024-04-04 14:00:00+00:00,2824.692424437175,2634.0,190.69242443717485
2024-04-04 15:00:00+00:00,3236.6492842065413,2638.0,598.6492842065413
2024-04-04 16:00:00+00:00,3396.513100190188,3074.0,322.5131001901882
2024-04-04 17:00:00+00:00,3141.865996092006,2944.0,197.86599609200584
2024-04-04 18:00:00+00:00,3218.6669927402054,2914.0,304.6669927402054
2024-04-04 19:00:00+00:00,3016.690957951388,2699.0,317.6909579513881
2024-04-04 20:00:00+00:00,2975.6984042527497,2626.0,349.6984042527497
2024-04-04 21:00:00+00:00,2302.0641223761186,2676.0,-373.9358776238814
2024-04-04 22:00:00+00:00,2226.425760733493,2689.0,-462.574239266507
2024-04-04 23:00:00+00:00,2641.7305496982194,2879.0,-237.26945030178058
2024-04-05 00:00:00+00:00,2516.9949599459906,3025.0,-508.00504005400944
2024-04-05 01:00:00+00:00,2523.846676989624,3178.0,-654.153323010376
2024-04-05 02:00:00+00:00,2684.402496468666,2781.0,-96.59750353133404
2024-04-05 03:00:00+00:00,2774.455996833726,2717.0,57.4559968337262
2024-04-05 04:00:00+00:00,2706.231578905456,2636.0,70.23157890545599
2024-04-05 05:00:00+00:00,2642.861363445546,2576.0,66.86136344554598
2024-04-05 06:00:00+00:00,2599.3001005579545,2567.0,32.300100557954465
2024-04-05 07:00:00+00:00,2592.4672175314195,2595.0,-2.5327824685805354
2024-04-05 08:00:00+00:00,2570.7346854261828,2545.0,25.73468542618275
2024-04-05 09:00:00+00:00,2562.7219876178847,2487.0,75.72198761788468
2024-04-05 10:00:00+00:00,2358.5410803892737,2499.0,-140.4589196107263
2024-04-05 11:00:00+00:00,2426.9249971299078,2436.0,-9.075002870092248
2024-04-05 12:00:00+00:00,2423.6594134270536,2751.0,-327.34058657294645
2024-04-05 13:00:00+00:00,2547.5221731541906,2435.0,112.52217315419057
2024-04-05 14:00:00+00:00,2977.649126102496,2491.0,486.6491261024962
2024-04-05 15:00:00+00:00,3176.934106580488,2929.0,247.93410658048788
2024-04-05 16:00:00+00:00,3254.048266492485,3057.0,197.0482664924848
2024-04-05 17:00:00+00:00,3180.833651071231,2989.0,191.8336510712311
2024-04-05 18:00:00+00:00,3138.5121727488417,2583.0,555.5121727488417
2024-04-05 19:00:00+00:00,2934.9445678105385,2626.0,308.9445678105385
2024-04-05 20:00:00+00:00,2847.9907374077984,2506.0,341.9907374077984
2024-04-05 21:00:00+00:00,2625.95150084492,2897.0,-271.0484991550802
2024-04-05 22:00:00+00:00,2054.829237194564,2801.0,-746.170762805436
2024-04-05 23:00:00+00:00,2239.9316432986952,2703.0,-463.06835670130477
2024-04-06 00:00:00+00:00,2045.4710587849188,2708.0,-662.5289412150812
2024-04-06 01:00:00+00:00,1945.0585515691623,2645.0,-699.9414484308377
2024-04-06 02:00:00+00:00,1818.2738593106385,2475.0,-656.7261406893615
2024-04-06 03:00:00+00:00,1696.9239632116191,2332.0,-635.0760367883809
2024-04-06 04:00:00+00:00,1567.377696205862,2192.0,-624.6223037941379
2024-04-06 05:00:00+00:00,1442.4900593936115,2020.0,-577.5099406063885
2024-04-06 06:00:00+00:00,1341.5178629269633,2097.0,-755.4821370730367
2024-04-06 07:00:00+00:00,1274.372941404808,2092.0,-817.627058595192
2024-04-06 08:00:00+00:00,1290.0950145283052,2105.0,-814.9049854716948
2024-04-06 09:00:00+00:00,1336.0116297602003,2136.0,-799.9883702397997
2024-04-06 10:00:00+00:00,1337.3167902389014,2148.0,-810.6832097610986
2024-04-06 11:00:00+00:00,1401.1653163838466,2278.0,-876.8346836161534
2024-04-06 12:00:00+00:00,1692.1390800812803,2182.0,-489.8609199187197
2024-04-06 13:00:00+00:00,1985.1632145017984,2128.0,-142.8367854982016
2024-04-06 14:00:00+00:00,2238.677251752644,2042.0,196.67725175264422
2024-04-06 15:00:00+00:00,2176.9200871929725,1937.0,239.92008719297246
2024-04-06 16:00:00+00:00,2116.2980680007736,1731.0,385.2980680007736
2024-04-06 17:00:00+00:00,2021.9886498511407,1770.0,251.98864985114074
2024-04-06 18:00:00+00:00,1945.1845343237808,1697.0,248.18453432378078
2024-04-06 19:00:00+00:00,1833.897814411638,1674.0,159.8978144116379
2024-04-06 20:00:00+00:00,1664.637641350249,1482.0,182.63764135024894
2024-04-06 21:00:00+00:00,1234.6277074319996,1387.0,-152.37229256800038
2024-04-06 22:00:00+00:00,592.7821157632058,1339.0,-746.2178842367942
2024-04-06 23:00:00+00:00,558.9830358546899,1281.0,-722.0169641453101
2024-04-07 00:00:00+00:00,550.878987025605,1194.0,-643.121012974395
2024-04-07 01:00:00+00:00,592.1167496739945,1349.0,-756.8832503260055
2024-04-07 02:00:00+00:00,591.6310092911018,1270.0,-678.3689907088982
2024-04-07 03:00:00+00:00,589.2956529405575,1129.0,-539.7043470594425
2024-04-07 04:00:00+00:00,579.4387535184951,1055.0,-475.5612464815049
2024-04-07 05:00:00+00:00,560.9495194656027,993.0,-432.05048053439725
2024-04-07 06:00:00+00:00,537.5335228212109,1040.0,-502.4664771787891
2024-04-07 07:00:00+00:00,522.6055762106022,1063.0,-540.3944237893978
2024-04-07 08:00:00+00:00,531.9085090800718,1152.0,-620.0914909199282
2024-04-07 09:00:00+00:00,509.2840952012142,1228.0,-718.7159047987858
2024-04-07 10:00:00+00:00,512.9374734675026,1183.0,-670.0625265324974
2024-04-07 11:00:00+00:00,473.3546904390005,1093.0,-619.6453095609995
2024-04-07 12:00:00+00:00,243.236867512826,884.0,-640.7631324871741
2024-04-07 13:00:00+00:00,267.7060559770558,615.0,-347.2939440229442
2024-04-07 14:00:00+00:00,353.2321319809529,401.0,-47.767868019047114
2024-04-07 15:00:00+00:00,387.67261586534806,490.0,-102.32738413465194
2024-04-07 16:00:00+00:00,384.1680189967838,579.0,-194.83198100321619
2024-04-07 17:00:00+00:00,382.47010180023017,718.0,-335.52989819976983
2024-04-07 18:00:00+00:00,373.6859096767322,675.0,-301.3140903232678
2024-04-07 19:00:00+00:00,365.3710712620534,603.0,-237.62892873794658
2024-04-07 20:00:00+00:00,358.8867291035048,538.0,-179.11327089649518
2024-04-07 21:00:00+00:00,302.00018415567666,476.0,-173.99981584432334
2024-04-07 22:00:00+00:00,275.9094021301344,375.0,-99.09059786986558
2024-04-07 23:00:00+00:00,470.7797268846649,397.0,73.77972688466491
2024-04-08 00:00:00+00:00,509.2082294328183,559.0,-49.791770567181686
2024-04-08 01:00:00+00:00,429.3699996515,628.0,-198.6300003485
2024-04-08 02:00:00+00:00,324.66366132289613,710.0,-385.33633867710387
2024-04-08 03:00:00+00:00,276.9517451259699,748.0,-471.0482548740301
2024-04-08 04:00:00+00:00,234.4230272041156,752.0,-517.5769727958843
2024-04-08 05:00:00+00:00,227.77242259337885,765.0,-537.2275774066211
2024-04-08 06:00:00+00:00,260.9523692334535,715.0,-454.0476307665465
2024-04-08 07:00:00+00:00,294.87962763665564,797.0,-502.12037236334436
2024-04-08 08:00:00+00:00,304.82673667200464,917.0,-612.1732633279953
2024-04-08 09:00:00+00:00,376.1877485613782,1098.0,-721.8122514386218
2024-04-08 10:00:00+00:00,431.8936842145375,1284.0,-852.1063157854626
2024-04-08 11:00:00+00:00,511.90672163399125,1606.0,-1094.0932783660087
2024-04-08 12:00:00+00:00,510.0340756377122,1573.0,-1062.9659243622878
2024-04-08 13:00:00+00:00,315.70568270537365,1330.0,-1014.2943172946264
2024-04-08 14:00:00+00:00,323.5107526338054,1424.0,-1100.4892473661946
2024-04-08 15:00:00+00:00,523.4416906140797,1725.0,-1201.5583093859204
2024-04-08 16:00:00+00:00,803.6580988761151,1586.0,-782.3419011238849
2024-04-08 17:00:00+00:00,1026.7844367855848,1802.0,-775.2155632144152
2024-04-08 18:00:00+00:00,1201.9478018525758,2273.0,-1071.0521981474242
2024-04-08 19:00:00+00:00,1374.9031110751855,1806.0,-431.0968889248145
2024-04-08 20:00:00+00:00,1430.951845295431,1740.0,-309.048154704569
2024-04-08 21:00:00+00:00,1293.6425178385675,2056.0,-762.3574821614325
2024-04-08 22:00:00+00:00,1090.7196373973502,2048.0,-957.2803626026498
2024-04-08 23:00:00+00:00,1110.2841343972018,1827.0,-716.7158656027982
2024-04-09 00:00:00+00:00,1212.5656544661956,1875.0,-662.4343455338044
2024-04-09 01:00:00+00:00,1166.4966225563053,1771.0,-604.5033774436947
2024-04-09 02:00:00+00:00,1078.4420472906131,1949.0,-870.5579527093869
2024-04-09 03:00:00+00:00,967.9609753439548,1656.0,-688.0390246560452
2024-04-09 04:00:00+00:00,878.9219329130658,1373.0,-494.0780670869342
2024-04-09 05:00:00+00:00,671.6299815067077,1344.0,-672.3700184932923
2024-04-09 06:00:00+00:00,576.4182511878115,1199.0,-622.5817488121885
2024-04-09 07:00:00+00:00,459.65393432461866,969.0,-509.34606567538134
2024-04-09 08:00:00+00:00,403.3341351100693,831.0,-427.6658648899307
2024-04-09 09:00:00+00:00,412.0228561469858,658.0,-245.97714385301418
2024-04-09 10:00:00+00:00,439.1964193593814,625.0,-185.80358064061858
2024-04-09 11:00:00+00:00,335.10272121942944,555.0,-219.89727878057056
2024-04-09 12:00:00+00:00,288.8376191773872,450.0,-161.16238082261282
2024-04-09 13:00:00+00:00,235.74887570423195,354.0,-118.25112429576805
2024-04-09 14:00:00+00:00,178.56324771403447,240.0,-61.436752285965525
2024-04-09 15:00:00+00:00,140.846298210307,215.0,-74.153701789693
2024-04-09 16:00:00+00:00,119.48188301464825,215.0,-95.51811698535175
2024-04-09 17:00:00+00:00,126.72304728917896,245.0,-118.27695271082104
2024-04-09 18:00:00+00:00,132.55842819750418,282.0,-149.44157180249582
2024-04-09 19:00:00+00:00,115.18996429265384,364.0,-248.81003570734617
2024-04-09 20:00:00+00:00,104.5754777769596,331.0,-226.4245222230404
2024-04-09 21:00:00+00:00,88.9489107573387,245.0,-156.0510892426613
2024-04-09 22:00:00+00:00,121.57008547734172,191.0,-69.42991452265828
2024-04-09 23:00:00+00:00,353.9890190807892,141.0,212.9890190807892
2024-04-10 00:00:00+00:00,517.6185634640659,214.0,303.6185634640659
2024-04-10 01:00:00+00:00,619.3559774616364,373.0,246.35597746163637
2024-04-10 02:00:00+00:00,685.8907633923903,711.0,-25.10923660760966
2024-04-10 03:00:00+00:00,641.4126029777266,850.0,-208.58739702227342
2024-04-10 04:00:00+00:00,667.2732628735574,890.0,-222.72673712644257
2024-04-10 05:00:00+00:00,681.1355227725231,922.0,-240.86447722747687
2024-04-10 06:00:00+00:00,672.6914884882103,1019.0,-346.3085115117897
2024-04-10 07:00:00+00:00,686.0744156860968,1063.0,-376.9255843139032
2024-04-10 08:00:00+00:00,662.7819219405321,1007.0,-344.21807805946787
2024-04-10 09:00:00+00:00,623.6357843603022,1018.0,-394.3642156396978
2024-04-10 10:00:00+00:00,458.991841887371,914.0,-455.008158112629
2024-04-10 11:00:00+00:00,491.4233978404651,865.0,-373.5766021595349
2024-04-10 12:00:00+00:00,487.3475182086825,655.0,-167.65248179131748
2024-04-10 13:00:00+00:00,236.96882210664543,493.0,-256.03117789335454
2024-04-10 14:00:00+00:00,216.10969911756115,379.0,-162.89030088243885
2024-04-10 15:00:00+00:00,238.7251357190183,293.0,-54.27486428098169
2024-04-10 16:00:00+00:00,244.76685696329133,263.0,-18.233143036708668
2024-04-10 17:00:00+00:00,298.2797571814735,335.0,-36.720242818526515
2024-04-10 18:00:00+00:00,367.928886378346,444.0,-76.07111362165398
2024-04-10 19:00:00+00:00,475.8622742927001,513.0,-37.13772570729992
2024-04-10 20:00:00+00:00,537.0211542489669,758.0,-220.97884575103308
2024-04-10 21:00:00+00:00,583.576554937609,1060.0,-476.423445062391
2024-04-10 22:00:00+00:00,519.6950888122701,1168.0,-648.3049111877299
2024-04-10 23:00:00+00:00,940.6032671275198,1441.0,-500.39673287248024
2024-04-11 00:00:00+00:00,1104.671144732136,1688.0,-583.3288552678639
2024-04-11 01:00:00+00:00,1025.6289771716936,1731.0,-705.3710228283064
2024-04-11 02:00:00+00:00,890.7583371417177,1591.0,-700.2416628582823
2024-04-11 03:00:00+00:00,788.5529516010063,1664.0,-875.4470483989937
2024-04-11 04:00:00+00:00,780.775048389926,1712.0,-931.224951610074
2024-04-11 05:00:00+00:00,779.2571852654787,1716.0,-936.7428147345213
2024-04-11 06:00:00+00:00,761.13943205075,1710.0,-948.86056794925
2024-04-11 07:00:00+00:00,738.1463889239167,1808.0,-1069.8536110760833
2024-04-11 08:00:00+00:00,713.3193307492099,1620.0,-906.6806692507901
2024-04-11 09:00:00+00:00,692.3759665973336,1498.0,-805.6240334026664
2024-04-11 10:00:00+00:00,563.6716344796915,1406.0,-842.3283655203085
2024-04-11 11:00:00+00:00,643.4451103102131,1454.0,-810.5548896897869
2024-04-11 12:00:00+00:00,710.4233648728674,1364.0,-653.5766351271326
2024-04-11 13:00:00+00:00,611.0900251857059,1111.0,-499.90997481429406
2024-04-11 14:00:00+00:00,599.4235463565279,1111.0,-511.57645364347206
2024-04-11 15:00:00+00:00,590.6035641446543,1252.0,-661.3964358553457
2024-04-11 16:00:00+00:00,710.9378134156769,1426.0,-715.0621865843231
2024-04-11 17:00:00+00:00,870.9243876080295,1434.0,-563.0756123919705
2024-04-11 18:00:00+00:00,1018.5244907048824,1648.0,-629.4755092951176
2024-04-11 19:00:00+00:00,1154.722101962945,1779.0,-624.2778980370549
2024-04-11 20:00:00+00:00,1388.6926561233988,1963.0,-574.3073438766012
2024-04-11 21:00:00+00:00,1555.010752733993,2248.0,-692.9892472660069
2024-04-11 22:00:00+00:00,1518.679027332714,2473.0,-954.320972667286
2024-04-11 23:00:00+00:00,1858.4831833414653,2537.0,-678.5168166585347
2024-04-12 00:00:00+00:00,2116.5986847764816,2099.0,17.598684776481605
2024-04-12 01:00:00+00:00,2342.2059443983594,2260.0,82.2059443983594
2024-04-12 02:00:00+00:00,2446.249675753507,2419.0,27.249675753506835
2024-04-12 03:00:00+00:00,2470.5652772893413,2407.0,63.56527728934134
2024-04-12 04:00:00+00:00,2444.709129737714,2396.0,48.70912973771419
2024-04-12 05:00:00+00:00,2456.1810618802515,2383.0,73.18106188025149
2024-04-12 06:00:00+00:00,2449.344350214046,2761.0,-311.6556497859542
2024-04-12 07:00:00+00:00,2497.493670460179,2349.0,148.49367046017915
2024-04-12 08:00:00+00:00,2509.662573137267,2450.0,59.66257313726692
2024-04-12 09:00:00+00:00,2436.7449933187163,2817.0,-380.2550066812837
2024-04-12 10:00:00+00:00,2290.9557676483664,2879.0,-588.0442323516336
2024-04-12 11:00:00+00:00,2429.405684735224,2856.0,-426.594315264776
2024-04-12 12:00:00+00:00,2536.875173734608,2938.0,-401.12482626539213
2024-04-12 13:00:00+00:00,2721.970402801814,2542.0,179.9704028018141
2024-04-12 14:00:00+00:00,2775.7124626503464,2910.0,-134.28753734965358
2024-04-12 15:00:00+00:00,2779.482138270203,2582.0,197.482138270203
2024-04-12 16:00:00+00:00,2811.1595834796435,2603.0,208.15958347964352
2024-04-12 17:00:00+00:00,2975.20989069214,2588.0,387.2098906921401
2024-04-12 18:00:00+00:00,2898.820211065052,2622.0,276.8202110650518
2024-04-12 19:00:00+00:00,2999.2503799942224,2924.0,75.25037999422238
2024-04-12 20:00:00+00:00,3134.4165033551603,2858.0,276.41650335516033
2024-04-12 21:00:00+00:00,3232.4053478028904,2970.0,262.40534780289045
2024-04-12 22:00:00+00:00,3074.042456709134,3050.0,24.042456709134058
2024-04-12 23:00:00+00:00,3240.826357658993,2738.0,502.82635765899295
2024-04-13 00:00:00+00:00,3006.603542330244,2654.0,352.6035423302442
2024-04-13 01:00:00+00:00,2981.8727674378424,2600.0,381.8727674378424
2024-04-13 02:00:00+00:00,2790.556442046742,2486.0,304.5564420467422
2024-04-13 03:00:00+00:00,2350.2838138706056,2363.0,-12.716186129394373
2024-04-13 04:00:00+00:00,2090.4300566404745,2252.0,-161.5699433595255
2024-04-13 05:00:00+00:00,2067.8358673249395,1946.0,121.8358673249395
2024-04-13 06:00:00+00:00,2019.0913899195948,1868.0,151.0913899195948
2024-04-13 07:00:00+00:00,1991.966578828046,1907.0,84.96657882804607
2024-04-13 08:00:00+00:00,1952.5754807461176,1951.0,1.5754807461175915
2024-04-13 09:00:00+00:00,1847.9469581647536,2429.0,-581.0530418352464
2024-04-13 10:00:00+00:00,1584.1444562846905,2176.0,-591.8555437153095
2024-04-13 11:00:00+00:00,1542.5650089430576,2105.0,-562.4349910569424
2024-04-13 12:00:00+00:00,1458.4044203826747,2377.0,-918.5955796173253
2024-04-13 13:00:00+00:00,1703.7289132710016,2363.0,-659.2710867289984
2024-04-13 14:00:00+00:00,1945.926532830215,2322.0,-376.0734671697851
2024-04-13 15:00:00+00:00,1435.3076901127777,2275.0,-839.6923098872223
2024-04-13 16:00:00+00:00,1654.6347708305686,2127.0,-472.36522916943136
2024-04-13 17:00:00+00:00,1800.0635669938242,2180.0,-379.9364330061758
2024-04-13 18:00:00+00:00,1457.3116046265595,1851.0,-393.68839537344047
2024-04-13 19:00:00+00:00,1310.242637038116,1454.0,-143.75736296188393
2024-04-13 20:00:00+00:00,1140.7780208291103,1184.0,-43.221979170889654
2024-04-13 21:00:00+00:00,973.1503130933164,1610.0,-636.8496869066836
2024-04-13 22:00:00+00:00,499.28945026459866,1455.0,-955.7105497354014
2024-04-13 23:00:00+00:00,651.5315010463302,1275.0,-623.4684989536698
2024-04-14 00:00:00+00:00,874.4465639593683,1087.0,-212.5534360406317
2024-04-14 01:00:00+00:00,1141.052947257721,1191.0,-49.947052742279084
2024-04-14 02:00:00+00:00,1163.186140953689,1615.0,-451.8138590463111
2024-04-14 03:00:00+00:00,1145.0360665327405,1831.0,-685.9639334672595
2024-04-14 04:00:00+00:00,1081.4091219689117,1944.0,-862.5908780310883
2024-04-14 05:00:00+00:00,1089.3774826824715,2067.0,-977.6225173175285
2024-04-14 06:00:00+00:00,1114.8423491785838,1973.0,-858.1576508214162
2024-04-14 07:00:00+00:00,1200.601742812987,2299.0,-1098.398257187013
2024-04-14 08:00:00+00:00,1288.882752630668,2482.0,-1193.117247369332
2024-04-14 09:00:00+00:00,1356.6188344396453,2253.0,-896.3811655603547
2024-04-14 10:00:00+00:00,1242.8337476724016,2058.0,-815.1662523275984
2024-04-14 11:00:00+00:00,1331.7978887903882,1899.0,-567.2021112096118
2024-04-14 12:00:00+00:00,1275.5844712053663,2006.0,-730.4155287946337
2024-04-14 13:00:00+00:00,1283.6808115854442,2055.0,-771.3191884145558
2024-04-14 14:00:00+00:00,1243.6398745096028,1920.0,-676.3601254903972
2024-04-14 15:00:00+00:00,1323.8776321154462,1755.0,-431.1223678845538
2024-04-14 16:00:00+00:00,1411.1887245342396,1915.0,-503.81127546576045
2024-04-14 17:00:00+00:00,1395.8876565347034,1878.0,-482.1123434652966
2024-04-14 18:00:00+00:00,1333.8978596078389,1742.0,-408.1021403921611
2024-04-14 19:00:00+00:00,1386.4596146302802,1561.0,-174.54038536971984
2024-04-14 20:00:00+00:00,1275.2336077359778,1616.0,-340.7663922640222
2024-04-14 21:00:00+00:00,1033.486307055634,1408.0,-374.5136929443661
2024-04-14 22:00:00+00:00,463.4554173962149,1297.0,-833.5445826037851
2024-04-14 23:00:00+00:00,417.2298480733488,1207.0,-789.7701519266511
2024-04-15 00:00:00+00:00,375.00310014975327,968.0,-592.9968998502468
2024-04-15 01:00:00+00:00,271.65357866790845,983.0,-711.3464213320915
2024-04-15 02:00:00+00:00,242.18639866342497,773.0,-530.8136013365751
2024-04-15 03:00:00+00:00,275.3674418973243,618.0,-342.6325581026757
2024-04-15 04:00:00+00:00,283.8524875781322,458.0,-174.14751242186782
2024-04-15 05:00:00+00:00,331.3501682105787,476.0,-144.64983178942128
2024-04-15 06:00:00+00:00,345.90185649836855,409.0,-63.098143501631455
2024-04-15 07:00:00+00:00,314.2937727686852,387.0,-72.70622723131481
2024-04-15 08:00:00+00:00,229.43472468815852,413.0,-183.56527531184148
2024-04-15 09:00:00+00:00,151.68619291103315,442.0,-290.3138070889669
2024-04-15 10:00:00+00:00,137.8578838545978,340.0,-202.1421161454022
2024-04-15 11:00:00+00:00,112.6139698857387,283.0,-170.3860301142613
2024-04-15 12:00:00+00:00,48.69545660850663,221.0,-172.30454339149338
2024-04-15 13:00:00+00:00,47.07943231768645,288.0,-240.92056768231356
2024-04-15 14:00:00+00:00,74.96360586566874,270.0,-195.03639413433126
2024-04-15 15:00:00+00:00,140.50420016188906,312.0,-171.49579983811094
2024-04-15 16:00:00+00:00,171.6857850469288,393.0,-221.3142149530712
2024-04-15 17:00:00+00:00,191.5333144456899,417.0,-225.4666855543101
2024-04-15 18:00:00+00:00,249.7941325996289,534.0,-284.20586740037106
2024-04-15 19:00:00+00:00,328.7878185981199,640.0,-311.2121814018801
2024-04-15 20:00:00+00:00,401.4849813840032,698.0,-296.5150186159968
2024-04-15 21:00:00+00:00,407.5674259048469,853.0,-445.4325740951531
2024-04-15 22:00:00+00:00,344.8105186564119,761.0,-416.1894813435881
2024-04-15 23:00:00+00:00,284.7701692973604,614.0,-329.2298307026396
2024-04-16 00:00:00+00:00,381.4952873748237,545.0,-163.5047126251763
2024-04-16 01:00:00+00:00,536.9797255590233,773.0,-236.02027444097666
2024-04-16 02:00:00+00:00,666.1860570558914,1022.0,-355.8139429441086
2024-04-16 03:00:00+00:00,720.5691135866617,862.0,-141.43088641333827
2024-04-16 04:00:00+00:00,658.7985424781168,930.0,-271.2014575218832
2024-04-16 05:00:00+00:00,605.3100465419849,1018.0,-412.6899534580151
2024-04-16 06:00:00+00:00,568.3909514060091,960.0,-391.6090485939909
2024-04-16 07:00:00+00:00,496.91084761747175,828.0,-331.08915238252825
2024-04-16 08:00:00+00:00,478.98081972742045,884.0,-405.01918027257955
2024-04-16 09:00:00+00:00,490.6290367265682,973.0,-482.3709632734318
2024-04-16 10:00:00+00:00,448.94952004436703,913.0,-464.05047995563297
2024-04-16 11:00:00+00:00,424.2630216012924,884.0,-459.7369783987076
2024-04-16 12:00:00+00:00,390.0247398352126,987.0,-596.9752601647874
2024-04-16 13:00:00+00:00,458.5378457149992,1014.0,-555.4621542850008
2024-04-16 14:00:00+00:00,461.9368507848881,1029.0,-567.0631492151119
2024-04-16 15:00:00+00:00,543.4391700012861,1038.0,-494.56082999871387
2024-04-16 16:00:00+00:00,691.8963135242284,1110.0,-418.1036864757716
2024-04-16 17:00:00+00:00,850.2129389991442,1162.0,-311.78706100085583
2024-04-16 18:00:00+00:00,1020.6076254809584,1259.0,-238.3923745190416
2024-04-16 19:00:00+00:00,1124.3602018109498,1645.0,-520.6397981890502
2024-04-16 20:00:00+00:00,1149.759646547749,1712.0,-562.2403534522509
2024-04-16 21:00:00+00:00,1149.253105045629,1691.0,-541.7468949543711
2024-04-16 22:00:00+00:00,988.651286323174,1742.0,-753.348713676826
2024-04-16 23:00:00+00:00,823.7269567962428,1648.0,-824.2730432037572
2024-04-17 00:00:00+00:00,872.5660730032903,1634.0,-761.4339269967097
2024-04-17 01:00:00+00:00,947.4007702175238,1683.0,-735.5992297824762
2024-04-17 02:00:00+00:00,987.6639412977468,1697.0,-709.3360587022532
2024-04-17 03:00:00+00:00,1029.4779091958112,1633.0,-603.5220908041888
2024-04-17 04:00:00+00:00,980.3702999673898,1441.0,-460.62970003261023
2024-04-17 05:00:00+00:00,879.0501973210473,1294.0,-414.94980267895266
2024-04-17 06:00:00+00:00,819.0898419175866,1129.0,-309.91015808241343
2024-04-17 07:00:00+00:00,790.9307236283748,1077.0,-286.06927637162516
2024-04-17 08:00:00+00:00,640.7732684928244,1022.0,-381.2267315071756
2024-04-17 09:00:00+00:00,582.6595710866357,1006.0,-423.34042891336435
2024-04-17 10:00:00+00:00,853.0974162924927,1088.0,-234.90258370750735
2024-04-17 11:00:00+00:00,697.2615835715518,1004.0,-306.7384164284482
2024-04-17 12:00:00+00:00,724.5172522707614,978.0,-253.48274772923855
2024-04-17 13:00:00+00:00,553.7387551533352,972.0,-418.2612448466648
2024-04-17 14:00:00+00:00,498.4475351348101,949.0,-450.5524648651899
2024-04-17 15:00:00+00:00,431.5043271941489,880.0,-448.4956728058511
2024-04-17 16:00:00+00:00,373.03751739609856,838.0,-464.96248260390144
2024-04-17 17:00:00+00:00,334.5759288433625,768.0,-433.4240711566375
2024-04-17 18:00:00+00:00,360.1382664105897,742.0,-381.8617335894103
2024-04-17 19:00:00+00:00,396.6990976146659,613.0,-216.3009023853341
2024-04-17 20:00:00+00:00,434.52052022759335,624.0,-189.47947977240665
2024-04-17 21:00:00+00:00,465.8413621595244,554.0,-88.15863784047559
2024-04-17 22:00:00+00:00,280.75155601138874,605.0,-324.24844398861126
2024-04-17 23:00:00+00:00,297.44653276343587,604.0,-306.55346723656413
2024-04-18 00:00:00+00:00,455.6939499116517,834.0,-378.3060500883483
2024-04-18 01:00:00+00:00,594.4119737104816,1032.0,-437.58802628951844
2024-04-18 02:00:00+00:00,630.336484962594,1052.0,-421.663515037406
2024-04-18 03:00:00+00:00,668.5977058915117,1274.0,-605.4022941084883
2024-04-18 04:00:00+00:00,720.3784745411667,1248.0,-527.6215254588333
2024-04-18 05:00:00+00:00,768.677940404545,1375.0,-606.322059595455
2024-04-18 06:00:00+00:00,742.1217794014282,1309.0,-566.8782205985718
2024-04-18 07:00:00+00:00,716.9912183151539,1460.0,-743.0087816848461
2024-04-18 08:00:00+00:00,674.680908819116,1582.0,-907.319091180884
2024-04-18 09:00:00+00:00,641.3468047885475,1485.0,-843.6531952114525
2024-04-18 10:00:00+00:00,601.4561693364162,1360.0,-758.5438306635838
2024-04-18 11:00:00+00:00,605.7784067255728,1100.0,-494.22159327442716
2024-04-18 12:00:00+00:00,445.1763835100955,788.0,-342.8236164899045
2024-04-18 13:00:00+00:00,413.6817211986072,713.0,-299.3182788013928
2024-04-18 14:00:00+00:00,360.8338926726155,676.0,-315.1661073273845
2024-04-18 15:00:00+00:00,304.4599196995058,663.0,-358.5400803004942
2024-04-18 16:00:00+00:00,265.3045703492078,652.0,-386.6954296507922
2024-04-18 17:00:00+00:00,231.19037571075572,646.0,-414.8096242892443
2024-04-18 18:00:00+00:00,208.112721456887,697.0,-488.887278543113
2024-04-18 19:00:00+00:00,177.22853892395014,691.0,-513.7714610760498
2024-04-18 20:00:00+00:00,153.13378414653533,653.0,-499.86621585346467
2024-04-18 21:00:00+00:00,198.08503900158425,420.0,-221.91496099841575
2024-04-18 22:00:00+00:00,223.0420224791178,340.0,-116.9579775208822
2024-04-18 23:00:00+00:00,251.89359822481416,347.0,-95.10640177518584
2024-04-19 00:00:00+00:00,347.99040004816175,479.0,-131.00959995183825
2024-04-19 01:00:00+00:00,350.6216675270598,578.0,-227.3783324729402
2024-04-19 02:00:00+00:00,343.82984270992574,672.0,-328.17015729007426
2024-04-19 03:00:00+00:00,352.5409524469575,761.0,-408.4590475530425
2024-04-19 04:00:00+00:00,371.42561921386937,865.0,-493.57438078613063
2024-04-19 05:00:00+00:00,386.27869010147526,984.0,-597.7213098985247
2024-04-19 06:00:00+00:00,358.13168689110535,1169.0,-810.8683131088947
2024-04-19 07:00:00+00:00,330.87081415356005,1024.0,-693.1291858464399
2024-04-19 08:00:00+00:00,344.4141876694763,1040.0,-695.5858123305237
2024-04-19 09:00:00+00:00,381.034108653063,1102.0,-720.965891346937
2024-04-19 10:00:00+00:00,330.4028296071007,1191.0,-860.5971703928992
2024-04-19 11:00:00+00:00,391.9322072575051,1416.0,-1024.067792742495
2024-04-19 12:00:00+00:00,331.54601910801654,1231.0,-899.4539808919835
2024-04-19 13:00:00+00:00,388.7732934528696,1064.0,-675.2267065471303
2024-04-19 14:00:00+00:00,464.2210025622341,1077.0,-612.7789974377658
2024-04-19 15:00:00+00:00,592.3912423252009,1126.0,-533.6087576747991
2024-04-19 16:00:00+00:00,676.128917328112,1199.0,-522.871082671888
2024-04-19 17:00:00+00:00,784.1215242461599,1319.0,-534.8784757538401
2024-04-19 18:00:00+00:00,932.3638413357444,1580.0,-647.6361586642556
2024-04-19 19:00:00+00:00,1136.425031470214,1904.0,-767.574968529786
2024-04-19 20:00:00+00:00,1452.433565771067,2104.0,-651.5664342289331
2024-04-19 21:00:00+00:00,1616.700920092102,2289.0,-672.299079907898
2024-04-19 22:00:00+00:00,1282.0935603334317,2557.0,-1274.9064396665683
2024-04-19 23:00:00+00:00,1830.6030013462412,2684.0,-853.3969986537588
2024-04-20 00:00:00+00:00,2367.216616579843,3067.0,-699.783383420157
2024-04-20 01:00:00+00:00,2666.6450942812417,2548.0,118.64509428124165
2024-04-20 02:00:00+00:00,2802.910144334954,2518.0,284.9101443349541
2024-04-20 03:00:00+00:00,2819.7706200334324,2487.0,332.77062003343235
2024-04-20 04:00:00+00:00,2752.474222741512,2294.0,458.4742227415122
2024-04-20 05:00:00+00:00,2783.2558662589527,2231.0,552.2558662589527
2024-04-20 06:00:00+00:00,2643.92687292897,2210.0,433.92687292897017
2024-04-20 07:00:00+00:00,2255.24463666589,2101.0,154.24463666589008
2024-04-20 08:00:00+00:00,2076.158092244345,2092.0,-15.84190775565503
2024-04-20 09:00:00+00:00,1939.5012867322175,1976.0,-36.49871326778248
2024-04-20 10:00:00+00:00,1717.3078013171237,2031.0,-313.6921986828763
2024-04-20 11:00:00+00:00,1848.0001023592024,2052.0,-203.9998976407976
2024-04-20 12:00:00+00:00,1645.0751181323922,2252.0,-606.9248818676078
2024-04-20 13:00:00+00:00,1602.594646327097,2649.0,-1046.405353672903
2024-04-20 14:00:00+00:00,1671.8272488212865,2636.0,-964.1727511787135
2024-04-20 15:00:00+00:00,2001.585056109741,2198.0,-196.4149438902591
2024-04-20 16:00:00+00:00,2274.1115474878,2435.0,-160.88845251219982
2024-04-20 17:00:00+00:00,2039.3356910742605,2380.0,-340.66430892573953
2024-04-20 18:00:00+00:00,1663.803244165297,2184.0,-520.196755834703
2024-04-20 19:00:00+00:00,1528.361914872044,2033.0,-504.63808512795595
2024-04-20 20:00:00+00:00,1414.4345108454056,1780.0,-365.5654891545944
2024-04-20 21:00:00+00:00,1136.1405325016483,1761.0,-624.8594674983517
2024-04-20 22:00:00+00:00,698.767872473836,1329.0,-630.232127526164
2024-04-20 23:00:00+00:00,648.0090445578451,1084.0,-435.9909554421549
2024-04-21 00:00:00+00:00,659.6115767693311,1119.0,-459.3884232306689
2024-04-21 01:00:00+00:00,800.676050352446,1208.0,-407.32394964755395
2024-04-21 02:00:00+00:00,968.845924071165,1477.0,-508.154075928835
2024-04-21 03:00:00+00:00,1015.4468576160448,1889.0,-873.5531423839552
2024-04-21 04:00:00+00:00,1022.1510066776708,1896.0,-873.8489933223292
2024-04-21 05:00:00+00:00,1000.8971298022208,1943.0,-942.1028701977792
2024-04-21 06:00:00+00:00,964.1759204833238,1922.0,-957.8240795166762
2024-04-21 07:00:00+00:00,824.7689178592834,1821.0,-996.2310821407166
2024-04-21 08:00:00+00:00,723.5932865472824,1693.0,-969.4067134527176
2024-04-21 09:00:00+00:00,648.6865645222736,1707.0,-1058.3134354777264
2024-04-21 10:00:00+00:00,569.1830064826985,1312.0,-742.8169935173015
2024-04-21 11:00:00+00:00,493.0939807419901,968.0,-474.9060192580099
2024-04-21 12:00:00+00:00,468.649195363886,1157.0,-688.3508046361139
2024-04-21 13:00:00+00:00,646.4052490266779,1272.0,-625.5947509733221
2024-04-21 14:00:00+00:00,778.9357972863878,1330.0,-551.0642027136122
2024-04-21 15:00:00+00:00,911.5861884849504,1570.0,-658.4138115150496
2024-04-21 16:00:00+00:00,1136.9463966077058,1707.0,-570.0536033922942
2024-04-21 17:00:00+00:00,1116.646458886089,1681.0,-564.353541113911
2024-04-21 18:00:00+00:00,1160.6509569140032,1482.0,-321.34904308599675
2024-04-21 19:00:00+00:00,1139.854484183904,1260.0,-120.1455158160959
2024-04-21 20:00:00+00:00,1092.1880371346133,1192.0,-99.8119628653867
2024-04-21 21:00:00+00:00,1052.577896432682,1152.0,-99.42210356731789
2024-04-21 22:00:00+00:00,781.8442469424105,971.0,-189.15575305758955
2024-04-21 23:00:00+00:00,662.7265149227303,966.0,-303.2734850772697
2024-04-22 00:00:00+00:00,637.2905791236597,964.0,-326.70942087634035
2024-04-22 01:00:00+00:00,789.1523556031029,1184.0,-394.84764439689707
2024-04-22 02:00:00+00:00,971.1087299995752,1529.0,-557.8912700004248
2024-04-22 03:00:00+00:00,985.0420543985412,1559.0,-573.9579456014588
2024-04-22 04:00:00+00:00,1111.3411083019876,1783.0,-671.6588916980124
2024-04-22 05:00:00+00:00,1064.6092310457143,1721.0,-656.3907689542857
2024-04-22 06:00:00+00:00,1020.00235058694,2015.0,-994.99764941306
2024-04-22 07:00:00+00:00,1017.238112679816,2343.0,-1325.761887320184
2024-04-22 08:00:00+00:00,1065.0905620728972,2565.0,-1499.9094379271028
2024-04-22 09:00:00+00:00,1390.274378380584,2247.0,-856.725621619416
2024-04-22 10:00:00+00:00,1386.2782573517284,2336.0,-949.7217426482716
2024-04-22 11:00:00+00:00,1496.154487892587,2336.0,-839.845512107413
2024-04-22 12:00:00+00:00,1625.674161333967,2458.0,-832.325838666033
2024-04-22 13:00:00+00:00,1851.300575946183,2522.0,-670.699424053817
2024-04-22 14:00:00+00:00,1912.9996937392032,2677.0,-764.0003062607968
2024-04-22 15:00:00+00:00,2057.8259235334663,3081.0,-1023.1740764665337
2024-04-22 16:00:00+00:00,2108.676743782965,2988.0,-879.3232562170351
2024-04-22 17:00:00+00:00,2272.6888481750243,2951.0,-678.3111518249757
2024-04-22 18:00:00+00:00,2278.4154583138666,2664.0,-385.58454168613343
2024-04-22 19:00:00+00:00,2274.3879177898875,2636.0,-361.6120822101125
2024-04-22 20:00:00+00:00,2323.706327464697,2691.0,-367.2936725353029
2024-04-22 21:00:00+00:00,2255.4797599067383,2575.0,-319.5202400932617
2024-04-22 22:00:00+00:00,1347.073278096226,2356.0,-1008.926721903774
2024-04-22 23:00:00+00:00,906.6320320938096,2041.0,-1134.3679679061904
2024-04-23 00:00:00+00:00,724.8092266444615,1956.0,-1231.1907733555386
2024-04-23 01:00:00+00:00,660.8733725331664,1907.0,-1246.1266274668337
2024-04-23 02:00:00+00:00,596.8140536853489,2008.0,-1411.1859463146511
2024-04-23 03:00:00+00:00,589.792162759809,2049.0,-1459.207837240191
2024-04-23 04:00:00+00:00,690.1610661631097,1970.0,-1279.8389338368902
2024-04-23 05:00:00+00:00,878.9285153951747,1982.0,-1103.0714846048254
2024-04-23 06:00:00+00:00,1013.476220232078,2044.0,-1030.523779767922
2024-04-23 07:00:00+00:00,1087.019173116073,2054.0,-966.980826883927
2024-04-23 08:00:00+00:00,1208.89538859629,2191.0,-982.1046114037099
2024-04-23 09:00:00+00:00,1352.965809170481,1997.0,-644.034190829519
2024-04-23 10:00:00+00:00,1415.8603492285656,2004.0,-588.1396507714344
2024-04-23 11:00:00+00:00,1733.695385785097,2201.0,-467.30461421490304
2024-04-23 12:00:00+00:00,1675.9351325069597,2474.0,-798.0648674930403
2024-04-23 13:00:00+00:00,1827.8032594564104,2512.0,-684.1967405435896
2024-04-23 14:00:00+00:00,2142.506206249439,2557.0,-414.49379375056105
2024-04-23 15:00:00+00:00,2439.038216169753,2873.0,-433.961783830247
2024-04-23 16:00:00+00:00,2627.96280446985,2648.0,-20.037195530149802
2024-04-23 17:00:00+00:00,2834.7914466521665,2716.0,118.79144665216654
2024-04-23 18:00:00+00:00,2897.319576039485,2687.0,210.31957603948513
2024-04-23 19:00:00+00:00,2940.973203521624,2639.0,301.9732035216239
2024-04-23 20:00:00+00:00,2840.8226623292508,2557.0,283.82266232925076
2024-04-23 21:00:00+00:00,2613.6065881119266,2402.0,211.6065881119266
2024-04-23 22:00:00+00:00,1887.6205578461072,2202.0,-314.3794421538928
2024-04-23 23:00:00+00:00,1952.9388001328005,1925.0,27.938800132800452
2024-04-24 00:00:00+00:00,2316.4523944055136,2234.0,82.45239440551359
2024-04-24 01:00:00+00:00,2375.632424048776,2431.0,-55.3675759512239
2024-04-24 02:00:00+00:00,2326.35356669901,2622.0,-295.6464333009899
2024-04-24 03:00:00+00:00,2238.253524245104,2522.0,-283.746475754896
2024-04-24 04:00:00+00:00,2014.4912327303084,2539.0,-524.5087672696916
2024-04-24 05:00:00+00:00,1855.125097114067,2384.0,-528.8749028859329
2024-04-24 06:00:00+00:00,1727.1955687504503,2328.0,-600.8044312495497
2024-04-24 07:00:00+00:00,1523.1180996772976,2102.0,-578.8819003227024
2024-04-24 08:00:00+00:00,1326.322859089419,2127.0,-800.6771409105811
2024-04-24 09:00:00+00:00,1268.4634097540725,1957.0,-688.5365902459275
2024-04-24 10:00:00+00:00,1093.9995848958536,1764.0,-670.0004151041464
2024-04-24 11:00:00+00:00,981.6834353150876,1481.0,-499.31656468491235
2024-04-24 12:00:00+00:00,597.1046014291443,1115.0,-517.8953985708557
2024-04-24 13:00:00+00:00,493.3569466350481,823.0,-329.6430533649519
2024-04-24 14:00:00+00:00,839.2897043645494,767.0,72.28970436454938
2024-04-24 15:00:00+00:00,962.6082905054008,723.0,239.60829050540076
2024-04-24 16:00:00+00:00,1048.8963397846214,780.0,268.89633978462143
2024-04-24 17:00:00+00:00,1089.519690703234,962.0,127.51969070323389
2024-04-24 18:00:00+00:00,1077.4514437905516,1290.0,-212.5485562094484
2024-04-24 19:00:00+00:00,1165.547182621608,1669.0,-503.45281737839196
2024-04-24 20:00:00+00:00,1384.2015680202371,1851.0,-466.7984319797629
2024-04-24 21:00:00+00:00,1917.587840099509,2158.0,-240.4121599004909
2024-04-24 22:00:00+00:00,1558.6629909807027,2400.0,-841.3370090192973
2024-04-24 23:00:00+00:00,1761.59187335551,2121.0,-359.40812664449004
2024-04-25 00:00:00+00:00,1862.3498961246544,2137.0,-274.6501038753456
2024-04-25 01:00:00+00:00,1931.2513349414216,2218.0,-286.74866505857835
2024-04-25 02:00:00+00:00,2032.2610979699389,2326.0,-293.7389020300611
2024-04-25 03:00:00+00:00,2070.202482443044,2331.0,-260.7975175569559
2024-04-25 04:00:00+00:00,2061.957778635361,2480.0,-418.04222136463886
2024-04-25 05:00:00+00:00,2053.0125192798832,2523.0,-469.98748072011676
2024-04-25 06:00:00+00:00,2097.6646631368626,2662.0,-564.3353368631374
2024-04-25 07:00:00+00:00,2092.115525373811,2718.0,-625.8844746261889
2024-04-25 08:00:00+00:00,2067.497198173067,2713.0,-645.5028018269331
2024-04-25 09:00:00+00:00,2024.2146318688183,2719.0,-694.7853681311817
2024-04-25 10:00:00+00:00,2036.116180607961,2716.0,-679.883819392039
2024-04-25 11:00:00+00:00,2052.2447573615464,2613.0,-560.7552426384536
2024-04-25 12:00:00+00:00,2029.6308172203524,2557.0,-527.3691827796476
2024-04-25 13:00:00+00:00,1952.470678191896,2478.0,-525.529321808104
2024-04-25 14:00:00+00:00,1906.571385264596,2441.0,-534.4286147354039
2024-04-25 15:00:00+00:00,1897.8306278067269,2391.0,-493.16937219327315
2024-04-25 16:00:00+00:00,2019.7029407410173,2294.0,-274.2970592589827
2024-04-25 17:00:00+00:00,2375.05803570702,2172.0,203.05803570701983
2024-04-25 18:00:00+00:00,2377.913377671088,2177.0,200.9133776710878
2024-04-25 19:00:00+00:00,2320.862093726602,1954.0,366.86209372660187
2024-04-25 20:00:00+00:00,2268.688677997282,1913.0,355.68867799728196
2024-04-25 21:00:00+00:00,2073.693061592931,1970.0,103.69306159293092
2024-04-25 22:00:00+00:00,1588.2737118622665,1868.0,-279.7262881377335
2024-04-25 23:00:00+00:00,1009.4224916816224,2032.0,-1022.5775083183776
2024-04-26 00:00:00+00:00,964.2835535494652,1881.0,-916.7164464505348
2024-04-26 01:00:00+00:00,769.972405459784,1840.0,-1070.027594540216
2024-04-26 02:00:00+00:00,659.5022868110377,1784.0,-1124.4977131889623
2024-04-26 03:00:00+00:00,552.3775382699371,1847.0,-1294.622461730063
2024-04-26 04:00:00+00:00,493.43395509968826,1719.0,-1225.5660449003117
2024-04-26 05:00:00+00:00,395.2086354628351,1474.0,-1078.791364537165
2024-04-26 06:00:00+00:00,304.781294373264,1228.0,-923.218705626736
2024-04-26 07:00:00+00:00,229.08375587060803,970.0,-740.916244129392
2024-04-26 08:00:00+00:00,201.7879677917855,838.0,-636.2120322082145
2024-04-26 09:00:00+00:00,209.09528622377772,734.0,-524.9047137762223
2024-04-26 10:00:00+00:00,280.2727440923506,692.0,-411.7272559076494
2024-04-26 11:00:00+00:00,142.3749425164157,575.0,-432.6250574835843
2024-04-26 12:00:00+00:00,267.93894831261326,527.0,-259.06105168738674
2024-04-26 13:00:00+00:00,286.3976630576391,684.0,-397.6023369423609
2024-04-26 14:00:00+00:00,311.5254765077794,935.0,-623.4745234922207
2024-04-26 15:00:00+00:00,332.3219058964851,919.0,-586.6780941035149
2024-04-26 16:00:00+00:00,336.22189350370644,968.0,-631.7781064962935
2024-04-26 17:00:00+00:00,321.5045972948732,1096.0,-774.4954027051268
2024-04-26 18:00:00+00:00,314.4239179885774,1052.0,-737.5760820114226
2024-04-26 19:00:00+00:00,331.22845873547635,972.0,-640.7715412645236
2024-04-26 20:00:00+00:00,356.6397527514715,952.0,-595.3602472485285
2024-04-26 21:00:00+00:00,293.16563897922583,780.0,-486.83436102077417
2024-04-26 22:00:00+00:00,119.27755541437708,684.0,-564.722444585623
2024-04-26 23:00:00+00:00,95.14166686295776,388.0,-292.8583331370422
2024-04-27 00:00:00+00:00,110.87375330307913,227.0,-116.12624669692087
2024-04-27 01:00:00+00:00,163.8985582894032,165.0,-1.101441710596788
2024-04-27 02:00:00+00:00,189.83237363470448,213.0,-23.16762636529552
2024-04-27 03:00:00+00:00,162.95942073990904,241.0,-78.04057926009096
2024-04-27 04:00:00+00:00,165.26367539680274,283.0,-117.73632460319726
2024-04-27 05:00:00+00:00,182.4165798446149,381.0,-198.5834201553851
2024-04-27 06:00:00+00:00,163.76695826547578,424.0,-260.23304173452425
2024-04-27 07:00:00+00:00,154.206927061521,462.0,-307.793072938479
2024-04-27 08:00:00+00:00,129.6568323123781,383.0,-253.3431676876219
2024-04-27 09:00:00+00:00,122.06525876865004,336.0,-213.93474123134996
2024-04-27 10:00:00+00:00,89.288717978087,376.0,-286.711282021913
2024-04-27 11:00:00+00:00,141.29335960428483,326.0,-184.70664039571517
2024-04-27 12:00:00+00:00,115.14798015117718,205.0,-89.85201984882282
2024-04-27 13:00:00+00:00,42.98755231722136,151.0,-108.01244768277864
2024-04-27 14:00:00+00:00,103.94934091124696,123.0,-19.050659088753036
2024-04-27 15:00:00+00:00,162.093745597401,166.0,-3.9062544025989894
2024-04-27 16:00:00+00:00,185.6427638453609,237.0,-51.35723615463911
2024-04-27 17:00:00+00:00,207.0289529791609,261.0,-53.97104702083911
2024-04-27 18:00:00+00:00,221.16703434216288,246.0,-24.83296565783712
2024-04-27 19:00:00+00:00,234.3497314940278,332.0,-97.6502685059722
2024-04-27 20:00:00+00:00,246.60456575636383,388.0,-141.39543424363617
2024-04-27 21:00:00+00:00,266.40887787661075,377.0,-110.59112212338925
2024-04-27 22:00:00+00:00,234.5440618494302,451.0,-216.4559381505698
2024-04-27 23:00:00+00:00,466.6742715865263,612.0,-145.3257284134737
2024-04-28 00:00:00+00:00,740.9493029972637,1081.0,-340.05069700273634
2024-04-28 01:00:00+00:00,943.3190924002188,1386.0,-442.6809075997812
2024-04-28 02:00:00+00:00,1131.2645100596858,1900.0,-768.7354899403142
2024-04-28 03:00:00+00:00,1266.246547400444,2225.0,-958.7534525995561
2024-04-28 04:00:00+00:00,1244.5631742420187,2372.0,-1127.4368257579813
2024-04-28 05:00:00+00:00,1167.030805212046,2533.0,-1365.969194787954
2024-04-28 06:00:00+00:00,1195.6735374082364,2601.0,-1405.3264625917636
2024-04-28 07:00:00+00:00,1182.3367265053002,2559.0,-1376.6632734946998
2024-04-28 08:00:00+00:00,1189.6601912746785,2701.0,-1511.3398087253215
2024-04-28 09:00:00+00:00,1201.912905256284,2697.0,-1495.087094743716
2024-04-28 10:00:00+00:00,1200.7413921626378,2606.0,-1405.2586078373622
2024-04-28 11:00:00+00:00,1294.7898841384635,2469.0,-1174.2101158615365
2024-04-28 12:00:00+00:00,1174.3824612242768,2424.0,-1249.6175387757232
2024-04-28 13:00:00+00:00,1070.594410065132,2411.0,-1340.405589934868
2024-04-28 14:00:00+00:00,1040.6415727665044,2232.0,-1191.3584272334956
2024-04-28 15:00:00+00:00,1014.6970010322711,1909.0,-894.3029989677289
2024-04-28 16:00:00+00:00,926.523761152528,2019.0,-1092.476238847472
2024-04-28 17:00:00+00:00,926.8469843076753,1932.0,-1005.1530156923247
2024-04-28 18:00:00+00:00,1061.9138563890842,1408.0,-346.08614361091577
2024-04-28 19:00:00+00:00,935.5422535208644,1595.0,-659.4577464791356
2024-04-28 20:00:00+00:00,795.5587816371807,1720.0,-924.4412183628193
2024-04-28 21:00:00+00:00,753.0123130080497,1659.0,-905.9876869919503
2024-04-28 22:00:00+00:00,604.975846441629,1680.0,-1075.024153558371
2024-04-28 23:00:00+00:00,658.711337889275,1615.0,-956.288662110725
2024-04-29 00:00:00+00:00,659.5098236202001,1571.0,-911.4901763797999
2024-04-29 01:00:00+00:00,1004.27176785061,1861.0,-856.72823214939
2024-04-29 02:00:00+00:00,1201.486115465679,2067.0,-865.513884534321
2024-04-29 03:00:00+00:00,1174.3637258611166,1929.0,-754.6362741388834
2024-04-29 04:00:00+00:00,1331.1143429363965,1833.0,-501.8856570636035
2024-04-29 05:00:00+00:00,1473.0524889057072,1393.0,80.05248890570715
2024-04-29 06:00:00+00:00,1425.5182776113209,1557.0,-131.48172238867915
2024-04-29 07:00:00+00:00,1421.8792096771033,1588.0,-166.1207903228967
2024-04-29 08:00:00+00:00,1384.2484899377569,1723.0,-338.75151006224314
2024-04-29 09:00:00+00:00,1335.0698464656414,1768.0,-432.9301535343586
2024-04-29 10:00:00+00:00,983.2548672663723,1656.0,-672.7451327336277
2024-04-29 11:00:00+00:00,1067.1053595804974,1439.0,-371.8946404195026
2024-04-29 12:00:00+00:00,1135.2282846023563,1203.0,-67.77171539764367
2024-04-29 13:00:00+00:00,995.7668524026692,1100.0,-104.2331475973308
2024-04-29 14:00:00+00:00,908.2189397885576,1077.0,-168.78106021144242
2024-04-29 15:00:00+00:00,924.649925793058,1126.0,-201.35007420694205
2024-04-29 16:00:00+00:00,985.3413122061206,1102.0,-116.65868779387938
2024-04-29 17:00:00+00:00,1026.095573530931,1016.0,10.095573530931006
2024-04-29 18:00:00+00:00,1136.8786913347567,1056.0,80.8786913347567
2024-04-29 19:00:00+00:00,1227.7824065986274,1158.0,69.7824065986274
2024-04-29 20:00:00+00:00,1261.4245327091369,1201.0,60.424532709136884
2024-04-29 21:00:00+00:00,1178.8192500017935,1278.0,-99.18074999820647
2024-04-29 22:00:00+00:00,652.2535922550172,1325.0,-672.7464077449828
2024-04-29 23:00:00+00:00,657.2424405141621,1315.0,-657.7575594858379
2024-04-30 00:00:00+00:00,932.7687527619792,1266.0,-333.23124723802084
2024-04-30 01:00:00+00:00,1123.6138436823303,1455.0,-331.3861563176697
2024-04-30 02:00:00+00:00,1235.0407516721878,1709.0,-473.95924832781225
2024-04-30 03:00:00+00:00,1288.4127156434313,1707.0,-418.5872843565687
2024-04-30 04:00:00+00:00,1250.8219986414204,1725.0,-474.17800135857965
2024-04-30 05:00:00+00:00,1176.0707464178006,1956.0,-779.9292535821994
2024-04-30 06:00:00+00:00,1076.188416191372,1479.0,-402.81158380862803
2024-04-30 07:00:00+00:00,941.4982387668936,1737.0,-795.5017612331064
2024-04-30 08:00:00+00:00,864.058917691676,1739.0,-874.941082308324
2024-04-30 09:00:00+00:00,774.1649250410063,1622.0,-847.8350749589937
2024-04-30 10:00:00+00:00,666.5664365752125,1544.0,-877.4335634247875
2024-04-30 11:00:00+00:00,750.3092536625397,1455.0,-704.6907463374603
2024-04-30 12:00:00+00:00,707.2799093696135,1191.0,-483.7200906303865
2024-04-30 13:00:00+00:00,602.764667915623,916.0,-313.235332084377
2024-04-30 14:00:00+00:00,529.074304517372,847.0,-317.92569548262804
2024-04-30 15:00:00+00:00,445.8822439947377,699.0,-253.11775600526232
2024-04-30 16:00:00+00:00,412.2068377864481,782.0,-369.7931622135519
2024-04-30 17:00:00+00:00,386.0898760532697,722.0,-335.9101239467303
2024-04-30 18:00:00+00:00,394.5494697519959,845.0,-450.4505302480041
2024-04-30 19:00:00+00:00,416.8778815813362,790.0,-373.1221184186638
2024-04-30 20:00:00+00:00,415.62209588428425,680.0,-264.37790411571575
2024-04-30 21:00:00+00:00,423.3051927157676,678.0,-254.6948072842324
2024-04-30 22:00:00+00:00,444.6161902873949,621.0,-176.3838097126051
2024-04-30 23:00:00+00:00,424.11590083716607,536.0,-111.88409916283393
2024-05-01 00:00:00+00:00,371.9570656373187,634.0,-262.0429343626813
2024-05-01 01:00:00+00:00,319.318624278711,664.0,-344.681375721289
2024-05-01 02:00:00+00:00,274.6339701060177,621.0,-346.3660298939823
2024-05-01 03:00:00+00:00,273.7939410515791,571.0,-297.2060589484209
2024-05-01 04:00:00+00:00,284.4423988222792,592.0,-307.5576011777208
2024-05-01 05:00:00+00:00,256.39523233443924,686.0,-429.60476766556076
2024-05-01 06:00:00+00:00,204.45773664856247,586.0,-381.54226335143755
2024-05-01 07:00:00+00:00,187.8779778252295,589.0,-401.1220221747705
2024-05-01 08:00:00+00:00,173.33870792946792,434.0,-260.6612920705321
2024-05-01 09:00:00+00:00,199.45062320496004,338.0,-138.54937679503996
2024-05-01 10:00:00+00:00,248.63620867047624,426.0,-177.36379132952376
2024-05-01 11:00:00+00:00,117.21984298019296,306.0,-188.78015701980704
2024-05-01 12:00:00+00:00,46.90495267368416,148.0,-101.09504732631584
2024-05-01 13:00:00+00:00,35.70919091641917,115.0,-79.29080908358083
2024-05-01 14:00:00+00:00,18.656319582439323,115.0,-96.34368041756068
2024-05-01 15:00:00+00:00,18.12444690114433,109.0,-90.87555309885568
2024-05-01 16:00:00+00:00,19.473299900700763,126.0,-106.52670009929923
2024-05-01 17:00:00+00:00,18.15111817801316,115.0,-96.84888182198684
2024-05-01 18:00:00+00:00,19.455025271694755,72.0,-52.54497472830525
2024-05-01 19:00:00+00:00,22.35610412188501,66.0,-43.64389587811499
2024-05-01 20:00:00+00:00,30.14695582046968,76.0,-45.853044179530315
2024-05-01 21:00:00+00:00,53.54671032390197,94.0,-40.45328967609803
2024-05-01 22:00:00+00:00,107.3617521120354,129.0,-21.638247887964596
2024-05-01 23:00:00+00:00,180.40156454858808,137.0,43.401564548588084
2024-05-02 00:00:00+00:00,264.86677196930924,173.0,91.86677196930924
2024-05-02 01:00:00+00:00,301.3977653549661,249.0,52.39776535496611
2024-05-02 02:00:00+00:00,246.4979424812964,253.0,-6.5020575187035945
2024-05-02 03:00:00+00:00,196.41129628271645,324.0,-127.58870371728355
2024-05-02 04:00:00+00:00,197.2785600514297,384.0,-186.7214399485703
2024-05-02 05:00:00+00:00,211.9462407383952,465.0,-253.0537592616048
2024-05-02 06:00:00+00:00,230.7287442351137,434.0,-203.2712557648863
2024-05-02 07:00:00+00:00,267.6293693651508,458.0,-190.3706306348492
2024-05-02 08:00:00+00:00,291.8330941595896,559.0,-267.1669058404104
2024-05-02 09:00:00+00:00,260.48641842959813,595.0,-334.51358157040187
2024-05-02 10:00:00+00:00,201.73921945838276,598.0,-396.26078054161724
2024-05-02 11:00:00+00:00,196.46063057660567,726.0,-529.5393694233943
2024-05-02 12:00:00+00:00,136.51004730946678,536.0,-399.4899526905332
2024-05-02 13:00:00+00:00,100.82452435160177,476.0,-375.1754756483982
2024-05-02 14:00:00+00:00,130.2381016554966,406.0,-275.7618983445034
2024-05-02 15:00:00+00:00,159.34609187306313,346.0,-186.65390812693687
2024-05-02 16:00:00+00:00,191.01900468043524,397.0,-205.98099531956476
2024-05-02 17:00:00+00:00,272.0625155501973,512.0,-239.9374844498027
2024-05-02 18:00:00+00:00,331.03081224641005,581.0,-249.96918775358995
2024-05-02 19:00:00+00:00,353.268672630258,646.0,-292.731327369742
2024-05-02 20:00:00+00:00,421.3095330883228,664.0,-242.69046691167722
2024-05-02 21:00:00+00:00,480.9022914316659,608.0,-127.0977085683341
2024-05-02 22:00:00+00:00,288.89600558143525,550.0,-261.10399441856475
2024-05-02 23:00:00+00:00,373.20994157434455,508.0,-134.79005842565545
2024-05-03 00:00:00+00:00,461.071353910247,555.0,-93.92864608975299
2024-05-03 01:00:00+00:00,436.2453385377339,776.0,-339.7546614622661
2024-05-03 02:00:00+00:00,428.1160466974859,847.0,-418.8839533025141
2024-05-03 03:00:00+00:00,364.1106783313958,840.0,-475.8893216686042
2024-05-03 04:00:00+00:00,282.53578719575324,784.0,-501.46421280424676
2024-05-03 05:00:00+00:00,259.31889963225586,639.0,-379.68110036774414
2024-05-03 06:00:00+00:00,252.9691262950713,439.0,-186.0308737049287
2024-05-03 07:00:00+00:00,259.81943420844146,331.0,-71.18056579155854
2024-05-03 08:00:00+00:00,274.9126406034963,318.0,-43.0873593965037
2024-05-03 09:00:00+00:00,266.26887619997285,351.0,-84.73112380002715
2024-05-03 10:00:00+00:00,189.14420217831653,396.0,-206.85579782168347
2024-05-03 11:00:00+00:00,148.265677449329,440.0,-291.734322550671
2024-05-03 12:00:00+00:00,107.4219074185128,408.0,-300.5780925814872
2024-05-03 13:00:00+00:00,117.25543782471556,415.0,-297.74456217528444
2024-05-03 14:00:00+00:00,150.4335309233368,392.0,-241.5664690766632
2024-05-03 15:00:00+00:00,168.458915868934,357.0,-188.541084131066
2024-05-03 16:00:00+00:00,179.3350931392233,425.0,-245.6649068607767
2024-05-03 17:00:00+00:00,192.27939029314896,505.0,-312.72060970685106
2024-05-03 18:00:00+00:00,217.47246987882104,543.0,-325.527530121179
2024-05-03 19:00:00+00:00,237.4079389582192,665.0,-427.59206104178077
2024-05-03 20:00:00+00:00,268.3563875359184,648.0,-379.6436124640816
2024-05-03 21:00:00+00:00,309.0799285626648,597.0,-287.9200714373352
2024-05-03 22:00:00+00:00,335.0244274575612,656.0,-320.9755725424388
2024-05-03 23:00:00+00:00,531.2600582296475,660.0,-128.73994177035252
2024-05-04 00:00:00+00:00,785.0209469535445,757.0,28.020946953544467
2024-05-04 01:00:00+00:00,913.573614715722,948.0,-34.42638528427801
2024-05-04 02:00:00+00:00,850.1402238898845,1102.0,-251.8597761101155
2024-05-04 03:00:00+00:00,742.3171995168303,1160.0,-417.6828004831697
2024-05-04 04:00:00+00:00,673.7122320239405,1259.0,-585.2877679760595
2024-05-04 05:00:00+00:00,620.42612718289,1273.0,-652.57387281711
2024-05-04 06:00:00+00:00,538.4406004920329,1111.0,-572.5593995079671
2024-05-04 07:00:00+00:00,462.71719412998345,1056.0,-593.2828058700165
2024-05-04 08:00:00+00:00,397.598646295663,943.0,-545.401353704337
2024-05-04 09:00:00+00:00,386.84273266872,920.0,-533.1572673312801
2024-05-04 10:00:00+00:00,308.71273209335334,873.0,-564.2872679066467
2024-05-04 11:00:00+00:00,302.0679385592076,730.0,-427.9320614407924
2024-05-04 12:00:00+00:00,247.7861684029134,457.0,-209.2138315970866
2024-05-04 13:00:00+00:00,198.45646522264607,305.0,-106.54353477735393
2024-05-04 14:00:00+00:00,174.28360357155904,211.0,-36.71639642844096
2024-05-04 15:00:00+00:00,160.61771720147053,139.0,21.617717201470526
2024-05-04 16:00:00+00:00,157.7874102780593,156.0,1.7874102780592978
2024-05-04 17:00:00+00:00,183.4122375637489,191.0,-7.587762436251097
2024-05-04 18:00:00+00:00,149.5302799005254,147.0,2.530279900525386
2024-05-04 19:00:00+00:00,120.17854245736687,148.0,-27.821457542633127
2024-05-04 20:00:00+00:00,119.75111834107167,230.0,-110.24888165892833
2024-05-04 21:00:00+00:00,127.9600849015244,253.0,-125.0399150984756
2024-05-04 22:00:00+00:00,157.60127792112144,256.0,-98.39872207887856
2024-05-04 23:00:00+00:00,270.8287413432452,311.0,-40.17125865675479
2024-05-05 00:00:00+00:00,460.9512810981079,509.0,-48.04871890189207
2024-05-05 01:00:00+00:00,611.5000475572863,663.0,-51.49995244271372
2024-05-05 02:00:00+00:00,711.0304131915304,963.0,-251.96958680846956
2024-05-05 03:00:00+00:00,736.5554987686266,1176.0,-439.44450123137335
2024-05-05 04:00:00+00:00,717.2075641351944,1397.0,-679.7924358648056
2024-05-05 05:00:00+00:00,732.2379732479769,1247.0,-514.7620267520231
2024-05-05 06:00:00+00:00,714.9013374016042,1199.0,-484.0986625983958
2024-05-05 07:00:00+00:00,708.980985396189,1177.0,-468.019014603811
2024-05-05 08:00:00+00:00,700.0875749480858,1121.0,-420.91242505191417
2024-05-05 09:00:00+00:00,713.5987088314328,1147.0,-433.40129116856724
2024-05-05 10:00:00+00:00,623.5191107055607,1111.0,-487.4808892944393
2024-05-05 11:00:00+00:00,639.77171210295,953.0,-313.22828789705
2024-05-05 12:00:00+00:00,549.621617966047,838.0,-288.378382033953
2024-05-05 13:00:00+00:00,638.4666777930288,894.0,-255.5333222069712
2024-05-05 14:00:00+00:00,732.6180300875246,929.0,-196.38196991247537
2024-05-05 15:00:00+00:00,906.0906742477658,1258.0,-351.90932575223417
2024-05-05 16:00:00+00:00,1060.841355309015,1567.0,-506.15864469098506
2024-05-05 17:00:00+00:00,1265.427472531405,1914.0,-648.5725274685949
2024-05-05 18:00:00+00:00,1689.122056333341,1887.0,-197.8779436666589
2024-05-05 19:00:00+00:00,1751.080412775265,2265.0,-513.9195872247351
2024-05-05 20:00:00+00:00,1619.066691803718,2382.0,-762.933308196282
2024-05-05 21:00:00+00:00,1514.1579939160054,2269.0,-754.8420060839946
2024-05-05 22:00:00+00:00,1138.0165648561967,2151.0,-1012.9834351438033
2024-05-05 23:00:00+00:00,1224.4200136332856,2187.0,-962.5799863667144
2024-05-06 00:00:00+00:00,1208.243985910531,2300.0,-1091.756014089469
2024-05-06 01:00:00+00:00,1193.887610366623,2251.0,-1057.112389633377
2024-05-06 02:00:00+00:00,1157.1716041749792,2348.0,-1190.8283958250208
2024-05-06 03:00:00+00:00,1128.4346795379786,2251.0,-1122.5653204620214
2024-05-06 04:00:00+00:00,1111.7426883736214,1887.0,-775.2573116263786
2024-05-06 05:00:00+00:00,1044.1857918629155,1667.0,-622.8142081370845
2024-05-06 06:00:00+00:00,910.1619498868782,1438.0,-527.8380501131218
2024-05-06 07:00:00+00:00,759.6280125454864,1170.0,-410.3719874545136
2024-05-06 08:00:00+00:00,685.101892890987,970.0,-284.89810710901304
2024-05-06 09:00:00+00:00,639.5782147993649,901.0,-261.4217852006351
2024-05-06 10:00:00+00:00,344.2147749818289,770.0,-425.7852250181711
2024-05-06 11:00:00+00:00,360.2574844091569,686.0,-325.7425155908431
2024-05-06 12:00:00+00:00,370.3850067305378,550.0,-179.61499326946222
2024-05-06 13:00:00+00:00,374.2095469602468,417.0,-42.790453039753174
2024-05-06 14:00:00+00:00,362.8488718151987,484.0,-121.15112818480128
2024-05-06 15:00:00+00:00,331.5822501524644,538.0,-206.41774984753562
2024-05-06 16:00:00+00:00,361.54263366749046,737.0,-375.45736633250954
2024-05-06 17:00:00+00:00,504.8882625867285,995.0,-490.1117374132715
2024-05-06 18:00:00+00:00,635.117354225749,1170.0,-534.882645774251
2024-05-06 19:00:00+00:00,815.1975587621828,1308.0,-492.8024412378172
2024-05-06 20:00:00+00:00,940.4191274524918,1459.0,-518.5808725475082
2024-05-06 21:00:00+00:00,973.5428583051612,1522.0,-548.4571416948388
2024-05-06 22:00:00+00:00,1011.7043661784336,1514.0,-502.2956338215664
2024-05-06 23:00:00+00:00,1103.8200051533015,1704.0,-600.1799948466985
2024-05-07 00:00:00+00:00,1287.4299212660178,1948.0,-660.5700787339822
2024-05-07 01:00:00+00:00,1249.7746491676032,2332.0,-1082.2253508323968
2024-05-07 02:00:00+00:00,1024.0692925577962,2073.0,-1048.9307074422038
2024-05-07 03:00:00+00:00,973.48677082707,2170.0,-1196.51322917293
2024-05-07 04:00:00+00:00,912.8949302388048,2112.0,-1199.1050697611952
2024-05-07 05:00:00+00:00,950.8618992927728,2324.0,-1373.1381007072273
2024-05-07 06:00:00+00:00,964.1385475717248,2182.0,-1217.8614524282752
2024-05-07 07:00:00+00:00,949.9178090067946,2217.0,-1267.0821909932054
2024-05-07 08:00:00+00:00,877.9782786250571,2157.0,-1279.021721374943
2024-05-07 09:00:00+00:00,811.9034424320402,2048.0,-1236.0965575679597
2024-05-07 10:00:00+00:00,638.2914542685478,2021.0,-1382.7085457314522
2024-05-07 11:00:00+00:00,575.9029631259251,2119.0,-1543.097036874075
2024-05-07 12:00:00+00:00,991.6710896199164,2092.0,-1100.3289103800835
2024-05-07 13:00:00+00:00,1086.0793123841509,2100.0,-1013.9206876158491
2024-05-07 14:00:00+00:00,1360.0536164383795,2037.0,-676.9463835616205
2024-05-07 15:00:00+00:00,1606.8029572335015,2063.0,-456.1970427664985
2024-05-07 16:00:00+00:00,1760.3770389033216,2155.0,-394.6229610966784
2024-05-07 17:00:00+00:00,1830.3398800103744,2181.0,-350.6601199896256
2024-05-07 18:00:00+00:00,1901.1708863059343,2127.0,-225.82911369406565
2024-05-07 19:00:00+00:00,1907.7684106605327,2187.0,-279.2315893394673
2024-05-07 20:00:00+00:00,1787.0558259034692,2156.0,-368.9441740965308
2024-05-07 21:00:00+00:00,1431.876185789618,2015.0,-583.1238142103821
2024-05-07 22:00:00+00:00,1062.1891383447742,1896.0,-833.8108616552258
2024-05-07 23:00:00+00:00,755.5224224609711,1504.0,-748.4775775390289
2024-05-08 00:00:00+00:00,748.334234160413,1173.0,-424.66576583958704
2024-05-08 01:00:00+00:00,715.6143610866119,1219.0,-503.3856389133881
2024-05-08 02:00:00+00:00,639.6934290154585,1466.0,-826.3065709845415
2024-05-08 03:00:00+00:00,628.4182691150704,1345.0,-716.5817308849296
2024-05-08 04:00:00+00:00,657.8134576839165,1307.0,-649.1865423160835
2024-05-08 05:00:00+00:00,743.5036367733107,1132.0,-388.49636322668925
2024-05-08 06:00:00+00:00,712.3295851654628,869.0,-156.67041483453716
2024-05-08 07:00:00+00:00,581.1197752153228,696.0,-114.88022478467724
2024-05-08 08:00:00+00:00,402.41776611351423,728.0,-325.58223388648577
2024-05-08 09:00:00+00:00,337.3721011755076,689.0,-351.6278988244924
2024-05-08 10:00:00+00:00,248.55231777219944,674.0,-425.44768222780056
2024-05-08 11:00:00+00:00,175.33489287048366,533.0,-357.66510712951634
2024-05-08 12:00:00+00:00,95.0193673594516,546.0,-450.9806326405484
2024-05-08 13:00:00+00:00,121.50079715232872,421.0,-299.4992028476713
2024-05-08 14:00:00+00:00,153.536527414897,409.0,-255.463472585103
2024-05-08 15:00:00+00:00,170.46200586491466,521.0,-350.53799413508534
2024-05-08 16:00:00+00:00,128.75432354899084,630.0,-501.24567645100916
2024-05-08 17:00:00+00:00,109.11558990158908,661.0,-551.884410098411
2024-05-08 18:00:00+00:00,167.71738677537851,527.0,-359.2826132246215
2024-05-08 19:00:00+00:00,275.7185603558085,509.0,-233.2814396441915
2024-05-08 20:00:00+00:00,261.190634148944,759.0,-497.809365851056
2024-05-08 21:00:00+00:00,306.86998841474394,722.0,-415.13001158525606
2024-05-08 22:00:00+00:00,456.9489912184661,909.0,-452.0510087815339
2024-05-08 23:00:00+00:00,653.230027880843,990.0,-336.76997211915705
2024-05-09 00:00:00+00:00,805.2757484932373,1155.0,-349.7242515067627
2024-05-09 01:00:00+00:00,861.6697592097801,1234.0,-372.33024079021993
2024-05-09 02:00:00+00:00,748.5758190941868,1323.0,-574.4241809058132
2024-05-09 03:00:00+00:00,669.1507192366887,1257.0,-587.8492807633113
2024-05-09 04:00:00+00:00,600.1416278772505,1179.0,-578.8583721227495
2024-05-09 05:00:00+00:00,549.4023591910483,972.0,-422.5976408089517
2024-05-09 06:00:00+00:00,516.4714585522668,921.0,-404.52854144773323
2024-05-09 07:00:00+00:00,515.0348935757667,918.0,-402.96510642423334
2024-05-09 08:00:00+00:00,486.55394571669433,823.0,-336.44605428330567
2024-05-09 09:00:00+00:00,455.3815469123472,750.0,-294.6184530876528
2024-05-09 10:00:00+00:00,425.9121713705682,718.0,-292.0878286294318
2024-05-09 11:00:00+00:00,376.7578294626482,566.0,-189.2421705373518
2024-05-09 12:00:00+00:00,451.31011121907113,445.0,6.310111219071132
2024-05-09 13:00:00+00:00,498.09248762179806,462.0,36.09248762179806
2024-05-09 14:00:00+00:00,651.8014156932719,403.0,248.8014156932719
2024-05-09 15:00:00+00:00,544.4584826644647,380.0,164.45848266446467
2024-05-09 16:00:00+00:00,483.0184906077714,351.0,132.0184906077714
2024-05-09 17:00:00+00:00,360.4964948326436,411.0,-50.50350516735642
2024-05-09 18:00:00+00:00,289.47382907276426,368.0,-78.52617092723574
2024-05-09 19:00:00+00:00,239.0775122710644,313.0,-73.92248772893561
2024-05-09 20:00:00+00:00,195.12002676560348,368.0,-172.87997323439652
2024-05-09 21:00:00+00:00,184.10530015634177,493.0,-308.89469984365826
2024-05-09 22:00:00+00:00,113.77805095687012,387.0,-273.2219490431299
2024-05-09 23:00:00+00:00,106.38009538256088,305.0,-198.61990461743912
2024-05-10 00:00:00+00:00,245.1829545475871,277.0,-31.817045452412913
2024-05-10 01:00:00+00:00,384.5221048247754,368.0,16.522104824775397
2024-05-10 02:00:00+00:00,362.6401982440967,377.0,-14.359801755903277
2024-05-10 03:00:00+00:00,308.48533826570457,286.0,22.48533826570457
2024-05-10 04:00:00+00:00,281.7576397093917,224.0,57.7576397093917
2024-05-10 05:00:00+00:00,240.5387691294274,212.0,28.538769129427408
2024-05-10 06:00:00+00:00,191.1753599614572,227.0,-35.82464003854281
2024-05-10 07:00:00+00:00,166.27376698916723,284.0,-117.72623301083277
2024-05-10 08:00:00+00:00,137.39077732460137,332.0,-194.60922267539863
2024-05-10 09:00:00+00:00,106.60930739280047,314.0,-207.39069260719953
2024-05-10 10:00:00+00:00,75.17711907637766,323.0,-247.82288092362234
2024-05-10 11:00:00+00:00,73.18813580087311,214.0,-140.8118641991269
2024-05-10 12:00:00+00:00,25.86733023525811,136.0,-110.13266976474189
2024-05-10 13:00:00+00:00,63.22042350822643,192.0,-128.77957649177358
2024-05-10 14:00:00+00:00,137.13981260329615,217.0,-79.86018739670385
2024-05-10 15:00:00+00:00,183.479694645706,236.0,-52.52030535429401
2024-05-10 16:00:00+00:00,157.6873255279334,203.0,-45.31267447206659
2024-05-10 17:00:00+00:00,143.04988052491854,221.0,-77.95011947508146
2024-05-10 18:00:00+00:00,127.044362611316,193.0,-65.955637388684
2024-05-10 19:00:00+00:00,106.81098120961325,176.0,-69.18901879038675
2024-05-10 20:00:00+00:00,89.64330243767532,175.0,-85.35669756232468
2024-05-10 21:00:00+00:00,75.03786752294812,149.0,-73.96213247705188
2024-05-10 22:00:00+00:00,36.15239424400519,187.0,-150.8476057559948
2024-05-10 23:00:00+00:00,84.59039072809959,229.0,-144.40960927190042
2024-05-11 00:00:00+00:00,162.12405747621017,369.0,-206.87594252378983
2024-05-11 01:00:00+00:00,281.6990507911569,651.0,-369.3009492088431
2024-05-11 02:00:00+00:00,458.3198989614882,803.0,-344.6801010385118
2024-05-11 03:00:00+00:00,590.8697881898964,870.0,-279.13021181010356
2024-05-11 04:00:00+00:00,629.5153307113917,769.0,-139.4846692886083
2024-05-11 05:00:00+00:00,517.9065596149519,738.0,-220.0934403850481
2024-05-11 06:00:00+00:00,432.7546082775697,616.0,-183.24539172243033
2024-05-11 07:00:00+00:00,353.7765738839115,484.0,-130.2234261160885
2024-05-11 08:00:00+00:00,336.47820499948244,444.0,-107.52179500051756
2024-05-11 09:00:00+00:00,357.0438074091353,472.0,-114.9561925908647
2024-05-11 10:00:00+00:00,350.4315732864666,441.0,-90.56842671353343
2024-05-11 11:00:00+00:00,245.13662299338296,277.0,-31.863377006617043
2024-05-11 12:00:00+00:00,80.1222205214327,82.0,-1.8777794785673052
2024-05-11 13:00:00+00:00,62.95999009480336,80.0,-17.04000990519664
2024-05-11 14:00:00+00:00,57.47540912285689,88.0,-30.524590877143112
2024-05-11 15:00:00+00:00,99.13477459242308,139.0,-39.865225407576915
2024-05-11 16:00:00+00:00,148.33812102994116,136.0,12.338121029941163
2024-05-11 17:00:00+00:00,138.42471682977157,181.0,-42.57528317022843
2024-05-11 18:00:00+00:00,144.98614239369252,249.0,-104.01385760630748
2024-05-11 19:00:00+00:00,168.70996559672167,308.0,-139.29003440327833
2024-05-11 20:00:00+00:00,198.54806327681985,371.0,-172.45193672318015
2024-05-11 21:00:00+00:00,221.2888155019332,435.0,-213.7111844980668
2024-05-11 22:00:00+00:00,135.82103720992876,443.0,-307.17896279007124
2024-05-11 23:00:00+00:00,239.5229141756589,386.0,-146.4770858243411
2024-05-12 00:00:00+00:00,431.6780147531053,555.0,-123.32198524689471
2024-05-12 01:00:00+00:00,600.4176025043215,721.0,-120.58239749567849
2024-05-12 02:00:00+00:00,664.1454751713452,737.0,-72.8545248286548
2024-05-12 03:00:00+00:00,598.9516687626025,868.0,-269.0483312373975
2024-05-12 04:00:00+00:00,486.0060923447269,812.0,-325.9939076552731
2024-05-12 05:00:00+00:00,476.8228776726455,627.0,-150.17712232735448
2024-05-12 06:00:00+00:00,419.54446021292046,532.0,-112.45553978707954
2024-05-12 07:00:00+00:00,332.15318870589584,437.0,-104.84681129410416
2024-05-12 08:00:00+00:00,269.0059264966754,345.0,-75.99407350332461
2024-05-12 09:00:00+00:00,222.88889271417267,237.0,-14.11110728582733
2024-05-12 10:00:00+00:00,161.04461308393874,201.0,-39.95538691606126
2024-05-12 11:00:00+00:00,81.09985228313627,93.0,-11.900147716863728
2024-05-12 12:00:00+00:00,36.29274818749639,52.0,-15.707251812503607
2024-05-12 13:00:00+00:00,19.37812408435372,62.0,-42.621875915646285
2024-05-12 14:00:00+00:00,25.41714103113685,116.0,-90.58285896886315
2024-05-12 15:00:00+00:00,48.80598710152788,167.0,-118.19401289847212
2024-05-12 16:00:00+00:00,69.01328997228447,193.0,-123.98671002771553
2024-05-12 17:00:00+00:00,64.13390966054862,190.0,-125.86609033945138
2024-05-12 18:00:00+00:00,53.975587936804224,222.0,-168.02441206319577
2024-05-12 19:00:00+00:00,41.60196403411179,247.0,-205.3980359658882
2024-05-12 20:00:00+00:00,58.42378256746906,231.0,-172.57621743253094
2024-05-12 21:00:00+00:00,66.43603739140987,205.0,-138.56396260859015
2024-05-12 22:00:00+00:00,109.04428331324677,166.0,-56.955716686753235
2024-05-12 23:00:00+00:00,153.2805786214842,134.0,19.28057862148421
2024-05-13 00:00:00+00:00,217.5427325997161,162.0,55.54273259971609
2024-05-13 01:00:00+00:00,286.9915584337553,192.0,94.9915584337553
2024-05-13 02:00:00+00:00,225.1602820611236,216.0,9.16028206112361
2024-05-13 03:00:00+00:00,170.7511829904826,267.0,-96.24881700951741
2024-05-13 04:00:00+00:00,172.23991590596515,379.0,-206.76008409403485
2024-05-13 05:00:00+00:00,219.5558832583506,402.0,-182.4441167416494
2024-05-13 06:00:00+00:00,235.74237254713995,385.0,-149.25762745286005
2024-05-13 07:00:00+00:00,200.17990781991568,412.0,-211.82009218008432
2024-05-13 08:00:00+00:00,176.06205495441915,421.0,-244.93794504558085
2024-05-13 09:00:00+00:00,169.33255583442875,362.0,-192.66744416557125
2024-05-13 10:00:00+00:00,186.5897996668565,282.0,-95.41020033314351
2024-05-13 11:00:00+00:00,168.1376434728996,180.0,-11.862356527100388
2024-05-13 12:00:00+00:00,88.9743365625097,102.0,-13.025663437490294
2024-05-13 13:00:00+00:00,110.10470557209148,120.0,-9.895294427908524
2024-05-13 14:00:00+00:00,161.42565971081177,180.0,-18.57434028918823
2024-05-13 15:00:00+00:00,201.74688912429545,251.0,-49.25311087570455
2024-05-13 16:00:00+00:00,226.71892791427683,348.0,-121.28107208572317
2024-05-13 17:00:00+00:00,256.99700919847805,383.0,-126.00299080152195
2024-05-13 18:00:00+00:00,335.90875353499297,424.0,-88.09124646500703
2024-05-13 19:00:00+00:00,351.4137877987705,488.0,-136.5862122012295
2024-05-13 20:00:00+00:00,310.6842471288191,507.0,-196.3157528711809
2024-05-13 21:00:00+00:00,315.87931326441804,491.0,-175.12068673558196
2024-05-13 22:00:00+00:00,235.14246374010335,604.0,-368.8575362598966
2024-05-13 23:00:00+00:00,310.62665241517954,586.0,-275.37334758482046
2024-05-14 00:00:00+00:00,472.447316552353,821.0,-348.552683447647
2024-05-14 01:00:00+00:00,743.6814480751467,1143.0,-399.3185519248533
2024-05-14 02:00:00+00:00,956.2382399562993,1553.0,-596.7617600437007
2024-05-14 03:00:00+00:00,1106.65097036232,1767.0,-660.3490296376799
2024-05-14 04:00:00+00:00,1214.8244793831016,1749.0,-534.1755206168984
2024-05-14 05:00:00+00:00,1209.135409366417,1798.0,-588.864590633583
2024-05-14 06:00:00+00:00,1112.7035606684256,1851.0,-738.2964393315744
2024-05-14 07:00:00+00:00,1080.598627951125,1823.0,-742.4013720488749
2024-05-14 08:00:00+00:00,999.651575809712,1784.0,-784.348424190288
2024-05-14 09:00:00+00:00,925.6889425675708,1687.0,-761.3110574324292
2024-05-14 10:00:00+00:00,817.4366363108843,1617.0,-799.5633636891157
2024-05-14 11:00:00+00:00,848.1080470676212,1589.0,-740.8919529323788
2024-05-14 12:00:00+00:00,710.2400109541912,1530.0,-819.7599890458088
2024-05-14 13:00:00+00:00,735.5976774700155,1583.0,-847.4023225299845
2024-05-14 14:00:00+00:00,760.860905010935,1669.0,-908.139094989065
2024-05-14 15:00:00+00:00,836.105542699225,1716.0,-879.894457300775
2024-05-14 16:00:00+00:00,833.4324137328565,1704.0,-870.5675862671435
2024-05-14 17:00:00+00:00,721.7065470221403,1557.0,-835.2934529778597
2024-05-14 18:00:00+00:00,761.7309538275573,1109.0,-347.2690461724427
2024-05-14 19:00:00+00:00,673.573542864114,1287.0,-613.426457135886
2024-05-14 20:00:00+00:00,537.3959586175298,1179.0,-641.6040413824702
2024-05-14 21:00:00+00:00,399.1193789427305,1247.0,-847.8806210572695
2024-05-14 22:00:00+00:00,271.30689541572235,1350.0,-1078.6931045842775
2024-05-14 23:00:00+00:00,308.50735424870675,1245.0,-936.4926457512933
2024-05-15 00:00:00+00:00,386.8063748814517,1195.0,-808.1936251185483
2024-05-15 01:00:00+00:00,473.0324614163524,1252.0,-778.9675385836476
2024-05-15 02:00:00+00:00,498.6662424428097,1223.0,-724.3337575571903
2024-05-15 03:00:00+00:00,445.7801969666923,1233.0,-787.2198030333077
2024-05-15 04:00:00+00:00,334.5109749621035,1146.0,-811.4890250378965
2024-05-15 05:00:00+00:00,255.26669822222223,1031.0,-775.7333017777778
2024-05-15 06:00:00+00:00,194.6540982378322,1018.0,-823.3459017621678
2024-05-15 07:00:00+00:00,149.75754467556442,849.0,-699.2424553244356
2024-05-15 08:00:00+00:00,125.77057527301444,742.0,-616.2294247269856
2024-05-15 09:00:00+00:00,148.80412018401842,555.0,-406.1958798159816
2024-05-15 10:00:00+00:00,145.05844094911734,531.0,-385.9415590508827
2024-05-15 11:00:00+00:00,94.56606803832156,367.0,-272.43393196167847
2024-05-15 12:00:00+00:00,77.09991863483822,186.0,-108.90008136516178
2024-05-15 13:00:00+00:00,56.204335212516185,59.0,-2.7956647874838154
2024-05-15 14:00:00+00:00,23.514217475084106,25.0,-1.4857825249158942
2024-05-15 15:00:00+00:00,15.607008353306949,14.0,1.6070083533069486
2024-05-15 16:00:00+00:00,14.139829734898424,28.0,-13.860170265101576
2024-05-15 17:00:00+00:00,15.646750450856686,49.0,-33.353249549143314
2024-05-15 18:00:00+00:00,20.23566355542581,45.0,-24.76433644457419
2024-05-15 19:00:00+00:00,25.944007220399605,38.0,-12.055992779600395
2024-05-15 20:00:00+00:00,25.04359241337724,52.0,-26.95640758662276
2024-05-15 21:00:00+00:00,27.270223223656338,75.0,-47.72977677634366
2024-05-15 22:00:00+00:00,78.01580308714918,88.0,-9.98419691285082
2024-05-15 23:00:00+00:00,179.16657396323006,77.0,102.16657396323006
2024-05-16 00:00:00+00:00,340.0668004582029,80.0,260.0668004582029
2024-05-16 01:00:00+00:00,465.1988980639492,58.0,407.1988980639492
2024-05-16 02:00:00+00:00,404.7402655886245,74.0,330.7402655886245
2024-05-16 03:00:00+00:00,298.907525110052,93.0,205.907525110052
2024-05-16 04:00:00+00:00,246.90902767831452,100.0,146.90902767831452
2024-05-16 05:00:00+00:00,240.09350247546627,132.0,108.09350247546627
2024-05-16 06:00:00+00:00,271.5905896127019,154.0,117.59058961270188
2024-05-16 07:00:00+00:00,297.3325478989008,125.0,172.33254789890083
2024-05-16 08:00:00+00:00,355.9399091120942,171.0,184.9399091120942
2024-05-16 09:00:00+00:00,390.1022318222239,221.0,169.10223182222393
2024-05-16 10:00:00+00:00,288.1240151203063,212.0,76.1240151203063
2024-05-16 11:00:00+00:00,157.73412463719956,190.0,-32.26587536280044
2024-05-16 12:00:00+00:00,92.62067363749692,96.0,-3.379326362503079
2024-05-16 13:00:00+00:00,71.71776753110424,46.0,25.717767531104244
2024-05-16 14:00:00+00:00,57.36079441034049,21.0,36.36079441034049
2024-05-16 15:00:00+00:00,53.4262312706078,26.0,27.4262312706078
2024-05-16 16:00:00+00:00,53.59219381287064,40.0,13.59219381287064
2024-05-16 17:00:00+00:00,75.05200581084088,49.0,26.052005810840882
2024-05-16 18:00:00+00:00,72.42849509045928,102.0,-29.57150490954072
2024-05-16 19:00:00+00:00,58.37535989799189,121.0,-62.62464010200811
2024-05-16 20:00:00+00:00,36.57604383375815,119.0,-82.42395616624185
2024-05-16 21:00:00+00:00,30.336265556385342,113.0,-82.66373444361466
2024-05-16 22:00:00+00:00,22.60203490364389,83.0,-60.39796509635611
2024-05-16 23:00:00+00:00,24.700626823962956,59.0,-34.299373176037044
2024-05-17 00:00:00+00:00,53.57150910310594,71.0,-17.42849089689406
2024-05-17 01:00:00+00:00,93.32914619086888,112.0,-18.670853809131117
2024-05-17 02:00:00+00:00,125.64685073780484,177.0,-51.35314926219516
2024-05-17 03:00:00+00:00,119.42418520277874,226.0,-106.57581479722126
2024-05-17 04:00:00+00:00,152.575574789188,292.0,-139.424425210812
2024-05-17 05:00:00+00:00,220.6409731708488,331.0,-110.35902682915119
2024-05-17 06:00:00+00:00,204.24349530589228,292.0,-87.75650469410772
2024-05-17 07:00:00+00:00,192.04532556674917,242.0,-49.95467443325083
2024-05-17 08:00:00+00:00,171.28976384317926,215.0,-43.71023615682074
2024-05-17 09:00:00+00:00,167.254783876362,210.0,-42.74521612363799
2024-05-17 10:00:00+00:00,145.46381837663947,159.0,-13.536181623360534
2024-05-17 11:00:00+00:00,109.3056894899587,171.0,-61.694310510041305
2024-05-17 12:00:00+00:00,72.32297242785934,88.0,-15.67702757214066
2024-05-17 13:00:00+00:00,51.2933045138929,151.0,-99.7066954861071
2024-05-17 14:00:00+00:00,55.85347149845037,131.0,-75.14652850154962
2024-05-17 15:00:00+00:00,53.11676728321905,156.0,-102.88323271678095
2024-05-17 16:00:00+00:00,50.55979504644781,167.0,-116.44020495355218
2024-05-17 17:00:00+00:00,57.810030809926495,218.0,-160.1899691900735
2024-05-17 18:00:00+00:00,62.29792314899631,260.0,-197.70207685100368
2024-05-17 19:00:00+00:00,74.29432858057967,295.0,-220.70567141942033
2024-05-17 20:00:00+00:00,101.70363202038892,348.0,-246.2963679796111
2024-05-17 21:00:00+00:00,145.3688808099635,511.0,-365.6311191900365
2024-05-17 22:00:00+00:00,160.1987598965201,586.0,-425.8012401034799
2024-05-17 23:00:00+00:00,228.287244213816,678.0,-449.712755786184
2024-05-18 00:00:00+00:00,400.4266131416802,885.0,-484.5733868583198
2024-05-18 01:00:00+00:00,584.3760101557655,1050.0,-465.62398984423453
2024-05-18 02:00:00+00:00,596.3939076025878,1104.0,-507.6060923974122
2024-05-18 03:00:00+00:00,540.9317275521274,1029.0,-488.0682724478726
2024-05-18 04:00:00+00:00,452.2804955063458,1155.0,-702.7195044936542
2024-05-18 05:00:00+00:00,386.4661857425908,1248.0,-861.5338142574092
2024-05-18 06:00:00+00:00,316.73191328664024,1221.0,-904.2680867133597
2024-05-18 07:00:00+00:00,295.10972252585645,1257.0,-961.8902774741435
2024-05-18 08:00:00+00:00,301.392658762897,1266.0,-964.607341237103
2024-05-18 09:00:00+00:00,306.32338549028657,1215.0,-908.6766145097134
2024-05-18 10:00:00+00:00,269.2809080450669,1060.0,-790.7190919549331
2024-05-18 11:00:00+00:00,202.92978522323705,1141.0,-938.0702147767629
2024-05-18 12:00:00+00:00,155.88708395802104,1054.0,-898.1129160419789
2024-05-18 13:00:00+00:00,129.43104919857737,970.0,-840.5689508014226
2024-05-18 14:00:00+00:00,100.1715814534612,713.0,-612.8284185465388
2024-05-18 15:00:00+00:00,104.81417731383353,638.0,-533.1858226861665
2024-05-18 16:00:00+00:00,126.35509882693984,546.0,-419.64490117306013
2024-05-18 17:00:00+00:00,162.55288620091932,488.0,-325.4471137990807
2024-05-18 18:00:00+00:00,218.7908950746645,506.0,-287.2091049253355
2024-05-18 19:00:00+00:00,231.21894085738288,556.0,-324.7810591426171
2024-05-18 20:00:00+00:00,248.82735093154136,688.0,-439.17264906845867
2024-05-18 21:00:00+00:00,225.79140887042752,723.0,-497.2085911295725
2024-05-18 22:00:00+00:00,148.44767684535094,729.0,-580.552323154649
2024-05-18 23:00:00+00:00,214.0132046518099,819.0,-604.9867953481901
2024-05-19 00:00:00+00:00,265.35124048546857,921.0,-655.6487595145314
2024-05-19 01:00:00+00:00,285.714019679589,1132.0,-846.285980320411
2024-05-19 02:00:00+00:00,357.7290648230471,1292.0,-934.2709351769529
2024-05-19 03:00:00+00:00,434.7988797817705,1371.0,-936.2011202182296
2024-05-19 04:00:00+00:00,434.7834752552861,1342.0,-907.216524744714
2024-05-19 05:00:00+00:00,400.9779189835728,1403.0,-1002.0220810164271
2024-05-19 06:00:00+00:00,388.86673374779167,1317.0,-928.1332662522084
2024-05-19 07:00:00+00:00,363.250061290451,1176.0,-812.749938709549
2024-05-19 08:00:00+00:00,272.3111122898191,1052.0,-779.6888877101809
2024-05-19 09:00:00+00:00,206.56433711091287,897.0,-690.4356628890871
2024-05-19 10:00:00+00:00,196.515434111786,733.0,-536.484565888214
2024-05-19 11:00:00+00:00,135.81957119804522,587.0,-451.1804288019548
2024-05-19 12:00:00+00:00,124.9231570530033,513.0,-388.0768429469967
2024-05-19 13:00:00+00:00,90.53100372674146,349.0,-258.46899627325854
2024-05-19 14:00:00+00:00,68.26663403517273,267.0,-198.73336596482727
2024-05-19 15:00:00+00:00,62.97733315384329,232.0,-169.0226668461567
2024-05-19 16:00:00+00:00,55.07960607529592,207.0,-151.9203939247041
2024-05-19 17:00:00+00:00,61.854085275132896,187.0,-125.14591472486711
2024-05-19 18:00:00+00:00,78.80358890708683,230.0,-151.19641109291317
2024-05-19 19:00:00+00:00,97.1554586239614,256.0,-158.8445413760386
2024-05-19 20:00:00+00:00,123.04681793464842,353.0,-229.9531820653516
2024-05-19 21:00:00+00:00,130.3704512870815,361.0,-230.6295487129185
2024-05-19 22:00:00+00:00,139.23856838580485,444.0,-304.76143161419515
2024-05-19 23:00:00+00:00,240.72870191281717,585.0,-344.2712980871828
2024-05-20 00:00:00+00:00,398.6097267536438,953.0,-554.3902732463562
2024-05-20 01:00:00+00:00,560.6293153785558,1364.0,-803.3706846214442
2024-05-20 02:00:00+00:00,643.7298492034724,1553.0,-909.2701507965276
2024-05-20 03:00:00+00:00,713.7562527406559,1685.0,-971.2437472593441
2024-05-20 04:00:00+00:00,735.4279828566135,1867.0,-1131.5720171433863
2024-05-20 05:00:00+00:00,743.8846395682853,1876.0,-1132.1153604317146
2024-05-20 06:00:00+00:00,675.850884959718,1852.0,-1176.1491150402821
2024-05-20 07:00:00+00:00,609.0039469616172,1764.0,-1154.9960530383828
2024-05-20 08:00:00+00:00,590.1787999540753,1815.0,-1224.8212000459248
2024-05-20 09:00:00+00:00,601.8454857437845,1897.0,-1295.1545142562154
2024-05-20 10:00:00+00:00,546.7287977516803,1823.0,-1276.2712022483197
2024-05-20 11:00:00+00:00,417.6654575606645,1628.0,-1210.3345424393356
2024-05-20 12:00:00+00:00,224.54330323432512,1196.0,-971.4566967656749
2024-05-20 13:00:00+00:00,180.7144068983692,837.0,-656.2855931016309
2024-05-20 14:00:00+00:00,183.3971687925724,612.0,-428.6028312074276
2024-05-20 15:00:00+00:00,190.51853221283173,463.0,-272.4814677871683
2024-05-20 16:00:00+00:00,278.47422181209737,538.0,-259.52577818790263
2024-05-20 17:00:00+00:00,377.21153713076905,472.0,-94.78846286923095
2024-05-20 18:00:00+00:00,437.4235816428947,454.0,-16.576418357105297
2024-05-20 19:00:00+00:00,547.310644515477,584.0,-36.68935548452305
2024-05-20 20:00:00+00:00,601.5648936043557,684.0,-82.43510639564431
2024-05-20 21:00:00+00:00,551.1085320236717,821.0,-269.8914679763283
2024-05-20 22:00:00+00:00,411.0523538935774,759.0,-347.9476461064226
2024-05-20 23:00:00+00:00,540.2985451234016,780.0,-239.7014548765984
2024-05-21 00:00:00+00:00,704.2672082380732,847.0,-142.73279176192682
2024-05-21 01:00:00+00:00,886.4925276388399,780.0,106.49252763883987
2024-05-21 02:00:00+00:00,963.8583358969144,1126.0,-162.14166410308565
2024-05-21 03:00:00+00:00,916.0645630741536,1286.0,-369.9354369258464
2024-05-21 04:00:00+00:00,769.4912094926707,1138.0,-368.5087905073293
2024-05-21 05:00:00+00:00,632.0294949179271,1176.0,-543.9705050820729
2024-05-21 06:00:00+00:00,541.3549369187857,1040.0,-498.6450630812143
2024-05-21 07:00:00+00:00,431.0836104776992,802.0,-370.9163895223008
2024-05-21 08:00:00+00:00,355.1048373349263,916.0,-560.8951626650737
2024-05-21 09:00:00+00:00,321.55170181209337,755.0,-433.44829818790663
2024-05-21 10:00:00+00:00,322.3249311268408,780.0,-457.6750688731592
2024-05-21 11:00:00+00:00,256.8262318986826,753.0,-496.1737681013174
2024-05-21 12:00:00+00:00,137.01898776819695,665.0,-527.9810122318031
2024-05-21 13:00:00+00:00,115.67550601304376,564.0,-448.3244939869562
2024-05-21 14:00:00+00:00,130.3063094448923,695.0,-564.6936905551077
2024-05-21 15:00:00+00:00,141.7361825905791,588.0,-446.2638174094209
2024-05-21 16:00:00+00:00,207.9658126470273,618.0,-410.0341873529727
2024-05-21 17:00:00+00:00,445.12138751201934,847.0,-401.87861248798066
2024-05-21 18:00:00+00:00,547.1050384839353,1012.0,-464.89496151606465
2024-05-21 19:00:00+00:00,542.2281913329689,1234.0,-691.7718086670311
2024-05-21 20:00:00+00:00,566.9599083504095,1141.0,-574.0400916495905
2024-05-21 21:00:00+00:00,321.44967746183767,813.0,-491.55032253816233
2024-05-21 22:00:00+00:00,315.42302663130505,662.0,-346.57697336869495
2024-05-21 23:00:00+00:00,186.99687292669785,505.0,-318.00312707330215
2024-05-22 00:00:00+00:00,96.50152825647928,452.0,-355.4984717435207
2024-05-22 01:00:00+00:00,77.7674100629422,367.0,-289.2325899370578
2024-05-22 02:00:00+00:00,184.60861376210352,524.0,-339.3913862378965
2024-05-22 03:00:00+00:00,402.6280071275972,686.0,-283.3719928724028
2024-05-22 04:00:00+00:00,531.2337085113312,857.0,-325.7662914886688
2024-05-22 05:00:00+00:00,554.205553462055,867.0,-312.79444653794496
2024-05-22 06:00:00+00:00,531.5956929138438,933.0,-401.4043070861562
2024-05-22 07:00:00+00:00,437.8566666533964,688.0,-250.14333334660358
2024-05-22 08:00:00+00:00,337.1596695934828,542.0,-204.84033040651718
2024-05-22 09:00:00+00:00,281.22514234388024,576.0,-294.77485765611976
2024-05-22 10:00:00+00:00,194.64325173290248,499.0,-304.3567482670975
2024-05-22 11:00:00+00:00,100.42456571891456,310.0,-209.57543428108545
2024-05-22 12:00:00+00:00,33.80523294177174,246.0,-212.19476705822825
2024-05-22 13:00:00+00:00,25.09396755586057,116.0,-90.90603244413943
2024-05-22 14:00:00+00:00,38.339282363663976,166.0,-127.66071763633602
2024-05-22 15:00:00+00:00,54.22114396037309,147.0,-92.7788560396269
2024-05-22 16:00:00+00:00,49.35511932339713,177.0,-127.64488067660287
2024-05-22 17:00:00+00:00,57.2936205773694,261.0,-203.7063794226306
2024-05-22 18:00:00+00:00,78.26486560178502,269.0,-190.735134398215
2024-05-22 19:00:00+00:00,91.74735678030176,268.0,-176.25264321969826
2024-05-22 20:00:00+00:00,81.14428230871565,299.0,-217.85571769128435
2024-05-22 21:00:00+00:00,98.39435932899796,250.0,-151.60564067100205
2024-05-22 22:00:00+00:00,111.53739824201936,255.0,-143.46260175798062
2024-05-22 23:00:00+00:00,126.58915117991415,334.0,-207.41084882008585
2024-05-23 00:00:00+00:00,332.2249293748985,495.0,-162.77507062510148
2024-05-23 01:00:00+00:00,470.190683895742,766.0,-295.809316104258
2024-05-23 02:00:00+00:00,455.5442293062004,1032.0,-576.4557706937996
2024-05-23 03:00:00+00:00,469.79148106184834,1506.0,-1036.2085189381517
2024-05-23 04:00:00+00:00,618.2157416716303,1829.0,-1210.7842583283696
2024-05-23 05:00:00+00:00,743.6198554748167,2198.0,-1454.3801445251834
2024-05-23 06:00:00+00:00,762.577692211904,2182.0,-1419.422307788096
2024-05-23 07:00:00+00:00,772.5015617203156,2190.0,-1417.4984382796843
2024-05-23 08:00:00+00:00,815.8275409826434,2147.0,-1331.1724590173567
2024-05-23 09:00:00+00:00,948.1610047498054,1937.0,-988.8389952501946
2024-05-23 10:00:00+00:00,491.2282690587166,1902.0,-1410.7717309412833
2024-05-23 11:00:00+00:00,495.0865445523648,1601.0,-1105.9134554476352
2024-05-23 12:00:00+00:00,357.1727990575005,1552.0,-1194.8272009424995
2024-05-23 13:00:00+00:00,336.6307589120787,1695.0,-1358.3692410879212
2024-05-23 14:00:00+00:00,621.6606241089977,1358.0,-736.3393758910023
2024-05-23 15:00:00+00:00,649.9868373915231,1400.0,-750.0131626084769
2024-05-23 16:00:00+00:00,723.6310852698136,1550.0,-826.3689147301864
2024-05-23 17:00:00+00:00,765.1661818644955,1504.0,-738.8338181355045
2024-05-23 18:00:00+00:00,901.0766643032878,1334.0,-432.92333569671223
2024-05-23 19:00:00+00:00,966.004029773062,1404.0,-437.99597022693797
2024-05-23 20:00:00+00:00,1273.7215965530436,1436.0,-162.27840344695642
2024-05-23 21:00:00+00:00,1239.3491270637164,1560.0,-320.6508729362836
2024-05-23 22:00:00+00:00,839.6617643989989,1583.0,-743.3382356010011
2024-05-23 23:00:00+00:00,883.2211060906218,1512.0,-628.7788939093782
2024-05-24 00:00:00+00:00,1079.028169627813,1577.0,-497.971830372187
2024-05-24 01:00:00+00:00,1111.6821927274889,1641.0,-529.3178072725111
2024-05-24 02:00:00+00:00,1172.4934492991506,1774.0,-601.5065507008494
2024-05-24 03:00:00+00:00,1162.0676661298455,1753.0,-590.9323338701545
2024-05-24 04:00:00+00:00,1101.907835733003,1734.0,-632.0921642669971
2024-05-24 05:00:00+00:00,1100.6872178581846,1626.0,-525.3127821418154
2024-05-24 06:00:00+00:00,1036.138369184332,1418.0,-381.8616308156679
2024-05-24 07:00:00+00:00,962.533770737876,1119.0,-156.466229262124
2024-05-24 08:00:00+00:00,957.5614204967076,979.0,-21.43857950329243
2024-05-24 09:00:00+00:00,958.5308038099512,975.0,-16.46919619004882
2024-05-24 10:00:00+00:00,830.8634891926071,852.0,-21.136510807392938
2024-05-24 11:00:00+00:00,717.7407966686807,737.0,-19.259203331319327
2024-05-24 12:00:00+00:00,741.022600674334,807.0,-65.97739932566606
2024-05-24 13:00:00+00:00,1359.4444494376469,1082.0,277.4444494376469
2024-05-24 14:00:00+00:00,1684.6125208589497,1124.0,560.6125208589497
2024-05-24 15:00:00+00:00,1750.992155313788,1068.0,682.9921553137881
2024-05-24 16:00:00+00:00,1477.64558262857,1198.0,279.6455826285701
2024-05-24 17:00:00+00:00,1097.740083077199,1352.0,-254.25991692280104
2024-05-24 18:00:00+00:00,923.7631148248004,1292.0,-368.23688517519963
2024-05-24 19:00:00+00:00,920.0702168070412,1220.0,-299.9297831929588
2024-05-24 20:00:00+00:00,943.2953628133832,1186.0,-242.70463718661676
2024-05-24 21:00:00+00:00,1029.0249567502285,1100.0,-70.97504324977149
2024-05-24 22:00:00+00:00,1168.1888202876978,1158.0,10.188820287697808
2024-05-24 23:00:00+00:00,1114.0937767924463,1095.0,19.093776792446306
2024-05-25 00:00:00+00:00,857.6482029822567,1153.0,-295.35179701774325
2024-05-25 01:00:00+00:00,744.0870381282455,1244.0,-499.91296187175453
2024-05-25 02:00:00+00:00,725.5476900942645,1374.0,-648.4523099057355
2024-05-25 03:00:00+00:00,714.6551275537164,1424.0,-709.3448724462836
2024-05-25 04:00:00+00:00,684.463496640067,1399.0,-714.536503359933
2024-05-25 05:00:00+00:00,668.7800695144165,1359.0,-690.2199304855835
2024-05-25 06:00:00+00:00,667.9306045623189,1380.0,-712.0693954376811
2024-05-25 07:00:00+00:00,699.2968623482117,1414.0,-714.7031376517883
2024-05-25 08:00:00+00:00,711.5644307108795,1390.0,-678.4355692891205
2024-05-25 09:00:00+00:00,662.3670878459103,1254.0,-591.6329121540897
2024-05-25 10:00:00+00:00,429.3112097517929,1172.0,-742.6887902482072
2024-05-25 11:00:00+00:00,475.0370578188845,991.0,-515.9629421811155
2024-05-25 12:00:00+00:00,537.4626360570846,964.0,-426.53736394291536
2024-05-25 13:00:00+00:00,529.9749251246895,904.0,-374.02507487531045
2024-05-25 14:00:00+00:00,482.5395245550494,701.0,-218.4604754449506
2024-05-25 15:00:00+00:00,400.5234311697083,581.0,-180.47656883029168
2024-05-25 16:00:00+00:00,315.4605259792358,530.0,-214.5394740207642
2024-05-25 17:00:00+00:00,294.5783967805062,587.0,-292.4216032194938
2024-05-25 18:00:00+00:00,272.6773349974285,687.0,-414.3226650025715
2024-05-25 19:00:00+00:00,303.88417612789885,599.0,-295.11582387210115
2024-05-25 20:00:00+00:00,296.66924647775613,550.0,-253.33075352224387
2024-05-25 21:00:00+00:00,295.3867286513771,383.0,-87.6132713486229
2024-05-25 22:00:00+00:00,177.74913386341794,306.0,-128.25086613658206
2024-05-25 23:00:00+00:00,107.86176473704272,256.0,-148.13823526295727
2024-05-26 00:00:00+00:00,85.9949524687021,220.0,-134.00504753129792
2024-05-26 01:00:00+00:00,73.0642739174438,218.0,-144.9357260825562
2024-05-26 02:00:00+00:00,89.91456453031603,167.0,-77.08543546968397
2024-05-26 03:00:00+00:00,110.76931740219692,125.0,-14.230682597803082
2024-05-26 04:00:00+00:00,145.11552434050384,137.0,8.115524340503839
2024-05-26 05:00:00+00:00,158.71289337051118,189.0,-30.287106629488818
2024-05-26 06:00:00+00:00,100.01941965407016,157.0,-56.98058034592984
2024-05-26 07:00:00+00:00,57.48181322258058,145.0,-87.51818677741943
2024-05-26 08:00:00+00:00,24.90453256267112,144.0,-119.09546743732888
2024-05-26 09:00:00+00:00,22.37466522628896,206.0,-183.62533477371105
2024-05-26 10:00:00+00:00,15.154287219123985,181.0,-165.84571278087603
2024-05-26 11:00:00+00:00,16.150742426944806,135.0,-118.8492575730552
2024-05-26 12:00:00+00:00,16.075029906074178,80.0,-63.92497009392582
2024-05-26 13:00:00+00:00,14.261848290804592,48.0,-33.73815170919541
2024-05-26 14:00:00+00:00,11.150414965870524,49.0,-37.849585034129476
2024-05-26 15:00:00+00:00,10.9650065033612,65.0,-54.0349934966388
2024-05-26 16:00:00+00:00,15.368309269149426,87.0,-71.63169073085058
2024-05-26 17:00:00+00:00,23.256941328801105,125.0,-101.7430586711989
2024-05-26 18:00:00+00:00,33.05966679574314,137.0,-103.94033320425686
2024-05-26 19:00:00+00:00,40.042929317681015,157.0,-116.95707068231899
2024-05-26 20:00:00+00:00,45.02539849836409,177.0,-131.9746015016359
2024-05-26 21:00:00+00:00,51.567444588289234,198.0,-146.43255541171078
2024-05-26 22:00:00+00:00,60.2068656317314,200.0,-139.7931343682686
2024-05-26 23:00:00+00:00,150.51461990708987,233.0,-82.48538009291013
2024-05-27 00:00:00+00:00,286.0377091510395,362.0,-75.96229084896049
2024-05-27 01:00:00+00:00,455.8126594683907,666.0,-210.18734053160932
2024-05-27 02:00:00+00:00,591.4650169790392,886.0,-294.5349830209608
2024-05-27 03:00:00+00:00,679.8547610383919,1082.0,-402.14523896160813
2024-05-27 04:00:00+00:00,752.2776247818468,1213.0,-460.72237521815316
2024-05-27 05:00:00+00:00,806.2732144792112,1295.0,-488.7267855207888
2024-05-27 06:00:00+00:00,911.4593248246696,1463.0,-551.5406751753304
2024-05-27 07:00:00+00:00,967.8457241812572,1464.0,-496.1542758187428
2024-05-27 08:00:00+00:00,964.1666496920494,1476.0,-511.8333503079506
2024-05-27 09:00:00+00:00,938.5870463779332,1482.0,-543.4129536220668
2024-05-27 10:00:00+00:00,759.221380071348,1423.0,-663.778619928652
2024-05-27 11:00:00+00:00,1041.0566228405237,1547.0,-505.9433771594763
2024-05-27 12:00:00+00:00,1166.0369699505895,1606.0,-439.96303004941046
2024-05-27 13:00:00+00:00,1221.1313266739708,1548.0,-326.86867332602924
2024-05-27 14:00:00+00:00,1311.5533992956366,1622.0,-310.4466007043634
2024-05-27 15:00:00+00:00,1468.4154578364885,1807.0,-338.5845421635115
2024-05-27 16:00:00+00:00,1860.2354972725093,1974.0,-113.76450272749071
2024-05-27 17:00:00+00:00,2075.4047801958013,2138.0,-62.59521980419868
2024-05-27 18:00:00+00:00,2198.280889625488,2178.0,20.280889625487816
2024-05-27 19:00:00+00:00,2245.1271443222936,2291.0,-45.87285567770641
2024-05-27 20:00:00+00:00,2267.246022296488,2471.0,-203.7539777035122
2024-05-27 21:00:00+00:00,2235.539825431556,2642.0,-406.460174568444
2024-05-27 22:00:00+00:00,2071.481328397321,2774.0,-702.5186716026792
2024-05-27 23:00:00+00:00,2265.252680319028,2905.0,-639.7473196809719
2024-05-28 00:00:00+00:00,2429.9584551665707,3028.0,-598.0415448334293
2024-05-28 01:00:00+00:00,2624.151599454416,2590.0,34.1515994544161
2024-05-28 02:00:00+00:00,2772.975239624474,2645.0,127.97523962447394
2024-05-28 03:00:00+00:00,2832.5896336429064,2619.0,213.5896336429064
2024-05-28 04:00:00+00:00,2653.053478880904,2590.0,63.053478880904095
2024-05-28 05:00:00+00:00,2681.3592476641743,2519.0,162.3592476641743
2024-05-28 06:00:00+00:00,2764.86569584011,2487.0,277.8656958401102
2024-05-28 07:00:00+00:00,2722.197387531663,2467.0,255.19738753166303
2024-05-28 08:00:00+00:00,2671.6461845512727,2444.0,227.64618455127265
2024-05-28 09:00:00+00:00,2675.0174381372194,2310.0,365.0174381372194
2024-05-28 10:00:00+00:00,2468.0994854438263,2521.0,-52.900514556173675
2024-05-28 11:00:00+00:00,2344.6893083879104,2538.0,-193.3106916120896
2024-05-28 12:00:00+00:00,2215.3531431822084,2276.0,-60.64685681779156
2024-05-28 13:00:00+00:00,2433.1698225614523,2169.0,264.1698225614523
2024-05-28 14:00:00+00:00,2554.6412827245263,2518.0,36.64128272452626
2024-05-28 15:00:00+00:00,2326.379598221201,2456.0,-129.62040177879908
2024-05-28 16:00:00+00:00,2228.2614683401425,2446.0,-217.73853165985747
2024-05-28 17:00:00+00:00,2028.542039564303,2214.0,-185.45796043569703
2024-05-28 18:00:00+00:00,1948.5247296047232,2204.0,-255.47527039527677
2024-05-28 19:00:00+00:00,2164.2007813376827,2227.0,-62.799218662317344
2024-05-28 20:00:00+00:00,1801.674117584872,2374.0,-572.325882415128
2024-05-28 21:00:00+00:00,1345.1822829117552,2127.0,-781.8177170882448
2024-05-28 22:00:00+00:00,1115.8016373840828,2244.0,-1128.1983626159172
2024-05-28 23:00:00+00:00,1141.2037081150213,2137.0,-995.7962918849787
2024-05-29 00:00:00+00:00,1330.7022604889282,2253.0,-922.2977395110718
2024-05-29 01:00:00+00:00,1371.33692830722,2228.0,-856.66307169278
2024-05-29 02:00:00+00:00,1302.2114168404978,2147.0,-844.7885831595022
2024-05-29 03:00:00+00:00,1247.5797175959915,2131.0,-883.4202824040085
2024-05-29 04:00:00+00:00,1154.6023202345723,2080.0,-925.3976797654277
2024-05-29 05:00:00+00:00,1059.3067278606484,2175.0,-1115.6932721393516
2024-05-29 06:00:00+00:00,938.2855075462196,2100.0,-1161.7144924537804
2024-05-29 07:00:00+00:00,945.2238820353676,2081.0,-1135.7761179646322
2024-05-29 08:00:00+00:00,957.9043297361244,2138.0,-1180.0956702638755
2024-05-29 09:00:00+00:00,984.9297664933516,1974.0,-989.0702335066484
2024-05-29 10:00:00+00:00,1020.7470662200716,1950.0,-929.2529337799284
2024-05-29 11:00:00+00:00,1108.11701738404,1896.0,-787.8829826159599
2024-05-29 12:00:00+00:00,1087.3286249173043,1776.0,-688.6713750826957
2024-05-29 13:00:00+00:00,1145.6479538067083,1842.0,-696.3520461932917
2024-05-29 14:00:00+00:00,1161.7659104836705,2066.0,-904.2340895163295
2024-05-29 15:00:00+00:00,1244.504288542248,1908.0,-663.4957114577519
2024-05-29 16:00:00+00:00,1253.085914171863,1884.0,-630.9140858281371
2024-05-29 17:00:00+00:00,1220.7101040731486,1458.0,-237.2898959268514
2024-05-29 18:00:00+00:00,1219.922660010497,1754.0,-534.0773399895029
2024-05-29 19:00:00+00:00,1318.848409851864,1856.0,-537.1515901481359
2024-05-29 20:00:00+00:00,1374.7249669639457,1901.0,-526.2750330360543
2024-05-29 21:00:00+00:00,1378.9050140505292,1829.0,-450.0949859494708
2024-05-29 22:00:00+00:00,1006.6809373196776,1801.0,-794.3190626803224
2024-05-29 23:00:00+00:00,656.9252154585953,1617.0,-960.0747845414047
2024-05-30 00:00:00+00:00,636.0094677580418,1473.0,-836.9905322419582
2024-05-30 01:00:00+00:00,690.940471051988,1449.0,-758.059528948012
2024-05-30 02:00:00+00:00,710.3785266932928,1564.0,-853.6214733067072
2024-05-30 03:00:00+00:00,677.447973300153,1542.0,-864.552026699847
2024-05-30 04:00:00+00:00,647.1329808281265,1508.0,-860.8670191718735
2024-05-30 05:00:00+00:00,634.5984211363512,1492.0,-857.4015788636488
2024-05-30 06:00:00+00:00,579.10263678131,1488.0,-908.89736321869
2024-05-30 07:00:00+00:00,505.8455253786817,1326.0,-820.1544746213183
2024-05-30 08:00:00+00:00,457.3276066801633,1135.0,-677.6723933198367
2024-05-30 09:00:00+00:00,441.3903731683451,1036.0,-594.6096268316549
2024-05-30 10:00:00+00:00,459.5770656707514,976.0,-516.4229343292486
2024-05-30 11:00:00+00:00,323.82982922271856,899.0,-575.1701707772814
2024-05-30 12:00:00+00:00,370.4962934466656,957.0,-586.5037065533344
2024-05-30 13:00:00+00:00,462.9265980074646,939.0,-476.0734019925354
2024-05-30 14:00:00+00:00,599.0044031679087,994.0,-394.99559683209134
2024-05-30 15:00:00+00:00,609.5536085381982,1139.0,-529.4463914618018
2024-05-30 16:00:00+00:00,671.009910140962,1270.0,-598.990089859038
2024-05-30 17:00:00+00:00,709.4276277365509,1276.0,-566.5723722634491
2024-05-30 18:00:00+00:00,663.4496867471352,1206.0,-542.5503132528648
2024-05-30 19:00:00+00:00,684.7428264297588,1240.0,-555.2571735702412
2024-05-30 20:00:00+00:00,704.4379593507714,1138.0,-433.5620406492286
2024-05-30 21:00:00+00:00,670.4736710374957,918.0,-247.5263289625043
2024-05-30 22:00:00+00:00,572.078686342903,755.0,-182.92131365709702
2024-05-30 23:00:00+00:00,400.0107597803322,524.0,-123.9892402196678
2024-05-31 00:00:00+00:00,321.1818918905268,408.0,-86.8181081094732
2024-05-31 01:00:00+00:00,247.3727643338629,404.0,-156.6272356661371
2024-05-31 02:00:00+00:00,256.9603594944452,544.0,-287.0396405055548
2024-05-31 03:00:00+00:00,298.31788436655245,510.0,-211.68211563344755
2024-05-31 04:00:00+00:00,310.9580645416414,535.0,-224.04193545835858
2024-05-31 05:00:00+00:00,304.04349793640387,595.0,-290.95650206359613
2024-05-31 06:00:00+00:00,341.0537767858799,697.0,-355.9462232141201
2024-05-31 07:00:00+00:00,363.2869314210407,775.0,-411.7130685789593
2024-05-31 08:00:00+00:00,382.7028239233017,728.0,-345.2971760766983
2024-05-31 09:00:00+00:00,355.4092793332999,812.0,-456.5907206667001
2024-05-31 10:00:00+00:00,256.7724281364888,746.0,-489.2275718635112
2024-05-31 11:00:00+00:00,231.76968301532497,717.0,-485.230316984675
2024-05-31 12:00:00+00:00,277.62960079220943,664.0,-386.37039920779057
2024-05-31 13:00:00+00:00,307.5176418979813,726.0,-418.4823581020187
2024-05-31 14:00:00+00:00,374.6852131134021,753.0,-378.3147868865979
2024-05-31 15:00:00+00:00,560.5565801973083,984.0,-423.44341980269166
2024-05-31 16:00:00+00:00,1107.5141047540146,1305.0,-197.48589524598538
2024-05-31 17:00:00+00:00,1292.0413660703518,1382.0,-89.95863392964816
2024-05-31 18:00:00+00:00,1156.4049824235271,1387.0,-230.59501757647286
2024-05-31 19:00:00+00:00,1060.176606085458,1494.0,-433.82339391454207
2024-05-31 20:00:00+00:00,947.3808480525578,1330.0,-382.6191519474422
2024-05-31 21:00:00+00:00,713.8488458231126,1168.0,-454.1511541768874
2024-05-31 22:00:00+00:00,411.5089445978729,834.0,-422.4910554021271
2024-05-31 23:00:00+00:00,261.5741382835919,476.0,-214.42586171640812
2024-06-01 00:00:00+00:00,181.0755608012697,408.0,-226.9244391987303
2024-06-01 01:00:00+00:00,113.9170197651916,457.0,-343.0829802348084
2024-06-01 02:00:00+00:00,134.66736289519986,482.0,-347.33263710480014
2024-06-01 03:00:00+00:00,176.92094975697597,470.0,-293.079050243024
2024-06-01 04:00:00+00:00,221.323112447076,368.0,-146.676887552924
2024-06-01 05:00:00+00:00,315.5920547570013,332.0,-16.40794524299872
2024-06-01 06:00:00+00:00,382.1906717222346,403.0,-20.809328277765417
2024-06-01 07:00:00+00:00,410.0522862348539,476.0,-65.94771376514609
2024-06-01 08:00:00+00:00,383.571980673701,580.0,-196.42801932629902
2024-06-01 09:00:00+00:00,339.5404296762312,584.0,-244.4595703237688
2024-06-01 10:00:00+00:00,302.58113392262294,525.0,-222.41886607737706
2024-06-01 11:00:00+00:00,171.39194480995707,399.0,-227.60805519004293
2024-06-01 12:00:00+00:00,132.14555781644887,266.0,-133.85444218355113
2024-06-01 13:00:00+00:00,191.68281331401136,354.0,-162.31718668598864
2024-06-01 14:00:00+00:00,280.1086377079259,467.0,-186.89136229207412
2024-06-01 15:00:00+00:00,368.7115461702064,491.0,-122.28845382979358
2024-06-01 16:00:00+00:00,417.1884269708932,519.0,-101.8115730291068
2024-06-01 17:00:00+00:00,361.7552216235965,517.0,-155.24477837640347
2024-06-01 18:00:00+00:00,294.2701280515084,468.0,-173.72987194849162
2024-06-01 19:00:00+00:00,230.5926670841386,425.0,-194.4073329158614
2024-06-01 20:00:00+00:00,186.86484424284248,485.0,-298.1351557571575
2024-06-01 21:00:00+00:00,144.06304000789763,384.0,-239.93695999210237
2024-06-01 22:00:00+00:00,148.506051917753,214.0,-65.49394808224699
2024-06-01 23:00:00+00:00,163.73240722196644,167.0,-3.26759277803356
2024-06-02 00:00:00+00:00,260.92469974338223,206.0,54.924699743382234
2024-06-02 01:00:00+00:00,311.03506914557533,415.0,-103.96493085442467
2024-06-02 02:00:00+00:00,256.4450866563462,391.0,-134.55491334365382
2024-06-02 03:00:00+00:00,250.1326653182861,421.0,-170.8673346817139
2024-06-02 04:00:00+00:00,219.0582030059617,368.0,-148.9417969940383
2024-06-02 05:00:00+00:00,177.2265313327463,304.0,-126.7734686672537
2024-06-02 06:00:00+00:00,143.32235719188418,294.0,-150.67764280811582
2024-06-02 07:00:00+00:00,138.57591268279452,307.0,-168.42408731720548
2024-06-02 08:00:00+00:00,178.3115731606507,356.0,-177.6884268393493
2024-06-02 09:00:00+00:00,224.5968825451584,413.0,-188.4031174548416
2024-06-02 10:00:00+00:00,182.27498973579156,388.0,-205.72501026420844
2024-06-02 11:00:00+00:00,102.50852753006292,232.0,-129.4914724699371
2024-06-02 12:00:00+00:00,35.66795739089535,124.0,-88.33204260910465
2024-06-02 13:00:00+00:00,43.35146442024262,130.0,-86.64853557975738
2024-06-02 14:00:00+00:00,48.15310705005337,200.0,-151.84689294994664
2024-06-02 15:00:00+00:00,56.07342072964108,316.0,-259.9265792703589
2024-06-02 16:00:00+00:00,101.12469412510669,418.0,-316.87530587489334
2024-06-02 17:00:00+00:00,148.5300390095495,489.0,-340.4699609904505
2024-06-02 18:00:00+00:00,195.68251342159783,443.0,-247.31748657840217
2024-06-02 19:00:00+00:00,187.46565669008103,405.0,-217.53434330991897
2024-06-02 20:00:00+00:00,192.07418501786617,379.0,-186.92581498213383
2024-06-02 21:00:00+00:00,182.1978991523496,345.0,-162.8021008476504
2024-06-02 22:00:00+00:00,141.81506661554616,274.0,-132.18493338445384
2024-06-02 23:00:00+00:00,235.92407624877745,245.0,-9.075923751222547
2024-06-03 00:00:00+00:00,289.3323634000875,261.0,28.3323634000875
2024-06-03 01:00:00+00:00,266.60151578869505,222.0,44.60151578869505
2024-06-03 02:00:00+00:00,239.5040612683635,202.0,37.5040612683635
2024-06-03 03:00:00+00:00,214.96167214954343,222.0,-7.038327850456568
2024-06-03 04:00:00+00:00,175.66207562585632,309.0,-133.33792437414368
2024-06-03 05:00:00+00:00,178.64200391806588,340.0,-161.35799608193412
2024-06-03 06:00:00+00:00,176.34932523922285,348.0,-171.65067476077715
2024-06-03 07:00:00+00:00,146.56831695330578,327.0,-180.43168304669422
2024-06-03 08:00:00+00:00,121.39593579361662,342.0,-220.60406420638338
2024-06-03 09:00:00+00:00,149.3601382221234,387.0,-237.6398617778766
2024-06-03 10:00:00+00:00,143.84138490193394,374.0,-230.15861509806606
2024-06-03 11:00:00+00:00,59.2967008610415,287.0,-227.7032991389585
2024-06-03 12:00:00+00:00,19.28318799636729,147.0,-127.71681200363271
2024-06-03 13:00:00+00:00,26.692366660452947,129.0,-102.30763333954705
2024-06-03 14:00:00+00:00,32.60449187359191,130.0,-97.39550812640809
2024-06-03 15:00:00+00:00,39.260851797826,125.0,-85.739148202174
2024-06-03 16:00:00+00:00,55.30237649565052,191.0,-135.69762350434948
2024-06-03 17:00:00+00:00,83.59695200575477,215.0,-131.40304799424524
2024-06-03 18:00:00+00:00,114.19659419580346,282.0,-167.80340580419653
2024-06-03 19:00:00+00:00,144.50836275719303,398.0,-253.49163724280697
2024-06-03 20:00:00+00:00,179.82304058022734,451.0,-271.17695941977263
2024-06-03 21:00:00+00:00,191.3196506879877,424.0,-232.6803493120123
2024-06-03 22:00:00+00:00,140.00427830008866,414.0,-273.9957216999113
2024-06-03 23:00:00+00:00,179.33023124073918,365.0,-185.66976875926082
2024-06-04 00:00:00+00:00,192.95753931044084,427.0,-234.04246068955916
2024-06-04 01:00:00+00:00,216.5370122311384,462.0,-245.4629877688616
2024-06-04 02:00:00+00:00,233.09513606645416,515.0,-281.9048639335458
2024-06-04 03:00:00+00:00,262.4092666654616,571.0,-308.5907333345384
2024-06-04 04:00:00+00:00,245.05490938192335,479.0,-233.94509061807665
2024-06-04 05:00:00+00:00,219.371748729844,331.0,-111.628251270156
2024-06-04 06:00:00+00:00,180.39140562770933,185.0,-4.608594372290668
2024-06-04 07:00:00+00:00,137.90277150447827,151.0,-13.097228495521733
2024-06-04 08:00:00+00:00,112.41192703530824,129.0,-16.58807296469176
2024-06-04 09:00:00+00:00,85.63573387303985,125.0,-39.364266126960146
2024-06-04 10:00:00+00:00,66.17909235564571,89.0,-22.820907644354293
2024-06-04 11:00:00+00:00,36.82827152786802,30.0,6.828271527868019
2024-06-04 12:00:00+00:00,9.314301522258129,32.0,-22.685698477741873
2024-06-04 13:00:00+00:00,10.477731313884451,43.0,-32.52226868611555
2024-06-04 14:00:00+00:00,13.234759297351683,35.0,-21.765240702648317
2024-06-04 15:00:00+00:00,14.140671476370462,35.0,-20.859328523629536
2024-06-04 16:00:00+00:00,14.582417649061457,70.0,-55.417582350938545
2024-06-04 17:00:00+00:00,19.954798194950698,102.0,-82.0452018050493
2024-06-04 18:00:00+00:00,24.016857571229465,92.0,-67.98314242877053
2024-06-04 19:00:00+00:00,26.406378222518757,92.0,-65.59362177748125
2024-06-04 20:00:00+00:00,25.73590536548373,130.0,-104.26409463451627
2024-06-04 21:00:00+00:00,21.833723921240264,148.0,-126.16627607875974
2024-06-04 22:00:00+00:00,67.59598011023833,108.0,-40.40401988976167
2024-06-04 23:00:00+00:00,95.93013062454844,82.0,13.93013062454844
2024-06-05 00:00:00+00:00,167.65888061247327,127.0,40.65888061247327
2024-06-05 01:00:00+00:00,240.47877725540505,168.0,72.47877725540505
2024-06-05 02:00:00+00:00,284.19458359156374,231.0,53.19458359156374
2024-06-05 03:00:00+00:00,253.49633454847344,195.0,58.49633454847344
2024-06-05 04:00:00+00:00,206.05129197734732,176.0,30.05129197734732
2024-06-05 05:00:00+00:00,154.80480554768482,154.0,0.8048055476848219
2024-06-05 06:00:00+00:00,126.73838877101468,158.0,-31.261611228985316
2024-06-05 07:00:00+00:00,104.697624228104,165.0,-60.302375771895996
2024-06-05 08:00:00+00:00,86.93069541352399,164.0,-77.06930458647601
2024-06-05 09:00:00+00:00,64.42980797366572,119.0,-54.57019202633428
2024-06-05 10:00:00+00:00,32.88781962634028,147.0,-114.11218037365973
2024-06-05 11:00:00+00:00,21.09089073661712,122.0,-100.90910926338287
2024-06-05 12:00:00+00:00,15.964009900030408,28.0,-12.035990099969592
2024-06-05 13:00:00+00:00,11.982224672467105,-8.0,19.982224672467105
2024-06-05 14:00:00+00:00,11.547031149802164,7.0,4.547031149802164
2024-06-05 15:00:00+00:00,12.841589662526648,44.0,-31.158410337473352
2024-06-05 16:00:00+00:00,15.107830209621078,46.0,-30.892169790378922
2024-06-05 17:00:00+00:00,15.906796980242015,111.0,-95.09320301975798
2024-06-05 18:00:00+00:00,15.932190030751263,163.0,-147.06780996924874
2024-06-05 19:00:00+00:00,22.73325305292297,267.0,-244.26674694707702
2024-06-05 20:00:00+00:00,21.37153154652743,332.0,-310.6284684534726
2024-06-05 21:00:00+00:00,14.729709706048707,255.0,-240.2702902939513
2024-06-05 22:00:00+00:00,20.963293991618883,231.0,-210.03670600838112
2024-06-05 23:00:00+00:00,58.798691735924514,195.0,-136.2013082640755
2024-06-06 00:00:00+00:00,182.1129998048137,215.0,-32.88700019518629
2024-06-06 01:00:00+00:00,288.629560784538,345.0,-56.370439215462
2024-06-06 02:00:00+00:00,360.3583930994305,578.0,-217.6416069005695
2024-06-06 03:00:00+00:00,397.1895939465523,732.0,-334.8104060534477
2024-06-06 04:00:00+00:00,378.1918003984236,702.0,-323.8081996015764
2024-06-06 05:00:00+00:00,353.217747887398,694.0,-340.782252112602
2024-06-06 06:00:00+00:00,365.5700648175035,662.0,-296.4299351824965
2024-06-06 07:00:00+00:00,329.43347950929586,509.0,-179.56652049070414
2024-06-06 08:00:00+00:00,287.2767145796556,478.0,-190.72328542034438
2024-06-06 09:00:00+00:00,287.37262989503563,542.0,-254.62737010496437
2024-06-06 10:00:00+00:00,281.2180138373753,495.0,-213.78198616262472
2024-06-06 11:00:00+00:00,202.10017487325084,361.0,-158.89982512674916
2024-06-06 12:00:00+00:00,124.88516206025324,343.0,-218.11483793974676
2024-06-06 13:00:00+00:00,143.19784468093684,359.0,-215.80215531906316
2024-06-06 14:00:00+00:00,169.54707252199887,445.0,-275.45292747800113
2024-06-06 15:00:00+00:00,221.4704645605349,531.0,-309.5295354394651
2024-06-06 16:00:00+00:00,318.395837145173,642.0,-323.604162854827
2024-06-06 17:00:00+00:00,399.1066913871051,757.0,-357.8933086128949
2024-06-06 18:00:00+00:00,452.25232848573137,900.0,-447.74767151426863
2024-06-06 19:00:00+00:00,526.7172214260485,897.0,-370.28277857395153
2024-06-06 20:00:00+00:00,551.4431158504965,963.0,-411.5568841495035
2024-06-06 21:00:00+00:00,587.1453546369528,901.0,-313.8546453630472
2024-06-06 22:00:00+00:00,386.6559626918268,927.0,-540.3440373081733
2024-06-06 23:00:00+00:00,464.17281972565695,930.0,-465.82718027434305
2024-06-07 00:00:00+00:00,654.9367286434551,1107.0,-452.0632713565449
2024-06-07 01:00:00+00:00,843.3906585342271,1277.0,-433.6093414657729
2024-06-07 02:00:00+00:00,1030.8244542878394,1468.0,-437.17554571216056
2024-06-07 03:00:00+00:00,1094.094404999097,1700.0,-605.9055950009031
2024-06-07 04:00:00+00:00,1154.9491950931829,1780.0,-625.0508049068171
2024-06-07 05:00:00+00:00,1107.3796324779537,1700.0,-592.6203675220463
2024-06-07 06:00:00+00:00,945.8757308442546,1581.0,-635.1242691557454
2024-06-07 07:00:00+00:00,781.0664436224987,1488.0,-706.9335563775013
2024-06-07 08:00:00+00:00,636.2947660546504,1283.0,-646.7052339453496
2024-06-07 09:00:00+00:00,574.9759990975605,1143.0,-568.0240009024395
2024-06-07 10:00:00+00:00,426.66027996835226,1022.0,-595.3397200316477
2024-06-07 11:00:00+00:00,336.8247511397093,899.0,-562.1752488602907
2024-06-07 12:00:00+00:00,274.57642397833496,757.0,-482.42357602166504
2024-06-07 13:00:00+00:00,318.310244112585,620.0,-301.689755887415
2024-06-07 14:00:00+00:00,281.2418755216296,576.0,-294.7581244783704
2024-06-07 15:00:00+00:00,367.1063307615095,533.0,-165.89366923849047
2024-06-07 16:00:00+00:00,444.3831809811588,649.0,-204.61681901884123
2024-06-07 17:00:00+00:00,458.0639093347434,523.0,-64.93609066525659
2024-06-07 18:00:00+00:00,478.6450330526261,574.0,-95.3549669473739
2024-06-07 19:00:00+00:00,531.3502789015369,591.0,-59.64972109846315
2024-06-07 20:00:00+00:00,493.46497625813646,687.0,-193.53502374186354
2024-06-07 21:00:00+00:00,421.0830103066393,739.0,-317.9169896933607
2024-06-07 22:00:00+00:00,263.5232220593502,716.0,-452.4767779406498
2024-06-07 23:00:00+00:00,248.42682873952555,711.0,-462.57317126047445
2024-06-08 00:00:00+00:00,270.87336225242933,805.0,-534.1266377475706
2024-06-08 01:00:00+00:00,343.7460892658943,956.0,-612.2539107341057
2024-06-08 02:00:00+00:00,414.0021302691906,1042.0,-627.9978697308094
2024-06-08 03:00:00+00:00,455.4130967172897,1052.0,-596.5869032827103
2024-06-08 04:00:00+00:00,455.229819188382,1039.0,-583.770180811618
2024-06-08 05:00:00+00:00,446.4157458330888,1121.0,-674.5842541669113
2024-06-08 06:00:00+00:00,398.9564064303162,1092.0,-693.0435935696838
2024-06-08 07:00:00+00:00,436.1432200154538,1143.0,-706.8567799845462
2024-06-08 08:00:00+00:00,463.2207221439526,1091.0,-627.7792778560474
2024-06-08 09:00:00+00:00,547.9975156811277,1046.0,-498.00248431887235
2024-06-08 10:00:00+00:00,363.8876728234067,943.0,-579.1123271765932
2024-06-08 11:00:00+00:00,366.3896303210465,877.0,-510.6103696789535
2024-06-08 12:00:00+00:00,275.93889266449986,896.0,-620.0611073355001
2024-06-08 13:00:00+00:00,282.8201236370664,886.0,-603.1798763629336
2024-06-08 14:00:00+00:00,334.1734386562512,1009.0,-674.8265613437488
2024-06-08 15:00:00+00:00,469.117352870848,1018.0,-548.882647129152
2024-06-08 16:00:00+00:00,642.4182108692735,951.0,-308.5817891307265
2024-06-08 17:00:00+00:00,401.2881640506869,908.0,-506.7118359493131
2024-06-08 18:00:00+00:00,374.7063073310981,882.0,-507.2936926689019
2024-06-08 19:00:00+00:00,375.2856373891124,832.0,-456.7143626108876
2024-06-08 20:00:00+00:00,426.9629834964445,844.0,-417.0370165035555
2024-06-08 21:00:00+00:00,310.10361219764445,857.0,-546.8963878023555
2024-06-08 22:00:00+00:00,315.8449227114064,647.0,-331.1550772885936
2024-06-08 23:00:00+00:00,288.6058846316696,599.0,-310.3941153683304
2024-06-09 00:00:00+00:00,278.19671554211965,574.0,-295.80328445788035
2024-06-09 01:00:00+00:00,370.31691311271726,610.0,-239.68308688728274
2024-06-09 02:00:00+00:00,472.0932436806402,653.0,-180.90675631935977
2024-06-09 03:00:00+00:00,535.9365022741305,614.0,-78.06349772586952
2024-06-09 04:00:00+00:00,519.4588179968441,584.0,-64.54118200315588
2024-06-09 05:00:00+00:00,551.6857600001736,649.0,-97.31423999982644
2024-06-09 06:00:00+00:00,465.9660629680768,626.0,-160.0339370319232
2024-06-09 07:00:00+00:00,368.4429653535594,597.0,-228.55703464644063
2024-06-09 08:00:00+00:00,350.695703436076,517.0,-166.30429656392403
2024-06-09 09:00:00+00:00,404.7103613258642,432.0,-27.2896386741358
2024-06-09 10:00:00+00:00,310.04456527948463,471.0,-160.95543472051537
2024-06-09 11:00:00+00:00,286.536997576168,465.0,-178.463002423832
2024-06-09 12:00:00+00:00,296.05633664228395,368.0,-71.94366335771605
2024-06-09 13:00:00+00:00,249.290388679947,384.0,-134.709611320053
2024-06-09 14:00:00+00:00,249.38613334850615,373.0,-123.61386665149385
2024-06-09 15:00:00+00:00,238.044086006132,408.0,-169.955913993868
2024-06-09 16:00:00+00:00,216.5810274848764,424.0,-207.4189725151236
2024-06-09 17:00:00+00:00,226.15158999032056,465.0,-238.84841000967944
2024-06-09 18:00:00+00:00,199.5450842515777,338.0,-138.4549157484223
2024-06-09 19:00:00+00:00,163.63348841369552,437.0,-273.36651158630445
2024-06-09 20:00:00+00:00,190.65058787920097,440.0,-249.34941212079903
2024-06-09 21:00:00+00:00,225.57346254046067,447.0,-221.42653745953933
2024-06-09 22:00:00+00:00,172.22085568020435,435.0,-262.77914431979565
2024-06-09 23:00:00+00:00,192.2533746530577,498.0,-305.7466253469423
2024-06-10 00:00:00+00:00,213.61815230269443,539.0,-325.3818476973056
2024-06-10 01:00:00+00:00,214.47676258336665,583.0,-368.5232374166334
2024-06-10 02:00:00+00:00,244.88174798417228,553.0,-308.1182520158277
2024-06-10 03:00:00+00:00,337.662669234534,613.0,-275.337330765466
2024-06-10 04:00:00+00:00,413.3411319312181,527.0,-113.65886806878189
2024-06-10 05:00:00+00:00,415.0964175901583,468.0,-52.903582409841704
2024-06-10 06:00:00+00:00,353.2027225839051,458.0,-104.79727741609491
2024-06-10 07:00:00+00:00,360.1837112276665,392.0,-31.816288772333507
2024-06-10 08:00:00+00:00,366.4849103022376,378.0,-11.515089697762392
2024-06-10 09:00:00+00:00,351.99931888541107,392.0,-40.00068111458893
2024-06-10 10:00:00+00:00,402.51476874587934,424.0,-21.485231254120663
2024-06-10 11:00:00+00:00,373.7730760938682,374.0,-0.2269239061317876
2024-06-10 12:00:00+00:00,289.097002649205,353.0,-63.902997350794976
2024-06-10 13:00:00+00:00,251.77203500294564,392.0,-140.22796499705436
2024-06-10 14:00:00+00:00,275.353742101118,442.0,-166.64625789888203
2024-06-10 15:00:00+00:00,329.0290658443444,501.0,-171.97093415565558
2024-06-10 16:00:00+00:00,382.1377619807246,492.0,-109.86223801927542
2024-06-10 17:00:00+00:00,430.26228905397295,581.0,-150.73771094602705
2024-06-10 18:00:00+00:00,427.0208504369387,512.0,-84.9791495630613
2024-06-10 19:00:00+00:00,484.6281200842608,491.0,-6.371879915739214
2024-06-10 20:00:00+00:00,396.2232662847932,446.0,-49.776733715206774
2024-06-10 21:00:00+00:00,399.0802338505832,385.0,14.080233850583227
2024-06-10 22:00:00+00:00,411.84656768827546,400.0,11.846567688275456
2024-06-10 23:00:00+00:00,395.3208287843214,444.0,-48.67917121567859
2024-06-11 00:00:00+00:00,362.2502592497383,568.0,-205.7497407502617
2024-06-11 01:00:00+00:00,410.2592948533005,614.0,-203.7407051466995
2024-06-11 02:00:00+00:00,420.6240676535088,597.0,-176.3759323464912
2024-06-11 03:00:00+00:00,433.0359131982384,553.0,-119.9640868017616
2024-06-11 04:00:00+00:00,397.1803500893686,522.0,-124.81964991063143
2024-06-11 05:00:00+00:00,324.7738240485542,518.0,-193.22617595144578
2024-06-11 06:00:00+00:00,273.1607679714287,446.0,-172.8392320285713
2024-06-11 07:00:00+00:00,216.60536036766044,343.0,-126.39463963233956
2024-06-11 08:00:00+00:00,179.20775943482826,308.0,-128.79224056517174
2024-06-11 09:00:00+00:00,151.12958140386485,216.0,-64.87041859613515
2024-06-11 10:00:00+00:00,129.05705377202364,163.0,-33.942946227976364
2024-06-11 11:00:00+00:00,113.36382922633334,113.0,0.3638292263333369
2024-06-11 12:00:00+00:00,106.7826526547664,94.0,12.782652654766395
2024-06-11 13:00:00+00:00,75.74888333127018,52.0,23.74888333127018
2024-06-11 14:00:00+00:00,59.81901281087112,45.0,14.819012810871122
2024-06-11 15:00:00+00:00,55.85729197181653,58.0,-2.1427080281834705
2024-06-11 16:00:00+00:00,48.45454027631903,87.0,-38.54545972368097
2024-06-11 17:00:00+00:00,45.257807946106624,129.0,-83.74219205389338
2024-06-11 18:00:00+00:00,40.312505556865226,120.0,-79.68749444313477
2024-06-11 19:00:00+00:00,28.405196111238396,139.0,-110.5948038887616
2024-06-11 20:00:00+00:00,13.545350918865884,111.0,-97.45464908113412
2024-06-11 21:00:00+00:00,11.591680204059228,72.0,-60.40831979594077
2024-06-11 22:00:00+00:00,17.242890894760187,67.0,-49.75710910523981
2024-06-11 23:00:00+00:00,13.545751540210532,47.0,-33.45424845978947
2024-06-12 00:00:00+00:00,35.824164257591804,60.0,-24.175835742408196
2024-06-12 01:00:00+00:00,46.4418542117827,74.0,-27.558145788217303
2024-06-12 02:00:00+00:00,42.89687399863775,93.0,-50.10312600136225
2024-06-12 03:00:00+00:00,49.78959576785135,155.0,-105.21040423214865
2024-06-12 04:00:00+00:00,45.49707623127127,203.0,-157.50292376872872
2024-06-12 05:00:00+00:00,38.34519030804905,245.0,-206.65480969195096
2024-06-12 06:00:00+00:00,42.66682070276608,181.0,-138.33317929723393
2024-06-12 07:00:00+00:00,32.948694046534925,108.0,-75.05130595346508
2024-06-12 08:00:00+00:00,24.120252765790013,79.0,-54.87974723420999
2024-06-12 09:00:00+00:00,14.84624512489212,95.0,-80.15375487510788
2024-06-12 10:00:00+00:00,4.977065052973908,102.0,-97.02293494702609
2024-06-12 11:00:00+00:00,2.7243278635872064,40.0,-37.275672136412794
2024-06-12 12:00:00+00:00,2.398848324805396,1.0,1.398848324805396
2024-06-12 13:00:00+00:00,4.31320954539262,7.0,-2.6867904546073804
2024-06-12 14:00:00+00:00,21.36804876039192,32.0,-10.631951239608082
2024-06-12 15:00:00+00:00,52.46431648615653,97.0,-44.53568351384347
2024-06-12 16:00:00+00:00,89.51018350902287,151.0,-61.489816490977134
2024-06-12 17:00:00+00:00,94.70551249026408,172.0,-77.29448750973592
2024-06-12 18:00:00+00:00,99.26962548704262,247.0,-147.73037451295738
2024-06-12 19:00:00+00:00,126.37837882096214,327.0,-200.62162117903785
2024-06-12 20:00:00+00:00,139.6825493116601,274.0,-134.3174506883399
2024-06-12 21:00:00+00:00,127.28758677540604,173.0,-45.71241322459396
2024-06-12 22:00:00+00:00,151.20373352679425,183.0,-31.796266473205748
2024-06-12 23:00:00+00:00,147.99450311203358,152.0,-4.005496887966416
2024-06-13 00:00:00+00:00,148.65862771516456,206.0,-57.341372284835444
2024-06-13 01:00:00+00:00,159.313523591928,354.0,-194.686476408072
2024-06-13 02:00:00+00:00,164.66487618542624,412.0,-247.33512381457376
2024-06-13 03:00:00+00:00,173.06151987474593,573.0,-399.93848012525405
2024-06-13 04:00:00+00:00,190.95763165403451,746.0,-555.0423683459655
2024-06-13 05:00:00+00:00,259.1603929506317,798.0,-538.8396070493683
2024-06-13 06:00:00+00:00,323.79849463257653,835.0,-511.20150536742347
2024-06-13 07:00:00+00:00,287.372193457347,965.0,-677.6278065426529
2024-06-13 08:00:00+00:00,280.29542535381944,1025.0,-744.7045746461806
2024-06-13 09:00:00+00:00,279.8599494342255,1018.0,-738.1400505657746
2024-06-13 10:00:00+00:00,287.7710472535435,861.0,-573.2289527464566
2024-06-13 11:00:00+00:00,223.471785755124,644.0,-420.52821424487604
2024-06-13 12:00:00+00:00,155.25933621595544,425.0,-269.74066378404456
2024-06-13 13:00:00+00:00,169.00435080516797,482.0,-312.995649194832
2024-06-13 14:00:00+00:00,250.59821214775465,483.0,-232.40178785224535
2024-06-13 15:00:00+00:00,382.443695045852,505.0,-122.556304954148
2024-06-13 16:00:00+00:00,602.8265338066359,663.0,-60.173466193364106
2024-06-13 17:00:00+00:00,891.3681415329124,850.0,41.36814153291243
2024-06-13 18:00:00+00:00,1099.7246297441118,961.0,138.72462974411178
2024-06-13 19:00:00+00:00,1102.254162502385,1134.0,-31.745837497614957
2024-06-13 20:00:00+00:00,1105.8129562749532,1261.0,-155.1870437250468
2024-06-13 21:00:00+00:00,820.1954398444576,1179.0,-358.8045601555424
2024-06-13 22:00:00+00:00,889.2069276441142,1176.0,-286.7930723558858
2024-06-13 23:00:00+00:00,916.2679480364824,1265.0,-348.7320519635176
2024-06-14 00:00:00+00:00,1046.359632562454,1581.0,-534.640367437546
2024-06-14 01:00:00+00:00,1341.974642383478,1920.0,-578.0253576165219
2024-06-14 02:00:00+00:00,1532.972236548604,2183.0,-650.0277634513959
2024-06-14 03:00:00+00:00,1673.6993219067235,2326.0,-652.3006780932765
2024-06-14 04:00:00+00:00,1805.5375714417744,2320.0,-514.4624285582256
2024-06-14 05:00:00+00:00,1947.7005424128745,2460.0,-512.2994575871255
2024-06-14 06:00:00+00:00,1998.1885640038624,2626.0,-627.8114359961376
2024-06-14 07:00:00+00:00,2150.94726840618,2690.0,-539.0527315938202
2024-06-14 08:00:00+00:00,2155.882467006126,2753.0,-597.1175329938742
2024-06-14 09:00:00+00:00,2169.348255892405,2825.0,-655.6517441075948
2024-06-14 10:00:00+00:00,1754.9963976148335,2790.0,-1035.0036023851665
2024-06-14 11:00:00+00:00,1556.2070124427255,2774.0,-1217.7929875572745
2024-06-14 12:00:00+00:00,1339.1544978232137,2740.0,-1400.8455021767863
2024-06-14 13:00:00+00:00,1302.1608753238866,2435.0,-1132.8391246761134
2024-06-14 14:00:00+00:00,1478.3078211194602,2284.0,-805.6921788805398
2024-06-14 15:00:00+00:00,1417.656629502875,2174.0,-756.3433704971251
2024-06-14 16:00:00+00:00,1275.4556371102865,2067.0,-791.5443628897135
2024-06-14 17:00:00+00:00,1338.7287852808197,2127.0,-788.2712147191803
2024-06-14 18:00:00+00:00,1191.3511576019564,1951.0,-759.6488423980436
2024-06-14 19:00:00+00:00,1207.8387523093872,2100.0,-892.1612476906128
2024-06-14 20:00:00+00:00,1058.2682805118134,1651.0,-592.7317194881866
2024-06-14 21:00:00+00:00,905.7472608426124,1503.0,-597.2527391573876
2024-06-14 22:00:00+00:00,631.9779914101109,1290.0,-658.0220085898891
2024-06-14 23:00:00+00:00,641.7580246589523,1174.0,-532.2419753410477
2024-06-15 00:00:00+00:00,729.6327762892344,1251.0,-521.3672237107656
2024-06-15 01:00:00+00:00,817.4300163862324,1376.0,-558.5699836137676
2024-06-15 02:00:00+00:00,929.7348855693696,1581.0,-651.2651144306304
2024-06-15 03:00:00+00:00,831.7106331463474,1423.0,-591.2893668536526
2024-06-15 04:00:00+00:00,722.4654546830561,1069.0,-346.5345453169439
2024-06-15 05:00:00+00:00,643.5883050286167,931.0,-287.4116949713833
2024-06-15 06:00:00+00:00,584.4585923592206,874.0,-289.5414076407794
2024-06-15 07:00:00+00:00,529.3834250269404,896.0,-366.61657497305964
2024-06-15 08:00:00+00:00,513.173418734307,846.0,-332.826581265693
2024-06-15 09:00:00+00:00,531.0301124445349,845.0,-313.9698875554651
2024-06-15 10:00:00+00:00,556.8184071838175,707.0,-150.1815928161825
2024-06-15 11:00:00+00:00,551.028564242912,651.0,-99.97143575708799
2024-06-15 12:00:00+00:00,606.3806572352246,609.0,-2.6193427647754106
2024-06-15 13:00:00+00:00,580.5182059630126,626.0,-45.48179403698737
2024-06-15 14:00:00+00:00,572.7634186872327,758.0,-185.23658131276727
2024-06-15 15:00:00+00:00,625.1919443455673,950.0,-324.8080556544327
2024-06-15 16:00:00+00:00,646.1388819643199,1060.0,-413.8611180356801
2024-06-15 17:00:00+00:00,650.9176624425558,1124.0,-473.08233755744425
2024-06-15 18:00:00+00:00,689.9635638195746,1223.0,-533.0364361804254
2024-06-15 19:00:00+00:00,742.6018143817963,1352.0,-609.3981856182037
2024-06-15 20:00:00+00:00,844.3301272145548,1684.0,-839.6698727854452
2024-06-15 21:00:00+00:00,955.4390747752273,1876.0,-920.5609252247727
2024-06-15 22:00:00+00:00,900.5147284909169,1888.0,-987.4852715090831
2024-06-15 23:00:00+00:00,808.8043507185484,1636.0,-827.1956492814516
2024-06-16 00:00:00+00:00,835.8281002945838,1326.0,-490.1718997054162
2024-06-16 01:00:00+00:00,810.611678222268,1563.0,-752.388321777732
2024-06-16 02:00:00+00:00,784.5152664628488,1782.0,-997.4847335371512
2024-06-16 03:00:00+00:00,738.9932638035589,1883.0,-1144.0067361964411
2024-06-16 04:00:00+00:00,675.0502544875766,1864.0,-1188.9497455124233
2024-06-16 05:00:00+00:00,623.4412860314578,1553.0,-929.5587139685422
2024-06-16 06:00:00+00:00,613.1314500273775,1300.0,-686.8685499726225
2024-06-16 07:00:00+00:00,598.9514029613426,1213.0,-614.0485970386574
2024-06-16 08:00:00+00:00,553.686508551308,1219.0,-665.313491448692
2024-06-16 09:00:00+00:00,566.639680605236,1286.0,-719.360319394764
2024-06-16 10:00:00+00:00,440.59963695603466,1085.0,-644.4003630439654
2024-06-16 11:00:00+00:00,196.6358170956604,692.0,-495.3641829043396
2024-06-16 12:00:00+00:00,135.2367658568331,469.0,-333.76323414316687
2024-06-16 13:00:00+00:00,164.19922022593514,488.0,-323.80077977406484
2024-06-16 14:00:00+00:00,253.07551485868763,616.0,-362.9244851413124
2024-06-16 15:00:00+00:00,418.7899090569572,874.0,-455.2100909430428
2024-06-16 16:00:00+00:00,564.4763861784811,1005.0,-440.5236138215189
2024-06-16 17:00:00+00:00,543.5967724351287,981.0,-437.40322756487126
2024-06-16 18:00:00+00:00,451.0323657992357,927.0,-475.9676342007643
2024-06-16 19:00:00+00:00,419.47828782297137,863.0,-443.52171217702863
2024-06-16 20:00:00+00:00,435.3687277422503,750.0,-314.6312722577497
2024-06-16 21:00:00+00:00,392.2695236810367,718.0,-325.7304763189633
2024-06-16 22:00:00+00:00,274.8604640178628,591.0,-316.1395359821372
2024-06-16 23:00:00+00:00,264.35241739998,436.0,-171.64758260001997
2024-06-17 00:00:00+00:00,319.3704298940105,485.0,-165.6295701059895
2024-06-17 01:00:00+00:00,407.80349364036647,599.0,-191.19650635963353
2024-06-17 02:00:00+00:00,453.9466563926061,794.0,-340.0533436073939
2024-06-17 03:00:00+00:00,491.4457952733559,1028.0,-536.5542047266441
2024-06-17 04:00:00+00:00,522.5366848867616,1166.0,-643.4633151132384
2024-06-17 05:00:00+00:00,590.646514207826,1349.0,-758.353485792174
2024-06-17 06:00:00+00:00,621.849479037759,1338.0,-716.150520962241
2024-06-17 07:00:00+00:00,652.9651557079812,1377.0,-724.0348442920188
2024-06-17 08:00:00+00:00,688.6423236335609,1409.0,-720.3576763664391
2024-06-17 09:00:00+00:00,736.9306618472943,1378.0,-641.0693381527057
2024-06-17 10:00:00+00:00,705.4883486938697,1322.0,-616.5116513061303
2024-06-17 11:00:00+00:00,661.0626408703343,1072.0,-410.93735912966565
2024-06-17 12:00:00+00:00,504.5616806337953,949.0,-444.4383193662047
2024-06-17 13:00:00+00:00,464.9585558266915,698.0,-233.0414441733085
2024-06-17 14:00:00+00:00,552.1995440798948,601.0,-48.80045592010515
2024-06-17 15:00:00+00:00,551.8691769210998,523.0,28.86917692109978
2024-06-17 16:00:00+00:00,680.052079373069,659.0,21.052079373068977
2024-06-17 17:00:00+00:00,970.68145604429,874.0,96.68145604429003
2024-06-17 18:00:00+00:00,1048.6500122995128,1035.0,13.65001229951281
2024-06-17 19:00:00+00:00,978.3160473572344,981.0,-2.6839526427655755
2024-06-17 20:00:00+00:00,854.0296315652989,833.0,21.029631565298928
2024-06-17 21:00:00+00:00,687.0976456832886,775.0,-87.90235431671135
2024-06-17 22:00:00+00:00,333.4109625386473,942.0,-608.5890374613527
2024-06-17 23:00:00+00:00,447.4627253823845,921.0,-473.5372746176155
2024-06-18 00:00:00+00:00,586.2940744347026,1093.0,-506.70592556529743
2024-06-18 01:00:00+00:00,750.2485098689914,1412.0,-661.7514901310086
2024-06-18 02:00:00+00:00,847.561424562004,1653.0,-805.438575437996
2024-06-18 03:00:00+00:00,896.5379800576276,1770.0,-873.4620199423724
2024-06-18 04:00:00+00:00,850.9139577545433,1768.0,-917.0860422454567
2024-06-18 05:00:00+00:00,768.5374984226104,1691.0,-922.4625015773896
2024-06-18 06:00:00+00:00,671.7414558051337,1507.0,-835.2585441948663
2024-06-18 07:00:00+00:00,601.6179858255559,1353.0,-751.3820141744441
2024-06-18 08:00:00+00:00,499.9879167065928,1155.0,-655.0120832934072
2024-06-18 09:00:00+00:00,452.71905399456375,1038.0,-585.2809460054362
2024-06-18 10:00:00+00:00,285.5593529904986,862.0,-576.4406470095014
2024-06-18 11:00:00+00:00,240.18513460527743,751.0,-510.8148653947226
2024-06-18 12:00:00+00:00,146.96195160773388,411.0,-264.0380483922661
2024-06-18 13:00:00+00:00,155.2902987794703,316.0,-160.7097012205297
2024-06-18 14:00:00+00:00,173.40203534044647,233.0,-59.597964659553526
2024-06-18 15:00:00+00:00,175.51030652473224,275.0,-99.48969347526776
2024-06-18 16:00:00+00:00,257.610980246251,299.0,-41.38901975374898
2024-06-18 17:00:00+00:00,350.3341969181908,426.0,-75.6658030818092
2024-06-18 18:00:00+00:00,568.9621774993299,506.0,62.96217749932987
2024-06-18 19:00:00+00:00,638.0991881419831,630.0,8.099188141983063
2024-06-18 20:00:00+00:00,608.4112457966896,547.0,61.41124579668963
2024-06-18 21:00:00+00:00,380.3639232837375,525.0,-144.6360767162625
2024-06-18 22:00:00+00:00,346.5009909264247,444.0,-97.49900907357528
2024-06-18 23:00:00+00:00,216.93266969982875,316.0,-99.06733030017125
2024-06-19 00:00:00+00:00,331.77599612488063,439.0,-107.22400387511937
2024-06-19 01:00:00+00:00,653.2163092573783,808.0,-154.78369074262173
2024-06-19 02:00:00+00:00,805.8711191570394,1136.0,-330.1288808429606
2024-06-19 03:00:00+00:00,912.8703160996324,1178.0,-265.1296839003676
2024-06-19 04:00:00+00:00,944.5108893948632,1475.0,-530.4891106051368
2024-06-19 05:00:00+00:00,974.8057295065348,1574.0,-599.1942704934652
2024-06-19 06:00:00+00:00,939.1614644481648,1538.0,-598.8385355518352
2024-06-19 07:00:00+00:00,924.020700363842,1667.0,-742.979299636158
2024-06-19 08:00:00+00:00,898.5802172652218,1651.0,-752.4197827347782
2024-06-19 09:00:00+00:00,847.8302446268714,1530.0,-682.1697553731286
2024-06-19 10:00:00+00:00,618.1500094411143,1426.0,-807.8499905588857
2024-06-19 11:00:00+00:00,508.64725590965793,1066.0,-557.3527440903421
2024-06-19 12:00:00+00:00,297.3433854073319,766.0,-468.6566145926681
2024-06-19 13:00:00+00:00,351.0073485352223,711.0,-359.9926514647777
2024-06-19 14:00:00+00:00,450.9940457163332,874.0,-423.0059542836668
2024-06-19 15:00:00+00:00,547.9228955345767,1041.0,-493.0771044654233
2024-06-19 16:00:00+00:00,790.5770084056027,1200.0,-409.42299159439733
2024-06-19 17:00:00+00:00,980.0793865073816,1533.0,-552.9206134926184
2024-06-19 18:00:00+00:00,1227.3745832786744,1748.0,-520.6254167213256
2024-06-19 19:00:00+00:00,1455.3005831728244,1843.0,-387.6994168271756
2024-06-19 20:00:00+00:00,1607.417893066976,1982.0,-374.5821069330241
2024-06-19 21:00:00+00:00,1388.4853019576024,2050.0,-661.5146980423976
2024-06-19 22:00:00+00:00,1566.3384331989778,1862.0,-295.6615668010222
2024-06-19 23:00:00+00:00,1720.99248618865,2244.0,-523.00751381135
2024-06-20 00:00:00+00:00,1818.0318840914497,2347.0,-528.9681159085503
2024-06-20 01:00:00+00:00,1965.6755515896332,2471.0,-505.3244484103668
2024-06-20 02:00:00+00:00,2005.4712476821044,2707.0,-701.5287523178956
2024-06-20 03:00:00+00:00,1986.6992500221293,2556.0,-569.3007499778707
2024-06-20 04:00:00+00:00,1910.249413886531,2396.0,-485.7505861134689
2024-06-20 05:00:00+00:00,1827.873191243409,2229.0,-401.1268087565909
2024-06-20 06:00:00+00:00,1740.46013963711,2292.0,-551.5398603628901
2024-06-20 07:00:00+00:00,1638.824710653587,2054.0,-415.1752893464129
2024-06-20 08:00:00+00:00,1465.3746472493106,2245.0,-779.6253527506894
2024-06-20 09:00:00+00:00,1324.6754305284096,2275.0,-950.3245694715904
2024-06-20 10:00:00+00:00,1115.986864008552,2263.0,-1147.013135991448
2024-06-20 11:00:00+00:00,990.711489778531,2257.0,-1266.288510221469
2024-06-20 12:00:00+00:00,1400.893161488537,2052.0,-651.1068385114629
2024-06-20 13:00:00+00:00,1449.2960986950072,1958.0,-508.70390130499277
2024-06-20 14:00:00+00:00,1099.9852327186131,1855.0,-755.0147672813869
2024-06-20 15:00:00+00:00,993.5768683029404,1982.0,-988.4231316970596
2024-06-20 16:00:00+00:00,1168.72190791301,2270.0,-1101.27809208699
2024-06-20 17:00:00+00:00,1386.002774224195,2286.0,-899.997225775805
2024-06-20 18:00:00+00:00,1380.5722167902834,2257.0,-876.4277832097166
2024-06-20 19:00:00+00:00,1331.49957459857,1713.0,-381.50042540143
2024-06-20 20:00:00+00:00,1205.8868667610604,1847.0,-641.1131332389396
2024-06-20 21:00:00+00:00,1030.7577741123728,1779.0,-748.2422258876272
2024-06-20 22:00:00+00:00,797.9616751704255,1631.0,-833.0383248295745
2024-06-20 23:00:00+00:00,926.7169044944134,1346.0,-419.28309550558663
2024-06-21 00:00:00+00:00,880.5788890637141,1298.0,-417.4211109362859
2024-06-21 01:00:00+00:00,941.8705130067332,1292.0,-350.1294869932668
2024-06-21 02:00:00+00:00,1013.709989098894,1452.0,-438.29001090110603
2024-06-21 03:00:00+00:00,957.2186866392216,1562.0,-604.7813133607784
2024-06-21 04:00:00+00:00,914.1973438586722,1780.0,-865.8026561413278
2024-06-21 05:00:00+00:00,931.0519414975802,1790.0,-858.9480585024198
2024-06-21 06:00:00+00:00,908.829040420271,1877.0,-968.170959579729
2024-06-21 07:00:00+00:00,761.3720630569773,2017.0,-1255.6279369430226
2024-06-21 08:00:00+00:00,733.7608421671492,1996.0,-1262.2391578328507
2024-06-21 09:00:00+00:00,702.337284145184,1755.0,-1052.662715854816
2024-06-21 10:00:00+00:00,852.063444655713,1540.0,-687.936555344287
2024-06-21 11:00:00+00:00,552.7434958843003,1374.0,-821.2565041156997
2024-06-21 12:00:00+00:00,555.0419691936384,1127.0,-571.9580308063616
2024-06-21 13:00:00+00:00,511.7043552230368,915.0,-403.2956447769632
2024-06-21 14:00:00+00:00,456.4523057886696,723.0,-266.5476942113304
2024-06-21 15:00:00+00:00,414.2663683023065,723.0,-308.7336316976935
2024-06-21 16:00:00+00:00,408.93508585865845,850.0,-441.06491414134155
2024-06-21 17:00:00+00:00,454.96427132412737,894.0,-439.03572867587263
2024-06-21 18:00:00+00:00,502.29742164916297,946.0,-443.70257835083703
2024-06-21 19:00:00+00:00,485.1637620580132,910.0,-424.8362379419868
2024-06-21 20:00:00+00:00,448.1031271889871,881.0,-432.8968728110129
2024-06-21 21:00:00+00:00,439.1827944608029,791.0,-351.8172055391971
2024-06-21 22:00:00+00:00,310.62667660668063,693.0,-382.37332339331937
2024-06-21 23:00:00+00:00,223.87905597310592,418.0,-194.12094402689408
2024-06-22 00:00:00+00:00,321.8513694233393,359.0,-37.14863057666071
2024-06-22 01:00:00+00:00,364.3580266602008,562.0,-197.64197333979922
2024-06-22 02:00:00+00:00,385.9131542744002,793.0,-407.0868457255998
2024-06-22 03:00:00+00:00,411.6996806521793,993.0,-581.3003193478207
2024-06-22 04:00:00+00:00,377.8382782587036,1037.0,-659.1617217412963
2024-06-22 05:00:00+00:00,364.43327104191656,991.0,-626.5667289580834
2024-06-22 06:00:00+00:00,329.15609685068137,724.0,-394.84390314931863
2024-06-22 07:00:00+00:00,291.61156575958466,593.0,-301.38843424041534
2024-06-22 08:00:00+00:00,245.68956992679364,530.0,-284.31043007320636
2024-06-22 09:00:00+00:00,212.2152598380707,407.0,-194.7847401619293
2024-06-22 10:00:00+00:00,133.9712414096361,395.0,-261.0287585903639
2024-06-22 11:00:00+00:00,66.12224610453492,280.0,-213.87775389546508
2024-06-22 12:00:00+00:00,37.0642949333424,233.0,-195.9357050666576
2024-06-22 13:00:00+00:00,71.93110574910796,290.0,-218.06889425089204
2024-06-22 14:00:00+00:00,77.99902948901472,279.0,-201.00097051098527
2024-06-22 15:00:00+00:00,127.12522040625998,235.0,-107.87477959374002
2024-06-22 16:00:00+00:00,157.0032949228651,275.0,-117.99670507713489
2024-06-22 17:00:00+00:00,188.0722696618037,330.0,-141.9277303381963
2024-06-22 18:00:00+00:00,185.63442167950492,431.0,-245.36557832049508
2024-06-22 19:00:00+00:00,164.56900600328532,498.0,-333.4309939967147
2024-06-22 20:00:00+00:00,156.8279560690505,371.0,-214.1720439309495
2024-06-22 21:00:00+00:00,146.20120494069153,312.0,-165.79879505930847
2024-06-22 22:00:00+00:00,117.98004587218708,224.0,-106.01995412781292
2024-06-22 23:00:00+00:00,125.92192277103663,140.0,-14.078077228963366
2024-06-23 00:00:00+00:00,204.8259699269808,184.0,20.825969926980804
2024-06-23 01:00:00+00:00,276.27013213314086,253.0,23.270132133140862
2024-06-23 02:00:00+00:00,357.98501069907087,330.0,27.98501069907087
2024-06-23 03:00:00+00:00,434.5369480693682,376.0,58.53694806936818
2024-06-23 04:00:00+00:00,403.5366329470898,431.0,-27.4633670529102
2024-06-23 05:00:00+00:00,382.3302214407724,384.0,-1.669778559227609
2024-06-23 06:00:00+00:00,343.25880104225075,348.0,-4.741198957749248
2024-06-23 07:00:00+00:00,353.5809149324615,363.0,-9.419085067538504
2024-06-23 08:00:00+00:00,411.0370972840664,356.0,55.03709728406642
2024-06-23 09:00:00+00:00,473.8979674555098,366.0,107.89796745550979
2024-06-23 10:00:00+00:00,313.96408481928603,484.0,-170.03591518071397
2024-06-23 11:00:00+00:00,412.897571509766,557.0,-144.102428490234
2024-06-23 12:00:00+00:00,609.3365481098239,619.0,-9.663451890176134
2024-06-23 13:00:00+00:00,759.2850091737303,760.0,-0.7149908262697409
2024-06-23 14:00:00+00:00,862.5633972060914,886.0,-23.436602793908605
2024-06-23 15:00:00+00:00,820.3680271587713,892.0,-71.63197284122873
2024-06-23 16:00:00+00:00,735.3773937234356,1091.0,-355.6226062765644
2024-06-23 17:00:00+00:00,614.0161211834481,1170.0,-555.9838788165519
2024-06-23 18:00:00+00:00,684.3754218121919,1385.0,-700.6245781878081
2024-06-23 19:00:00+00:00,911.4715121637312,1585.0,-673.5284878362688
2024-06-23 20:00:00+00:00,1095.4068726132198,1279.0,-183.59312738678022
2024-06-23 21:00:00+00:00,1286.5849153725192,1453.0,-166.41508462748084
2024-06-23 22:00:00+00:00,904.3479479196756,1695.0,-790.6520520803244
2024-06-23 23:00:00+00:00,887.0875881368911,1597.0,-709.9124118631089
2024-06-24 00:00:00+00:00,819.204664455326,1437.0,-617.795335544674
2024-06-24 01:00:00+00:00,920.2372665381324,1407.0,-486.7627334618676
2024-06-24 02:00:00+00:00,892.8365047915901,1300.0,-407.1634952084099
2024-06-24 03:00:00+00:00,795.3476576742597,1161.0,-365.6523423257403
2024-06-24 04:00:00+00:00,736.8941247339585,1079.0,-342.1058752660415
2024-06-24 05:00:00+00:00,688.1297394341979,902.0,-213.87026056580214
2024-06-24 06:00:00+00:00,687.9267509567866,1005.0,-317.0732490432134
2024-06-24 07:00:00+00:00,825.6194309584428,1285.0,-459.38056904155724
2024-06-24 08:00:00+00:00,933.2061545132084,1223.0,-289.7938454867916
2024-06-24 09:00:00+00:00,995.5009857368796,1310.0,-314.49901426312044
2024-06-24 10:00:00+00:00,1022.3988142980642,1155.0,-132.60118570193583
2024-06-24 11:00:00+00:00,802.5731860546207,954.0,-151.4268139453793
2024-06-24 12:00:00+00:00,724.4791970327528,848.0,-123.52080296724716
2024-06-24 13:00:00+00:00,667.2736564885032,743.0,-75.7263435114968
2024-06-24 14:00:00+00:00,712.7934080100956,611.0,101.79340801009562
2024-06-24 15:00:00+00:00,853.9417840847691,477.0,376.9417840847691
2024-06-24 16:00:00+00:00,822.1167117378965,435.0,387.1167117378965
2024-06-24 17:00:00+00:00,675.8401735882643,402.0,273.8401735882643
2024-06-24 18:00:00+00:00,454.9502897300524,438.0,16.95028973005242
2024-06-24 19:00:00+00:00,386.1568396319991,457.0,-70.8431603680009
2024-06-24 20:00:00+00:00,340.9188491018987,515.0,-174.08115089810133
2024-06-24 21:00:00+00:00,290.7798810836457,455.0,-164.2201189163543
2024-06-24 22:00:00+00:00,185.140726127165,356.0,-170.859273872835
2024-06-24 23:00:00+00:00,147.0933097548959,306.0,-158.9066902451041
2024-06-25 00:00:00+00:00,118.88272927195018,360.0,-241.11727072804982
2024-06-25 01:00:00+00:00,117.19525980369572,453.0,-335.8047401963043
2024-06-25 02:00:00+00:00,134.95762388474543,391.0,-256.04237611525457
2024-06-25 03:00:00+00:00,184.48350348341663,420.0,-235.51649651658337
2024-06-25 04:00:00+00:00,231.25827552744477,444.0,-212.74172447255523
2024-06-25 05:00:00+00:00,270.5396048209289,408.0,-137.4603951790711
2024-06-25 06:00:00+00:00,286.7939599111046,431.0,-144.2060400888954
2024-06-25 07:00:00+00:00,269.2979960080337,421.0,-151.7020039919663
2024-06-25 08:00:00+00:00,276.7498596143565,446.0,-169.25014038564348
2024-06-25 09:00:00+00:00,294.0777272669207,362.0,-67.9222727330793
2024-06-25 10:00:00+00:00,176.0565873547373,235.0,-58.9434126452627
2024-06-25 11:00:00+00:00,44.60284429527948,126.0,-81.39715570472052
2024-06-25 12:00:00+00:00,28.055472081595934,49.0,-20.944527918404066
2024-06-25 13:00:00+00:00,45.162437828204986,41.0,4.162437828204986
2024-06-25 14:00:00+00:00,45.73226743728326,247.0,-201.26773256271673
2024-06-25 15:00:00+00:00,56.20944254037357,258.0,-201.79055745962643
2024-06-25 16:00:00+00:00,69.65392657066306,261.0,-191.34607342933694
2024-06-25 17:00:00+00:00,159.2066518521102,279.0,-119.79334814788979
2024-06-25 18:00:00+00:00,278.05756868007927,404.0,-125.94243131992073
2024-06-25 19:00:00+00:00,315.06537602901284,510.0,-194.93462397098716
2024-06-25 20:00:00+00:00,497.1577813774576,660.0,-162.84221862254242
2024-06-25 21:00:00+00:00,591.1048458553076,885.0,-293.89515414469236
2024-06-25 22:00:00+00:00,630.9022870561063,1075.0,-444.0977129438937
2024-06-25 23:00:00+00:00,783.6868415580861,1199.0,-415.31315844191386
2024-06-26 00:00:00+00:00,1036.4674664356212,1398.0,-361.5325335643788
2024-06-26 01:00:00+00:00,1248.541806959829,1831.0,-582.458193040171
2024-06-26 02:00:00+00:00,1257.6734060464903,2124.0,-866.3265939535097
2024-06-26 03:00:00+00:00,1153.81678265122,2268.0,-1114.18321734878
2024-06-26 04:00:00+00:00,1057.6515184864695,2161.0,-1103.3484815135305
2024-06-26 05:00:00+00:00,1092.6352133200812,2203.0,-1110.3647866799188
2024-06-26 06:00:00+00:00,1128.437405506383,2280.0,-1151.562594493617
2024-06-26 07:00:00+00:00,1237.1397412624383,2380.0,-1142.8602587375617
2024-06-26 08:00:00+00:00,1347.656734266592,2310.0,-962.3432657334081
2024-06-26 09:00:00+00:00,1303.8778628679524,2108.0,-804.1221371320476
2024-06-26 10:00:00+00:00,1575.7129550033062,2010.0,-434.2870449966938
2024-06-26 11:00:00+00:00,1315.0545818586943,1957.0,-641.9454181413057
2024-06-26 12:00:00+00:00,1114.8079885163197,1911.0,-796.1920114836803
2024-06-26 13:00:00+00:00,1067.2222414939167,1669.0,-601.7777585060833
2024-06-26 14:00:00+00:00,1381.5180300380805,1600.0,-218.4819699619195
2024-06-26 15:00:00+00:00,1280.167194142716,1390.0,-109.83280585728403
2024-06-26 16:00:00+00:00,1162.541723973853,1455.0,-292.4582760261469
2024-06-26 17:00:00+00:00,1251.3486105981483,1690.0,-438.6513894018517
2024-06-26 18:00:00+00:00,1027.2788022883406,1646.0,-618.7211977116594
2024-06-26 19:00:00+00:00,1006.4653741826562,1526.0,-519.5346258173438
2024-06-26 20:00:00+00:00,789.886288683481,1576.0,-786.113711316519
2024-06-26 21:00:00+00:00,622.8432994998235,1442.0,-819.1567005001765
2024-06-26 22:00:00+00:00,326.06661067532747,998.0,-671.9333893246726
2024-06-26 23:00:00+00:00,351.9856617960692,891.0,-539.0143382039307
2024-06-27 00:00:00+00:00,352.36645840123606,767.0,-414.63354159876394
2024-06-27 01:00:00+00:00,340.41307158635425,784.0,-443.58692841364575
2024-06-27 02:00:00+00:00,272.227788480929,555.0,-282.772211519071
2024-06-27 03:00:00+00:00,219.33705596921055,519.0,-299.66294403078945
2024-06-27 04:00:00+00:00,174.39196035636672,389.0,-214.60803964363328
2024-06-27 05:00:00+00:00,164.78916877163894,256.0,-91.21083122836106
2024-06-27 06:00:00+00:00,186.2563107715085,252.0,-65.74368922849149
2024-06-27 07:00:00+00:00,187.2360139871346,234.0,-46.76398601286539
2024-06-27 08:00:00+00:00,219.79657759046643,192.0,27.796577590466427
2024-06-27 09:00:00+00:00,292.5445123745892,146.0,146.5445123745892
2024-06-27 10:00:00+00:00,295.9616793258496,189.0,106.96167932584962
2024-06-27 11:00:00+00:00,202.25934337875373,254.0,-51.74065662124627
2024-06-27 12:00:00+00:00,192.06105319429832,228.0,-35.938946805701676
2024-06-27 13:00:00+00:00,177.33547774580717,200.0,-22.664522254192832
2024-06-27 14:00:00+00:00,172.96467285161046,249.0,-76.03532714838954
2024-06-27 15:00:00+00:00,246.22047720856,307.0,-60.77952279144
2024-06-27 16:00:00+00:00,287.1133566222961,337.0,-49.88664337770388
2024-06-27 17:00:00+00:00,248.03815179840944,381.0,-132.96184820159056
2024-06-27 18:00:00+00:00,294.9405885388022,433.0,-138.05941146119778
2024-06-27 19:00:00+00:00,566.8269545611969,649.0,-82.17304543880311
2024-06-27 20:00:00+00:00,762.1363474343485,635.0,127.13634743434852
2024-06-27 21:00:00+00:00,876.1758237222738,903.0,-26.824176277726224
2024-06-27 22:00:00+00:00,614.0863849192101,811.0,-196.9136150807899
2024-06-27 23:00:00+00:00,557.8759672477078,1081.0,-523.1240327522922
2024-06-28 00:00:00+00:00,477.2282402722588,980.0,-502.7717597277412
2024-06-28 01:00:00+00:00,468.9281252806696,976.0,-507.0718747193304
2024-06-28 02:00:00+00:00,499.5414784431669,1036.0,-536.4585215568331
2024-06-28 03:00:00+00:00,538.3878701914305,1179.0,-640.6121298085695
2024-06-28 04:00:00+00:00,638.9679989803411,1010.0,-371.0320010196589
2024-06-28 05:00:00+00:00,706.816710952152,1116.0,-409.183289047848
2024-06-28 06:00:00+00:00,726.6003359878714,1086.0,-359.3996640121286
2024-06-28 07:00:00+00:00,746.9461473873904,1250.0,-503.0538526126096
2024-06-28 08:00:00+00:00,698.1582860434374,1321.0,-622.8417139565626
2024-06-28 09:00:00+00:00,680.3363053358736,1310.0,-629.6636946641264
2024-06-28 10:00:00+00:00,725.4899980796009,1156.0,-430.5100019203991
2024-06-28 11:00:00+00:00,930.3213683836686,946.0,-15.678631616331359
2024-06-28 12:00:00+00:00,749.6376199862315,851.0,-101.36238001376853
2024-06-28 13:00:00+00:00,494.42778696006,779.0,-284.57221303994
2024-06-28 14:00:00+00:00,481.57673001925264,946.0,-464.42326998074736
2024-06-28 15:00:00+00:00,559.7810648568983,1139.0,-579.2189351431017
2024-06-28 16:00:00+00:00,526.14845958002,1117.0,-590.85154041998
2024-06-28 17:00:00+00:00,521.7383920215865,1198.0,-676.2616079784135
2024-06-28 18:00:00+00:00,524.8263030151421,1138.0,-613.1736969848579
2024-06-28 19:00:00+00:00,517.1354863255957,1138.0,-620.8645136744043
2024-06-28 20:00:00+00:00,459.1503427774061,1056.0,-596.8496572225939
2024-06-28 21:00:00+00:00,413.6029467920639,988.0,-574.3970532079361
2024-06-28 22:00:00+00:00,331.65046814178146,704.0,-372.34953185821854
2024-06-28 23:00:00+00:00,308.2368645971575,546.0,-237.76313540284252
2024-06-29 00:00:00+00:00,342.9250263248932,459.0,-116.07497367510678
2024-06-29 01:00:00+00:00,401.8667398930397,647.0,-245.13326010696028
2024-06-29 02:00:00+00:00,452.6548562084634,911.0,-458.3451437915366
2024-06-29 03:00:00+00:00,519.6557605437171,1182.0,-662.3442394562829
2024-06-29 04:00:00+00:00,570.2630130368673,1303.0,-732.7369869631327
2024-06-29 05:00:00+00:00,633.0703573701055,1318.0,-684.9296426298945
2024-06-29 06:00:00+00:00,724.4897666554554,1401.0,-676.5102333445446
2024-06-29 07:00:00+00:00,804.6235348093519,1598.0,-793.3764651906481
2024-06-29 08:00:00+00:00,898.6562508621496,1694.0,-795.3437491378504
2024-06-29 09:00:00+00:00,1011.6169167877014,1762.0,-750.3830832122986
2024-06-29 10:00:00+00:00,820.5378593785044,1744.0,-923.4621406214956
2024-06-29 11:00:00+00:00,942.8354349932468,1794.0,-851.1645650067532
2024-06-29 12:00:00+00:00,879.8396391086897,1699.0,-819.1603608913103
2024-06-29 13:00:00+00:00,905.7259122979716,1628.0,-722.2740877020284
2024-06-29 14:00:00+00:00,1011.5943323760904,1803.0,-791.4056676239096
2024-06-29 15:00:00+00:00,1340.0395269118774,2006.0,-665.9604730881226
2024-06-29 16:00:00+00:00,1627.9551524892895,1834.0,-206.0448475107105
2024-06-29 17:00:00+00:00,2020.2871826213295,1798.0,222.28718262132952
2024-06-29 18:00:00+00:00,2166.708068440273,2072.0,94.70806844027311
2024-06-29 19:00:00+00:00,2163.9704896583908,1883.0,280.97048965839076
2024-06-29 20:00:00+00:00,2346.7497241418973,1955.0,391.74972414189733
2024-06-29 21:00:00+00:00,2430.199673203265,2150.0,280.19967320326487
2024-06-29 22:00:00+00:00,2275.9011773021216,2336.0,-60.098822697878404
2024-06-29 23:00:00+00:00,2315.203463023427,2411.0,-95.79653697657295
2024-06-30 00:00:00+00:00,2372.13000069121,2280.0,92.13000069121017
2024-06-30 01:00:00+00:00,2378.4789191715245,2336.0,42.47891917152447
2024-06-30 02:00:00+00:00,2358.150958056188,2316.0,42.15095805618785
2024-06-30 03:00:00+00:00,2473.069019476769,2311.0,162.06901947676897
2024-06-30 04:00:00+00:00,2305.342538249925,2199.0,106.34253824992493
2024-06-30 05:00:00+00:00,2079.2539260368594,2073.0,6.253926036859411
2024-06-30 06:00:00+00:00,1866.6239130516703,1895.0,-28.376086948329657
2024-06-30 07:00:00+00:00,1555.4460813484218,1985.0,-429.5539186515782
2024-06-30 08:00:00+00:00,1354.8568197476768,1873.0,-518.1431802523232
2024-06-30 09:00:00+00:00,1168.5623688336548,1569.0,-400.4376311663452
2024-06-30 10:00:00+00:00,964.6775923361508,1344.0,-379.32240766384916
2024-06-30 11:00:00+00:00,891.0056483953515,1068.0,-176.9943516046485
2024-06-30 12:00:00+00:00,1043.3746322911693,1102.0,-58.62536770883071
2024-06-30 13:00:00+00:00,934.6682190836356,1116.0,-181.33178091636444
2024-06-30 14:00:00+00:00,801.8957687838705,1040.0,-238.1042312161295
2024-06-30 15:00:00+00:00,646.0856869490202,1005.0,-358.9143130509798
2024-06-30 16:00:00+00:00,660.0298365785044,715.0,-54.97016342149561
2024-06-30 17:00:00+00:00,587.5293971128094,1112.0,-524.4706028871906
2024-06-30 18:00:00+00:00,680.3399273962068,997.0,-316.6600726037932
2024-06-30 19:00:00+00:00,1138.5378926889937,1299.0,-160.46210731100632
2024-06-30 20:00:00+00:00,1364.0737094761898,1161.0,203.07370947618983
2024-06-30 21:00:00+00:00,929.0299785462172,1146.0,-216.9700214537828
2024-06-30 22:00:00+00:00,496.2600176773345,1330.0,-833.7399823226656
2024-06-30 23:00:00+00:00,490.0403592076351,1227.0,-736.9596407923649
2024-07-01 00:00:00+00:00,553.9631518810089,1134.0,-580.0368481189911
2024-07-01 01:00:00+00:00,606.7255100322028,1146.0,-539.2744899677972
2024-07-01 02:00:00+00:00,717.4623101547865,1173.0,-455.53768984521355
2024-07-01 03:00:00+00:00,862.9458007429507,959.0,-96.05419925704928
2024-07-01 04:00:00+00:00,857.2847887181694,1039.0,-181.71521128183065
2024-07-01 05:00:00+00:00,819.6944983092231,1123.0,-303.30550169077685
2024-07-01 06:00:00+00:00,789.1016778003938,1127.0,-337.89832219960624
2024-07-01 07:00:00+00:00,777.7590362569279,1162.0,-384.24096374307214
2024-07-01 08:00:00+00:00,770.1452239053783,1146.0,-375.8547760946217
2024-07-01 09:00:00+00:00,704.3214686197042,989.0,-284.6785313802958
2024-07-01 10:00:00+00:00,593.9461211338611,793.0,-199.05387886613892
2024-07-01 11:00:00+00:00,355.9300722915472,455.0,-99.06992770845278
2024-07-01 12:00:00+00:00,279.2518361927327,201.0,78.2518361927327
2024-07-01 13:00:00+00:00,241.23504335234023,196.0,45.23504335234023
2024-07-01 14:00:00+00:00,217.5985943028504,246.0,-28.401405697149613
2024-07-01 15:00:00+00:00,312.7168666074999,384.0,-71.28313339250008
2024-07-01 16:00:00+00:00,361.1721623358498,541.0,-179.8278376641502
2024-07-01 17:00:00+00:00,396.75528568325086,585.0,-188.24471431674914
2024-07-01 18:00:00+00:00,359.2697573636887,774.0,-414.7302426363113
2024-07-01 19:00:00+00:00,366.7175432281904,865.0,-498.2824567718096
2024-07-01 20:00:00+00:00,330.2183624781679,871.0,-540.7816375218322
2024-07-01 21:00:00+00:00,300.62678209286685,773.0,-472.37321790713315
2024-07-01 22:00:00+00:00,222.5991035626684,613.0,-390.4008964373316
2024-07-01 23:00:00+00:00,209.12846858026705,498.0,-288.87153141973295
2024-07-02 00:00:00+00:00,278.5108913509096,469.0,-190.48910864909038
2024-07-02 01:00:00+00:00,337.68009615463546,683.0,-345.31990384536454
2024-07-02 02:00:00+00:00,356.3913751148297,719.0,-362.6086248851703
2024-07-02 03:00:00+00:00,403.7036744711103,774.0,-370.2963255288897
2024-07-02 04:00:00+00:00,473.1717287641824,756.0,-282.8282712358176
2024-07-02 05:00:00+00:00,482.134272658188,763.0,-280.865727341812
2024-07-02 06:00:00+00:00,448.2705978043081,698.0,-249.72940219569188
2024-07-02 07:00:00+00:00,339.526919759334,556.0,-216.47308024066598
2024-07-02 08:00:00+00:00,246.4621153424843,354.0,-107.53788465751569
2024-07-02 09:00:00+00:00,209.68451751682557,349.0,-139.31548248317443
2024-07-02 10:00:00+00:00,175.3830018326053,339.0,-163.6169981673947
2024-07-02 11:00:00+00:00,93.66815331991845,181.0,-87.33184668008155
2024-07-02 12:00:00+00:00,14.188051922035138,69.0,-54.811948077964864
2024-07-02 13:00:00+00:00,8.81686860014098,47.0,-38.18313139985902
2024-07-02 14:00:00+00:00,15.545909796481595,71.0,-55.454090203518405
2024-07-02 15:00:00+00:00,34.43296585599182,150.0,-115.56703414400818
2024-07-02 16:00:00+00:00,52.77388417556624,180.0,-127.22611582443376
2024-07-02 17:00:00+00:00,73.53612375354362,302.0,-228.46387624645638
2024-07-02 18:00:00+00:00,69.87620853122098,305.0,-235.12379146877902
2024-07-02 19:00:00+00:00,58.41261858127264,277.0,-218.58738141872738
2024-07-02 20:00:00+00:00,43.911636022805936,283.0,-239.08836397719406
2024-07-02 21:00:00+00:00,42.20225967599804,200.0,-157.79774032400195
2024-07-02 22:00:00+00:00,75.86172850363405,138.0,-62.138271496365945
2024-07-02 23:00:00+00:00,79.2970384676122,96.0,-16.702961532387803
2024-07-03 00:00:00+00:00,96.69077479687832,82.0,14.690774796878316
2024-07-03 01:00:00+00:00,105.12092625495654,144.0,-38.879073745043456
2024-07-03 02:00:00+00:00,105.16035212987153,133.0,-27.839647870128474
2024-07-03 03:00:00+00:00,112.98606974292456,122.0,-9.013930257075444
2024-07-03 04:00:00+00:00,127.28367256147992,133.0,-5.716327438520082
2024-07-03 05:00:00+00:00,141.2325617807584,148.0,-6.767438219241598
2024-07-03 06:00:00+00:00,155.1079341197157,188.0,-32.89206588028429
2024-07-03 07:00:00+00:00,184.9660185458808,227.0,-42.033981454119214
2024-07-03 08:00:00+00:00,233.0755222467101,241.0,-7.924477753289892
2024-07-03 09:00:00+00:00,354.4092198570429,309.0,45.4092198570429
2024-07-03 10:00:00+00:00,397.7954310645,332.0,65.79543106450001
2024-07-03 11:00:00+00:00,376.5448521650783,357.0,19.544852165078282
2024-07-03 12:00:00+00:00,327.31310350227005,266.0,61.31310350227005
2024-07-03 13:00:00+00:00,206.0740216570562,219.0,-12.925978342943807
2024-07-03 14:00:00+00:00,237.13899957757,298.0,-60.86100042243001
2024-07-03 15:00:00+00:00,404.3421680279028,487.0,-82.6578319720972
2024-07-03 16:00:00+00:00,654.3351534421279,810.0,-155.66484655787212
2024-07-03 17:00:00+00:00,916.1362680510942,955.0,-38.86373194890575
2024-07-03 18:00:00+00:00,1003.8963580564672,1089.0,-85.1036419435328
2024-07-03 19:00:00+00:00,1100.5400707786728,991.0,109.54007077867277
2024-07-03 20:00:00+00:00,1138.7111610701563,1068.0,70.71116107015632
2024-07-03 21:00:00+00:00,1029.0518110701066,1220.0,-190.94818892989338
2024-07-03 22:00:00+00:00,1268.3467794502017,1287.0,-18.653220549798334
2024-07-03 23:00:00+00:00,1385.0452662295102,1378.0,7.045266229510162
2024-07-04 00:00:00+00:00,1575.653453180667,1591.0,-15.34654681933307
2024-07-04 01:00:00+00:00,1793.3004654890096,1857.0,-63.69953451099036
2024-07-04 02:00:00+00:00,1969.5025872475471,2161.0,-191.49741275245287
2024-07-04 03:00:00+00:00,2016.108972593438,2172.0,-155.891027406562
2024-07-04 04:00:00+00:00,1999.2069335934148,2113.0,-113.79306640658524
2024-07-04 05:00:00+00:00,1882.057501269614,2032.0,-149.94249873038598
2024-07-04 06:00:00+00:00,1796.5043584640905,2025.0,-228.4956415359095
2024-07-04 07:00:00+00:00,1664.4934385299707,1969.0,-304.5065614700293
2024-07-04 08:00:00+00:00,1515.1800840877004,2091.0,-575.8199159122996
2024-07-04 09:00:00+00:00,1431.6497068606732,1922.0,-490.3502931393268
2024-07-04 10:00:00+00:00,1522.8593442350643,1871.0,-348.1406557649357
2024-07-04 11:00:00+00:00,1303.3474229110602,1720.0,-416.6525770889398
2024-07-04 12:00:00+00:00,945.1644654061822,1532.0,-586.8355345938178
2024-07-04 13:00:00+00:00,784.0707790943612,1276.0,-491.9292209056388
2024-07-04 14:00:00+00:00,791.4623169090993,1149.0,-357.5376830909007
2024-07-04 15:00:00+00:00,923.5022929316086,1067.0,-143.49770706839138
2024-07-04 16:00:00+00:00,1058.1616653555848,979.0,79.16166535558477
2024-07-04 17:00:00+00:00,1156.1522174222878,951.0,205.15221742228778
2024-07-04 18:00:00+00:00,1180.2121289686097,1024.0,156.2121289686097
2024-07-04 19:00:00+00:00,1118.7101030948847,1124.0,-5.289896905115256
2024-07-04 20:00:00+00:00,1008.2809793410058,1237.0,-228.71902065899417
2024-07-04 21:00:00+00:00,805.9511541720573,1193.0,-387.0488458279427
2024-07-04 22:00:00+00:00,551.9545321188986,1111.0,-559.0454678811014
2024-07-04 23:00:00+00:00,536.4293969744256,1003.0,-466.5706030255744
2024-07-05 00:00:00+00:00,617.291147494086,1176.0,-558.708852505914
2024-07-05 01:00:00+00:00,662.1997612785315,1064.0,-401.80023872146853
2024-07-05 02:00:00+00:00,621.7171864123621,979.0,-357.28281358763786
2024-07-05 03:00:00+00:00,566.1764088193066,866.0,-299.82359118069337
2024-07-05 04:00:00+00:00,449.8800845622905,795.0,-345.1199154377095
2024-07-05 05:00:00+00:00,371.4536778511141,612.0,-240.5463221488859
2024-07-05 06:00:00+00:00,325.9868720039163,501.0,-175.0131279960837
2024-07-05 07:00:00+00:00,296.2003045956781,563.0,-266.7996954043219
2024-07-05 08:00:00+00:00,292.7738121131633,528.0,-235.22618788683673
2024-07-05 09:00:00+00:00,263.83167455514223,420.0,-156.16832544485777
2024-07-05 10:00:00+00:00,212.07657592154732,416.0,-203.92342407845268
2024-07-05 11:00:00+00:00,124.94366546644883,303.0,-178.05633453355117
2024-07-05 12:00:00+00:00,101.84967540907805,219.0,-117.15032459092195
2024-07-05 13:00:00+00:00,85.0418905135229,250.0,-164.9581094864771
2024-07-05 14:00:00+00:00,109.74504589531514,260.0,-150.25495410468486
2024-07-05 15:00:00+00:00,114.74453241515948,207.0,-92.25546758484052
2024-07-05 16:00:00+00:00,118.0519558610966,207.0,-88.9480441389034
2024-07-05 17:00:00+00:00,82.15382056061686,179.0,-96.84617943938314
2024-07-05 18:00:00+00:00,77.10171805542508,177.0,-99.89828194457492
2024-07-05 19:00:00+00:00,68.72439927034628,129.0,-60.27560072965372
2024-07-05 20:00:00+00:00,58.96795552746527,114.0,-55.03204447253473
2024-07-05 21:00:00+00:00,45.98391950034308,89.0,-43.01608049965692
2024-07-05 22:00:00+00:00,38.63368407075792,103.0,-64.36631592924208
2024-07-05 23:00:00+00:00,51.33108153150931,84.0,-32.66891846849069
2024-07-06 00:00:00+00:00,105.75402889410589,90.0,15.754028894105886
2024-07-06 01:00:00+00:00,128.8713543261524,106.0,22.871354326152414
2024-07-06 02:00:00+00:00,136.52485932454815,127.0,9.524859324548146
2024-07-06 03:00:00+00:00,96.36200332934834,135.0,-38.63799667065166
2024-07-06 04:00:00+00:00,90.54025586270828,149.0,-58.45974413729172
2024-07-06 05:00:00+00:00,82.18864148458995,163.0,-80.81135851541005
2024-07-06 06:00:00+00:00,84.4289606218929,112.0,-27.571039378107102
2024-07-06 07:00:00+00:00,99.96299688475054,94.0,5.962996884750538
2024-07-06 08:00:00+00:00,102.43016961485108,125.0,-22.56983038514892
2024-07-06 09:00:00+00:00,88.92110787035192,204.0,-115.07889212964808
2024-07-06 10:00:00+00:00,97.0276409238318,219.0,-121.9723590761682
2024-07-06 11:00:00+00:00,67.17207330428201,518.0,-450.827926695718
2024-07-06 12:00:00+00:00,82.32752635142829,502.0,-419.6724736485717
2024-07-06 13:00:00+00:00,97.13285895188406,501.0,-403.86714104811597
2024-07-06 14:00:00+00:00,84.12420936472422,549.0,-464.8757906352758
2024-07-06 15:00:00+00:00,145.81991041067684,424.0,-278.1800895893232
2024-07-06 16:00:00+00:00,195.0664260259109,323.0,-127.93357397408909
2024-07-06 17:00:00+00:00,213.64583441027457,364.0,-150.35416558972543
2024-07-06 18:00:00+00:00,131.66337735118464,257.0,-125.33662264881536
2024-07-06 19:00:00+00:00,124.4665969973673,155.0,-30.533403002632696
2024-07-06 20:00:00+00:00,89.78520100883958,152.0,-62.21479899116042
2024-07-06 21:00:00+00:00,91.12965103037008,94.0,-2.870348969629916
2024-07-06 22:00:00+00:00,29.92288715046057,15.0,14.922887150460571
2024-07-06 23:00:00+00:00,27.91744617720133,15.0,12.917446177201331
2024-07-07 00:00:00+00:00,17.60200401243768,25.0,-7.397995987562322
2024-07-07 01:00:00+00:00,28.45373889107892,35.0,-6.54626110892108
2024-07-07 02:00:00+00:00,20.451638336959167,22.0,-1.5483616630408328
2024-07-07 03:00:00+00:00,16.631514941420097,33.0,-16.368485058579903
2024-07-07 04:00:00+00:00,17.89711576398154,9.0,8.897115763981539
2024-07-07 05:00:00+00:00,18.214112370348676,34.0,-15.785887629651324
2024-07-07 06:00:00+00:00,24.056516117635766,93.0,-68.94348388236423
2024-07-07 07:00:00+00:00,46.77988007507281,111.0,-64.22011992492719
2024-07-07 08:00:00+00:00,50.292668422184526,136.0,-85.70733157781547
2024-07-07 09:00:00+00:00,43.78327715111804,124.0,-80.21672284888196
2024-07-07 10:00:00+00:00,23.091517637482475,146.0,-122.90848236251753
2024-07-07 11:00:00+00:00,24.25753911501427,134.0,-109.74246088498573
2024-07-07 12:00:00+00:00,21.50289148923275,87.0,-65.49710851076725
2024-07-07 13:00:00+00:00,21.49020312550381,66.0,-44.50979687449619
2024-07-07 14:00:00+00:00,18.656346391233743,47.0,-28.343653608766257
2024-07-07 15:00:00+00:00,15.922817317974577,47.0,-31.077182682025423
2024-07-07 16:00:00+00:00,16.60328112592935,71.0,-54.39671887407065
2024-07-07 17:00:00+00:00,24.972823937430363,158.0,-133.02717606256965
2024-07-07 18:00:00+00:00,35.46996115269151,261.0,-225.5300388473085
2024-07-07 19:00:00+00:00,76.08314787528292,263.0,-186.91685212471708
2024-07-07 20:00:00+00:00,80.15418401456739,242.0,-161.8458159854326
2024-07-07 21:00:00+00:00,95.57037460917503,332.0,-236.42962539082498
2024-07-07 22:00:00+00:00,73.76203646416982,274.0,-200.23796353583018
2024-07-07 23:00:00+00:00,54.26821218394583,217.0,-162.73178781605418
2024-07-08 00:00:00+00:00,56.9643688014069,269.0,-212.0356311985931
2024-07-08 01:00:00+00:00,71.62232754499462,354.0,-282.3776724550054
2024-07-08 02:00:00+00:00,116.34695536367424,392.0,-275.6530446363258
2024-07-08 03:00:00+00:00,188.2736183313597,538.0,-349.72638166864033
2024-07-08 04:00:00+00:00,206.7928203119135,521.0,-314.2071796880865
2024-07-08 05:00:00+00:00,210.08865779642457,501.0,-290.91134220357543
2024-07-08 06:00:00+00:00,237.79830801422057,572.0,-334.20169198577946
2024-07-08 07:00:00+00:00,220.21337887677532,600.0,-379.7866211232247
2024-07-08 08:00:00+00:00,180.88952120427652,495.0,-314.11047879572345
2024-07-08 09:00:00+00:00,135.21152178017763,378.0,-242.78847821982237
2024-07-08 10:00:00+00:00,134.03886583365804,285.0,-150.96113416634196
2024-07-08 11:00:00+00:00,110.70365605674456,199.0,-88.29634394325544
2024-07-08 12:00:00+00:00,47.3985527475508,95.0,-47.6014472524492
2024-07-08 13:00:00+00:00,41.93142361422189,59.0,-17.06857638577811
2024-07-08 14:00:00+00:00,42.785172564806295,97.0,-54.214827435193705
2024-07-08 15:00:00+00:00,66.46313876155808,157.0,-90.53686123844192
2024-07-08 16:00:00+00:00,100.39830788350542,208.0,-107.60169211649458
2024-07-08 17:00:00+00:00,140.8767815433898,270.0,-129.1232184566102
2024-07-08 18:00:00+00:00,176.70581371997892,297.0,-120.29418628002108
2024-07-08 19:00:00+00:00,208.35350673142736,327.0,-118.64649326857264
2024-07-08 20:00:00+00:00,217.90475648688545,371.0,-153.09524351311455
2024-07-08 21:00:00+00:00,201.36912459250783,425.0,-223.63087540749217
2024-07-08 22:00:00+00:00,230.30219865979365,519.0,-288.69780134020635
2024-07-08 23:00:00+00:00,327.00493140696886,613.0,-285.99506859303114
2024-07-09 00:00:00+00:00,467.88443316925145,668.0,-200.11556683074855
2024-07-09 01:00:00+00:00,534.4026318159554,904.0,-369.5973681840446
2024-07-09 02:00:00+00:00,549.0338246885268,911.0,-361.9661753114732
2024-07-09 03:00:00+00:00,571.5195260700748,1053.0,-481.4804739299252
2024-07-09 04:00:00+00:00,610.9475440775691,1089.0,-478.0524559224309
2024-07-09 05:00:00+00:00,618.1945630213279,1080.0,-461.8054369786721
2024-07-09 06:00:00+00:00,634.7312575431478,1036.0,-401.26874245685224
2024-07-09 07:00:00+00:00,592.0075150076209,1047.0,-454.9924849923791
2024-07-09 08:00:00+00:00,557.6714908183644,1017.0,-459.3285091816356
2024-07-09 09:00:00+00:00,552.6857974961414,845.0,-292.3142025038586
2024-07-09 10:00:00+00:00,510.7558382694919,724.0,-213.2441617305081
2024-07-09 11:00:00+00:00,367.2156524500048,601.0,-233.78434754999518
2024-07-09 12:00:00+00:00,212.40074981387264,459.0,-246.59925018612736
2024-07-09 13:00:00+00:00,227.11462964263663,414.0,-186.88537035736337
2024-07-09 14:00:00+00:00,300.42583193428413,573.0,-272.57416806571587
2024-07-09 15:00:00+00:00,425.8352200697796,780.0,-354.1647799302204
2024-07-09 16:00:00+00:00,608.1362494712934,921.0,-312.86375052870665
2024-07-09 17:00:00+00:00,727.1057324290388,1339.0,-611.8942675709612
2024-07-09 18:00:00+00:00,873.4119433378058,1317.0,-443.58805666219416
2024-07-09 19:00:00+00:00,694.9475212725147,1491.0,-796.0524787274853
2024-07-09 20:00:00+00:00,749.4118597663899,1607.0,-857.5881402336101
2024-07-09 21:00:00+00:00,706.9933453436147,1456.0,-749.0066546563853
2024-07-09 22:00:00+00:00,684.2249403005269,1401.0,-716.7750596994731
2024-07-09 23:00:00+00:00,708.3454655855929,1121.0,-412.65453441440707
2024-07-10 00:00:00+00:00,810.0990182574827,1317.0,-506.9009817425173
2024-07-10 01:00:00+00:00,870.9867081710896,1494.0,-623.0132918289104
2024-07-10 02:00:00+00:00,852.2415451231022,1537.0,-684.7584548768978
2024-07-10 03:00:00+00:00,907.2340146617406,1574.0,-666.7659853382594
2024-07-10 04:00:00+00:00,868.7260451675941,1637.0,-768.2739548324059
2024-07-10 05:00:00+00:00,774.1726531060168,1673.0,-898.8273468939832
2024-07-10 06:00:00+00:00,668.6631128465804,1542.0,-873.3368871534196
2024-07-10 07:00:00+00:00,564.7100417672502,1585.0,-1020.2899582327498
2024-07-10 08:00:00+00:00,493.8693057775316,1445.0,-951.1306942224684
2024-07-10 09:00:00+00:00,427.8030538966773,1218.0,-790.1969461033227
2024-07-10 10:00:00+00:00,261.27202851216754,911.0,-649.7279714878325
2024-07-10 11:00:00+00:00,168.41107459014677,703.0,-534.5889254098532
2024-07-10 12:00:00+00:00,184.0647320571601,580.0,-395.9352679428399
2024-07-10 13:00:00+00:00,197.85333858973385,457.0,-259.1466614102661
2024-07-10 14:00:00+00:00,176.48113700132748,364.0,-187.51886299867252
2024-07-10 15:00:00+00:00,182.55465509772063,307.0,-124.44534490227937
2024-07-10 16:00:00+00:00,181.66900848979063,220.0,-38.33099151020937
2024-07-10 17:00:00+00:00,143.9366637019512,172.0,-28.063336298048796
2024-07-10 18:00:00+00:00,151.31145162871695,162.0,-10.688548371283048
2024-07-10 19:00:00+00:00,118.18922765718654,159.0,-40.810772342813465
2024-07-10 20:00:00+00:00,81.3046605778063,179.0,-97.6953394221937
2024-07-10 21:00:00+00:00,119.67497694501152,83.0,36.67497694501152
2024-07-10 22:00:00+00:00,97.0039836721161,170.0,-72.9960163278839
2024-07-10 23:00:00+00:00,186.3886670515545,261.0,-74.6113329484455
2024-07-11 00:00:00+00:00,241.3574349132893,411.0,-169.6425650867107
2024-07-11 01:00:00+00:00,286.2417676393169,534.0,-247.7582323606831
2024-07-11 02:00:00+00:00,326.9983186756036,650.0,-323.0016813243964
2024-07-11 03:00:00+00:00,400.91040312775806,668.0,-267.08959687224194
2024-07-11 04:00:00+00:00,472.9298650648232,698.0,-225.07013493517678
2024-07-11 05:00:00+00:00,456.4700604892658,725.0,-268.5299395107342
2024-07-11 06:00:00+00:00,459.79677827731535,655.0,-195.20322172268465
2024-07-11 07:00:00+00:00,522.9718753875546,629.0,-106.02812461244537
2024-07-11 08:00:00+00:00,511.3055922964472,552.0,-40.69440770355283
2024-07-11 09:00:00+00:00,547.2406241116682,592.0,-44.75937588833176
2024-07-11 10:00:00+00:00,466.9301193250012,684.0,-217.06988067499879
2024-07-11 11:00:00+00:00,460.1093676346997,664.0,-203.8906323653003
2024-07-11 12:00:00+00:00,408.7397807393368,790.0,-381.2602192606632
2024-07-11 13:00:00+00:00,419.70929952796246,832.0,-412.29070047203754
2024-07-11 14:00:00+00:00,475.37495255709206,886.0,-410.62504744290794
2024-07-11 15:00:00+00:00,673.9859513526094,911.0,-237.0140486473906
2024-07-11 16:00:00+00:00,627.0822413492626,774.0,-146.91775865073737
2024-07-11 17:00:00+00:00,571.30976263158,773.0,-201.69023736841996
2024-07-11 18:00:00+00:00,595.7900704210639,847.0,-251.2099295789361
2024-07-11 19:00:00+00:00,507.7518154200862,849.0,-341.2481845799138
2024-07-11 20:00:00+00:00,397.37868119965935,733.0,-335.62131880034065
2024-07-11 21:00:00+00:00,329.80103098934813,537.0,-207.19896901065187
2024-07-11 22:00:00+00:00,433.1415944119061,496.0,-62.85840558809389
2024-07-11 23:00:00+00:00,369.04675418282505,497.0,-127.95324581717495
2024-07-12 00:00:00+00:00,303.7288305661066,474.0,-170.27116943389342
2024-07-12 01:00:00+00:00,229.134300020216,410.0,-180.865699979784
2024-07-12 02:00:00+00:00,238.7728377104241,351.0,-112.22716228957589
2024-07-12 03:00:00+00:00,207.9360554072366,263.0,-55.06394459276339
2024-07-12 04:00:00+00:00,134.75325778687414,185.0,-50.246742213125856
2024-07-12 05:00:00+00:00,76.11876386806296,130.0,-53.881236131937044
2024-07-12 06:00:00+00:00,44.6526431131721,95.0,-50.3473568868279
2024-07-12 07:00:00+00:00,44.086408327840815,86.0,-41.913591672159185
2024-07-12 08:00:00+00:00,56.88389264088987,84.0,-27.11610735911013
2024-07-12 09:00:00+00:00,43.47958288456356,48.0,-4.520417115436437
2024-07-12 10:00:00+00:00,17.172207634461518,32.0,-14.827792365538482
2024-07-12 11:00:00+00:00,9.725561725221835,21.0,-11.274438274778165
2024-07-12 12:00:00+00:00,9.77396152959542,13.0,-3.22603847040458
2024-07-12 13:00:00+00:00,28.30230834717384,16.0,12.302308347173842
2024-07-12 14:00:00+00:00,48.02501804247672,26.0,22.025018042476717
2024-07-12 15:00:00+00:00,42.72383670686726,35.0,7.72383670686726
2024-07-12 16:00:00+00:00,45.04409477392093,30.0,15.044094773920932
2024-07-12 17:00:00+00:00,60.73510297846262,99.0,-38.26489702153738
2024-07-12 18:00:00+00:00,94.31932267024077,127.0,-32.680677329759234
2024-07-12 19:00:00+00:00,148.7354469027509,187.0,-38.26455309724909
2024-07-12 20:00:00+00:00,169.41091464038595,246.0,-76.58908535961405
2024-07-12 21:00:00+00:00,209.58053917937625,282.0,-72.41946082062375
2024-07-12 22:00:00+00:00,173.76602750726022,338.0,-164.23397249273978
2024-07-12 23:00:00+00:00,240.77147077008595,458.0,-217.22852922991405
2024-07-13 00:00:00+00:00,408.72862949145946,589.0,-180.27137050854054
2024-07-13 01:00:00+00:00,602.5962139722208,951.0,-348.40378602777923
2024-07-13 02:00:00+00:00,710.0638780231671,1260.0,-549.9361219768329
2024-07-13 03:00:00+00:00,742.0725193783321,1345.0,-602.9274806216679
2024-07-13 04:00:00+00:00,743.2156845388683,1351.0,-607.7843154611317
2024-07-13 05:00:00+00:00,705.6938377626337,1368.0,-662.3061622373663
2024-07-13 06:00:00+00:00,655.6025506529336,1303.0,-647.3974493470664
2024-07-13 07:00:00+00:00,604.8159281133585,1287.0,-682.1840718866415
2024-07-13 08:00:00+00:00,545.7566121708413,1328.0,-782.2433878291587
2024-07-13 09:00:00+00:00,520.8996743883777,1277.0,-756.1003256116223
2024-07-13 10:00:00+00:00,400.04866263508535,1076.0,-675.9513373649147
2024-07-13 11:00:00+00:00,272.9062168726661,716.0,-443.0937831273339
2024-07-13 12:00:00+00:00,119.8508666910433,404.0,-284.1491333089567
2024-07-13 13:00:00+00:00,88.58892671937542,192.0,-103.41107328062458
2024-07-13 14:00:00+00:00,99.07830047622215,174.0,-74.92169952377785
2024-07-13 15:00:00+00:00,109.1458015291526,279.0,-169.8541984708474
2024-07-13 16:00:00+00:00,144.57132604629794,394.0,-249.42867395370206
2024-07-13 17:00:00+00:00,207.092422117975,525.0,-317.907577882025
2024-07-13 18:00:00+00:00,263.08772364567113,639.0,-375.91227635432887
2024-07-13 19:00:00+00:00,249.4023074073353,728.0,-478.5976925926647
2024-07-13 20:00:00+00:00,279.7142800812795,739.0,-459.2857199187205
2024-07-13 21:00:00+00:00,243.88436673756863,748.0,-504.1156332624314
2024-07-13 22:00:00+00:00,137.72319894873928,741.0,-603.2768010512607
2024-07-13 23:00:00+00:00,134.21854556074757,760.0,-625.7814544392525
2024-07-14 00:00:00+00:00,244.33303028988055,817.0,-572.6669697101195
2024-07-14 01:00:00+00:00,386.927742422241,837.0,-450.072257577759
2024-07-14 02:00:00+00:00,441.1863056975974,919.0,-477.8136943024026
2024-07-14 03:00:00+00:00,510.0518453826627,1027.0,-516.9481546173373
2024-07-14 04:00:00+00:00,524.3768553942404,1153.0,-628.6231446057596
2024-07-14 05:00:00+00:00,549.4444630457103,1203.0,-653.5555369542897
2024-07-14 06:00:00+00:00,521.3470949069178,1138.0,-616.6529050930822
2024-07-14 07:00:00+00:00,494.4160306354267,1068.0,-573.5839693645732
2024-07-14 08:00:00+00:00,463.47222454784753,1065.0,-601.5277754521525
2024-07-14 09:00:00+00:00,424.2418399026492,1066.0,-641.7581600973508
2024-07-14 10:00:00+00:00,313.04895391305314,1040.0,-726.9510460869469
2024-07-14 11:00:00+00:00,207.2312124576858,859.0,-651.7687875423142
2024-07-14 12:00:00+00:00,88.93079370137275,566.0,-477.06920629862725
2024-07-14 13:00:00+00:00,90.32654467734386,457.0,-366.67345532265614
2024-07-14 14:00:00+00:00,102.42630000878262,285.0,-182.57369999121738
2024-07-14 15:00:00+00:00,150.8153368617469,454.0,-303.1846631382531
2024-07-14 16:00:00+00:00,256.46500940886136,649.0,-392.53499059113864
2024-07-14 17:00:00+00:00,379.19506229097743,883.0,-503.80493770902257
2024-07-14 18:00:00+00:00,441.7879402075592,979.0,-537.2120597924409
2024-07-14 19:00:00+00:00,454.5422962335779,930.0,-475.4577037664221
2024-07-14 20:00:00+00:00,558.4992381507641,928.0,-369.5007618492359
2024-07-14 21:00:00+00:00,545.2398523788127,931.0,-385.76014762118734
2024-07-14 22:00:00+00:00,392.5113247930544,999.0,-606.4886752069456
2024-07-14 23:00:00+00:00,485.88647465886015,790.0,-304.11352534113985
2024-07-15 00:00:00+00:00,631.0777830559643,815.0,-183.92221694403565
2024-07-15 01:00:00+00:00,688.4007455139797,1388.0,-699.5992544860203
2024-07-15 02:00:00+00:00,690.8963383890117,1400.0,-709.1036616109883
2024-07-15 03:00:00+00:00,677.1700284769919,1300.0,-622.8299715230081
2024-07-15 04:00:00+00:00,690.4143290277117,1328.0,-637.5856709722883
2024-07-15 05:00:00+00:00,718.2804544125263,1117.0,-398.7195455874737
2024-07-15 06:00:00+00:00,715.3359870422267,1023.0,-307.66401295777325
2024-07-15 07:00:00+00:00,674.0353197642053,907.0,-232.96468023579473
2024-07-15 08:00:00+00:00,662.48735338871,777.0,-114.51264661129005
2024-07-15 09:00:00+00:00,697.887788850047,839.0,-141.11221114995305
2024-07-15 10:00:00+00:00,704.7449865220331,866.0,-161.25501347796694
2024-07-15 11:00:00+00:00,602.765880245617,837.0,-234.23411975438296
2024-07-15 12:00:00+00:00,408.9478629947134,644.0,-235.05213700528662
2024-07-15 13:00:00+00:00,469.54876807679847,570.0,-100.45123192320153
2024-07-15 14:00:00+00:00,502.7162523777371,631.0,-128.28374762226292
2024-07-15 15:00:00+00:00,569.4195475342366,701.0,-131.58045246576341
2024-07-15 16:00:00+00:00,579.5706627429822,808.0,-228.42933725701778
2024-07-15 17:00:00+00:00,604.565695170478,871.0,-266.43430482952203
2024-07-15 18:00:00+00:00,666.1631660079746,778.0,-111.83683399202539
2024-07-15 19:00:00+00:00,633.2050732877366,635.0,-1.7949267122634183
2024-07-15 20:00:00+00:00,482.161356923703,560.0,-77.83864307629699
2024-07-15 21:00:00+00:00,291.63130243199726,628.0,-336.36869756800274
2024-07-15 22:00:00+00:00,173.46071156532335,407.0,-233.53928843467665
2024-07-15 23:00:00+00:00,176.2974801359777,364.0,-187.7025198640223
2024-07-16 00:00:00+00:00,285.6612618393303,465.0,-179.33873816066972
2024-07-16 01:00:00+00:00,379.581514201396,574.0,-194.41848579860402
2024-07-16 02:00:00+00:00,437.0835056875208,860.0,-422.9164943124792
2024-07-16 03:00:00+00:00,438.3074967133008,858.0,-419.6925032866992
2024-07-16 04:00:00+00:00,423.6554157813375,781.0,-357.3445842186625
2024-07-16 05:00:00+00:00,442.960712354954,710.0,-267.039287645046
2024-07-16 06:00:00+00:00,370.8043743081085,741.0,-370.1956256918915
2024-07-16 07:00:00+00:00,297.5020528939392,482.0,-184.4979471060608
2024-07-16 08:00:00+00:00,245.49814246562588,406.0,-160.50185753437412
2024-07-16 09:00:00+00:00,215.8840977525972,281.0,-65.1159022474028
2024-07-16 10:00:00+00:00,114.17376414196325,325.0,-210.82623585803674
2024-07-16 11:00:00+00:00,70.41120289300555,302.0,-231.58879710699443
2024-07-16 12:00:00+00:00,51.61213994359118,345.0,-293.38786005640884
2024-07-16 13:00:00+00:00,48.81133588230114,257.0,-208.18866411769886
2024-07-16 14:00:00+00:00,72.9127572050413,212.0,-139.08724279495868
2024-07-16 15:00:00+00:00,105.54089321702064,181.0,-75.45910678297936
2024-07-16 16:00:00+00:00,112.30754972260476,170.0,-57.69245027739524
2024-07-16 17:00:00+00:00,138.9474071654964,160.0,-21.0525928345036
2024-07-16 18:00:00+00:00,139.89793724751675,106.0,33.89793724751675
2024-07-16 19:00:00+00:00,156.0390544883382,170.0,-13.960945511661805
2024-07-16 20:00:00+00:00,156.94935793975085,167.0,-10.050642060249146
2024-07-16 21:00:00+00:00,141.88458207956646,134.0,7.8845820795664565
2024-07-16 22:00:00+00:00,92.06260305894212,168.0,-75.93739694105788
2024-07-16 23:00:00+00:00,94.07998996942555,248.0,-153.92001003057445
2024-07-17 00:00:00+00:00,108.761133044172,457.0,-348.23886695582803
2024-07-17 01:00:00+00:00,85.91622634563825,450.0,-364.0837736543617
2024-07-17 02:00:00+00:00,96.44284349910392,494.0,-397.5571565008961
2024-07-17 03:00:00+00:00,151.64986557997415,430.0,-278.3501344200258
2024-07-17 04:00:00+00:00,213.3856109803733,484.0,-270.61438901962674
2024-07-17 05:00:00+00:00,297.43486739464925,481.0,-183.56513260535075
2024-07-17 06:00:00+00:00,364.9668369441493,585.0,-220.0331630558507
2024-07-17 07:00:00+00:00,407.5614551399735,715.0,-307.4385448600265
2024-07-17 08:00:00+00:00,439.2296550405399,985.0,-545.7703449594601
2024-07-17 09:00:00+00:00,476.0507093918364,929.0,-452.9492906081636
2024-07-17 10:00:00+00:00,464.4492002516992,825.0,-360.5507997483008
2024-07-17 11:00:00+00:00,404.37886023067,775.0,-370.62113976933
2024-07-17 12:00:00+00:00,471.7589726388866,727.0,-255.24102736111342
2024-07-17 13:00:00+00:00,562.0834239642195,604.0,-41.91657603578051
2024-07-17 14:00:00+00:00,580.9601983898557,654.0,-73.03980161014431
2024-07-17 15:00:00+00:00,539.8841953600477,746.0,-206.11580463995233
2024-07-17 16:00:00+00:00,593.6714892726199,814.0,-220.32851072738015
2024-07-17 17:00:00+00:00,676.3499762386936,838.0,-161.65002376130644
2024-07-17 18:00:00+00:00,767.9881733778122,849.0,-81.01182662218775
2024-07-17 19:00:00+00:00,758.920196004008,862.0,-103.07980399599205
2024-07-17 20:00:00+00:00,690.0303232148473,661.0,29.03032321484727
2024-07-17 21:00:00+00:00,644.8852404367822,798.0,-153.11475956321783
2024-07-17 22:00:00+00:00,380.5627772916555,693.0,-312.4372227083445
2024-07-17 23:00:00+00:00,371.36157945468807,541.0,-169.63842054531193
2024-07-18 00:00:00+00:00,494.9304502304575,620.0,-125.0695497695425
2024-07-18 01:00:00+00:00,661.8012958352587,813.0,-151.19870416474134
2024-07-18 02:00:00+00:00,741.3055802150517,993.0,-251.6944197849483
2024-07-18 03:00:00+00:00,759.125465155749,1017.0,-257.874534844251
2024-07-18 04:00:00+00:00,697.1078776149137,1069.0,-371.8921223850863
2024-07-18 05:00:00+00:00,670.5718801140899,1074.0,-403.42811988591006
2024-07-18 06:00:00+00:00,593.9074823187782,1018.0,-424.0925176812218
2024-07-18 07:00:00+00:00,471.43969082849895,1028.0,-556.5603091715011
2024-07-18 08:00:00+00:00,378.9071628536536,1006.0,-627.0928371463465
2024-07-18 09:00:00+00:00,313.141776588298,829.0,-515.858223411702
2024-07-18 10:00:00+00:00,342.66275501894273,666.0,-323.33724498105727
2024-07-18 11:00:00+00:00,279.9092536217043,497.0,-217.0907463782957
2024-07-18 12:00:00+00:00,195.6210381941272,393.0,-197.3789618058728
2024-07-18 13:00:00+00:00,347.6870998251294,390.0,-42.312900174870606
2024-07-18 14:00:00+00:00,575.2448329813661,552.0,23.24483298136613
2024-07-18 15:00:00+00:00,723.7460964912749,795.0,-71.2539035087251
2024-07-18 16:00:00+00:00,864.907019275768,1033.0,-168.092980724232
2024-07-18 17:00:00+00:00,984.196045910624,1446.0,-461.803954089376
2024-07-18 18:00:00+00:00,1165.3799877921772,1445.0,-279.6200122078228
2024-07-18 19:00:00+00:00,1378.1245809056013,1503.0,-124.8754190943987
2024-07-18 20:00:00+00:00,1318.614021709942,1697.0,-378.3859782900579
2024-07-18 21:00:00+00:00,1229.545719057318,1811.0,-581.4542809426821
2024-07-18 22:00:00+00:00,1187.421039911402,1883.0,-695.578960088598
2024-07-18 23:00:00+00:00,1130.8883728382598,1709.0,-578.1116271617402
2024-07-19 00:00:00+00:00,929.0659337412312,1746.0,-816.9340662587688
2024-07-19 01:00:00+00:00,808.2138930777148,1812.0,-1003.7861069222852
2024-07-19 02:00:00+00:00,778.2674559710097,1797.0,-1018.7325440289903
2024-07-19 03:00:00+00:00,816.605984827017,1888.0,-1071.394015172983
2024-07-19 04:00:00+00:00,856.3583653972602,1876.0,-1019.6416346027398
2024-07-19 05:00:00+00:00,835.7126510541917,1683.0,-847.2873489458083
2024-07-19 06:00:00+00:00,821.7800038829334,1614.0,-792.2199961170666
2024-07-19 07:00:00+00:00,800.975832710473,1587.0,-786.024167289527
2024-07-19 08:00:00+00:00,766.7152009256174,1588.0,-821.2847990743826
2024-07-19 09:00:00+00:00,732.8811398794614,1546.0,-813.1188601205386
2024-07-19 10:00:00+00:00,726.1936866175203,1489.0,-762.8063133824797
2024-07-19 11:00:00+00:00,442.8250237876406,1271.0,-828.1749762123594
2024-07-19 12:00:00+00:00,392.6241890082991,864.0,-471.3758109917009
2024-07-19 13:00:00+00:00,352.6943526830826,712.0,-359.3056473169174
2024-07-19 14:00:00+00:00,383.69615864784544,729.0,-345.30384135215456
2024-07-19 15:00:00+00:00,467.2238849655809,908.0,-440.7761150344191
2024-07-19 16:00:00+00:00,554.8370336624145,1203.0,-648.1629663375855
2024-07-19 17:00:00+00:00,603.6988883494301,1332.0,-728.3011116505699
2024-07-19 18:00:00+00:00,653.5323375714069,1312.0,-658.4676624285931
2024-07-19 19:00:00+00:00,696.0202534984116,1203.0,-506.97974650158835
2024-07-19 20:00:00+00:00,716.5026405905397,1297.0,-580.4973594094603
2024-07-19 21:00:00+00:00,695.7326378371079,1221.0,-525.2673621628921
2024-07-19 22:00:00+00:00,516.7662570329675,1161.0,-644.2337429670325
2024-07-19 23:00:00+00:00,467.2382845048738,978.0,-510.7617154951262
2024-07-20 00:00:00+00:00,533.6077243397013,1043.0,-509.39227566029865
2024-07-20 01:00:00+00:00,679.2142804610966,1300.0,-620.7857195389034
2024-07-20 02:00:00+00:00,793.3078281833845,1637.0,-843.6921718166155
2024-07-20 03:00:00+00:00,801.2001724249402,1715.0,-913.7998275750598
2024-07-20 04:00:00+00:00,816.4624965031182,1880.0,-1063.5375034968818
2024-07-20 05:00:00+00:00,858.7485946907897,1930.0,-1071.2514053092104
2024-07-20 06:00:00+00:00,888.4622609731442,2020.0,-1131.537739026856
2024-07-20 07:00:00+00:00,913.8473986634626,2019.0,-1105.1526013365374
2024-07-20 08:00:00+00:00,942.7269979586364,1929.0,-986.2730020413636
2024-07-20 09:00:00+00:00,987.3495270448312,1822.0,-834.6504729551688
2024-07-20 10:00:00+00:00,972.583259812954,1651.0,-678.416740187046
2024-07-20 11:00:00+00:00,907.8257943327458,1365.0,-457.1742056672542
2024-07-20 12:00:00+00:00,719.7655374256442,1193.0,-473.2344625743558
2024-07-20 13:00:00+00:00,855.9264640900008,1343.0,-487.07353590999924
2024-07-20 14:00:00+00:00,1017.210700681568,1728.0,-710.789299318432
2024-07-20 15:00:00+00:00,1430.3493749907325,2056.0,-625.6506250092675
2024-07-20 16:00:00+00:00,1691.4316459769557,1986.0,-294.5683540230443
2024-07-20 17:00:00+00:00,1773.6820776680397,1946.0,-172.3179223319603
2024-07-20 18:00:00+00:00,1941.8693000116923,1888.0,53.8693000116923
2024-07-20 19:00:00+00:00,1961.7840617976296,1779.0,182.78406179762965
2024-07-20 20:00:00+00:00,1805.8201087064415,1868.0,-62.17989129355851
2024-07-20 21:00:00+00:00,1514.7029564986203,1809.0,-294.2970435013797
2024-07-20 22:00:00+00:00,1107.6969001771276,1632.0,-524.3030998228724
2024-07-20 23:00:00+00:00,781.2890705631808,1443.0,-661.7109294368192
2024-07-21 00:00:00+00:00,599.5855993937253,1276.0,-676.4144006062747
2024-07-21 01:00:00+00:00,638.4493224278208,1181.0,-542.5506775721792
2024-07-21 02:00:00+00:00,592.2502881360094,1274.0,-681.7497118639906
2024-07-21 03:00:00+00:00,604.6704923040112,1502.0,-897.3295076959888
2024-07-21 04:00:00+00:00,533.0402303666178,1494.0,-960.9597696333822
2024-07-21 05:00:00+00:00,551.2223052029574,1500.0,-948.7776947970426
2024-07-21 06:00:00+00:00,552.9666278796188,1338.0,-785.0333721203812
2024-07-21 07:00:00+00:00,527.9857051908117,1357.0,-829.0142948091883
2024-07-21 08:00:00+00:00,513.5076652102864,1341.0,-827.4923347897136
2024-07-21 09:00:00+00:00,460.72454504984137,1339.0,-878.2754549501586
2024-07-21 10:00:00+00:00,401.95616092237935,1312.0,-910.0438390776206
2024-07-21 11:00:00+00:00,257.6501663260852,1135.0,-877.3498336739149
2024-07-21 12:00:00+00:00,350.06633708551544,1187.0,-836.9336629144846
2024-07-21 13:00:00+00:00,602.3363633378356,1423.0,-820.6636366621644
2024-07-21 14:00:00+00:00,758.4358781217632,1512.0,-753.5641218782368
2024-07-21 15:00:00+00:00,1006.3468721953884,1756.0,-749.6531278046116
2024-07-21 16:00:00+00:00,1310.4756744638632,1961.0,-650.5243255361368
2024-07-21 17:00:00+00:00,1563.3148194982302,2114.0,-550.6851805017698
2024-07-21 18:00:00+00:00,1715.4121553581497,2122.0,-406.5878446418503
2024-07-21 19:00:00+00:00,1478.9236044333702,1875.0,-396.0763955666298
2024-07-21 20:00:00+00:00,1468.1731697304165,2309.0,-840.8268302695835
2024-07-21 21:00:00+00:00,1452.4544780365902,2021.0,-568.5455219634098
2024-07-21 22:00:00+00:00,1096.249893914036,1738.0,-641.750106085964
2024-07-21 23:00:00+00:00,1012.9880322503334,1960.0,-947.0119677496666
2024-07-22 00:00:00+00:00,913.7537953877128,1821.0,-907.2462046122872
2024-07-22 01:00:00+00:00,956.0732815202688,2129.0,-1172.9267184797313
2024-07-22 02:00:00+00:00,1040.4528966820892,2014.0,-973.5471033179108
2024-07-22 03:00:00+00:00,1073.0216540700533,1939.0,-865.9783459299467
2024-07-22 04:00:00+00:00,1008.2084070923154,2341.0,-1332.7915929076846
2024-07-22 05:00:00+00:00,1026.3317585630568,2329.0,-1302.6682414369432
2024-07-22 06:00:00+00:00,1042.0465150582656,2221.0,-1178.9534849417344
2024-07-22 07:00:00+00:00,1029.398852633841,2083.0,-1053.601147366159
2024-07-22 08:00:00+00:00,993.1288461679302,1958.0,-964.8711538320698
2024-07-22 09:00:00+00:00,948.0799778149774,2039.0,-1090.9200221850226
2024-07-22 10:00:00+00:00,1017.14595507607,1956.0,-938.85404492393
2024-07-22 11:00:00+00:00,728.4235697855315,1745.0,-1016.5764302144685
2024-07-22 12:00:00+00:00,787.4302003246576,1486.0,-698.5697996753424
2024-07-22 13:00:00+00:00,971.8402655137298,1444.0,-472.15973448627017
2024-07-22 14:00:00+00:00,1265.8336849273487,1561.0,-295.1663150726513
2024-07-22 15:00:00+00:00,1507.0844658125654,1756.0,-248.91553418743456
2024-07-22 16:00:00+00:00,1416.3757766440503,1734.0,-317.62422335594965
2024-07-22 17:00:00+00:00,1383.9859860081983,1781.0,-397.0140139918017
2024-07-22 18:00:00+00:00,1230.815506509049,1920.0,-689.1844934909509
2024-07-22 19:00:00+00:00,1147.6255975109862,1803.0,-655.3744024890138
2024-07-22 20:00:00+00:00,1000.7768108078624,1440.0,-439.2231891921376
2024-07-22 21:00:00+00:00,692.4055983082899,1675.0,-982.5944016917101
2024-07-22 22:00:00+00:00,323.16375426251494,1274.0,-950.8362457374851
2024-07-22 23:00:00+00:00,269.3975467385562,922.0,-652.6024532614438
2024-07-23 00:00:00+00:00,222.43894712253692,780.0,-557.5610528774631
2024-07-23 01:00:00+00:00,242.0253229148988,850.0,-607.9746770851012
2024-07-23 02:00:00+00:00,247.32125349029843,830.0,-582.6787465097016
2024-07-23 03:00:00+00:00,256.97143324980897,756.0,-499.02856675019103
2024-07-23 04:00:00+00:00,251.942159831431,721.0,-469.057840168569
2024-07-23 05:00:00+00:00,190.0194785019183,571.0,-380.9805214980817
2024-07-23 06:00:00+00:00,165.15983442902743,504.0,-338.84016557097254
2024-07-23 07:00:00+00:00,131.11235301625837,488.0,-356.88764698374166
2024-07-23 08:00:00+00:00,80.9601996212542,444.0,-363.0398003787458
2024-07-23 09:00:00+00:00,59.85725374718542,407.0,-347.14274625281456
2024-07-23 10:00:00+00:00,55.40720479782138,378.0,-322.59279520217865
2024-07-23 11:00:00+00:00,37.87698261890274,239.0,-201.12301738109727
2024-07-23 12:00:00+00:00,17.59927051693383,98.0,-80.40072948306617
2024-07-23 13:00:00+00:00,2.9836282129982137,59.0,-56.01637178700179
2024-07-23 14:00:00+00:00,3.558377018146264,31.0,-27.441622981853737
2024-07-23 15:00:00+00:00,2.6183038969046644,23.0,-20.381696103095337
2024-07-23 16:00:00+00:00,4.9153401774461365,30.0,-25.084659822553864
2024-07-23 17:00:00+00:00,10.718498239950453,46.0,-35.28150176004955
2024-07-23 18:00:00+00:00,12.984149916119662,46.0,-33.01585008388034
2024-07-23 19:00:00+00:00,9.557506193259451,44.0,-34.44249380674055
2024-07-23 20:00:00+00:00,23.25011550683293,41.0,-17.74988449316707
2024-07-23 21:00:00+00:00,42.26670801221949,30.0,12.266708012219489
2024-07-23 22:00:00+00:00,48.55302558609639,26.0,22.55302558609639
2024-07-23 23:00:00+00:00,55.7325858808405,32.0,23.732585880840503
2024-07-24 00:00:00+00:00,91.68036579580834,42.0,49.68036579580834
2024-07-24 01:00:00+00:00,97.26679501221928,58.0,39.266795012219276
2024-07-24 02:00:00+00:00,114.1692513276604,58.0,56.169251327660405
2024-07-24 03:00:00+00:00,106.13579396835212,68.0,38.13579396835212
2024-07-24 04:00:00+00:00,79.81601611904311,57.0,22.816016119043113
2024-07-24 05:00:00+00:00,67.48203478032174,78.0,-10.51796521967826
2024-07-24 06:00:00+00:00,61.60427378444611,61.0,0.6042737844461072
2024-07-24 07:00:00+00:00,62.65220284433763,47.0,15.65220284433763
2024-07-24 08:00:00+00:00,62.972434008410175,61.0,1.9724340084101755
2024-07-24 09:00:00+00:00,98.127596976594,65.0,33.127596976594006
2024-07-24 10:00:00+00:00,126.85421398105916,94.0,32.85421398105916
2024-07-24 11:00:00+00:00,109.17104668259758,100.0,9.171046682597577
2024-07-24 12:00:00+00:00,41.1511973400268,83.0,-41.8488026599732
2024-07-24 13:00:00+00:00,36.70786659546515,79.0,-42.29213340453485
2024-07-24 14:00:00+00:00,52.373509579871616,94.0,-41.626490420128384
2024-07-24 15:00:00+00:00,62.84860880155341,120.0,-57.15139119844659
2024-07-24 16:00:00+00:00,68.52537046852399,178.0,-109.47462953147601
2024-07-24 17:00:00+00:00,85.65826961347902,204.0,-118.34173038652098
2024-07-24 18:00:00+00:00,108.61523881468084,267.0,-158.38476118531918
2024-07-24 19:00:00+00:00,132.04087004130008,407.0,-274.9591299586999
2024-07-24 20:00:00+00:00,176.37115149562206,458.0,-281.62884850437797
2024-07-24 21:00:00+00:00,320.11225983391495,478.0,-157.88774016608505
2024-07-24 22:00:00+00:00,215.3845604688352,542.0,-326.61543953116484
2024-07-24 23:00:00+00:00,381.41925564912646,666.0,-284.58074435087354
2024-07-25 00:00:00+00:00,611.4108595423853,809.0,-197.5891404576147
2024-07-25 01:00:00+00:00,712.2706807812507,976.0,-263.7293192187493
2024-07-25 02:00:00+00:00,848.8107174577223,1247.0,-398.18928254227774
2024-07-25 03:00:00+00:00,897.0145487887444,1412.0,-514.9854512112556
2024-07-25 04:00:00+00:00,847.5126547825948,1518.0,-670.4873452174052
2024-07-25 05:00:00+00:00,833.6497080319471,1655.0,-821.3502919680529
2024-07-25 06:00:00+00:00,812.4795942341574,1595.0,-782.5204057658426
2024-07-25 07:00:00+00:00,834.097717310662,1723.0,-888.902282689338
2024-07-25 08:00:00+00:00,875.4027174530921,1586.0,-710.5972825469079
2024-07-25 09:00:00+00:00,845.1892966484321,1602.0,-756.8107033515679
2024-07-25 10:00:00+00:00,749.2046366392829,1651.0,-901.7953633607171
2024-07-25 11:00:00+00:00,795.2792893861638,1638.0,-842.7207106138362
2024-07-25 12:00:00+00:00,835.2236857360282,1597.0,-761.7763142639718
2024-07-25 13:00:00+00:00,1125.9136155255756,1591.0,-465.08638447442445
2024-07-25 14:00:00+00:00,1052.3931797968685,1552.0,-499.6068202031315
2024-07-25 15:00:00+00:00,1048.2387443195776,1685.0,-636.7612556804224
2024-07-25 16:00:00+00:00,1162.8516700186394,1656.0,-493.1483299813606
2024-07-25 17:00:00+00:00,1473.2280877650485,1757.0,-283.7719122349515
2024-07-25 18:00:00+00:00,1641.0395293673578,2078.0,-436.9604706326422
2024-07-25 19:00:00+00:00,1535.1534134667402,1951.0,-415.8465865332598
2024-07-25 20:00:00+00:00,1169.0252669686754,1874.0,-704.9747330313246
2024-07-25 21:00:00+00:00,1010.1432871190348,1811.0,-800.8567128809652
2024-07-25 22:00:00+00:00,662.2624022354853,1626.0,-963.7375977645147
2024-07-25 23:00:00+00:00,833.3767347989427,1422.0,-588.6232652010573
2024-07-26 00:00:00+00:00,818.706166278282,1482.0,-663.293833721718
2024-07-26 01:00:00+00:00,771.6040183481232,1318.0,-546.3959816518768
2024-07-26 02:00:00+00:00,774.3159228039327,1477.0,-702.6840771960673
2024-07-26 03:00:00+00:00,712.6368185304402,1361.0,-648.3631814695598
2024-07-26 04:00:00+00:00,648.6239174821567,1397.0,-748.3760825178433
2024-07-26 05:00:00+00:00,623.5603683177584,1396.0,-772.4396316822416
2024-07-26 06:00:00+00:00,654.5851965371631,1405.0,-750.4148034628369
2024-07-26 07:00:00+00:00,728.5623551614594,1412.0,-683.4376448385406
2024-07-26 08:00:00+00:00,768.3604240307582,1459.0,-690.6395759692418
2024-07-26 09:00:00+00:00,770.1015378734733,1382.0,-611.8984621265267
2024-07-26 10:00:00+00:00,807.1038330971816,1298.0,-490.89616690281844
2024-07-26 11:00:00+00:00,708.5268954890353,1045.0,-336.47310451096473
2024-07-26 12:00:00+00:00,600.4939329538502,877.0,-276.50606704614984
2024-07-26 13:00:00+00:00,524.7050200025052,708.0,-183.2949799974948
2024-07-26 14:00:00+00:00,463.5579081771316,658.0,-194.4420918228684
2024-07-26 15:00:00+00:00,434.038900843877,708.0,-273.961099156123
2024-07-26 16:00:00+00:00,600.32264247568,626.0,-25.677357524319973
2024-07-26 17:00:00+00:00,642.5786551621334,668.0,-25.421344837866627
2024-07-26 18:00:00+00:00,584.5125758002176,756.0,-171.48742419978237
2024-07-26 19:00:00+00:00,491.9830934381128,794.0,-302.0169065618872
2024-07-26 20:00:00+00:00,441.36013899399535,810.0,-368.63986100600465
2024-07-26 21:00:00+00:00,368.0105515110631,808.0,-439.9894484889369
2024-07-26 22:00:00+00:00,253.01820436088647,681.0,-427.98179563911356
2024-07-26 23:00:00+00:00,186.24401252251783,527.0,-340.75598747748217
2024-07-27 00:00:00+00:00,189.89193368059736,516.0,-326.1080663194026
2024-07-27 01:00:00+00:00,189.62434648621092,572.0,-382.3756535137891
2024-07-27 02:00:00+00:00,165.18789818881692,510.0,-344.8121018111831
2024-07-27 03:00:00+00:00,120.94069737420932,449.0,-328.0593026257907
2024-07-27 04:00:00+00:00,91.77389698311988,299.0,-207.22610301688013
2024-07-27 05:00:00+00:00,70.07112833939148,158.0,-87.92887166060852
2024-07-27 06:00:00+00:00,58.44185437682255,145.0,-86.55814562317745
2024-07-27 07:00:00+00:00,42.19054347890897,126.0,-83.80945652109102
2024-07-27 08:00:00+00:00,30.91744931369348,111.0,-80.08255068630652
2024-07-27 09:00:00+00:00,22.92461688273317,162.0,-139.07538311726682
2024-07-27 10:00:00+00:00,33.66617148915443,269.0,-235.33382851084556
2024-07-27 11:00:00+00:00,35.016309580307805,303.0,-267.9836904196922
2024-07-27 12:00:00+00:00,10.753087097460824,236.0,-225.24691290253918
2024-07-27 13:00:00+00:00,13.823220233434544,213.0,-199.17677976656546
2024-07-27 14:00:00+00:00,25.624266434960425,279.0,-253.37573356503958
2024-07-27 15:00:00+00:00,42.71490150415218,280.0,-237.28509849584782
2024-07-27 16:00:00+00:00,56.8421293163854,377.0,-320.1578706836146
2024-07-27 17:00:00+00:00,96.16587277666072,332.0,-235.8341272233393
2024-07-27 18:00:00+00:00,157.04568283374658,465.0,-307.9543171662534
2024-07-27 19:00:00+00:00,216.7094765485328,603.0,-386.2905234514672
2024-07-27 20:00:00+00:00,283.052461253227,696.0,-412.947538746773
2024-07-27 21:00:00+00:00,345.61185571076174,862.0,-516.3881442892382
2024-07-27 22:00:00+00:00,372.1767537696839,786.0,-413.8232462303161
2024-07-27 23:00:00+00:00,521.7987531785637,1048.0,-526.2012468214363
2024-07-28 00:00:00+00:00,721.0283224538421,1458.0,-736.9716775461579
2024-07-28 01:00:00+00:00,951.7383492927356,1824.0,-872.2616507072644
2024-07-28 02:00:00+00:00,965.0554350822476,2067.0,-1101.9445649177524
2024-07-28 03:00:00+00:00,960.5624673550448,2150.0,-1189.4375326449554
2024-07-28 04:00:00+00:00,949.869021591318,2324.0,-1374.130978408682
2024-07-28 05:00:00+00:00,931.2635388904844,2407.0,-1475.7364611095156
2024-07-28 06:00:00+00:00,891.942578542346,2263.0,-1371.057421457654
2024-07-28 07:00:00+00:00,848.1684580569149,2231.0,-1382.831541943085
2024-07-28 08:00:00+00:00,791.0083435097284,2091.0,-1299.9916564902715
2024-07-28 09:00:00+00:00,704.478077241805,1916.0,-1211.5219227581952
2024-07-28 10:00:00+00:00,699.5151935840547,1662.0,-962.4848064159453
2024-07-28 11:00:00+00:00,459.73758097489497,1244.0,-784.262419025105
2024-07-28 12:00:00+00:00,206.67163453617383,736.0,-529.3283654638262
2024-07-28 13:00:00+00:00,165.68479283229232,392.0,-226.31520716770768
2024-07-28 14:00:00+00:00,156.19968393530706,323.0,-166.80031606469294
2024-07-28 15:00:00+00:00,207.7821735683225,359.0,-151.2178264316775
2024-07-28 16:00:00+00:00,316.3321116509985,524.0,-207.6678883490015
2024-07-28 17:00:00+00:00,403.0359551197362,587.0,-183.96404488026383
2024-07-28 18:00:00+00:00,460.8159942158104,545.0,-84.1840057841896
2024-07-28 19:00:00+00:00,459.5763439178931,561.0,-101.4236560821069
2024-07-28 20:00:00+00:00,457.4285820559149,642.0,-184.5714179440851
2024-07-28 21:00:00+00:00,445.1235769821958,567.0,-121.8764230178042
2024-07-28 22:00:00+00:00,380.4642315178603,609.0,-228.5357684821397
2024-07-28 23:00:00+00:00,493.2344038570877,688.0,-194.76559614291227
2024-07-29 00:00:00+00:00,634.5064133088213,925.0,-290.49358669117873
2024-07-29 01:00:00+00:00,671.2294652102535,1043.0,-371.77053478974653
2024-07-29 02:00:00+00:00,687.2161566024279,1132.0,-444.7838433975721
2024-07-29 03:00:00+00:00,682.2435570333205,1139.0,-456.7564429666795
2024-07-29 04:00:00+00:00,608.340956870398,1241.0,-632.659043129602
2024-07-29 05:00:00+00:00,532.4035684557693,1368.0,-835.5964315442307
2024-07-29 06:00:00+00:00,489.7151579037203,1251.0,-761.2848420962797
2024-07-29 07:00:00+00:00,408.5661497495896,899.0,-490.4338502504104
2024-07-29 08:00:00+00:00,307.5984189342845,700.0,-392.4015810657155
2024-07-29 09:00:00+00:00,317.68313927537827,491.0,-173.31686072462173
2024-07-29 10:00:00+00:00,259.05243164693,420.0,-160.94756835306998
2024-07-29 11:00:00+00:00,164.8872276951558,366.0,-201.1127723048442
2024-07-29 12:00:00+00:00,100.99088602823524,166.0,-65.00911397176476
2024-07-29 13:00:00+00:00,68.19101931586972,81.0,-12.808980684130276
2024-07-29 14:00:00+00:00,73.55902409256655,63.0,10.559024092566546
2024-07-29 15:00:00+00:00,97.41284924261473,128.0,-30.587150757385274
2024-07-29 16:00:00+00:00,164.4970318186914,181.0,-16.502968181308603
2024-07-29 17:00:00+00:00,216.94219765636643,366.0,-149.05780234363357
2024-07-29 18:00:00+00:00,287.50071569964416,431.0,-143.49928430035584
2024-07-29 19:00:00+00:00,380.79371761652953,500.0,-119.20628238347047
2024-07-29 20:00:00+00:00,365.0107770488642,447.0,-81.98922295113579
2024-07-29 21:00:00+00:00,332.226793986943,519.0,-186.773206013057
2024-07-29 22:00:00+00:00,267.1850759844047,402.0,-134.8149240155953
2024-07-29 23:00:00+00:00,370.1220740285394,355.0,15.122074028539373
2024-07-30 00:00:00+00:00,501.03392800495897,586.0,-84.96607199504103
2024-07-30 01:00:00+00:00,659.1238988502043,822.0,-162.87610114979566
2024-07-30 02:00:00+00:00,640.5961037912864,1082.0,-441.4038962087136
2024-07-30 03:00:00+00:00,570.3877732374845,1248.0,-677.6122267625155
2024-07-30 04:00:00+00:00,679.5871791065789,1427.0,-747.4128208934211
2024-07-30 05:00:00+00:00,793.3506140494868,1361.0,-567.6493859505132
2024-07-30 06:00:00+00:00,829.6099254396235,1302.0,-472.39007456037655
2024-07-30 07:00:00+00:00,797.8780204402173,1485.0,-687.1219795597827
2024-07-30 08:00:00+00:00,699.7530256069967,1143.0,-443.24697439300326
2024-07-30 09:00:00+00:00,633.9856119951208,1174.0,-540.0143880048792
2024-07-30 10:00:00+00:00,553.0056598912608,900.0,-346.99434010873915
2024-07-30 11:00:00+00:00,575.4967501419842,736.0,-160.5032498580158
2024-07-30 12:00:00+00:00,644.4265621024969,586.0,58.42656210249686
2024-07-30 13:00:00+00:00,719.7384704256668,567.0,152.73847042566683
2024-07-30 14:00:00+00:00,654.6098743916775,588.0,66.60987439167752
2024-07-30 15:00:00+00:00,767.5713423964479,610.0,157.5713423964479
2024-07-30 16:00:00+00:00,623.8998175288309,625.0,-1.1001824711690915
2024-07-30 17:00:00+00:00,552.2182772266381,664.0,-111.78172277336193
2024-07-30 18:00:00+00:00,586.9915621344405,614.0,-27.008437865559472
2024-07-30 19:00:00+00:00,635.6838725201129,600.0,35.683872520112914
2024-07-30 20:00:00+00:00,528.8058550026207,745.0,-216.19414499737934
2024-07-30 21:00:00+00:00,577.6724943152694,804.0,-226.32750568473057
2024-07-30 22:00:00+00:00,422.9057111699666,678.0,-255.0942888300334
2024-07-30 23:00:00+00:00,545.0242395811393,741.0,-195.97576041886066
2024-07-31 00:00:00+00:00,689.7945779358972,886.0,-196.20542206410278
2024-07-31 01:00:00+00:00,784.9378781648587,1055.0,-270.0621218351413
2024-07-31 02:00:00+00:00,951.7773158877,1446.0,-494.22268411230004
2024-07-31 03:00:00+00:00,904.7404348487944,1596.0,-691.2595651512056
2024-07-31 04:00:00+00:00,814.6919200676964,1612.0,-797.3080799323036
2024-07-31 05:00:00+00:00,800.3317701098321,1598.0,-797.6682298901679
2024-07-31 06:00:00+00:00,690.3333780493391,1464.0,-773.6666219506609
2024-07-31 07:00:00+00:00,646.9790901233296,1363.0,-716.0209098766704
2024-07-31 08:00:00+00:00,580.4077878096582,1029.0,-448.5922121903418
2024-07-31 09:00:00+00:00,527.6580138302921,1006.0,-478.34198616970787
2024-07-31 10:00:00+00:00,442.01134374732766,929.0,-486.98865625267234
2024-07-31 11:00:00+00:00,557.763762605907,728.0,-170.236237394093
2024-07-31 12:00:00+00:00,640.8832902291031,483.0,157.88329022910307
2024-07-31 13:00:00+00:00,548.0782969685447,484.0,64.07829696854469
2024-07-31 14:00:00+00:00,490.7015532993187,367.0,123.70155329931868
2024-07-31 15:00:00+00:00,512.0693564253028,347.0,165.06935642530277
2024-07-31 16:00:00+00:00,525.6169323699322,518.0,7.616932369932215
2024-07-31 17:00:00+00:00,478.28445756553606,584.0,-105.71554243446394
2024-07-31 18:00:00+00:00,478.6722099764698,572.0,-93.32779002353021
2024-07-31 19:00:00+00:00,436.2443640955577,671.0,-234.75563590444227
2024-07-31 20:00:00+00:00,616.3048429990009,815.0,-198.69515700099907
2024-07-31 21:00:00+00:00,548.2963766179173,815.0,-266.7036233820827
2024-07-31 22:00:00+00:00,446.06452780515457,824.0,-377.93547219484543
2024-07-31 23:00:00+00:00,465.9699734915193,802.0,-336.0300265084807
2024-08-01 00:00:00+00:00,551.8644383251967,979.0,-427.1355616748033
2024-08-01 01:00:00+00:00,661.4943267169211,1116.0,-454.50567328307886
2024-08-01 02:00:00+00:00,632.3129267002544,1068.0,-435.68707329974563
2024-08-01 03:00:00+00:00,611.6966334602505,967.0,-355.3033665397495
2024-08-01 04:00:00+00:00,458.036186303022,637.0,-178.96381369697798
2024-08-01 05:00:00+00:00,453.4092092582965,602.0,-148.59079074170347
2024-08-01 06:00:00+00:00,489.4857996836486,675.0,-185.51420031635138
2024-08-01 07:00:00+00:00,483.4235969658623,709.0,-225.57640303413768
2024-08-01 08:00:00+00:00,403.4542649485091,621.0,-217.5457350514909
2024-08-01 09:00:00+00:00,317.4107676385515,563.0,-245.58923236144852
2024-08-01 10:00:00+00:00,318.7714796407114,459.0,-140.2285203592886
2024-08-01 11:00:00+00:00,263.94768088083765,381.0,-117.05231911916235
2024-08-01 12:00:00+00:00,221.9120241271634,368.0,-146.0879758728366
2024-08-01 13:00:00+00:00,226.26755565589997,379.0,-152.73244434410003
2024-08-01 14:00:00+00:00,258.8767387450305,354.0,-95.12326125496952
2024-08-01 15:00:00+00:00,201.41122817726955,381.0,-179.58877182273045
2024-08-01 16:00:00+00:00,202.35079240997237,431.0,-228.64920759002763
2024-08-01 17:00:00+00:00,187.62302618971916,445.0,-257.37697381028084
2024-08-01 18:00:00+00:00,118.11277157847486,399.0,-280.88722842152515
2024-08-01 19:00:00+00:00,102.45883414481892,395.0,-292.5411658551811
2024-08-01 20:00:00+00:00,126.88288554735912,410.0,-283.11711445264086
2024-08-01 21:00:00+00:00,150.81992015051466,409.0,-258.1800798494853
2024-08-01 22:00:00+00:00,131.4013369422514,425.0,-293.5986630577486
2024-08-01 23:00:00+00:00,114.81210920439752,382.0,-267.18789079560247
2024-08-02 00:00:00+00:00,167.21272452155006,539.0,-371.78727547844994
2024-08-02 01:00:00+00:00,225.936319992229,706.0,-480.06368000777104
2024-08-02 02:00:00+00:00,287.5312457264624,773.0,-485.4687542735376
2024-08-02 03:00:00+00:00,285.5182245054384,759.0,-473.4817754945616
2024-08-02 04:00:00+00:00,334.1829385350295,815.0,-480.8170614649705
2024-08-02 05:00:00+00:00,408.9817712840872,791.0,-382.0182287159128
2024-08-02 06:00:00+00:00,403.12191898076,718.0,-314.87808101924
2024-08-02 07:00:00+00:00,356.8019041458505,617.0,-260.1980958541495
2024-08-02 08:00:00+00:00,340.43659546635456,580.0,-239.56340453364544
2024-08-02 09:00:00+00:00,288.8986722635224,560.0,-271.1013277364776
2024-08-02 10:00:00+00:00,238.3386753882443,558.0,-319.66132461175573
2024-08-02 11:00:00+00:00,152.45521688789594,377.0,-224.54478311210406
2024-08-02 12:00:00+00:00,47.618736114322495,244.0,-196.3812638856775
2024-08-02 13:00:00+00:00,36.81116801624627,129.0,-92.18883198375373
2024-08-02 14:00:00+00:00,44.57532000541938,135.0,-90.42467999458063
2024-08-02 15:00:00+00:00,49.61334717115837,200.0,-150.38665282884165
2024-08-02 16:00:00+00:00,57.999906207565054,324.0,-266.00009379243494
2024-08-02 17:00:00+00:00,97.21277829420436,398.0,-300.7872217057957
2024-08-02 18:00:00+00:00,118.09751284348802,615.0,-496.902487156512
2024-08-02 19:00:00+00:00,151.9121426481691,520.0,-368.0878573518309
2024-08-02 20:00:00+00:00,134.18815254671614,456.0,-321.81184745328386
2024-08-02 21:00:00+00:00,97.80364397975904,587.0,-489.19635602024096
2024-08-02 22:00:00+00:00,104.19577274763463,573.0,-468.80422725236537
2024-08-02 23:00:00+00:00,89.31809652649224,493.0,-403.68190347350776
2024-08-03 00:00:00+00:00,183.4495115138569,562.0,-378.5504884861431
2024-08-03 01:00:00+00:00,312.7496726594698,786.0,-473.2503273405302
2024-08-03 02:00:00+00:00,433.43156105364807,957.0,-523.568438946352
2024-08-03 03:00:00+00:00,488.7529277979829,1068.0,-579.2470722020171
2024-08-03 04:00:00+00:00,512.697229491793,1128.0,-615.302770508207
2024-08-03 05:00:00+00:00,502.6076698616621,1125.0,-622.3923301383379
2024-08-03 06:00:00+00:00,483.1832492876399,997.0,-513.8167507123601
2024-08-03 07:00:00+00:00,447.23252127916135,853.0,-405.76747872083865
2024-08-03 08:00:00+00:00,392.0000210768728,714.0,-321.9999789231272
2024-08-03 09:00:00+00:00,367.8136641351923,818.0,-450.1863358648077
2024-08-03 10:00:00+00:00,334.79984387600507,693.0,-358.20015612399493
2024-08-03 11:00:00+00:00,194.19028668699156,505.0,-310.80971331300844
2024-08-03 12:00:00+00:00,74.00090793047163,292.0,-217.9990920695284
2024-08-03 13:00:00+00:00,59.52889246342229,120.0,-60.47110753657771
2024-08-03 14:00:00+00:00,45.995850400609406,119.0,-73.00414959939059
2024-08-03 15:00:00+00:00,56.302985163532206,147.0,-90.69701483646779
2024-08-03 16:00:00+00:00,72.97610589551385,315.0,-242.02389410448615
2024-08-03 17:00:00+00:00,141.1535336069577,477.0,-335.8464663930423
2024-08-03 18:00:00+00:00,223.55159492969835,486.0,-262.44840507030165
2024-08-03 19:00:00+00:00,350.2375552771153,582.0,-231.7624447228847
2024-08-03 20:00:00+00:00,344.577654612266,785.0,-440.422345387734
2024-08-03 21:00:00+00:00,222.40694772669332,860.0,-637.5930522733067
2024-08-03 22:00:00+00:00,174.70972837227131,913.0,-738.2902716277287
2024-08-03 23:00:00+00:00,196.741075294549,1180.0,-983.258924705451
2024-08-04 00:00:00+00:00,187.50089108113727,1068.0,-880.4991089188627
2024-08-04 01:00:00+00:00,229.1194216128624,959.0,-729.8805783871376
2024-08-04 02:00:00+00:00,280.7886793887384,1075.0,-794.2113206112616
2024-08-04 03:00:00+00:00,340.2976993450157,1215.0,-874.7023006549844
2024-08-04 04:00:00+00:00,386.96924107882376,1114.0,-727.0307589211762
2024-08-04 05:00:00+00:00,423.8918798415644,965.0,-541.1081201584357
2024-08-04 06:00:00+00:00,451.0752173241739,981.0,-529.9247826758261
2024-08-04 07:00:00+00:00,468.66130250565385,1077.0,-608.3386974943462
2024-08-04 08:00:00+00:00,451.3518220201214,1068.0,-616.6481779798786
2024-08-04 09:00:00+00:00,368.591696307956,867.0,-498.408303692044
2024-08-04 10:00:00+00:00,276.3474005179268,610.0,-333.6525994820732
2024-08-04 11:00:00+00:00,168.33794536751935,409.0,-240.66205463248065
2024-08-04 12:00:00+00:00,49.36757938910315,186.0,-136.63242061089684
2024-08-04 13:00:00+00:00,32.49368838924994,138.0,-105.50631161075006
2024-08-04 14:00:00+00:00,16.64000907605239,75.0,-58.359990923947606
2024-08-04 15:00:00+00:00,29.643304479114043,96.0,-66.35669552088595
2024-08-04 16:00:00+00:00,48.26505301371861,154.0,-105.73494698628139
2024-08-04 17:00:00+00:00,83.26211330383752,262.0,-178.7378866961625
2024-08-04 18:00:00+00:00,66.75424732527472,386.0,-319.2457526747253
2024-08-04 19:00:00+00:00,53.05785912876751,294.0,-240.94214087123248
2024-08-04 20:00:00+00:00,40.08914496401531,284.0,-243.9108550359847
2024-08-04 21:00:00+00:00,35.21782472851584,282.0,-246.78217527148416
2024-08-04 22:00:00+00:00,63.31821761785167,257.0,-193.68178238214833
2024-08-04 23:00:00+00:00,76.65691307660575,262.0,-185.34308692339425
2024-08-05 00:00:00+00:00,94.42541726490172,307.0,-212.57458273509826
2024-08-05 01:00:00+00:00,95.279767326346,208.0,-112.720232673654
2024-08-05 02:00:00+00:00,104.52117012260898,267.0,-162.47882987739104
2024-08-05 03:00:00+00:00,155.33984560492658,286.0,-130.66015439507342
2024-08-05 04:00:00+00:00,265.6636912966452,424.0,-158.3363087033548
2024-08-05 05:00:00+00:00,296.88786050251247,646.0,-349.11213949748753
2024-08-05 06:00:00+00:00,310.2815682412892,852.0,-541.7184317587107
2024-08-05 07:00:00+00:00,316.6455377886661,929.0,-612.3544622113338
2024-08-05 08:00:00+00:00,345.912894445057,922.0,-576.087105554943
2024-08-05 09:00:00+00:00,341.0113084184088,858.0,-516.9886915815912
2024-08-05 10:00:00+00:00,439.03351169734094,842.0,-402.96648830265906
2024-08-05 11:00:00+00:00,308.2212355723439,648.0,-339.7787644276561
2024-08-05 12:00:00+00:00,251.34714747109695,523.0,-271.65285252890305
2024-08-05 13:00:00+00:00,256.35646810113434,621.0,-364.64353189886566
2024-08-05 14:00:00+00:00,269.4124470435528,739.0,-469.5875529564472
2024-08-05 15:00:00+00:00,304.0481300061894,1064.0,-759.9518699938105
2024-08-05 16:00:00+00:00,453.0450134677821,1311.0,-857.9549865322178
2024-08-05 17:00:00+00:00,535.034928496075,1362.0,-826.965071503925
2024-08-05 18:00:00+00:00,628.267670354141,1446.0,-817.732329645859
2024-08-05 19:00:00+00:00,681.9548817963847,1400.0,-718.0451182036153
2024-08-05 20:00:00+00:00,663.5879638756238,1348.0,-684.4120361243762
2024-08-05 21:00:00+00:00,463.89277901189,1192.0,-728.1072209881099
2024-08-05 22:00:00+00:00,372.68794962174616,1002.0,-629.3120503782538
2024-08-05 23:00:00+00:00,234.47572892065077,824.0,-589.5242710793492
2024-08-06 00:00:00+00:00,132.88309765459087,636.0,-503.11690234540913
2024-08-06 01:00:00+00:00,106.79832977634584,522.0,-415.20167022365416
2024-08-06 02:00:00+00:00,117.9257562939155,369.0,-251.0742437060845
2024-08-06 03:00:00+00:00,179.6202652642229,469.0,-289.3797347357771
2024-08-06 04:00:00+00:00,197.6391512642672,515.0,-317.3608487357328
2024-08-06 05:00:00+00:00,168.06244731621953,552.0,-383.9375526837805
2024-08-06 06:00:00+00:00,180.2226956154688,460.0,-279.7773043845312
2024-08-06 07:00:00+00:00,227.2749378919486,559.0,-331.72506210805136
2024-08-06 08:00:00+00:00,305.17812231575834,713.0,-407.82187768424166
2024-08-06 09:00:00+00:00,382.41743349419954,858.0,-475.58256650580046
2024-08-06 10:00:00+00:00,375.7138004415688,914.0,-538.2861995584312
2024-08-06 11:00:00+00:00,263.32678846194585,739.0,-475.67321153805415
2024-08-06 12:00:00+00:00,213.08092905778128,578.0,-364.9190709422187
2024-08-06 13:00:00+00:00,299.355621035776,620.0,-320.644378964224
2024-08-06 14:00:00+00:00,452.6961449304828,1001.0,-548.3038550695172
2024-08-06 15:00:00+00:00,516.3829800140716,1151.0,-634.6170199859284
2024-08-06 16:00:00+00:00,594.1303167943247,1303.0,-708.8696832056753
2024-08-06 17:00:00+00:00,781.032579864427,1444.0,-662.967420135573
2024-08-06 18:00:00+00:00,885.5867381157207,1512.0,-626.4132618842793
2024-08-06 19:00:00+00:00,901.7642866557158,1485.0,-583.2357133442842
2024-08-06 20:00:00+00:00,929.8988280668592,1590.0,-660.1011719331408
2024-08-06 21:00:00+00:00,766.2948301222625,1675.0,-908.7051698777375
2024-08-06 22:00:00+00:00,603.2583421792777,1392.0,-788.7416578207223
2024-08-06 23:00:00+00:00,435.65005550640336,1112.0,-676.3499444935967
2024-08-07 00:00:00+00:00,351.49507562420723,990.0,-638.5049243757928
2024-08-07 01:00:00+00:00,346.68803777972715,998.0,-651.3119622202728
2024-08-07 02:00:00+00:00,400.94239780126406,1100.0,-699.0576021987359
2024-08-07 03:00:00+00:00,405.74557257674144,1057.0,-651.2544274232586
2024-08-07 04:00:00+00:00,380.54680093168383,1043.0,-662.4531990683162
2024-08-07 05:00:00+00:00,379.3055563967458,1085.0,-705.6944436032542
2024-08-07 06:00:00+00:00,369.62160167279785,1012.0,-642.3783983272021
2024-08-07 07:00:00+00:00,355.2530428512396,957.0,-601.7469571487604
2024-08-07 08:00:00+00:00,352.6862832984812,869.0,-516.3137167015188
2024-08-07 09:00:00+00:00,356.6987639229972,843.0,-486.3012360770028
2024-08-07 10:00:00+00:00,475.22185640006063,795.0,-319.77814359993937
2024-08-07 11:00:00+00:00,336.6517647778925,681.0,-344.3482352221075
2024-08-07 12:00:00+00:00,240.4527649611944,565.0,-324.54723503880564
2024-08-07 13:00:00+00:00,309.6498230055653,891.0,-581.3501769944347
2024-08-07 14:00:00+00:00,378.0269541987375,1252.0,-873.9730458012625
2024-08-07 15:00:00+00:00,541.3532598217063,1391.0,-849.6467401782937
2024-08-07 16:00:00+00:00,766.8495093929745,1633.0,-866.1504906070255
2024-08-07 17:00:00+00:00,936.9138483569432,1618.0,-681.0861516430568
2024-08-07 18:00:00+00:00,947.5453320690352,1521.0,-573.4546679309648
2024-08-07 19:00:00+00:00,974.1864230651304,1411.0,-436.8135769348696
2024-08-07 20:00:00+00:00,898.2760174672825,1388.0,-489.7239825327175
2024-08-07 21:00:00+00:00,835.2187804884807,1301.0,-465.78121951151934
2024-08-07 22:00:00+00:00,657.5565903692801,1187.0,-529.4434096307199
2024-08-07 23:00:00+00:00,543.9635658368235,985.0,-441.0364341631765
2024-08-08 00:00:00+00:00,421.7847622081658,975.0,-553.2152377918342
2024-08-08 01:00:00+00:00,288.1292934773292,1108.0,-819.8707065226708
2024-08-08 02:00:00+00:00,232.69491133528516,1190.0,-957.3050886647148
2024-08-08 03:00:00+00:00,224.35955000101396,1255.0,-1030.640449998986
2024-08-08 04:00:00+00:00,240.2924609636689,1168.0,-927.7075390363311
2024-08-08 05:00:00+00:00,249.2714395144426,1118.0,-868.7285604855574
2024-08-08 06:00:00+00:00,243.13655409526865,1029.0,-785.8634459047314
2024-08-08 07:00:00+00:00,229.2033596494257,998.0,-768.7966403505743
2024-08-08 08:00:00+00:00,206.9547040986508,856.0,-649.0452959013492
2024-08-08 09:00:00+00:00,217.28663575990493,696.0,-478.7133642400951
2024-08-08 10:00:00+00:00,136.62903336854853,662.0,-525.3709666314514
2024-08-08 11:00:00+00:00,111.7213108410136,563.0,-451.27868915898637
2024-08-08 12:00:00+00:00,81.96377108268533,410.0,-328.0362289173147
2024-08-08 13:00:00+00:00,79.9138891673522,374.0,-294.0861108326478
2024-08-08 14:00:00+00:00,110.01881459180146,322.0,-211.98118540819854
2024-08-08 15:00:00+00:00,146.68411003014583,354.0,-207.31588996985417
2024-08-08 16:00:00+00:00,180.7356027072979,382.0,-201.2643972927021
2024-08-08 17:00:00+00:00,213.90302744218215,459.0,-245.09697255781785
2024-08-08 18:00:00+00:00,187.14614184230737,562.0,-374.8538581576926
2024-08-08 19:00:00+00:00,183.8319931308216,490.0,-306.1680068691784
2024-08-08 20:00:00+00:00,132.25861192284907,403.0,-270.74138807715093
2024-08-08 21:00:00+00:00,115.73798258062487,264.0,-148.26201741937513
2024-08-08 22:00:00+00:00,130.33747477212566,247.0,-116.66252522787434
2024-08-08 23:00:00+00:00,165.18668487068004,233.0,-67.81331512931996
2024-08-09 00:00:00+00:00,325.43312397101784,350.0,-24.566876028982165
2024-08-09 01:00:00+00:00,538.8919430034401,550.0,-11.108056996559867
2024-08-09 02:00:00+00:00,706.8682063321916,679.0,27.868206332191562
2024-08-09 03:00:00+00:00,686.7501099262169,908.0,-221.24989007378315
2024-08-09 04:00:00+00:00,751.5613021272565,1075.0,-323.43869787274355
2024-08-09 05:00:00+00:00,719.5138388284763,1090.0,-370.4861611715237
2024-08-09 06:00:00+00:00,631.6259931909773,892.0,-260.3740068090227
2024-08-09 07:00:00+00:00,572.7195293897935,785.0,-212.28047061020652
2024-08-09 08:00:00+00:00,503.5966175844907,763.0,-259.4033824155093
2024-08-09 09:00:00+00:00,500.15061217746586,878.0,-377.84938782253414
2024-08-09 10:00:00+00:00,395.3969976343521,969.0,-573.6030023656479
2024-08-09 11:00:00+00:00,442.8772824345688,852.0,-409.1227175654312
2024-08-09 12:00:00+00:00,448.3256349687194,863.0,-414.6743650312806
2024-08-09 13:00:00+00:00,499.0686753902149,850.0,-350.9313246097851
2024-08-09 14:00:00+00:00,512.9975410791138,941.0,-428.00245892088617
2024-08-09 15:00:00+00:00,749.6554847800951,1152.0,-402.3445152199049
2024-08-09 16:00:00+00:00,736.0890103812977,1300.0,-563.9109896187023
2024-08-09 17:00:00+00:00,773.4987229408897,1352.0,-578.5012770591103
2024-08-09 18:00:00+00:00,834.9423645828917,1485.0,-650.0576354171083
2024-08-09 19:00:00+00:00,859.7705792690724,1479.0,-619.2294207309276
2024-08-09 20:00:00+00:00,994.7951149971332,1540.0,-545.2048850028668
2024-08-09 21:00:00+00:00,1149.508633264013,1760.0,-610.491366735987
2024-08-09 22:00:00+00:00,1280.4060041016064,1862.0,-581.5939958983936
2024-08-09 23:00:00+00:00,1464.5572460182848,1812.0,-347.4427539817152
2024-08-10 00:00:00+00:00,1323.9162923378367,2095.0,-771.0837076621633
2024-08-10 01:00:00+00:00,1335.388199427966,2231.0,-895.6118005720341
2024-08-10 02:00:00+00:00,1541.456511578734,2282.0,-740.5434884212659
2024-08-10 03:00:00+00:00,1922.412784246096,2411.0,-488.58721575390405
2024-08-10 04:00:00+00:00,2261.646048148651,2272.0,-10.353951851348938
2024-08-10 05:00:00+00:00,2385.1472579792603,2032.0,353.1472579792603
2024-08-10 06:00:00+00:00,2209.3998973853254,2317.0,-107.6001026146746
2024-08-10 07:00:00+00:00,2131.042168201295,2137.0,-5.957831798704774
2024-08-10 08:00:00+00:00,2134.0475066465383,1877.0,257.0475066465383
2024-08-10 09:00:00+00:00,1942.472978570035,1820.0,122.47297857003491
2024-08-10 10:00:00+00:00,1522.1293430858543,1777.0,-254.87065691414568
2024-08-10 11:00:00+00:00,1336.3850532891724,1770.0,-433.61494671082755
2024-08-10 12:00:00+00:00,1163.932736664743,1466.0,-302.06726333525694
2024-08-10 13:00:00+00:00,1291.6581607556268,1512.0,-220.3418392443732
2024-08-10 14:00:00+00:00,1151.4124928446136,1551.0,-399.58750715538645
2024-08-10 15:00:00+00:00,955.9762211611484,1569.0,-613.0237788388516
2024-08-10 16:00:00+00:00,851.693290053051,1467.0,-615.306709946949
2024-08-10 17:00:00+00:00,881.0768160047587,1430.0,-548.9231839952413
2024-08-10 18:00:00+00:00,907.0439715525716,1191.0,-283.95602844742837
2024-08-10 19:00:00+00:00,978.4294308924408,1029.0,-50.57056910755921
2024-08-10 20:00:00+00:00,856.2196227569858,859.0,-2.780377243014186
2024-08-10 21:00:00+00:00,836.996395948287,831.0,5.996395948287045
2024-08-10 22:00:00+00:00,540.1009932073513,872.0,-331.8990067926487
2024-08-10 23:00:00+00:00,670.074260391311,806.0,-135.925739608689
2024-08-11 00:00:00+00:00,832.6816328323597,990.0,-157.3183671676403
2024-08-11 01:00:00+00:00,925.1425998261608,1222.0,-296.8574001738392
2024-08-11 02:00:00+00:00,934.0507482329295,1380.0,-445.94925176707045
2024-08-11 03:00:00+00:00,941.4442629139422,1514.0,-572.5557370860578
2024-08-11 04:00:00+00:00,867.0877056989042,1612.0,-744.9122943010958
2024-08-11 05:00:00+00:00,844.939377523955,1607.0,-762.060622476045
2024-08-11 06:00:00+00:00,849.4381675688708,1565.0,-715.5618324311292
2024-08-11 07:00:00+00:00,840.9525832972046,1337.0,-496.04741670279543
2024-08-11 08:00:00+00:00,758.804116769462,1261.0,-502.195883230538
2024-08-11 09:00:00+00:00,763.9100846566,1415.0,-651.0899153434
2024-08-11 10:00:00+00:00,559.5225926843324,1282.0,-722.4774073156676
2024-08-11 11:00:00+00:00,456.1680531287461,1120.0,-663.8319468712539
2024-08-11 12:00:00+00:00,245.15000427095063,885.0,-639.8499957290494
2024-08-11 13:00:00+00:00,200.9671924660024,859.0,-658.0328075339976
2024-08-11 14:00:00+00:00,253.7347167281937,785.0,-531.2652832718063
2024-08-11 15:00:00+00:00,343.8285254601664,781.0,-437.1714745398336
2024-08-11 16:00:00+00:00,451.35350886479466,843.0,-391.64649113520534
2024-08-11 17:00:00+00:00,587.2191442111861,844.0,-256.78085578881394
2024-08-11 18:00:00+00:00,682.3804849834604,880.0,-197.6195150165396
2024-08-11 19:00:00+00:00,699.0998553552055,841.0,-141.90014464479452
2024-08-11 20:00:00+00:00,596.178805894903,754.0,-157.821194105097
2024-08-11 21:00:00+00:00,567.6111377483209,672.0,-104.38886225167914
2024-08-11 22:00:00+00:00,458.8378768284224,628.0,-169.1621231715776
2024-08-11 23:00:00+00:00,324.63445536540974,709.0,-384.36554463459026
2024-08-12 00:00:00+00:00,471.9718765823585,902.0,-430.0281234176415
2024-08-12 01:00:00+00:00,576.2873040092536,1021.0,-444.7126959907464
2024-08-12 02:00:00+00:00,630.4428833672098,1055.0,-424.5571166327902
2024-08-12 03:00:00+00:00,592.9895892297313,1089.0,-496.01041077026866
2024-08-12 04:00:00+00:00,566.7051203773809,1120.0,-553.2948796226191
2024-08-12 05:00:00+00:00,555.3933469951577,1071.0,-515.6066530048423
2024-08-12 06:00:00+00:00,545.8071486334964,926.0,-380.19285136650365
2024-08-12 07:00:00+00:00,492.1250464245272,819.0,-326.8749535754728
2024-08-12 08:00:00+00:00,482.6303207392817,738.0,-255.36967926071833
2024-08-12 09:00:00+00:00,457.5223669672032,645.0,-187.4776330327968
2024-08-12 10:00:00+00:00,293.18173802666496,632.0,-338.81826197333504
2024-08-12 11:00:00+00:00,269.37432090768283,580.0,-310.62567909231717
2024-08-12 12:00:00+00:00,226.19240368513607,462.0,-235.80759631486393
2024-08-12 13:00:00+00:00,182.46248334200297,421.0,-238.53751665799703
2024-08-12 14:00:00+00:00,199.82965231788208,412.0,-212.17034768211792
2024-08-12 15:00:00+00:00,216.85254272784405,546.0,-329.147457272156
2024-08-12 16:00:00+00:00,230.99098838419224,692.0,-461.00901161580776
2024-08-12 17:00:00+00:00,280.3550072936778,810.0,-529.6449927063222
2024-08-12 18:00:00+00:00,279.60259973439184,894.0,-614.3974002656082
2024-08-12 19:00:00+00:00,356.8896122696563,944.0,-587.1103877303437
2024-08-12 20:00:00+00:00,347.0789233211796,867.0,-519.9210766788203
2024-08-12 21:00:00+00:00,346.5670553878239,805.0,-458.4329446121761
2024-08-12 22:00:00+00:00,176.81053459719476,919.0,-742.1894654028052
2024-08-12 23:00:00+00:00,246.84908177073703,868.0,-621.150918229263
2024-08-13 00:00:00+00:00,399.3267051804327,1009.0,-609.6732948195672
2024-08-13 01:00:00+00:00,485.4663640417964,1302.0,-816.5336359582036
2024-08-13 02:00:00+00:00,574.9259248628923,1412.0,-837.0740751371077
2024-08-13 03:00:00+00:00,662.8526306870576,1551.0,-888.1473693129424
2024-08-13 04:00:00+00:00,672.3699570207884,1471.0,-798.6300429792116
2024-08-13 05:00:00+00:00,663.4993227305957,1294.0,-630.5006772694043
2024-08-13 06:00:00+00:00,605.5953148324163,1109.0,-503.4046851675837
2024-08-13 07:00:00+00:00,573.0888709209287,1120.0,-546.9111290790713
2024-08-13 08:00:00+00:00,558.4033225104251,1222.0,-663.5966774895749
2024-08-13 09:00:00+00:00,527.7052953794782,1170.0,-642.2947046205218
2024-08-13 10:00:00+00:00,428.2739129949754,1108.0,-679.7260870050246
2024-08-13 11:00:00+00:00,359.8966674536237,956.0,-596.1033325463764
2024-08-13 12:00:00+00:00,228.6601146668345,745.0,-516.3398853331655
2024-08-13 13:00:00+00:00,225.6080659490518,682.0,-456.3919340509482
2024-08-13 14:00:00+00:00,239.92516411962228,769.0,-529.0748358803777
2024-08-13 15:00:00+00:00,285.969549495435,792.0,-506.030450504565
2024-08-13 16:00:00+00:00,372.08034143286176,920.0,-547.9196585671382
2024-08-13 17:00:00+00:00,469.7614957140382,929.0,-459.2385042859618
2024-08-13 18:00:00+00:00,543.5826288316804,1056.0,-512.4173711683196
2024-08-13 19:00:00+00:00,550.8375271830336,861.0,-310.16247281696644
2024-08-13 20:00:00+00:00,465.1324462077709,852.0,-386.8675537922291
2024-08-13 21:00:00+00:00,386.4839067069324,696.0,-309.5160932930676
2024-08-13 22:00:00+00:00,260.4173399467049,568.0,-307.5826600532951
2024-08-13 23:00:00+00:00,198.91339907544256,469.0,-270.08660092455744
2024-08-14 00:00:00+00:00,180.665483414968,484.0,-303.334516585032
2024-08-14 01:00:00+00:00,203.3323992541903,450.0,-246.6676007458097
2024-08-14 02:00:00+00:00,205.599271622707,378.0,-172.400728377293
2024-08-14 03:00:00+00:00,182.4334056978108,362.0,-179.5665943021892
2024-08-14 04:00:00+00:00,144.3478150398158,264.0,-119.6521849601842
2024-08-14 05:00:00+00:00,115.21754838947363,183.0,-67.78245161052637
2024-08-14 06:00:00+00:00,85.9502744588898,123.0,-37.049725541110206
2024-08-14 07:00:00+00:00,68.91198382327369,112.0,-43.08801617672631
2024-08-14 08:00:00+00:00,64.2310665121332,105.0,-40.7689334878668
2024-08-14 09:00:00+00:00,43.9468250231004,118.0,-74.0531749768996
2024-08-14 10:00:00+00:00,28.77495938227681,130.0,-101.2250406177232
2024-08-14 11:00:00+00:00,15.45783820064564,108.0,-92.54216179935436
2024-08-14 12:00:00+00:00,10.242945106879484,40.0,-29.757054893120518
2024-08-14 13:00:00+00:00,4.85613137049843,7.0,-2.1438686295015703
2024-08-14 14:00:00+00:00,3.439675370869263,1.0,2.439675370869263
2024-08-14 15:00:00+00:00,2.366360849409085,10.0,-7.6336391505909145
2024-08-14 16:00:00+00:00,3.876962640609281,27.0,-23.123037359390718
2024-08-14 17:00:00+00:00,6.9622174502655385,53.0,-46.03778254973446
2024-08-14 18:00:00+00:00,10.10436805511588,96.0,-85.89563194488412
2024-08-14 19:00:00+00:00,16.47453260286498,97.0,-80.52546739713502
2024-08-14 20:00:00+00:00,11.68030877900634,87.0,-75.31969122099366
2024-08-14 21:00:00+00:00,9.87492945031458,96.0,-86.12507054968542
2024-08-14 22:00:00+00:00,54.75260073430236,51.0,3.752600734302362
2024-08-14 23:00:00+00:00,14.524501751515691,64.0,-49.47549824848431
2024-08-15 00:00:00+00:00,28.28870589540536,79.0,-50.71129410459464
2024-08-15 01:00:00+00:00,39.10141375415676,103.0,-63.89858624584324
2024-08-15 02:00:00+00:00,81.13636607885188,151.0,-69.86363392114812
2024-08-15 03:00:00+00:00,97.13263621861267,130.0,-32.867363781387326
2024-08-15 04:00:00+00:00,90.09872281642582,183.0,-92.90127718357418
2024-08-15 05:00:00+00:00,87.6729936693153,206.0,-118.3270063306847
2024-08-15 06:00:00+00:00,91.53260711822249,228.0,-136.46739288177753
2024-08-15 07:00:00+00:00,102.88010543470476,219.0,-116.11989456529524
2024-08-15 08:00:00+00:00,106.91049608676911,183.0,-76.08950391323089
2024-08-15 09:00:00+00:00,81.78126851348577,158.0,-76.21873148651423
2024-08-15 10:00:00+00:00,62.931327368128855,120.0,-57.068672631871145
2024-08-15 11:00:00+00:00,35.643181644298906,108.0,-72.3568183557011
2024-08-15 12:00:00+00:00,8.225029704178576,48.0,-39.774970295821426
2024-08-15 13:00:00+00:00,2.333729934663653,14.0,-11.666270065336347
2024-08-15 14:00:00+00:00,2.846487115734212,3.0,-0.1535128842657878
2024-08-15 15:00:00+00:00,3.8737943560209858,1.0,2.8737943560209858
2024-08-15 16:00:00+00:00,4.510976571106086,6.0,-1.4890234288939137
2024-08-15 17:00:00+00:00,6.893110372839644,16.0,-9.106889627160356
2024-08-15 18:00:00+00:00,11.629628688755313,22.0,-10.370371311244687
2024-08-15 19:00:00+00:00,18.229667653925254,39.0,-20.770332346074746
2024-08-15 20:00:00+00:00,23.702416080447605,99.0,-75.2975839195524
2024-08-15 21:00:00+00:00,1.9897326310563472,51.0,-49.01026736894365
2024-08-15 22:00:00+00:00,1.243957607096318,45.0,-43.75604239290368
2024-08-15 23:00:00+00:00,1.6500816257285054,83.0,-81.3499183742715
2024-08-16 00:00:00+00:00,6.561927423338675,94.0,-87.43807257666133
2024-08-16 01:00:00+00:00,29.6093760182993,115.0,-85.3906239817007
2024-08-16 02:00:00+00:00,27.702053849011754,104.0,-76.29794615098825
2024-08-16 03:00:00+00:00,19.10276194745624,163.0,-143.89723805254377
2024-08-16 04:00:00+00:00,9.086859351278004,119.0,-109.91314064872199
2024-08-16 05:00:00+00:00,6.752482383887093,124.0,-117.2475176161129
2024-08-16 06:00:00+00:00,12.756079270545746,121.0,-108.24392072945426
2024-08-16 07:00:00+00:00,20.09340984056872,107.0,-86.90659015943127
2024-08-16 08:00:00+00:00,13.667156405841986,78.0,-64.33284359415802
2024-08-16 09:00:00+00:00,17.400194308870518,59.0,-41.59980569112948
2024-08-16 10:00:00+00:00,15.038935908075098,59.0,-43.961064091924904
2024-08-16 11:00:00+00:00,22.78898123124444,32.0,-9.211018768755562
2024-08-16 12:00:00+00:00,8.845694296144462,26.0,-17.154305703855538
2024-08-16 13:00:00+00:00,3.269166127074077,-4.0,7.269166127074077
2024-08-16 14:00:00+00:00,3.671108967533072,-11.0,14.671108967533073
2024-08-16 15:00:00+00:00,4.965161551712032,-11.0,15.965161551712033
2024-08-16 16:00:00+00:00,6.642691417439664,-3.0,9.642691417439664
2024-08-16 17:00:00+00:00,8.159014138574175,3.0,5.159014138574175
2024-08-16 18:00:00+00:00,10.487868291786782,18.0,-7.512131708213218
2024-08-16 19:00:00+00:00,16.369058023189016,34.0,-17.630941976810984
2024-08-16 20:00:00+00:00,29.129587448826804,48.0,-18.870412551173196
2024-08-16 21:00:00+00:00,22.15276099221558,56.0,-33.847239007784424
2024-08-16 22:00:00+00:00,18.33177383180833,91.0,-72.66822616819167
2024-08-16 23:00:00+00:00,23.651545063660222,150.0,-126.34845493633978
2024-08-17 00:00:00+00:00,112.74997931163011,199.0,-86.25002068836989
2024-08-17 01:00:00+00:00,244.04828290229932,273.0,-28.95171709770068
2024-08-17 02:00:00+00:00,337.9774284423725,456.0,-118.02257155762749
2024-08-17 03:00:00+00:00,428.7994263644374,671.0,-242.2005736355626
2024-08-17 04:00:00+00:00,514.4258773638115,877.0,-362.57412263618846
2024-08-17 05:00:00+00:00,553.0838875793195,919.0,-365.9161124206805
2024-08-17 06:00:00+00:00,589.4218013064386,1013.0,-423.5781986935614
2024-08-17 07:00:00+00:00,567.1866675478518,990.0,-422.8133324521482
2024-08-17 08:00:00+00:00,535.3188934655263,910.0,-374.68110653447366
2024-08-17 09:00:00+00:00,510.100331513667,806.0,-295.899668486333
2024-08-17 10:00:00+00:00,442.49866660897777,720.0,-277.50133339102223
2024-08-17 11:00:00+00:00,353.2492920643521,598.0,-244.75070793564788
2024-08-17 12:00:00+00:00,225.3156865647612,441.0,-215.6843134352388
2024-08-17 13:00:00+00:00,156.63288703148012,261.0,-104.36711296851988
2024-08-17 14:00:00+00:00,101.9374374202169,154.0,-52.062562579783105
2024-08-17 15:00:00+00:00,124.9830386384666,122.0,2.9830386384665957
2024-08-17 16:00:00+00:00,149.33609638660073,161.0,-11.66390361339927
2024-08-17 17:00:00+00:00,215.4487904150275,213.0,2.448790415027503
2024-08-17 18:00:00+00:00,265.4467556839324,260.0,5.446755683932395
2024-08-17 19:00:00+00:00,304.23513509614054,249.0,55.23513509614054
2024-08-17 20:00:00+00:00,274.3049944129275,319.0,-44.6950055870725
2024-08-17 21:00:00+00:00,283.44025027155374,348.0,-64.55974972844626
2024-08-17 22:00:00+00:00,189.45039602468387,341.0,-151.54960397531613
2024-08-17 23:00:00+00:00,363.43406774406304,446.0,-82.56593225593696
2024-08-18 00:00:00+00:00,545.5870666021467,644.0,-98.4129333978533
2024-08-18 01:00:00+00:00,687.6472482023448,820.0,-132.35275179765517
2024-08-18 02:00:00+00:00,759.6694235281523,951.0,-191.33057647184773
2024-08-18 03:00:00+00:00,838.3036543208286,1049.0,-210.69634567917137
2024-08-18 04:00:00+00:00,821.0297437234151,1037.0,-215.9702562765849
2024-08-18 05:00:00+00:00,751.3866835921718,936.0,-184.61331640782817
2024-08-18 06:00:00+00:00,680.849807815041,1048.0,-367.150192184959
2024-08-18 07:00:00+00:00,652.9730690919844,773.0,-120.02693090801563
2024-08-18 08:00:00+00:00,648.3312834228561,859.0,-210.66871657714387
2024-08-18 09:00:00+00:00,637.8570659245385,930.0,-292.14293407546154
2024-08-18 10:00:00+00:00,548.7073664353475,891.0,-342.29263356465253
2024-08-18 11:00:00+00:00,594.2336202917605,955.0,-360.76637970823947
2024-08-18 12:00:00+00:00,537.248644641582,992.0,-454.751355358418
2024-08-18 13:00:00+00:00,554.7973772127682,1048.0,-493.2026227872318
2024-08-18 14:00:00+00:00,650.3051503266739,1020.0,-369.6948496733261
2024-08-18 15:00:00+00:00,717.6421992018741,945.0,-227.35780079812594
2024-08-18 16:00:00+00:00,757.8958081044927,913.0,-155.10419189550726
2024-08-18 17:00:00+00:00,782.95115421885,819.0,-36.04884578115002
2024-08-18 18:00:00+00:00,898.0775983744769,905.0,-6.922401625523094
2024-08-18 19:00:00+00:00,948.2292222259924,1112.0,-163.77077777400757
2024-08-18 20:00:00+00:00,884.0347475218713,1328.0,-443.9652524781287
2024-08-18 21:00:00+00:00,725.0364691985773,1425.0,-699.9635308014227
2024-08-18 22:00:00+00:00,588.0056769700134,1513.0,-924.9943230299866
2024-08-18 23:00:00+00:00,697.3631839803985,1592.0,-894.6368160196015
2024-08-19 00:00:00+00:00,855.4077050580618,1885.0,-1029.5922949419382
2024-08-19 01:00:00+00:00,1000.89680859825,2062.0,-1061.1031914017499
2024-08-19 02:00:00+00:00,1113.5383714877846,2195.0,-1081.4616285122154
2024-08-19 03:00:00+00:00,1143.4194169004777,2256.0,-1112.5805830995223
2024-08-19 04:00:00+00:00,1066.5882182646508,2261.0,-1194.4117817353492
2024-08-19 05:00:00+00:00,969.1438465066648,2104.0,-1134.8561534933351
2024-08-19 06:00:00+00:00,919.4967045437274,2012.0,-1092.5032954562726
2024-08-19 07:00:00+00:00,888.658555337524,1845.0,-956.341444662476
2024-08-19 08:00:00+00:00,878.1937213384697,1716.0,-837.8062786615303
2024-08-19 09:00:00+00:00,801.3487945027308,1556.0,-754.6512054972692
2024-08-19 10:00:00+00:00,750.7860571248468,1638.0,-887.2139428751532
2024-08-19 11:00:00+00:00,781.4547156834063,1435.0,-653.5452843165937
2024-08-19 12:00:00+00:00,918.7492401250518,1298.0,-379.25075987494824
2024-08-19 13:00:00+00:00,831.2032358336852,963.0,-131.7967641663148
2024-08-19 14:00:00+00:00,624.3924714096557,717.0,-92.60752859034426
2024-08-19 15:00:00+00:00,541.5276525949423,591.0,-49.47234740505769
2024-08-19 16:00:00+00:00,454.21118979111816,514.0,-59.78881020888184
2024-08-19 17:00:00+00:00,660.0591907934289,416.0,244.0591907934289
2024-08-19 18:00:00+00:00,871.1483991780626,353.0,518.1483991780626
2024-08-19 19:00:00+00:00,881.5407131317397,562.0,319.5407131317397
2024-08-19 20:00:00+00:00,1019.994821008841,832.0,187.99482100884097
2024-08-19 21:00:00+00:00,1088.5774362239745,946.0,142.57743622397447
2024-08-19 22:00:00+00:00,1055.8594788640507,1148.0,-92.14052113594926
2024-08-19 23:00:00+00:00,1059.0400240747604,1363.0,-303.95997592523963
2024-08-20 00:00:00+00:00,1046.0030449981448,1545.0,-498.9969550018552
2024-08-20 01:00:00+00:00,1202.3964913356772,1556.0,-353.6035086643228
2024-08-20 02:00:00+00:00,1441.78612942024,1563.0,-121.21387057975994
2024-08-20 03:00:00+00:00,1382.9216778769585,1492.0,-109.07832212304152
2024-08-20 04:00:00+00:00,1220.701679139689,1491.0,-270.2983208603109
2024-08-20 05:00:00+00:00,1095.4658370950217,1551.0,-455.5341629049783
2024-08-20 06:00:00+00:00,958.5036313159744,1442.0,-483.4963686840256
2024-08-20 07:00:00+00:00,952.7817388745286,1410.0,-457.2182611254714
2024-08-20 08:00:00+00:00,969.2580306241044,1495.0,-525.7419693758956
2024-08-20 09:00:00+00:00,995.1512978011466,1379.0,-383.8487021988534
2024-08-20 10:00:00+00:00,1184.6335899425762,1477.0,-292.36641005742376
2024-08-20 11:00:00+00:00,918.367989571804,1555.0,-636.632010428196
2024-08-20 12:00:00+00:00,936.3867009497222,1678.0,-741.6132990502778
2024-08-20 13:00:00+00:00,1078.9170527026756,1707.0,-628.0829472973244
2024-08-20 14:00:00+00:00,1414.9891229697814,1665.0,-250.01087703021858
2024-08-20 15:00:00+00:00,1510.0465964334949,1617.0,-106.95340356650513
2024-08-20 16:00:00+00:00,1482.590688277708,1684.0,-201.40931172229193
2024-08-20 17:00:00+00:00,1362.5585893168504,1659.0,-296.44141068314957
2024-08-20 18:00:00+00:00,1312.3880629920177,1706.0,-393.6119370079823
2024-08-20 19:00:00+00:00,1332.7863101774872,1855.0,-522.2136898225128
2024-08-20 20:00:00+00:00,1389.394721873058,1786.0,-396.60527812694204
2024-08-20 21:00:00+00:00,1446.0743250015646,1800.0,-353.9256749984354
2024-08-20 22:00:00+00:00,963.939605790168,1792.0,-828.060394209832
2024-08-20 23:00:00+00:00,996.0550761938708,1743.0,-746.9449238061292
2024-08-21 00:00:00+00:00,933.3391391101904,1643.0,-709.6608608898096
2024-08-21 01:00:00+00:00,852.7727692910829,1665.0,-812.2272307089171
2024-08-21 02:00:00+00:00,739.820275838952,1605.0,-865.179724161048
2024-08-21 03:00:00+00:00,652.6120460051527,1516.0,-863.3879539948473
2024-08-21 04:00:00+00:00,570.8624784150505,1387.0,-816.1375215849495
2024-08-21 05:00:00+00:00,550.5853149146305,1346.0,-795.4146850853695
2024-08-21 06:00:00+00:00,512.4227501337105,1273.0,-760.5772498662895
2024-08-21 07:00:00+00:00,483.3267496060686,1140.0,-656.6732503939314
2024-08-21 08:00:00+00:00,465.7442207921961,964.0,-498.2557792078039
2024-08-21 09:00:00+00:00,488.7923377261568,956.0,-467.2076622738432
2024-08-21 10:00:00+00:00,496.5182736067533,915.0,-418.4817263932467
2024-08-21 11:00:00+00:00,518.5606926269754,956.0,-437.4393073730246
2024-08-21 12:00:00+00:00,528.4012622015789,869.0,-340.5987377984211
2024-08-21 13:00:00+00:00,655.8688656292429,857.0,-201.13113437075708
2024-08-21 14:00:00+00:00,699.7469417305017,850.0,-150.2530582694983
2024-08-21 15:00:00+00:00,792.4493938276092,812.0,-19.550606172390758
2024-08-21 16:00:00+00:00,825.0970410039359,820.0,5.097041003935942
2024-08-21 17:00:00+00:00,827.9675252146668,783.0,44.96752521466681
2024-08-21 18:00:00+00:00,849.0672861010681,726.0,123.06728610106813
2024-08-21 19:00:00+00:00,695.8379732893736,760.0,-64.16202671062638
2024-08-21 20:00:00+00:00,584.1254145908006,803.0,-218.87458540919943
2024-08-21 21:00:00+00:00,429.4921868555824,790.0,-360.5078131444176
2024-08-21 22:00:00+00:00,519.5396184814755,888.0,-368.4603815185245
2024-08-21 23:00:00+00:00,560.443976208838,871.0,-310.55602379116203
2024-08-22 00:00:00+00:00,673.8927809199738,915.0,-241.1072190800262
2024-08-22 01:00:00+00:00,678.4073839564426,1017.0,-338.5926160435574
2024-08-22 02:00:00+00:00,636.6316446530803,1077.0,-440.36835534691966
2024-08-22 03:00:00+00:00,610.8340371428241,1229.0,-618.1659628571759
2024-08-22 04:00:00+00:00,564.1301556420352,1203.0,-638.8698443579648
2024-08-22 05:00:00+00:00,534.3450587622465,1189.0,-654.6549412377535
2024-08-22 06:00:00+00:00,472.633453965196,1094.0,-621.3665460348041
2024-08-22 07:00:00+00:00,449.83492513464734,1061.0,-611.1650748653526
2024-08-22 08:00:00+00:00,418.3130395515928,899.0,-480.6869604484072
2024-08-22 09:00:00+00:00,380.15365651904153,873.0,-492.84634348095847
2024-08-22 10:00:00+00:00,293.6799120999428,875.0,-581.3200879000572
2024-08-22 11:00:00+00:00,298.5582538915218,771.0,-472.4417461084782
2024-08-22 12:00:00+00:00,269.3702278822741,576.0,-306.6297721177259
2024-08-22 13:00:00+00:00,188.59311164636392,444.0,-255.40688835363608
2024-08-22 14:00:00+00:00,109.87036513856,417.0,-307.12963486143997
2024-08-22 15:00:00+00:00,76.86939015055538,394.0,-317.1306098494446
2024-08-22 16:00:00+00:00,53.848398513748805,315.0,-261.1516014862512
2024-08-22 17:00:00+00:00,99.4728175331306,222.0,-122.5271824668694
2024-08-22 18:00:00+00:00,134.48395235506672,276.0,-141.51604764493328
2024-08-22 19:00:00+00:00,123.1090343590676,255.0,-131.8909656409324
2024-08-22 20:00:00+00:00,140.19587465833396,198.0,-57.80412534166604
2024-08-22 21:00:00+00:00,120.18670535888448,173.0,-52.81329464111552
2024-08-22 22:00:00+00:00,63.82546209606575,120.0,-56.17453790393425
2024-08-22 23:00:00+00:00,45.959128041847016,103.0,-57.040871958152984
2024-08-23 00:00:00+00:00,100.1421379406126,118.0,-17.8578620593874
2024-08-23 01:00:00+00:00,89.35918357561894,69.0,20.359183575618943
2024-08-23 02:00:00+00:00,77.51505677165562,100.0,-22.484943228344378
2024-08-23 03:00:00+00:00,69.12639539357771,47.0,22.12639539357771
2024-08-23 04:00:00+00:00,71.66343018860739,35.0,36.66343018860739
2024-08-23 05:00:00+00:00,81.47290622853382,93.0,-11.527093771466184
2024-08-23 06:00:00+00:00,100.63563009618991,102.0,-1.3643699038100863
2024-08-23 07:00:00+00:00,104.67996261652242,201.0,-96.32003738347758
2024-08-23 08:00:00+00:00,92.97487099507396,246.0,-153.02512900492604
2024-08-23 09:00:00+00:00,81.5993393224841,373.0,-291.40066067751593
2024-08-23 10:00:00+00:00,89.27108892341758,348.0,-258.72891107658245
2024-08-23 11:00:00+00:00,69.34968380414556,344.0,-274.65031619585443
2024-08-23 12:00:00+00:00,59.91167032827669,252.0,-192.0883296717233
2024-08-23 13:00:00+00:00,124.18447385095745,218.0,-93.81552614904255
2024-08-23 14:00:00+00:00,158.48160933686663,150.0,8.481609336866626
2024-08-23 15:00:00+00:00,195.4559724091397,161.0,34.45597240913969
2024-08-23 16:00:00+00:00,196.5706533446565,282.0,-85.4293466553435
2024-08-23 17:00:00+00:00,239.70364100093215,371.0,-131.29635899906785
2024-08-23 18:00:00+00:00,281.0106603578931,489.0,-207.98933964210693
2024-08-23 19:00:00+00:00,343.2532474344683,497.0,-153.74675256553172
2024-08-23 20:00:00+00:00,395.8840485933799,535.0,-139.11595140662013
2024-08-23 21:00:00+00:00,384.214653986206,624.0,-239.78534601379403
2024-08-23 22:00:00+00:00,371.8088296199146,737.0,-365.1911703800854
2024-08-23 23:00:00+00:00,470.35236824192384,966.0,-495.64763175807616
2024-08-24 00:00:00+00:00,625.7657012993478,1203.0,-577.2342987006522
2024-08-24 01:00:00+00:00,767.698257687197,1442.0,-674.301742312803
2024-08-24 02:00:00+00:00,858.3721576544712,1654.0,-795.6278423455288
2024-08-24 03:00:00+00:00,891.9028281466502,1890.0,-998.0971718533498
2024-08-24 04:00:00+00:00,886.5010770944535,1824.0,-937.4989229055465
2024-08-24 05:00:00+00:00,841.5196897181706,1921.0,-1079.4803102818294
2024-08-24 06:00:00+00:00,814.9838672959804,1885.0,-1070.0161327040196
2024-08-24 07:00:00+00:00,767.4755091511308,1724.0,-956.5244908488692
2024-08-24 08:00:00+00:00,751.2198709473988,1620.0,-868.7801290526012
2024-08-24 09:00:00+00:00,688.0061906073627,1454.0,-765.9938093926373
2024-08-24 10:00:00+00:00,661.667668583379,1331.0,-669.332331416621
2024-08-24 11:00:00+00:00,522.8568171298218,1153.0,-630.1431828701782
2024-08-24 12:00:00+00:00,316.49381570820134,823.0,-506.50618429179866
2024-08-24 13:00:00+00:00,209.5826516042414,575.0,-365.4173483957586
2024-08-24 14:00:00+00:00,185.13767964268573,405.0,-219.86232035731427
2024-08-24 15:00:00+00:00,212.975072928865,408.0,-195.024927071135
2024-08-24 16:00:00+00:00,322.5995538815085,517.0,-194.40044611849152
2024-08-24 17:00:00+00:00,439.1215611307292,626.0,-186.87843886927078
2024-08-24 18:00:00+00:00,461.1652361956846,770.0,-308.8347638043154
2024-08-24 19:00:00+00:00,462.9193035321964,876.0,-413.0806964678036
2024-08-24 20:00:00+00:00,443.26161655654136,945.0,-501.73838344345864
2024-08-24 21:00:00+00:00,374.2053458829997,1073.0,-698.7946541170003
2024-08-24 22:00:00+00:00,317.8880691628825,924.0,-606.1119308371175
2024-08-24 23:00:00+00:00,387.217624837228,909.0,-521.782375162772
2024-08-25 00:00:00+00:00,523.325201357381,1216.0,-692.674798642619
2024-08-25 01:00:00+00:00,543.7030114586122,1353.0,-809.2969885413878
2024-08-25 02:00:00+00:00,510.2620925254713,1217.0,-706.7379074745287
2024-08-25 03:00:00+00:00,467.87394534365217,1142.0,-674.1260546563478
2024-08-25 04:00:00+00:00,394.7940527350082,87.0,307.7940527350082
2024-08-25 05:00:00+00:00,321.22231528085507,865.0,-543.7776847191449
2024-08-25 06:00:00+00:00,249.9938316729809,648.0,-398.0061683270191
2024-08-25 07:00:00+00:00,193.48203815667807,573.0,-379.5179618433219
2024-08-25 08:00:00+00:00,161.64004808053085,420.0,-258.35995191946915
2024-08-25 09:00:00+00:00,127.85050666785602,390.0,-262.14949333214395
2024-08-25 10:00:00+00:00,136.5718537109519,373.0,-236.4281462890481
2024-08-25 11:00:00+00:00,114.69599247104487,304.0,-189.30400752895514
2024-08-25 12:00:00+00:00,63.65042354717547,183.0,-119.34957645282452
2024-08-25 13:00:00+00:00,18.18382575247831,114.0,-95.81617424752169
2024-08-25 14:00:00+00:00,11.144425117646549,66.0,-54.85557488235345
2024-08-25 15:00:00+00:00,17.42602055898952,81.0,-63.57397944101048
2024-08-25 16:00:00+00:00,25.581791029323146,120.0,-94.41820897067686
2024-08-25 17:00:00+00:00,49.30035351441846,192.0,-142.69964648558152
2024-08-25 18:00:00+00:00,82.67568743736715,230.0,-147.32431256263285
2024-08-25 19:00:00+00:00,56.14654047273381,191.0,-134.85345952726618
2024-08-25 20:00:00+00:00,37.84070474241808,179.0,-141.1592952575819
2024-08-25 21:00:00+00:00,47.28269318922929,104.0,-56.71730681077071
2024-08-25 22:00:00+00:00,49.46376540411153,86.0,-36.53623459588847
2024-08-25 23:00:00+00:00,21.06362479027551,69.0,-47.93637520972449
2024-08-26 00:00:00+00:00,10.869261656443378,87.0,-76.13073834355663
2024-08-26 01:00:00+00:00,5.55464086837138,76.0,-70.44535913162862
2024-08-26 02:00:00+00:00,8.344499496892244,34.0,-25.655500503107756
2024-08-26 03:00:00+00:00,21.22354703988419,17.0,4.223547039884188
2024-08-26 04:00:00+00:00,32.44186247088031,87.0,-54.55813752911969
2024-08-26 05:00:00+00:00,31.789439298079984,36.0,-4.210560701920016
2024-08-26 06:00:00+00:00,26.774415071278387,38.0,-11.225584928721613
2024-08-26 07:00:00+00:00,16.885628140362808,40.0,-23.114371859637192
2024-08-26 08:00:00+00:00,8.493080873576906,39.0,-30.506919126423092
2024-08-26 09:00:00+00:00,5.1871796895723135,19.0,-13.812820310427686
2024-08-26 10:00:00+00:00,6.522145674614259,12.0,-5.477854325385741
2024-08-26 11:00:00+00:00,4.158505227989706,4.0,0.15850522798970612
2024-08-26 12:00:00+00:00,4.110026393369944,-3.0,7.110026393369944
2024-08-26 13:00:00+00:00,2.676102736519824,-11.0,13.676102736519823
2024-08-26 14:00:00+00:00,4.059892421512595,-11.0,15.059892421512595
2024-08-26 15:00:00+00:00,5.768173310663563,-3.0,8.768173310663563
2024-08-26 16:00:00+00:00,7.429938863915699,12.0,-4.570061136084301
2024-08-26 17:00:00+00:00,7.806752307423075,36.0,-28.193247692576925
2024-08-26 18:00:00+00:00,8.214298401175787,37.0,-28.78570159882421
2024-08-26 19:00:00+00:00,8.210344992899943,24.0,-15.789655007100057
2024-08-26 20:00:00+00:00,10.70209341319838,22.0,-11.29790658680162
2024-08-26 21:00:00+00:00,15.376476516764354,21.0,-5.623523483235646
2024-08-26 22:00:00+00:00,17.34620386323364,40.0,-22.65379613676636
2024-08-26 23:00:00+00:00,47.77172810647374,66.0,-18.228271893526262
2024-08-27 00:00:00+00:00,38.38032828619454,67.0,-28.61967171380546
2024-08-27 01:00:00+00:00,66.9339949971495,96.0,-29.066005002850503
2024-08-27 02:00:00+00:00,91.65631060092156,247.0,-155.34368939907844
2024-08-27 03:00:00+00:00,144.25340561450614,392.0,-247.74659438549386
2024-08-27 04:00:00+00:00,196.9663923408625,503.0,-306.0336076591375
2024-08-27 05:00:00+00:00,246.0604542225184,569.0,-322.9395457774816
2024-08-27 06:00:00+00:00,251.27373358861632,734.0,-482.7262664113837
2024-08-27 07:00:00+00:00,252.87417922437308,759.0,-506.12582077562695
2024-08-27 08:00:00+00:00,240.9925576585404,696.0,-455.00744234145964
2024-08-27 09:00:00+00:00,279.1237874405912,638.0,-358.8762125594088
2024-08-27 10:00:00+00:00,274.0147065909713,619.0,-344.9852934090287
2024-08-27 11:00:00+00:00,291.8889760289106,596.0,-304.1110239710894
2024-08-27 12:00:00+00:00,245.04068967563373,555.0,-309.95931032436624
2024-08-27 13:00:00+00:00,141.7481307175293,442.0,-300.2518692824707
2024-08-27 14:00:00+00:00,210.19504630759857,588.0,-377.80495369240145
2024-08-27 15:00:00+00:00,337.7328860913544,797.0,-459.2671139086456
2024-08-27 16:00:00+00:00,500.2008003374002,972.0,-471.7991996625998
2024-08-27 17:00:00+00:00,675.6518524790788,1083.0,-407.3481475209212
2024-08-27 18:00:00+00:00,778.0904006213375,1213.0,-434.9095993786625
2024-08-27 19:00:00+00:00,900.3976467615462,1303.0,-402.6023532384538
2024-08-27 20:00:00+00:00,894.2414050773699,1283.0,-388.7585949226301
2024-08-27 21:00:00+00:00,861.2479587852051,1294.0,-432.7520412147949
2024-08-27 22:00:00+00:00,1037.0257068650164,1335.0,-297.97429313498355
2024-08-27 23:00:00+00:00,1205.5261560956694,1602.0,-396.4738439043306
2024-08-28 00:00:00+00:00,1322.5656011433548,1777.0,-454.4343988566452
2024-08-28 01:00:00+00:00,1442.3068224590345,2123.0,-680.6931775409655
2024-08-28 02:00:00+00:00,1647.8630755691374,2264.0,-616.1369244308626
2024-08-28 03:00:00+00:00,1679.3742908071729,2261.0,-581.6257091928271
2024-08-28 04:00:00+00:00,1594.142762097355,1931.0,-336.857237902645
2024-08-28 05:00:00+00:00,1517.097112146988,1845.0,-327.9028878530121
2024-08-28 06:00:00+00:00,1527.789518039389,1569.0,-41.210481960611105
2024-08-28 07:00:00+00:00,1630.1423110791627,1326.0,304.1423110791627
2024-08-28 08:00:00+00:00,1477.162273294951,1566.0,-88.83772670504891
2024-08-28 09:00:00+00:00,1402.205712132651,1941.0,-538.7942878673491
2024-08-28 10:00:00+00:00,1815.248884183448,1958.0,-142.7511158165521
2024-08-28 11:00:00+00:00,1850.7281387554044,2320.0,-469.2718612445956
2024-08-28 12:00:00+00:00,1933.8159524943376,2188.0,-254.18404750566242
2024-08-28 13:00:00+00:00,1779.7008257875,2114.0,-334.2991742125
2024-08-28 14:00:00+00:00,1637.8602698674802,1906.0,-268.13973013251984
2024-08-28 15:00:00+00:00,1610.064184774647,1972.0,-361.93581522535305
2024-08-28 16:00:00+00:00,1709.5423457410488,1607.0,102.54234574104885
2024-08-28 17:00:00+00:00,1838.215464565017,1476.0,362.2154645650171
2024-08-28 18:00:00+00:00,1916.396180356964,1528.0,388.3961803569639
2024-08-28 19:00:00+00:00,1884.642276239651,1513.0,371.642276239651
2024-08-28 20:00:00+00:00,1805.5415842439756,1437.0,368.54158424397565
2024-08-28 21:00:00+00:00,1763.5437022145525,1474.0,289.54370221455247
2024-08-28 22:00:00+00:00,896.5864312626059,1747.0,-850.4135687373941
2024-08-28 23:00:00+00:00,1101.0675278176668,1731.0,-629.9324721823332
2024-08-29 00:00:00+00:00,1246.1489293934326,1939.0,-692.8510706065674
2024-08-29 01:00:00+00:00,1256.2103408376877,2018.0,-761.7896591623123
2024-08-29 02:00:00+00:00,1227.4536657640183,2325.0,-1097.5463342359817
2024-08-29 03:00:00+00:00,1182.1450236057915,2203.0,-1020.8549763942085
2024-08-29 04:00:00+00:00,1070.6366901834797,1957.0,-886.3633098165203
2024-08-29 05:00:00+00:00,984.3436981407668,1895.0,-910.6563018592332
2024-08-29 06:00:00+00:00,884.3895925794895,1729.0,-844.6104074205105
2024-08-29 07:00:00+00:00,841.3391820170883,1520.0,-678.6608179829117
2024-08-29 08:00:00+00:00,810.0238096280855,1388.0,-577.9761903719145
2024-08-29 09:00:00+00:00,744.479280507677,1332.0,-587.520719492323
2024-08-29 10:00:00+00:00,709.2178107415998,1393.0,-683.7821892584002
2024-08-29 11:00:00+00:00,575.3719520777502,1272.0,-696.6280479222498
2024-08-29 12:00:00+00:00,422.5933784689631,992.0,-569.4066215310369
2024-08-29 13:00:00+00:00,354.7567220515973,993.0,-638.2432779484027
2024-08-29 14:00:00+00:00,242.0313471202355,810.0,-567.9686528797645
2024-08-29 15:00:00+00:00,185.51052641668173,670.0,-484.4894735833183
2024-08-29 16:00:00+00:00,167.6936269952282,653.0,-485.3063730047718
2024-08-29 17:00:00+00:00,155.69156422031224,544.0,-388.3084357796878
2024-08-29 18:00:00+00:00,145.04245955383487,433.0,-287.9575404461651
2024-08-29 19:00:00+00:00,129.0347455713504,345.0,-215.9652544286496
2024-08-29 20:00:00+00:00,104.41481241193372,285.0,-180.58518758806628
2024-08-29 21:00:00+00:00,81.2317554543546,208.0,-126.7682445456454
2024-08-29 22:00:00+00:00,90.28830546936776,176.0,-85.71169453063224
2024-08-29 23:00:00+00:00,164.65196746018538,221.0,-56.348032539814625
2024-08-30 00:00:00+00:00,211.0190777662286,240.0,-28.980922233771395
2024-08-30 01:00:00+00:00,192.44692259502852,197.0,-4.553077404971475
2024-08-30 02:00:00+00:00,183.49363227889495,177.0,6.49363227889495
2024-08-30 03:00:00+00:00,157.56128191996285,217.0,-59.43871808003715
2024-08-30 04:00:00+00:00,181.8577081014178,293.0,-111.14229189858219
2024-08-30 05:00:00+00:00,223.16903199464176,348.0,-124.83096800535824
2024-08-30 06:00:00+00:00,258.8466493979968,379.0,-120.15335060200317
2024-08-30 07:00:00+00:00,290.9492438779428,462.0,-171.05075612205718
2024-08-30 08:00:00+00:00,278.18395544047274,537.0,-258.81604455952726
2024-08-30 09:00:00+00:00,251.13084099421377,542.0,-290.86915900578623
2024-08-30 10:00:00+00:00,245.5793678177509,587.0,-341.4206321822491
2024-08-30 11:00:00+00:00,280.43591350588247,574.0,-293.56408649411753
2024-08-30 12:00:00+00:00,222.20229843247915,530.0,-307.79770156752085
2024-08-30 13:00:00+00:00,68.31814980456916,266.0,-197.68185019543085
2024-08-30 14:00:00+00:00,94.5787065401712,151.0,-56.4212934598288
2024-08-30 15:00:00+00:00,111.32386281074844,132.0,-20.676137189251563
2024-08-30 16:00:00+00:00,131.65481194399376,176.0,-44.345188056006236
2024-08-30 17:00:00+00:00,197.83451602273968,250.0,-52.16548397726032
2024-08-30 18:00:00+00:00,285.099888517889,425.0,-139.90011148211101
2024-08-30 19:00:00+00:00,400.8702191404221,620.0,-219.12978085957792
2024-08-30 20:00:00+00:00,509.3009192609966,883.0,-373.6990807390034
2024-08-30 21:00:00+00:00,522.3730542972484,996.0,-473.62694570275164
2024-08-30 22:00:00+00:00,484.9476443295775,1034.0,-549.0523556704225
2024-08-30 23:00:00+00:00,753.1375036765849,1384.0,-630.8624963234151
2024-08-31 00:00:00+00:00,1130.5664696319282,2034.0,-903.4335303680718
2024-08-31 01:00:00+00:00,1450.6352000412978,2475.0,-1024.3647999587022
2024-08-31 02:00:00+00:00,1625.869733447553,2740.0,-1114.130266552447
2024-08-31 03:00:00+00:00,1690.012185513733,2740.0,-1049.987814486267
2024-08-31 04:00:00+00:00,1679.5322341328863,2438.0,-758.4677658671137
2024-08-31 05:00:00+00:00,1639.6234621857172,2724.0,-1084.3765378142828
2024-08-31 06:00:00+00:00,1562.2184647693434,2574.0,-1011.7815352306566
2024-08-31 07:00:00+00:00,1559.430347145946,2649.0,-1089.569652854054
2024-08-31 08:00:00+00:00,1574.514343333414,2499.0,-924.485656666586
2024-08-31 09:00:00+00:00,1608.897007128914,2471.0,-862.1029928710859
2024-08-31 10:00:00+00:00,1481.0851027854094,2597.0,-1115.9148972145906
2024-08-31 11:00:00+00:00,1450.0465655015616,2510.0,-1059.9534344984384
2024-08-31 12:00:00+00:00,1370.29305187313,2378.0,-1007.70694812687
2024-08-31 13:00:00+00:00,1304.4624308403088,2216.0,-911.5375691596912
2024-08-31 14:00:00+00:00,1240.195795553146,2035.0,-794.8042044468541
2024-08-31 15:00:00+00:00,1429.2572284655844,2001.0,-571.7427715344156
2024-08-31 16:00:00+00:00,1549.8532688790683,2016.0,-466.1467311209317
2024-08-31 17:00:00+00:00,1815.4327701063644,2312.0,-496.5672298936356
2024-08-31 18:00:00+00:00,1836.403819015181,2179.0,-342.59618098481906
2024-08-31 19:00:00+00:00,1721.2569247433155,2231.0,-509.7430752566845
2024-08-31 20:00:00+00:00,1740.667304290129,2027.0,-286.3326957098709
2024-08-31 21:00:00+00:00,1556.2031197476963,2077.0,-520.7968802523037
2024-08-31 22:00:00+00:00,1230.7186072575803,1938.0,-707.2813927424197
2024-08-31 23:00:00+00:00,1236.5710925839023,1899.0,-662.4289074160977
2024-09-01 00:00:00+00:00,1198.968920034429,1731.0,-532.031079965571
2024-09-01 01:00:00+00:00,1211.2618501325617,1657.0,-445.7381498674383
2024-09-01 02:00:00+00:00,1159.6991811869675,1477.0,-317.3008188130325
2024-09-01 03:00:00+00:00,1081.4610522043486,1388.0,-306.53894779565144
2024-09-01 04:00:00+00:00,952.1830134754472,1239.0,-286.8169865245528
2024-09-01 05:00:00+00:00,872.033839681168,1232.0,-359.96616031883195
2024-09-01 06:00:00+00:00,809.9679695444269,1273.0,-463.03203045557314
2024-09-01 07:00:00+00:00,760.3440531181183,1238.0,-477.65594688188173
2024-09-01 08:00:00+00:00,720.2767629538976,1101.0,-380.72323704610244
2024-09-01 09:00:00+00:00,704.3429756708823,988.0,-283.6570243291177
2024-09-01 10:00:00+00:00,689.5150406649743,955.0,-265.4849593350257
2024-09-01 11:00:00+00:00,713.921812838956,1071.0,-357.07818716104396
2024-09-01 12:00:00+00:00,824.4349446078058,1097.0,-272.56505539219415
2024-09-01 13:00:00+00:00,907.4781206733496,1140.0,-232.52187932665038
2024-09-01 14:00:00+00:00,1033.6821789425005,1216.0,-182.3178210574995
2024-09-01 15:00:00+00:00,1006.613818341886,1579.0,-572.386181658114
2024-09-01 16:00:00+00:00,1257.2683146690242,1888.0,-630.7316853309758
2024-09-01 17:00:00+00:00,1676.1535248351402,2175.0,-498.84647516485984
2024-09-01 18:00:00+00:00,2185.65771844112,2466.0,-280.34228155888013
2024-09-01 19:00:00+00:00,2333.461546161217,2547.0,-213.53845383878297
2024-09-01 20:00:00+00:00,1839.0910277076005,2425.0,-585.9089722923995
2024-09-01 21:00:00+00:00,1542.841832356477,2258.0,-715.158167643523
2024-09-01 22:00:00+00:00,1346.0101611153868,2296.0,-949.9898388846132
2024-09-01 23:00:00+00:00,1247.751729106615,1974.0,-726.2482708933851
2024-09-02 00:00:00+00:00,1129.3296203502457,1795.0,-665.6703796497543
2024-09-02 01:00:00+00:00,1142.503297857118,2125.0,-982.496702142882
2024-09-02 02:00:00+00:00,941.8017074395924,2023.0,-1081.1982925604075
2024-09-02 03:00:00+00:00,823.9092358364657,1723.0,-899.0907641635343
2024-09-02 04:00:00+00:00,727.287485227254,1516.0,-788.712514772746
2024-09-02 05:00:00+00:00,638.6997085836208,1564.0,-925.3002914163792
2024-09-02 06:00:00+00:00,565.438606068704,1523.0,-957.561393931296
2024-09-02 07:00:00+00:00,507.61047867095925,1416.0,-908.3895213290407
2024-09-02 08:00:00+00:00,494.9723572074116,1448.0,-953.0276427925884
2024-09-02 09:00:00+00:00,508.6313656132305,1484.0,-975.3686343867695
2024-09-02 10:00:00+00:00,474.0753794309188,1504.0,-1029.924620569081
2024-09-02 11:00:00+00:00,412.9735240863412,1330.0,-917.0264759136588
2024-09-02 12:00:00+00:00,469.5502810948788,972.0,-502.4497189051212
2024-09-02 13:00:00+00:00,544.1964447706933,856.0,-311.80355522930665
2024-09-02 14:00:00+00:00,544.3953261394767,1057.0,-512.6046738605233
2024-09-02 15:00:00+00:00,563.469695586687,1221.0,-657.530304413313
2024-09-02 16:00:00+00:00,655.518578002383,1501.0,-845.481421997617
2024-09-02 17:00:00+00:00,785.5060959428654,1728.0,-942.4939040571346
2024-09-02 18:00:00+00:00,940.0056091225767,1759.0,-818.9943908774233
2024-09-02 19:00:00+00:00,1083.0875501737062,1901.0,-817.9124498262938
2024-09-02 20:00:00+00:00,1049.3453923541751,2011.0,-961.6546076458249
2024-09-02 21:00:00+00:00,939.2500575419156,1783.0,-843.7499424580844
2024-09-02 22:00:00+00:00,818.1254543379742,1820.0,-1001.8745456620258
2024-09-02 23:00:00+00:00,846.584154476337,1887.0,-1040.415845523663
2024-09-03 00:00:00+00:00,831.2828828797079,1942.0,-1110.7171171202922
2024-09-03 01:00:00+00:00,820.0902058908673,2228.0,-1407.9097941091327
2024-09-03 02:00:00+00:00,859.8670622365137,2206.0,-1346.1329377634863
2024-09-03 03:00:00+00:00,892.8785974270521,2285.0,-1392.1214025729478
2024-09-03 04:00:00+00:00,913.1713405638476,2172.0,-1258.8286594361525
2024-09-03 05:00:00+00:00,920.3284787196668,2093.0,-1172.6715212803333
2024-09-03 06:00:00+00:00,937.1810311898956,2123.0,-1185.8189688101043
2024-09-03 07:00:00+00:00,976.4441799552544,2223.0,-1246.5558200447456
2024-09-03 08:00:00+00:00,1005.3116052573574,2232.0,-1226.6883947426427
2024-09-03 09:00:00+00:00,981.0909161987051,2294.0,-1312.9090838012949
2024-09-03 10:00:00+00:00,1046.7869170337792,2306.0,-1259.2130829662208
2024-09-03 11:00:00+00:00,939.3706707479432,2393.0,-1453.6293292520568
2024-09-03 12:00:00+00:00,964.1639667925645,2182.0,-1217.8360332074355
2024-09-03 13:00:00+00:00,1285.0333513005762,2174.0,-888.9666486994238
2024-09-03 14:00:00+00:00,1310.9599216161507,2257.0,-946.0400783838493
2024-09-03 15:00:00+00:00,1269.0954334293629,2327.0,-1057.9045665706371
2024-09-03 16:00:00+00:00,1528.7904177828314,1876.0,-347.20958221716865
2024-09-03 17:00:00+00:00,2197.092893031855,2314.0,-116.90710696814494
2024-09-03 18:00:00+00:00,2164.393141875708,2275.0,-110.6068581242921
2024-09-03 19:00:00+00:00,2020.9873073576107,2342.0,-321.0126926423893
2024-09-03 20:00:00+00:00,1777.912571594267,1839.0,-61.08742840573291
2024-09-03 21:00:00+00:00,1242.885241289351,2061.0,-818.1147587106491
2024-09-03 22:00:00+00:00,1070.9034414648163,1853.0,-782.0965585351837
2024-09-03 23:00:00+00:00,814.3788497400193,1952.0,-1137.6211502599808
2024-09-04 00:00:00+00:00,751.0843039550814,2016.0,-1264.9156960449186
2024-09-04 01:00:00+00:00,807.5075912083781,1967.0,-1159.492408791622
2024-09-04 02:00:00+00:00,861.846271715893,1923.0,-1061.153728284107
2024-09-04 03:00:00+00:00,870.2946273206754,1872.0,-1001.7053726793246
2024-09-04 04:00:00+00:00,837.6905598520191,1806.0,-968.3094401479809
2024-09-04 05:00:00+00:00,804.7945012167073,1822.0,-1017.2054987832927
2024-09-04 06:00:00+00:00,730.4995153683551,1604.0,-873.5004846316449
2024-09-04 07:00:00+00:00,637.9508322054025,1397.0,-759.0491677945975
2024-09-04 08:00:00+00:00,561.8549483290983,1483.0,-921.1450516709017
2024-09-04 09:00:00+00:00,515.2273668966833,1443.0,-927.7726331033167
2024-09-04 10:00:00+00:00,467.4298661473409,1402.0,-934.5701338526592
2024-09-04 11:00:00+00:00,371.2698014239492,1124.0,-752.7301985760507
2024-09-04 12:00:00+00:00,196.68752845415432,769.0,-572.3124715458457
2024-09-04 13:00:00+00:00,123.8210192621635,554.0,-430.17898073783647
2024-09-04 14:00:00+00:00,137.76147648731146,368.0,-230.23852351268854
2024-09-04 15:00:00+00:00,160.83667005891022,584.0,-423.1633299410898
2024-09-04 16:00:00+00:00,241.9360783066448,1032.0,-790.0639216933553
2024-09-04 17:00:00+00:00,353.57449759541873,1032.0,-678.4255024045813
2024-09-04 18:00:00+00:00,427.7728686855406,940.0,-512.2271313144595
2024-09-04 19:00:00+00:00,453.94331431980766,875.0,-421.05668568019234
2024-09-04 20:00:00+00:00,471.89960920018535,957.0,-485.10039079981465
2024-09-04 21:00:00+00:00,478.6891769052101,888.0,-409.3108230947899
2024-09-04 22:00:00+00:00,540.9007772127206,1084.0,-543.0992227872794
2024-09-04 23:00:00+00:00,807.4808037374214,1574.0,-766.5191962625786
2024-09-05 00:00:00+00:00,986.01653077622,2002.0,-1015.98346922378
2024-09-05 01:00:00+00:00,1030.9866391862936,2308.0,-1277.0133608137064
2024-09-05 02:00:00+00:00,1068.1532899216863,2472.0,-1403.8467100783137
2024-09-05 03:00:00+00:00,1065.106810712427,2555.0,-1489.893189287573
2024-09-05 04:00:00+00:00,1050.78023833954,2490.0,-1439.21976166046
2024-09-05 05:00:00+00:00,990.8506943278912,2379.0,-1388.1493056721088
2024-09-05 06:00:00+00:00,976.89644199489,2329.0,-1352.10355800511
2024-09-05 07:00:00+00:00,1021.0492832367902,2244.0,-1222.9507167632098
2024-09-05 08:00:00+00:00,1026.452032175512,2183.0,-1156.547967824488
2024-09-05 09:00:00+00:00,1011.5498932698106,2130.0,-1118.4501067301894
2024-09-05 10:00:00+00:00,1037.8960963119769,2199.0,-1161.1039036880231
2024-09-05 11:00:00+00:00,990.8189470831772,2123.0,-1132.1810529168229
2024-09-05 12:00:00+00:00,813.2582575304588,1795.0,-981.7417424695412
2024-09-05 13:00:00+00:00,581.4278279028475,1293.0,-711.5721720971525
2024-09-05 14:00:00+00:00,619.5583763638111,1077.0,-457.44162363618887
2024-09-05 15:00:00+00:00,627.740472092166,958.0,-330.259527907834
2024-09-05 16:00:00+00:00,599.4857273159826,923.0,-323.51427268401744
2024-09-05 17:00:00+00:00,593.3810136907287,889.0,-295.61898630927135
2024-09-05 18:00:00+00:00,624.2622569943593,957.0,-332.7377430056407
2024-09-05 19:00:00+00:00,654.8041689887267,946.0,-291.1958310112733
2024-09-05 20:00:00+00:00,702.646680032105,879.0,-176.353319967895
2024-09-05 21:00:00+00:00,633.8735910820715,877.0,-243.12640891792853
2024-09-05 22:00:00+00:00,660.6935834904774,1051.0,-390.3064165095226
2024-09-05 23:00:00+00:00,719.5273039303001,1291.0,-571.4726960696999
2024-09-06 00:00:00+00:00,758.497225050818,1609.0,-850.502774949182
2024-09-06 01:00:00+00:00,823.4846107538627,1809.0,-985.5153892461373
2024-09-06 02:00:00+00:00,913.8976742008098,1961.0,-1047.10232579919
2024-09-06 03:00:00+00:00,1058.5508066917246,1891.0,-832.4491933082754
2024-09-06 04:00:00+00:00,1177.2761072914027,2033.0,-855.7238927085973
2024-09-06 05:00:00+00:00,1137.658421788597,1903.0,-765.341578211403
2024-09-06 06:00:00+00:00,995.3837605893438,1721.0,-725.6162394106562
2024-09-06 07:00:00+00:00,946.2692329998414,1537.0,-590.7307670001586
2024-09-06 08:00:00+00:00,928.9613905866258,1462.0,-533.0386094133742
2024-09-06 09:00:00+00:00,831.2565158015503,1329.0,-497.74348419844966
2024-09-06 10:00:00+00:00,800.2955984212797,1325.0,-524.7044015787203
2024-09-06 11:00:00+00:00,742.1166714177439,1301.0,-558.8833285822561
2024-09-06 12:00:00+00:00,531.1782262921255,897.0,-365.8217737078745
2024-09-06 13:00:00+00:00,355.7734939453667,645.0,-289.2265060546333
2024-09-06 14:00:00+00:00,355.57353916734525,639.0,-283.42646083265475
2024-09-06 15:00:00+00:00,401.1805060829152,802.0,-400.8194939170848
2024-09-06 16:00:00+00:00,476.6006227607948,997.0,-520.3993772392053
2024-09-06 17:00:00+00:00,554.8730665840636,1123.0,-568.1269334159364
2024-09-06 18:00:00+00:00,572.6546964528385,1223.0,-650.3453035471615
2024-09-06 19:00:00+00:00,664.0030479381016,1313.0,-648.9969520618984
2024-09-06 20:00:00+00:00,832.4483530832213,1550.0,-717.5516469167787
2024-09-06 21:00:00+00:00,743.329319594372,1532.0,-788.670680405628
2024-09-06 22:00:00+00:00,501.5385090872711,1423.0,-921.4614909127289
2024-09-06 23:00:00+00:00,690.9364846035309,1563.0,-872.0635153964691
2024-09-07 00:00:00+00:00,944.1783201972432,1994.0,-1049.8216798027568
2024-09-07 01:00:00+00:00,1073.127060187756,2142.0,-1068.872939812244
2024-09-07 02:00:00+00:00,1015.0103004032734,2136.0,-1120.9896995967265
2024-09-07 03:00:00+00:00,959.7813791175678,2006.0,-1046.2186208824323
2024-09-07 04:00:00+00:00,899.7426390740959,1809.0,-909.2573609259041
2024-09-07 05:00:00+00:00,847.5341511278781,1607.0,-759.4658488721219
2024-09-07 06:00:00+00:00,700.3877828328995,1275.0,-574.6122171671005
2024-09-07 07:00:00+00:00,621.955831296026,1131.0,-509.04416870397404
2024-09-07 08:00:00+00:00,631.4934587223503,1066.0,-434.5065412776497
2024-09-07 09:00:00+00:00,683.7770346470505,1158.0,-474.2229653529495
2024-09-07 10:00:00+00:00,650.9572178944161,1221.0,-570.0427821055839
2024-09-07 11:00:00+00:00,626.0005235554167,1203.0,-576.9994764445833
2024-09-07 12:00:00+00:00,488.3225959807842,1240.0,-751.6774040192158
2024-09-07 13:00:00+00:00,494.4784746170075,1180.0,-685.5215253829924
2024-09-07 14:00:00+00:00,650.5572173258482,1350.0,-699.4427826741518
2024-09-07 15:00:00+00:00,878.796592568693,1370.0,-491.203407431307
2024-09-07 16:00:00+00:00,844.4542003708152,1289.0,-444.5457996291848
2024-09-07 17:00:00+00:00,914.4947515004026,1257.0,-342.5052484995974
2024-09-07 18:00:00+00:00,1039.6140971703517,1399.0,-359.38590282964833
2024-09-07 19:00:00+00:00,1076.9549556632624,1763.0,-686.0450443367376
2024-09-07 20:00:00+00:00,1081.646382349027,1768.0,-686.3536176509731
2024-09-07 21:00:00+00:00,1111.9213250747398,1914.0,-802.0786749252602
2024-09-07 22:00:00+00:00,778.8310684478262,1996.0,-1217.168931552174
2024-09-07 23:00:00+00:00,980.2674875182088,1924.0,-943.7325124817912
2024-09-08 00:00:00+00:00,1162.0841840812204,1739.0,-576.9158159187796
2024-09-08 01:00:00+00:00,933.4590362919436,1574.0,-640.5409637080564
2024-09-08 02:00:00+00:00,667.0820275966402,1470.0,-802.9179724033598
2024-09-08 03:00:00+00:00,591.8632198642879,1490.0,-898.1367801357121
2024-09-08 04:00:00+00:00,590.083716970954,1262.0,-671.916283029046
2024-09-08 05:00:00+00:00,434.5287387666542,1055.0,-620.4712612333458
2024-09-08 06:00:00+00:00,603.0106485076346,1128.0,-524.9893514923654
2024-09-08 07:00:00+00:00,596.6928497910199,1059.0,-462.30715020898015
2024-09-08 08:00:00+00:00,622.570646848644,998.0,-375.42935315135605
2024-09-08 09:00:00+00:00,773.8988473394166,871.0,-97.10115266058335
2024-09-08 10:00:00+00:00,915.1236209282132,1013.0,-97.8763790717868
2024-09-08 11:00:00+00:00,1053.364766438989,1329.0,-275.6352335610111
2024-09-08 12:00:00+00:00,1226.491491484196,1554.0,-327.5085085158039
2024-09-08 13:00:00+00:00,1131.8761090945914,1911.0,-779.1238909054086
2024-09-08 14:00:00+00:00,1253.3390324841737,1818.0,-564.6609675158263
2024-09-08 15:00:00+00:00,1437.5861270264593,1663.0,-225.41387297354072
2024-09-08 16:00:00+00:00,1509.4826484382352,1656.0,-146.51735156176483
2024-09-08 17:00:00+00:00,1691.2352757308563,1769.0,-77.7647242691437
2024-09-08 18:00:00+00:00,1698.3032479461938,1865.0,-166.69675205380622
2024-09-08 19:00:00+00:00,1532.9981181014423,1967.0,-434.0018818985577
2024-09-08 20:00:00+00:00,1474.597114216771,1874.0,-399.40288578322907
2024-09-08 21:00:00+00:00,1374.8613983836694,1716.0,-341.13860161633056
2024-09-08 22:00:00+00:00,1141.4048963023447,1694.0,-552.5951036976553
2024-09-08 23:00:00+00:00,1471.0715878608987,1729.0,-257.9284121391013
2024-09-09 00:00:00+00:00,1534.5669244088483,1918.0,-383.4330755911517
2024-09-09 01:00:00+00:00,1527.5365338776835,2062.0,-534.4634661223165
2024-09-09 02:00:00+00:00,1588.4301142449608,2344.0,-755.5698857550392
2024-09-09 03:00:00+00:00,1807.208752334004,2346.0,-538.791247665996
2024-09-09 04:00:00+00:00,1810.3065194330184,2380.0,-569.6934805669816
2024-09-09 05:00:00+00:00,1842.4400462071787,2446.0,-603.5599537928213
2024-09-09 06:00:00+00:00,1821.1912976402537,2218.0,-396.80870235974635
2024-09-09 07:00:00+00:00,1657.8633057300028,2032.0,-374.1366942699972
2024-09-09 08:00:00+00:00,1605.3159006283115,1983.0,-377.6840993716885
2024-09-09 09:00:00+00:00,1555.548731911064,1994.0,-438.4512680889361
2024-09-09 10:00:00+00:00,1263.4003795242445,2050.0,-786.5996204757555
2024-09-09 11:00:00+00:00,1328.2024673558312,2111.0,-782.7975326441688
2024-09-09 12:00:00+00:00,1384.4495876918825,2094.0,-709.5504123081175
2024-09-09 13:00:00+00:00,1312.7111646723868,2003.0,-690.2888353276132
2024-09-09 14:00:00+00:00,1309.4192293093906,1972.0,-662.5807706906094
2024-09-09 15:00:00+00:00,1230.2906768761031,1827.0,-596.7093231238969
2024-09-09 16:00:00+00:00,1145.9368055510172,1647.0,-501.0631944489828
2024-09-09 17:00:00+00:00,1135.054420878518,1456.0,-320.94557912148207
2024-09-09 18:00:00+00:00,1053.286649451047,1443.0,-389.71335054895303
2024-09-09 19:00:00+00:00,973.145074464966,1496.0,-522.854925535034
2024-09-09 20:00:00+00:00,828.5789773824381,1533.0,-704.4210226175619
2024-09-09 21:00:00+00:00,714.2419505680579,1416.0,-701.7580494319421
2024-09-09 22:00:00+00:00,394.7841938539814,1469.0,-1074.2158061460186
2024-09-09 23:00:00+00:00,468.1464001806993,1329.0,-860.8535998193007
2024-09-10 00:00:00+00:00,569.0203064699708,1660.0,-1090.9796935300292
2024-09-10 01:00:00+00:00,600.0699437091105,1713.0,-1112.9300562908895
2024-09-10 02:00:00+00:00,588.0102696268715,1359.0,-770.9897303731285
2024-09-10 03:00:00+00:00,574.1460449160243,1427.0,-852.8539550839757
2024-09-10 04:00:00+00:00,525.8516816523062,1475.0,-949.1483183476938
2024-09-10 05:00:00+00:00,472.9954308439712,1304.0,-831.0045691560288
2024-09-10 06:00:00+00:00,449.30812159440944,1284.0,-834.6918784055906
2024-09-10 07:00:00+00:00,452.7599871025599,1172.0,-719.2400128974401
2024-09-10 08:00:00+00:00,481.1350608070816,1217.0,-735.8649391929184
2024-09-10 09:00:00+00:00,481.67919743790543,1129.0,-647.3208025620945
2024-09-10 10:00:00+00:00,494.49346236013855,1039.0,-544.5065376398614
2024-09-10 11:00:00+00:00,502.524627347833,1092.0,-589.4753726521669
2024-09-10 12:00:00+00:00,549.2540816008564,881.0,-331.74591839914365
2024-09-10 13:00:00+00:00,560.4139308488535,803.0,-242.5860691511465
2024-09-10 14:00:00+00:00,555.4618954593532,854.0,-298.5381045406468
2024-09-10 15:00:00+00:00,535.5009757075225,782.0,-246.49902429247754
2024-09-10 16:00:00+00:00,547.7882331577104,773.0,-225.21176684228965
2024-09-10 17:00:00+00:00,553.1206242796765,793.0,-239.87937572032354
2024-09-10 18:00:00+00:00,568.2789239336133,917.0,-348.7210760663867
2024-09-10 19:00:00+00:00,608.1953646841814,952.0,-343.8046353158186
2024-09-10 20:00:00+00:00,566.8748254272433,960.0,-393.1251745727567
2024-09-10 21:00:00+00:00,472.2057010700501,963.0,-490.7942989299499
2024-09-10 22:00:00+00:00,351.4910636151533,943.0,-591.5089363848467
2024-09-10 23:00:00+00:00,419.9613257392907,910.0,-490.0386742607093
2024-09-11 00:00:00+00:00,504.4940131163019,1099.0,-594.5059868836981
2024-09-11 01:00:00+00:00,507.8451657552194,849.0,-341.1548342447806
2024-09-11 02:00:00+00:00,451.45160170742673,716.0,-264.54839829257327
2024-09-11 03:00:00+00:00,416.46994955117856,718.0,-301.53005044882144
2024-09-11 04:00:00+00:00,380.2718845025676,777.0,-396.7281154974324
2024-09-11 05:00:00+00:00,366.9870676397235,724.0,-357.0129323602765
2024-09-11 06:00:00+00:00,389.8579338873164,693.0,-303.1420661126836
2024-09-11 07:00:00+00:00,411.5019702017526,712.0,-300.4980297982474
2024-09-11 08:00:00+00:00,442.30373431342775,786.0,-343.69626568657225
2024-09-11 09:00:00+00:00,457.7172513917705,775.0,-317.2827486082295
2024-09-11 10:00:00+00:00,464.99926022703806,940.0,-475.00073977296194
2024-09-11 11:00:00+00:00,407.8755255497475,1081.0,-673.1244744502525
2024-09-11 12:00:00+00:00,251.82094220929935,750.0,-498.17905779070065
2024-09-11 13:00:00+00:00,156.5402131207972,487.0,-330.4597868792028
2024-09-11 14:00:00+00:00,186.549103282539,324.0,-137.450896717461
2024-09-11 15:00:00+00:00,192.98633881558615,352.0,-159.01366118441385
2024-09-11 16:00:00+00:00,188.4646912045108,410.0,-221.5353087954892
2024-09-11 17:00:00+00:00,189.95161408604253,477.0,-287.0483859139575
2024-09-11 18:00:00+00:00,233.1734561565592,504.0,-270.8265438434408
2024-09-11 19:00:00+00:00,227.02810870926015,480.0,-252.97189129073985
2024-09-11 20:00:00+00:00,194.852424221337,481.0,-286.147575778663
2024-09-11 21:00:00+00:00,146.77339976376223,373.0,-226.22660023623777
2024-09-11 22:00:00+00:00,178.48193416477076,353.0,-174.51806583522924
2024-09-11 23:00:00+00:00,230.06983894666925,524.0,-293.9301610533307
2024-09-12 00:00:00+00:00,259.4522392567891,688.0,-428.5477607432109
2024-09-12 01:00:00+00:00,289.5613627736814,766.0,-476.4386372263186
2024-09-12 02:00:00+00:00,285.2036411273611,824.0,-538.7963588726388
2024-09-12 03:00:00+00:00,251.6067405495799,730.0,-478.3932594504201
2024-09-12 04:00:00+00:00,220.09154265702227,748.0,-527.9084573429777
2024-09-12 05:00:00+00:00,198.3739245149008,751.0,-552.6260754850991
2024-09-12 06:00:00+00:00,175.63637333397605,741.0,-565.363626666024
2024-09-12 07:00:00+00:00,166.17686524895797,735.0,-568.8231347510421
2024-09-12 08:00:00+00:00,157.36711857114176,567.0,-409.63288142885824
2024-09-12 09:00:00+00:00,140.7525497494563,485.0,-344.2474502505437
2024-09-12 10:00:00+00:00,108.07014449051036,406.0,-297.92985550948964
2024-09-12 11:00:00+00:00,111.57051416608236,398.0,-286.4294858339176
2024-09-12 12:00:00+00:00,87.099537465705,363.0,-275.900462534295
2024-09-12 13:00:00+00:00,44.35617186847412,294.0,-249.64382813152588
2024-09-12 14:00:00+00:00,14.364572266333,234.0,-219.635427733667
2024-09-12 15:00:00+00:00,12.767274667998084,165.0,-152.2327253320019
2024-09-12 16:00:00+00:00,26.72853398252749,160.0,-133.2714660174725
2024-09-12 17:00:00+00:00,46.16808809151377,158.0,-111.83191190848623
2024-09-12 18:00:00+00:00,60.922188902199565,166.0,-105.07781109780043
2024-09-12 19:00:00+00:00,88.73893761180042,163.0,-74.26106238819958
2024-09-12 20:00:00+00:00,70.22429412306265,175.0,-104.77570587693735
2024-09-12 21:00:00+00:00,51.96672056222254,216.0,-164.03327943777745
2024-09-12 22:00:00+00:00,137.94043109317826,204.0,-66.05956890682174
2024-09-12 23:00:00+00:00,211.56391673407725,305.0,-93.43608326592275
2024-09-13 00:00:00+00:00,253.62386790292007,499.0,-245.37613209707993
2024-09-13 01:00:00+00:00,298.1666687289063,658.0,-359.8333312710937
2024-09-13 02:00:00+00:00,289.4141607025403,754.0,-464.5858392974597
2024-09-13 03:00:00+00:00,286.200348217224,803.0,-516.799651782776
2024-09-13 04:00:00+00:00,260.37343015052204,780.0,-519.626569849478
2024-09-13 05:00:00+00:00,231.3495934306229,768.0,-536.6504065693771
2024-09-13 06:00:00+00:00,211.7800171201098,700.0,-488.2199828798902
2024-09-13 07:00:00+00:00,167.35008581221993,620.0,-452.64991418778004
2024-09-13 08:00:00+00:00,154.87379529268972,589.0,-434.1262047073103
2024-09-13 09:00:00+00:00,165.28814443576294,651.0,-485.71185556423706
2024-09-13 10:00:00+00:00,126.98107235565506,625.0,-498.01892764434496
2024-09-13 11:00:00+00:00,127.19641804954988,555.0,-427.8035819504501
2024-09-13 12:00:00+00:00,79.33275825591865,540.0,-460.66724174408137
2024-09-13 13:00:00+00:00,30.85549654896639,397.0,-366.1445034510336
2024-09-13 14:00:00+00:00,41.48747829899075,311.0,-269.51252170100923
2024-09-13 15:00:00+00:00,64.06489506177468,455.0,-390.9351049382253
2024-09-13 16:00:00+00:00,137.62516533730985,413.0,-275.37483466269015
2024-09-13 17:00:00+00:00,177.33195047293324,460.0,-282.6680495270667
2024-09-13 18:00:00+00:00,211.5743940087958,543.0,-331.4256059912042
2024-09-13 19:00:00+00:00,223.6677387696723,585.0,-361.33226123032773
2024-09-13 20:00:00+00:00,211.31785018152613,598.0,-386.6821498184739
2024-09-13 21:00:00+00:00,219.75900811339469,571.0,-351.24099188660534
2024-09-13 22:00:00+00:00,343.3275139546602,522.0,-178.67248604533978
2024-09-13 23:00:00+00:00,454.4530435491002,648.0,-193.5469564508998
2024-09-14 00:00:00+00:00,488.31267480690656,833.0,-344.68732519309344
2024-09-14 01:00:00+00:00,497.8965632524348,887.0,-389.1034367475652
2024-09-14 02:00:00+00:00,474.11113233326034,873.0,-398.88886766673966
2024-09-14 03:00:00+00:00,423.6216956839846,752.0,-328.3783043160154
2024-09-14 04:00:00+00:00,347.4137148575451,593.0,-245.58628514245493
2024-09-14 05:00:00+00:00,284.44447251886,450.0,-165.55552748114002
2024-09-14 06:00:00+00:00,240.57748295675304,357.0,-116.42251704324696
2024-09-14 07:00:00+00:00,239.5506695696774,330.0,-90.44933043032259
2024-09-14 08:00:00+00:00,210.58651891541265,284.0,-73.41348108458735
2024-09-14 09:00:00+00:00,222.36742216829455,249.0,-26.632577831705447
2024-09-14 10:00:00+00:00,165.58872655201287,231.0,-65.41127344798713
2024-09-14 11:00:00+00:00,118.77921070629677,271.0,-152.22078929370323
2024-09-14 12:00:00+00:00,48.08725928975173,243.0,-194.91274071024827
2024-09-14 13:00:00+00:00,26.721603597857065,151.0,-124.27839640214293
2024-09-14 14:00:00+00:00,22.17135634772277,95.0,-72.82864365227724
2024-09-14 15:00:00+00:00,22.24804147806912,107.0,-84.75195852193087
2024-09-14 16:00:00+00:00,24.978689543988203,107.0,-82.0213104560118
2024-09-14 17:00:00+00:00,25.90173889983742,132.0,-106.09826110016257
2024-09-14 18:00:00+00:00,28.432658142233954,131.0,-102.56734185776605
2024-09-14 19:00:00+00:00,24.116719889997807,147.0,-122.88328011000219
2024-09-14 20:00:00+00:00,25.29151113388041,93.0,-67.7084888661196
2024-09-14 21:00:00+00:00,19.27607421574943,160.0,-140.72392578425058
2024-09-14 22:00:00+00:00,44.45144388717044,199.0,-154.54855611282954
2024-09-14 23:00:00+00:00,84.47485591952723,247.0,-162.52514408047278
2024-09-15 00:00:00+00:00,132.41405053811658,250.0,-117.58594946188342
2024-09-15 01:00:00+00:00,122.11658123764242,290.0,-167.88341876235756
2024-09-15 02:00:00+00:00,76.62804066470972,378.0,-301.3719593352903
2024-09-15 03:00:00+00:00,69.28848089928027,450.0,-380.7115191007197
2024-09-15 04:00:00+00:00,79.56279209618566,488.0,-408.43720790381434
2024-09-15 05:00:00+00:00,88.11765767045225,456.0,-367.8823423295478
2024-09-15 06:00:00+00:00,102.80174033160051,484.0,-381.1982596683995
2024-09-15 07:00:00+00:00,103.62817503420152,507.0,-403.3718249657985
2024-09-15 08:00:00+00:00,101.50584106056884,621.0,-519.4941589394311
2024-09-15 09:00:00+00:00,95.8207239442522,658.0,-562.1792760557478
2024-09-15 10:00:00+00:00,106.09201688499029,535.0,-428.9079831150097
2024-09-15 11:00:00+00:00,87.59509042337504,471.0,-383.40490957662496
2024-09-15 12:00:00+00:00,63.096906176022536,348.0,-284.9030938239775
2024-09-15 13:00:00+00:00,21.22799252679261,181.0,-159.7720074732074
2024-09-15 14:00:00+00:00,13.630401692132256,70.0,-56.36959830786775
2024-09-15 15:00:00+00:00,20.052785456299837,60.0,-39.94721454370016
2024-09-15 16:00:00+00:00,32.996990688101995,105.0,-72.00300931189801
2024-09-15 17:00:00+00:00,62.7875850060867,151.0,-88.2124149939133
2024-09-15 18:00:00+00:00,83.49393394869074,220.0,-136.50606605130926
2024-09-15 19:00:00+00:00,94.33373350452308,289.0,-194.66626649547692
2024-09-15 20:00:00+00:00,103.79925711093108,319.0,-215.20074288906892
2024-09-15 21:00:00+00:00,132.71513025347838,352.0,-219.28486974652162
2024-09-15 22:00:00+00:00,314.57379081529336,494.0,-179.42620918470664
2024-09-15 23:00:00+00:00,497.7147107042004,823.0,-325.2852892957996
2024-09-16 00:00:00+00:00,680.9916107124,1095.0,-414.00838928760004
2024-09-16 01:00:00+00:00,820.1359972602787,1307.0,-486.8640027397213
2024-09-16 02:00:00+00:00,883.1682930720768,1484.0,-600.8317069279232
2024-09-16 03:00:00+00:00,891.4316755843536,1686.0,-794.5683244156464
2024-09-16 04:00:00+00:00,868.6362635963425,1726.0,-857.3637364036575
2024-09-16 05:00:00+00:00,823.0984829256878,1712.0,-888.9015170743122
2024-09-16 06:00:00+00:00,809.5350756876779,1747.0,-937.4649243123221
2024-09-16 07:00:00+00:00,796.8108652225842,1802.0,-1005.1891347774158
2024-09-16 08:00:00+00:00,819.2121343029519,1791.0,-971.7878656970481
2024-09-16 09:00:00+00:00,853.5402623441507,1926.0,-1072.4597376558493
2024-09-16 10:00:00+00:00,879.3312810223895,1948.0,-1068.6687189776105
2024-09-16 11:00:00+00:00,859.4718609780925,1979.0,-1119.5281390219075
2024-09-16 12:00:00+00:00,787.806304117302,1838.0,-1050.193695882698
2024-09-16 13:00:00+00:00,509.3134788220725,1409.0,-899.6865211779275
2024-09-16 14:00:00+00:00,545.0393251252042,1376.0,-830.9606748747958
2024-09-16 15:00:00+00:00,688.1349370539485,1614.0,-925.8650629460515
2024-09-16 16:00:00+00:00,869.6231314021782,1762.0,-892.3768685978218
2024-09-16 17:00:00+00:00,987.9822875210996,1853.0,-865.0177124789004
2024-09-16 18:00:00+00:00,1082.592523217396,2007.0,-924.4074767826039
2024-09-16 19:00:00+00:00,1213.3395617629872,2160.0,-946.6604382370128
2024-09-16 20:00:00+00:00,1160.7561861022327,2156.0,-995.2438138977673
2024-09-16 21:00:00+00:00,1206.2622769180086,2040.0,-833.7377230819914
2024-09-16 22:00:00+00:00,1266.6301262507718,1988.0,-721.3698737492282
2024-09-16 23:00:00+00:00,1422.1991213072567,2144.0,-721.8008786927433
2024-09-17 00:00:00+00:00,1478.6774267072535,2237.0,-758.3225732927465
2024-09-17 01:00:00+00:00,1431.168427060388,2268.0,-836.831572939612
2024-09-17 02:00:00+00:00,1298.8318298253382,2290.0,-991.1681701746618
2024-09-17 03:00:00+00:00,1184.953168457602,2321.0,-1136.046831542398
2024-09-17 04:00:00+00:00,1116.1923626217206,2344.0,-1227.8076373782794
2024-09-17 05:00:00+00:00,1036.921670519553,2322.0,-1285.078329480447
2024-09-17 06:00:00+00:00,992.0324580184856,2195.0,-1202.9675419815144
2024-09-17 07:00:00+00:00,917.311289824728,2199.0,-1281.688710175272
2024-09-17 08:00:00+00:00,880.2308077208514,2085.0,-1204.7691922791487
2024-09-17 09:00:00+00:00,870.0417889314185,2038.0,-1167.9582110685815
2024-09-17 10:00:00+00:00,878.2659959734915,2028.0,-1149.7340040265085
2024-09-17 11:00:00+00:00,812.5284579338107,1922.0,-1109.4715420661892
2024-09-17 12:00:00+00:00,689.746041803406,1689.0,-999.253958196594
2024-09-17 13:00:00+00:00,435.8566920904776,1386.0,-950.1433079095224
2024-09-17 14:00:00+00:00,458.4970053392479,1379.0,-920.5029946607522
2024-09-17 15:00:00+00:00,523.8025749226417,1360.0,-836.1974250773583
2024-09-17 16:00:00+00:00,588.0029646133121,1383.0,-794.9970353866879
2024-09-17 17:00:00+00:00,611.7455565392619,1456.0,-844.2544434607381
2024-09-17 18:00:00+00:00,577.7951044323045,1338.0,-760.2048955676955
2024-09-17 19:00:00+00:00,598.6675001038519,1131.0,-532.3324998961481
2024-09-17 20:00:00+00:00,583.9339593905013,1147.0,-563.0660406094987
2024-09-17 21:00:00+00:00,494.80653249249775,987.0,-492.19346750750225
2024-09-17 22:00:00+00:00,648.1466557635497,878.0,-229.8533442364503
2024-09-17 23:00:00+00:00,697.3065428645714,1117.0,-419.6934571354286
2024-09-18 00:00:00+00:00,663.275785763312,1218.0,-554.724214236688
2024-09-18 01:00:00+00:00,621.164519321587,1299.0,-677.835480678413
2024-09-18 02:00:00+00:00,593.9402771654336,1248.0,-654.0597228345664
2024-09-18 03:00:00+00:00,510.56001574490193,1082.0,-571.4399842550981
2024-09-18 04:00:00+00:00,459.8288676514542,1151.0,-691.1711323485458
2024-09-18 05:00:00+00:00,380.6874767002541,1003.0,-622.3125232997459
2024-09-18 06:00:00+00:00,292.189235772026,816.0,-523.810764227974
2024-09-18 07:00:00+00:00,218.76023545315863,592.0,-373.23976454684134
2024-09-18 08:00:00+00:00,178.85979051931375,475.0,-296.1402094806863
2024-09-18 09:00:00+00:00,155.83249936298407,427.0,-271.1675006370159
2024-09-18 10:00:00+00:00,152.49910472124313,374.0,-221.50089527875687
2024-09-18 11:00:00+00:00,113.31713062240216,443.0,-329.68286937759785
2024-09-18 12:00:00+00:00,63.93009839978452,325.0,-261.0699016002155
2024-09-18 13:00:00+00:00,14.723439096332216,202.0,-187.2765609036678
2024-09-18 14:00:00+00:00,20.017374854176506,149.0,-128.9826251458235
2024-09-18 15:00:00+00:00,47.61978308907303,213.0,-165.38021691092698
2024-09-18 16:00:00+00:00,86.06710097760964,342.0,-255.93289902239036
2024-09-18 17:00:00+00:00,143.7147978940857,439.0,-295.2852021059143
2024-09-18 18:00:00+00:00,200.6380399759536,400.0,-199.3619600240464
2024-09-18 19:00:00+00:00,203.47299046625804,401.0,-197.52700953374196
2024-09-18 20:00:00+00:00,171.378217570135,448.0,-276.621782429865
2024-09-18 21:00:00+00:00,158.65717755275045,424.0,-265.34282244724955
2024-09-18 22:00:00+00:00,312.6870181642164,512.0,-199.3129818357836
2024-09-18 23:00:00+00:00,304.074981524986,713.0,-408.925018475014
2024-09-19 00:00:00+00:00,300.86631803816204,989.0,-688.133681961838
2024-09-19 01:00:00+00:00,299.90996966664545,952.0,-652.0900303333545
2024-09-19 02:00:00+00:00,300.46957546171154,907.0,-606.5304245382885
2024-09-19 03:00:00+00:00,281.502253219742,710.0,-428.497746780258
2024-09-19 04:00:00+00:00,257.592873982128,695.0,-437.407126017872
2024-09-19 05:00:00+00:00,194.9400992117697,574.0,-379.05990078823027
2024-09-19 06:00:00+00:00,150.12228401870232,421.0,-270.8777159812977
2024-09-19 07:00:00+00:00,127.23261725153247,321.0,-193.76738274846753
2024-09-19 08:00:00+00:00,107.01787256723073,280.0,-172.9821274327693
2024-09-19 09:00:00+00:00,78.99984103761906,295.0,-216.00015896238094
2024-09-19 10:00:00+00:00,96.48095372544095,230.0,-133.51904627455906
2024-09-19 11:00:00+00:00,124.15365137233728,297.0,-172.84634862766273
2024-09-19 12:00:00+00:00,120.64735568656562,226.0,-105.35264431343438
2024-09-19 13:00:00+00:00,105.54261207183671,189.0,-83.45738792816329
2024-09-19 14:00:00+00:00,118.52109393133544,113.0,5.521093931335443
2024-09-19 15:00:00+00:00,137.5018830339558,94.0,43.50188303395581
2024-09-19 16:00:00+00:00,164.72407730200925,112.0,52.72407730200925
2024-09-19 17:00:00+00:00,160.12089335735226,184.0,-23.87910664264774
2024-09-19 18:00:00+00:00,217.42920192665147,181.0,36.42920192665147
2024-09-19 19:00:00+00:00,257.733402931265,235.0,22.733402931265005
2024-09-19 20:00:00+00:00,267.47502572341745,260.0,7.4750257234174455
2024-09-19 21:00:00+00:00,262.17499381820807,249.0,13.174993818208065
2024-09-19 22:00:00+00:00,334.4773325363087,295.0,39.47733253630872
2024-09-19 23:00:00+00:00,454.1837448511628,549.0,-94.81625514883717
2024-09-20 00:00:00+00:00,514.9305706275451,725.0,-210.06942937245492
2024-09-20 01:00:00+00:00,514.8210175632597,805.0,-290.1789824367403
2024-09-20 02:00:00+00:00,520.3367073276405,822.0,-301.6632926723595
2024-09-20 03:00:00+00:00,513.4522272057351,772.0,-258.5477727942649
2024-09-20 04:00:00+00:00,445.59704827200136,826.0,-380.40295172799864
2024-09-20 05:00:00+00:00,384.1525374050334,782.0,-397.8474625949666
2024-09-20 06:00:00+00:00,344.43154331121843,755.0,-410.56845668878157
2024-09-20 07:00:00+00:00,336.72326103559,741.0,-404.27673896441
2024-09-20 08:00:00+00:00,323.0698199383016,674.0,-350.9301800616984
2024-09-20 09:00:00+00:00,308.5509256262371,617.0,-308.4490743737629
2024-09-20 10:00:00+00:00,250.33372457461084,627.0,-376.66627542538913
2024-09-20 11:00:00+00:00,263.7280199820513,674.0,-410.2719800179487
2024-09-20 12:00:00+00:00,188.2678008869832,535.0,-346.7321991130168
2024-09-20 13:00:00+00:00,165.86554046475177,356.0,-190.13445953524823
2024-09-20 14:00:00+00:00,220.04380065043688,274.0,-53.95619934956312
2024-09-20 15:00:00+00:00,276.1326969105812,262.0,14.132696910581217
2024-09-20 16:00:00+00:00,261.23014839353687,278.0,-16.769851606463135
2024-09-20 17:00:00+00:00,251.991996906644,342.0,-90.008003093356
2024-09-20 18:00:00+00:00,225.98410935754785,328.0,-102.01589064245215
2024-09-20 19:00:00+00:00,193.4491675709605,339.0,-145.5508324290395
2024-09-20 20:00:00+00:00,198.8892316109429,384.0,-185.1107683890571
2024-09-20 21:00:00+00:00,184.0563647803669,373.0,-188.9436352196331
2024-09-20 22:00:00+00:00,250.20665167968116,429.0,-178.79334832031884
2024-09-20 23:00:00+00:00,354.0084965566112,716.0,-361.9915034433888
2024-09-21 00:00:00+00:00,427.4290252840945,975.0,-547.5709747159055
2024-09-21 01:00:00+00:00,426.4128544998779,1090.0,-663.5871455001221
2024-09-21 02:00:00+00:00,426.7100003877163,1148.0,-721.2899996122837
2024-09-21 03:00:00+00:00,452.7003450371056,1144.0,-691.2996549628945
2024-09-21 04:00:00+00:00,382.6105407742333,1063.0,-680.3894592257667
2024-09-21 05:00:00+00:00,340.7230662556581,898.0,-557.2769337443419
2024-09-21 06:00:00+00:00,270.2622121423892,768.0,-497.7377878576108
2024-09-21 07:00:00+00:00,240.05954957688488,612.0,-371.9404504231151
2024-09-21 08:00:00+00:00,237.78085089843896,519.0,-281.219149101561
2024-09-21 09:00:00+00:00,225.2095709636486,430.0,-204.7904290363514
2024-09-21 10:00:00+00:00,191.758785989866,417.0,-225.241214010134
2024-09-21 11:00:00+00:00,183.30173859755885,526.0,-342.6982614024412
2024-09-21 12:00:00+00:00,136.12002643723943,476.0,-339.8799735627606
2024-09-21 13:00:00+00:00,60.01753998261984,301.0,-240.98246001738016
2024-09-21 14:00:00+00:00,51.263070173431736,248.0,-196.73692982656826
2024-09-21 15:00:00+00:00,72.93118865634673,254.0,-181.06881134365327
2024-09-21 16:00:00+00:00,68.14684372568229,271.0,-202.8531562743177
2024-09-21 17:00:00+00:00,44.8712759507051,268.0,-223.1287240492949
2024-09-21 18:00:00+00:00,29.072212211724985,181.0,-151.92778778827503
2024-09-21 19:00:00+00:00,30.190139400253088,142.0,-111.80986059974691
2024-09-21 20:00:00+00:00,36.39982365175564,137.0,-100.60017634824436
2024-09-21 21:00:00+00:00,46.33837472610489,129.0,-82.66162527389511
2024-09-21 22:00:00+00:00,66.8902204822092,136.0,-69.1097795177908
2024-09-21 23:00:00+00:00,166.63008378915845,287.0,-120.36991621084155
2024-09-22 00:00:00+00:00,248.5599631694753,416.0,-167.4400368305247
2024-09-22 01:00:00+00:00,268.8809151708156,543.0,-274.1190848291844
2024-09-22 02:00:00+00:00,235.43019465849272,665.0,-429.5698053415073
2024-09-22 03:00:00+00:00,228.0284685409472,679.0,-450.9715314590528
2024-09-22 04:00:00+00:00,220.31933713939188,577.0,-356.6806628606081
2024-09-22 05:00:00+00:00,201.6219994442098,547.0,-345.3780005557902
2024-09-22 06:00:00+00:00,205.4288208229504,525.0,-319.5711791770496
2024-09-22 07:00:00+00:00,244.3611034671589,531.0,-286.6388965328411
2024-09-22 08:00:00+00:00,286.67208876234184,552.0,-265.32791123765816
2024-09-22 09:00:00+00:00,314.3956611956898,649.0,-334.6043388043102
2024-09-22 10:00:00+00:00,295.7675216770197,691.0,-395.2324783229803
2024-09-22 11:00:00+00:00,253.8442864738052,691.0,-437.1557135261948
2024-09-22 12:00:00+00:00,191.33761326888524,553.0,-361.6623867311148
2024-09-22 13:00:00+00:00,108.16832877995176,450.0,-341.83167122004824
2024-09-22 14:00:00+00:00,129.2278898136046,509.0,-379.77211018639537
2024-09-22 15:00:00+00:00,141.5725118874687,536.0,-394.4274881125313
2024-09-22 16:00:00+00:00,153.7888965161775,443.0,-289.2111034838225
2024-09-22 17:00:00+00:00,173.1437067114384,397.0,-223.8562932885616
2024-09-22 18:00:00+00:00,198.46824381285236,436.0,-237.53175618714764
2024-09-22 19:00:00+00:00,199.9025870268445,429.0,-229.0974129731555
2024-09-22 20:00:00+00:00,228.68671920940864,548.0,-319.31328079059136
2024-09-22 21:00:00+00:00,244.15345778357025,476.0,-231.84654221642975
2024-09-22 22:00:00+00:00,208.3068571721965,475.0,-266.6931428278035
2024-09-22 23:00:00+00:00,320.6889877949134,536.0,-215.31101220508663
2024-09-23 00:00:00+00:00,393.485773654901,680.0,-286.514226345099
2024-09-23 01:00:00+00:00,431.7011784514932,847.0,-415.2988215485068
2024-09-23 02:00:00+00:00,510.80690654579234,739.0,-228.19309345420766
2024-09-23 03:00:00+00:00,557.5123889799331,808.0,-250.48761102006688
2024-09-23 04:00:00+00:00,497.1957249000597,772.0,-274.8042750999403
2024-09-23 05:00:00+00:00,499.0640266308664,774.0,-274.9359733691336
2024-09-23 06:00:00+00:00,481.1810396209962,845.0,-363.8189603790038
2024-09-23 07:00:00+00:00,473.31528252721967,895.0,-421.68471747278033
2024-09-23 08:00:00+00:00,438.9190069897225,873.0,-434.0809930102775
2024-09-23 09:00:00+00:00,417.9181722223883,903.0,-485.0818277776117
2024-09-23 10:00:00+00:00,371.6662364931244,866.0,-494.3337635068756
2024-09-23 11:00:00+00:00,298.5527096961431,840.0,-541.4472903038569
2024-09-23 12:00:00+00:00,260.5342506955285,712.0,-451.4657493044715
2024-09-23 13:00:00+00:00,205.6302811932484,477.0,-271.3697188067516
2024-09-23 14:00:00+00:00,208.0115630450058,470.0,-261.9884369549942
2024-09-23 15:00:00+00:00,224.21034053101525,458.0,-233.78965946898475
2024-09-23 16:00:00+00:00,191.47147391938108,490.0,-298.5285260806189
2024-09-23 17:00:00+00:00,172.42578546923406,376.0,-203.57421453076594
2024-09-23 18:00:00+00:00,141.8317609158154,296.0,-154.1682390841846
2024-09-23 19:00:00+00:00,117.6705045836376,201.0,-83.3294954163624
2024-09-23 20:00:00+00:00,90.1682989230516,184.0,-93.8317010769484
2024-09-23 21:00:00+00:00,70.65257782119546,165.0,-94.34742217880454
2024-09-23 22:00:00+00:00,75.83507725264536,193.0,-117.16492274735464
2024-09-23 23:00:00+00:00,102.36193944986375,229.0,-126.63806055013625
2024-09-24 00:00:00+00:00,142.9997171748332,352.0,-209.0002828251668
2024-09-24 01:00:00+00:00,165.8314294290248,444.0,-278.1685705709752
2024-09-24 02:00:00+00:00,179.38939749769042,422.0,-242.61060250230958
2024-09-24 03:00:00+00:00,176.9307577784013,391.0,-214.0692422215987
2024-09-24 04:00:00+00:00,186.87302395654268,292.0,-105.12697604345732
2024-09-24 05:00:00+00:00,169.95442433759268,196.0,-26.045575662407316
2024-09-24 06:00:00+00:00,143.55055509537272,197.0,-53.449444904627285
2024-09-24 07:00:00+00:00,130.98276916414582,175.0,-44.01723083585418
2024-09-24 08:00:00+00:00,126.2411707493078,210.0,-83.7588292506922
2024-09-24 09:00:00+00:00,128.2589548285156,194.0,-65.74104517148439
2024-09-24 10:00:00+00:00,113.00896018454974,256.0,-142.99103981545028
2024-09-24 11:00:00+00:00,117.46730978685768,296.0,-178.5326902131423
2024-09-24 12:00:00+00:00,99.36394305493071,316.0,-216.6360569450693
2024-09-24 13:00:00+00:00,55.67040561965472,184.0,-128.32959438034527
2024-09-24 14:00:00+00:00,41.3231100022254,135.0,-93.6768899977746
2024-09-24 15:00:00+00:00,52.34160750495182,138.0,-85.65839249504819
2024-09-24 16:00:00+00:00,85.23972466006279,205.0,-119.76027533993721
2024-09-24 17:00:00+00:00,108.47339580791837,209.0,-100.52660419208163
2024-09-24 18:00:00+00:00,99.10844238138532,226.0,-126.89155761861468
2024-09-24 19:00:00+00:00,103.9561193033687,262.0,-158.0438806966313
2024-09-24 20:00:00+00:00,113.57915462239316,305.0,-191.42084537760684
2024-09-24 21:00:00+00:00,149.44079393218607,356.0,-206.55920606781393
2024-09-24 22:00:00+00:00,165.0499781732105,504.0,-338.9500218267895
2024-09-24 23:00:00+00:00,320.53084199568497,868.0,-547.469158004315
2024-09-25 00:00:00+00:00,464.57845790080313,970.0,-505.42154209919687
2024-09-25 01:00:00+00:00,527.8836958416788,1185.0,-657.1163041583212
2024-09-25 02:00:00+00:00,593.0200063738596,1329.0,-735.9799936261404
2024-09-25 03:00:00+00:00,585.2980867171271,1422.0,-836.7019132828729
2024-09-25 04:00:00+00:00,580.7194175215391,1438.0,-857.2805824784609
2024-09-25 05:00:00+00:00,524.1616505090674,1446.0,-921.8383494909326
2024-09-25 06:00:00+00:00,485.5565182323311,1301.0,-815.4434817676689
2024-09-25 07:00:00+00:00,476.6028192941166,1275.0,-798.3971807058833
2024-09-25 08:00:00+00:00,461.15547775026937,1175.0,-713.8445222497306
2024-09-25 09:00:00+00:00,455.55278425114216,1248.0,-792.4472157488578
2024-09-25 10:00:00+00:00,447.384210925766,1137.0,-689.615789074234
2024-09-25 11:00:00+00:00,520.70646904803,1171.0,-650.29353095197
2024-09-25 12:00:00+00:00,526.4640439012031,942.0,-415.5359560987969
2024-09-25 13:00:00+00:00,552.8324353300158,817.0,-264.16756466998424
2024-09-25 14:00:00+00:00,486.6830839063878,685.0,-198.31691609361218
2024-09-25 15:00:00+00:00,400.5116002742265,750.0,-349.4883997257735
2024-09-25 16:00:00+00:00,418.76227862731,724.0,-305.23772137269
2024-09-25 17:00:00+00:00,470.8200047803168,771.0,-300.1799952196832
2024-09-25 18:00:00+00:00,492.189887538908,859.0,-366.810112461092
2024-09-25 19:00:00+00:00,498.19693738246633,971.0,-472.80306261753367
2024-09-25 20:00:00+00:00,486.025571192692,942.0,-455.974428807308
2024-09-25 21:00:00+00:00,574.8633934866866,983.0,-408.1366065133134
2024-09-25 22:00:00+00:00,579.7624773932537,1105.0,-525.2375226067463
2024-09-25 23:00:00+00:00,690.5920481288642,1181.0,-490.40795187113577
2024-09-26 00:00:00+00:00,768.6826931718059,1401.0,-632.3173068281941
2024-09-26 01:00:00+00:00,832.0799804018436,1490.0,-657.9200195981564
2024-09-26 02:00:00+00:00,861.127626885451,1440.0,-578.872373114549
2024-09-26 03:00:00+00:00,905.9311572624732,1422.0,-516.0688427375268
2024-09-26 04:00:00+00:00,884.1551360424331,1537.0,-652.8448639575669
2024-09-26 05:00:00+00:00,901.4839266540868,1628.0,-726.5160733459132
2024-09-26 06:00:00+00:00,938.0035320979712,1723.0,-784.9964679020288
2024-09-26 07:00:00+00:00,1001.8153321491752,1704.0,-702.1846678508248
2024-09-26 08:00:00+00:00,1044.3176695096267,1682.0,-637.6823304903733
2024-09-26 09:00:00+00:00,1091.1709385334766,1776.0,-684.8290614665234
2024-09-26 10:00:00+00:00,932.7084819451404,1875.0,-942.2915180548596
2024-09-26 11:00:00+00:00,972.384968242165,1889.0,-916.615031757835
2024-09-26 12:00:00+00:00,982.0123361627686,1868.0,-885.9876638372314
2024-09-26 13:00:00+00:00,1068.284697192313,1820.0,-751.7153028076871
2024-09-26 14:00:00+00:00,1309.408873970072,1854.0,-544.5911260299281
2024-09-26 15:00:00+00:00,1548.4902749830712,1864.0,-315.50972501692877
2024-09-26 16:00:00+00:00,1528.1733043052932,1752.0,-223.8266956947068
2024-09-26 17:00:00+00:00,1487.9588619744586,1788.0,-300.0411380255414
2024-09-26 18:00:00+00:00,1280.2151751026208,1675.0,-394.78482489737917
2024-09-26 19:00:00+00:00,1235.0353179322908,1650.0,-414.9646820677092
2024-09-26 20:00:00+00:00,1107.8964009676542,1606.0,-498.10359903234576
2024-09-26 21:00:00+00:00,970.005972508348,1655.0,-684.994027491652
2024-09-26 22:00:00+00:00,888.2710349668528,1663.0,-774.7289650331472
2024-09-26 23:00:00+00:00,937.6039571935352,1649.0,-711.3960428064648
2024-09-27 00:00:00+00:00,949.708222813528,1630.0,-680.291777186472
2024-09-27 01:00:00+00:00,884.6505503399724,1693.0,-808.3494496600276
2024-09-27 02:00:00+00:00,892.5909398873556,1319.0,-426.4090601126444
2024-09-27 03:00:00+00:00,816.2334899510998,1315.0,-498.76651004890016
2024-09-27 04:00:00+00:00,739.518416903883,1157.0,-417.481583096117
2024-09-27 05:00:00+00:00,645.2097384273291,1181.0,-535.7902615726709
2024-09-27 06:00:00+00:00,530.3220943849598,937.0,-406.67790561504023
2024-09-27 07:00:00+00:00,443.53921692887246,812.0,-368.46078307112754
2024-09-27 08:00:00+00:00,305.1386115300227,741.0,-435.8613884699773
2024-09-27 09:00:00+00:00,221.9338948216595,633.0,-411.06610517834054
2024-09-27 10:00:00+00:00,147.09021388112686,448.0,-300.90978611887317
2024-09-27 11:00:00+00:00,141.85276839247896,353.0,-211.14723160752104
2024-09-27 12:00:00+00:00,112.39557914205524,375.0,-262.6044208579448
2024-09-27 13:00:00+00:00,86.25909748478121,362.0,-275.7409025152188
2024-09-27 14:00:00+00:00,64.451353527661,178.0,-113.548646472339
2024-09-27 15:00:00+00:00,87.82130733177694,183.0,-95.17869266822306
2024-09-27 16:00:00+00:00,124.45888574616896,167.0,-42.54111425383104
2024-09-27 17:00:00+00:00,135.22829233728342,198.0,-62.77170766271658
2024-09-27 18:00:00+00:00,137.97617269061783,184.0,-46.02382730938217
2024-09-27 19:00:00+00:00,124.30315853583978,158.0,-33.696841464160215
2024-09-27 20:00:00+00:00,123.5599166785867,143.0,-19.440083321413297
2024-09-27 21:00:00+00:00,123.03835023364768,166.0,-42.96164976635232
2024-09-27 22:00:00+00:00,92.2986064186688,172.0,-79.7013935813312
2024-09-27 23:00:00+00:00,129.26396109101566,240.0,-110.73603890898434
2024-09-28 00:00:00+00:00,132.29324269979043,192.0,-59.706757300209574
2024-09-28 01:00:00+00:00,98.7105813966,191.0,-92.2894186034
2024-09-28 02:00:00+00:00,84.05248396845907,125.0,-40.94751603154093
2024-09-28 03:00:00+00:00,92.09087335898276,105.0,-12.909126641017238
2024-09-28 04:00:00+00:00,98.80900889663904,93.0,5.8090088966390425
2024-09-28 05:00:00+00:00,105.64188119485084,56.0,49.64188119485084
2024-09-28 06:00:00+00:00,72.2213739936341,56.0,16.221373993634103
2024-09-28 07:00:00+00:00,47.19037074359517,59.0,-11.809629256404833
2024-09-28 08:00:00+00:00,46.64525223033455,42.0,4.645252230334549
2024-09-28 09:00:00+00:00,36.02725534055132,63.0,-26.97274465944868
2024-09-28 10:00:00+00:00,16.57072747343761,64.0,-47.429272526562386
2024-09-28 11:00:00+00:00,16.788755274398625,58.0,-41.211244725601375
2024-09-28 12:00:00+00:00,17.48676690954083,60.0,-42.51323309045917
2024-09-28 13:00:00+00:00,15.145698271295116,36.0,-20.854301728704883
2024-09-28 14:00:00+00:00,11.8243378513776,31.0,-19.1756621486224
2024-09-28 15:00:00+00:00,12.01067563290583,19.0,-6.98932436709417
2024-09-28 16:00:00+00:00,10.37739335900797,25.0,-14.62260664099203
2024-09-28 17:00:00+00:00,10.56582192825842,37.0,-26.43417807174158
2024-09-28 18:00:00+00:00,10.202280679506588,23.0,-12.797719320493412
2024-09-28 19:00:00+00:00,10.791249514647909,10.0,0.7912495146479088
2024-09-28 20:00:00+00:00,16.69299435786822,25.0,-8.30700564213178
2024-09-28 21:00:00+00:00,20.93308284262761,53.0,-32.06691715737239
2024-09-28 22:00:00+00:00,63.05632351451599,74.0,-10.943676485484012
2024-09-28 23:00:00+00:00,95.74817960450042,98.0,-2.2518203954995784
2024-09-29 00:00:00+00:00,95.0917352451749,124.0,-28.908264754825097
2024-09-29 01:00:00+00:00,79.32881512564063,159.0,-79.67118487435937
2024-09-29 02:00:00+00:00,70.29082289419327,205.0,-134.70917710580673
2024-09-29 03:00:00+00:00,61.57301141942148,175.0,-113.42698858057852
2024-09-29 04:00:00+00:00,52.05627538368248,157.0,-104.94372461631752
2024-09-29 05:00:00+00:00,50.07082317184218,127.0,-76.92917682815782
2024-09-29 06:00:00+00:00,65.16056847839158,103.0,-37.83943152160842
2024-09-29 07:00:00+00:00,97.5941370454892,131.0,-33.405862954510795
2024-09-29 08:00:00+00:00,95.93493901319115,186.0,-90.06506098680885
2024-09-29 09:00:00+00:00,90.2803580744504,232.0,-141.71964192554958
2024-09-29 10:00:00+00:00,83.04580409376628,310.0,-226.95419590623374
2024-09-29 11:00:00+00:00,93.58059625286045,422.0,-328.41940374713954
2024-09-29 12:00:00+00:00,68.8483777127175,341.0,-272.1516222872825
2024-09-29 13:00:00+00:00,24.76106752675556,219.0,-194.23893247324443
2024-09-29 14:00:00+00:00,49.41317051889019,206.0,-156.58682948110982
2024-09-29 15:00:00+00:00,35.57818036463189,222.0,-186.4218196353681
2024-09-29 16:00:00+00:00,61.21622781491895,265.0,-203.78377218508103
2024-09-29 17:00:00+00:00,84.35750718410802,297.0,-212.64249281589198
2024-09-29 18:00:00+00:00,93.6430138144448,336.0,-242.3569861855552
2024-09-29 19:00:00+00:00,64.44869211261665,391.0,-326.55130788738336
2024-09-29 20:00:00+00:00,49.15662053092144,342.0,-292.84337946907857
2024-09-29 21:00:00+00:00,87.98560906350087,234.0,-146.01439093649913
2024-09-29 22:00:00+00:00,140.6552187200844,288.0,-147.3447812799156
2024-09-29 23:00:00+00:00,257.4550832084404,538.0,-280.5449167915596
2024-09-30 00:00:00+00:00,358.28255458437235,702.0,-343.71744541562765
2024-09-30 01:00:00+00:00,382.53036111626784,823.0,-440.46963888373216
2024-09-30 02:00:00+00:00,391.80852712392976,912.0,-520.1914728760703
2024-09-30 03:00:00+00:00,387.6986797824802,1002.0,-614.3013202175198
2024-09-30 04:00:00+00:00,443.31309664050616,961.0,-517.6869033594938
2024-09-30 05:00:00+00:00,528.3289832816467,797.0,-268.67101671835326
2024-09-30 06:00:00+00:00,568.2013343269379,728.0,-159.79866567306215
2024-09-30 07:00:00+00:00,565.8412578621819,786.0,-220.15874213781808
2024-09-30 08:00:00+00:00,587.6767171915938,668.0,-80.32328280840625
2024-09-30 09:00:00+00:00,605.2917902981083,761.0,-155.70820970189175
2024-09-30 10:00:00+00:00,538.0417090351709,784.0,-245.95829096482908
2024-09-30 11:00:00+00:00,517.2604035088981,860.0,-342.7395964911019
2024-09-30 12:00:00+00:00,433.3626249006229,738.0,-304.6373750993771
2024-09-30 13:00:00+00:00,286.9658294415447,521.0,-234.0341705584553
2024-09-30 14:00:00+00:00,213.43958710961573,409.0,-195.56041289038427
2024-09-30 15:00:00+00:00,195.8974393460252,333.0,-137.1025606539748
2024-09-30 16:00:00+00:00,190.90052527628907,289.0,-98.09947472371093
2024-09-30 17:00:00+00:00,186.319211496948,273.0,-86.68078850305201
2024-09-30 18:00:00+00:00,176.17052211331017,315.0,-138.82947788668983
2024-09-30 19:00:00+00:00,156.88881684526532,273.0,-116.11118315473468
2024-09-30 20:00:00+00:00,144.40132695372844,227.0,-82.59867304627156
2024-09-30 21:00:00+00:00,143.58589601240715,180.0,-36.41410398759285
2024-09-30 22:00:00+00:00,292.09638549413165,312.0,-19.903614505868347
2024-09-30 23:00:00+00:00,415.8375288718029,432.0,-16.162471128197126
2024-10-01 00:00:00+00:00,440.6353023914946,634.0,-193.36469760850542
2024-10-01 01:00:00+00:00,448.9286375540502,782.0,-333.0713624459498
2024-10-01 02:00:00+00:00,451.9866761524356,997.0,-545.0133238475644
2024-10-01 03:00:00+00:00,438.7050443761901,1157.0,-718.29495562381
2024-10-01 04:00:00+00:00,391.8463150392121,1190.0,-798.1536849607879
2024-10-01 05:00:00+00:00,349.99979222785464,1086.0,-736.0002077721454
2024-10-01 06:00:00+00:00,319.8457273146173,1075.0,-755.1542726853827
2024-10-01 07:00:00+00:00,294.837437073438,881.0,-586.162562926562
2024-10-01 08:00:00+00:00,276.6281157584897,725.0,-448.3718842415103
2024-10-01 09:00:00+00:00,279.55678609543025,583.0,-303.44321390456975
2024-10-01 10:00:00+00:00,239.6001832107801,583.0,-343.3998167892199
2024-10-01 11:00:00+00:00,253.3901884170357,513.0,-259.6098115829643
2024-10-01 12:00:00+00:00,223.3920271892321,463.0,-239.6079728107679
2024-10-01 13:00:00+00:00,127.65124691830393,317.0,-189.3487530816961
2024-10-01 14:00:00+00:00,85.76981329128114,212.0,-126.23018670871886
2024-10-01 15:00:00+00:00,95.22165995772326,120.0,-24.77834004227674
2024-10-01 16:00:00+00:00,108.09850395843392,115.0,-6.901496041566077
2024-10-01 17:00:00+00:00,122.9911420660131,156.0,-33.0088579339869
2024-10-01 18:00:00+00:00,155.52049360470812,206.0,-50.47950639529188
2024-10-01 19:00:00+00:00,175.42166109451452,239.0,-63.57833890548548
2024-10-01 20:00:00+00:00,179.83830374756283,304.0,-124.16169625243717
2024-10-01 21:00:00+00:00,183.3092709076692,448.0,-264.6907290923308
2024-10-01 22:00:00+00:00,206.3628581187019,662.0,-455.63714188129813
2024-10-01 23:00:00+00:00,352.4900361666985,1061.0,-708.5099638333015
2024-10-02 00:00:00+00:00,535.5293426358347,1423.0,-887.4706573641653
2024-10-02 01:00:00+00:00,676.0609132671381,1557.0,-880.9390867328619
2024-10-02 02:00:00+00:00,728.0980727598472,1596.0,-867.9019272401528
2024-10-02 03:00:00+00:00,746.9518004975818,1669.0,-922.0481995024182
2024-10-02 04:00:00+00:00,706.5919589960694,1665.0,-958.4080410039306
2024-10-02 05:00:00+00:00,662.413686537609,1738.0,-1075.586313462391
2024-10-02 06:00:00+00:00,626.6971005627488,1704.0,-1077.3028994372512
2024-10-02 07:00:00+00:00,606.9709696687426,1497.0,-890.0290303312574
2024-10-02 08:00:00+00:00,572.8393682027836,1424.0,-851.1606317972164
2024-10-02 09:00:00+00:00,554.7430628971251,1366.0,-811.2569371028749
2024-10-02 10:00:00+00:00,546.5477871109623,1268.0,-721.4522128890377
2024-10-02 11:00:00+00:00,500.2516433560739,1136.0,-635.7483566439262
2024-10-02 12:00:00+00:00,446.1304786138221,930.0,-483.8695213861779
2024-10-02 13:00:00+00:00,388.9463515832314,709.0,-320.0536484167686
2024-10-02 14:00:00+00:00,348.20115751283265,577.0,-228.79884248716735
2024-10-02 15:00:00+00:00,296.2982377624163,469.0,-172.7017622375837
2024-10-02 16:00:00+00:00,266.90877821515704,555.0,-288.09122178484296
2024-10-02 17:00:00+00:00,261.7680333494878,571.0,-309.2319666505122
2024-10-02 18:00:00+00:00,272.899681177352,540.0,-267.100318822648
2024-10-02 19:00:00+00:00,297.7989444674573,571.0,-273.2010555325427
2024-10-02 20:00:00+00:00,332.7302698017972,523.0,-190.2697301982028
2024-10-02 21:00:00+00:00,314.53427489436064,523.0,-208.46572510563936
2024-10-02 22:00:00+00:00,443.1631879700189,862.0,-418.8368120299811
2024-10-02 23:00:00+00:00,538.8383647711825,1229.0,-690.1616352288175
2024-10-03 00:00:00+00:00,625.4843145195064,1402.0,-776.5156854804936
2024-10-03 01:00:00+00:00,651.6651221118492,1522.0,-870.3348778881508
2024-10-03 02:00:00+00:00,616.4037202300091,1441.0,-824.5962797699909
2024-10-03 03:00:00+00:00,544.4921770380356,1568.0,-1023.5078229619644
2024-10-03 04:00:00+00:00,525.4969494345262,1464.0,-938.5030505654738
2024-10-03 05:00:00+00:00,501.35031341414526,1441.0,-939.6496865858547
2024-10-03 06:00:00+00:00,474.781101898678,1310.0,-835.218898101322
2024-10-03 07:00:00+00:00,442.3900463235749,1282.0,-839.6099536764251
2024-10-03 08:00:00+00:00,430.5851782250635,1173.0,-742.4148217749365
2024-10-03 09:00:00+00:00,418.3303127971515,1046.0,-627.6696872028485
2024-10-03 10:00:00+00:00,348.12847182159226,824.0,-475.87152817840774
2024-10-03 11:00:00+00:00,356.6435989073722,851.0,-494.3564010926278
2024-10-03 12:00:00+00:00,342.06022780507726,711.0,-368.93977219492274
2024-10-03 13:00:00+00:00,249.02943195155652,612.0,-362.9705680484435
2024-10-03 14:00:00+00:00,285.35891563093844,685.0,-399.64108436906156
2024-10-03 15:00:00+00:00,314.35631007987166,782.0,-467.64368992012834
2024-10-03 16:00:00+00:00,394.8257706406332,734.0,-339.1742293593668
2024-10-03 17:00:00+00:00,486.69073891717886,622.0,-135.30926108282114
2024-10-03 18:00:00+00:00,526.2525703594033,701.0,-174.7474296405967
2024-10-03 19:00:00+00:00,475.3858214783664,827.0,-351.6141785216336
2024-10-03 20:00:00+00:00,528.9394220741942,731.0,-202.06057792580577
2024-10-03 21:00:00+00:00,418.0095739342424,846.0,-427.9904260657576
2024-10-03 22:00:00+00:00,433.0481849226693,1020.0,-586.9518150773307
2024-10-03 23:00:00+00:00,508.6977034661933,1332.0,-823.3022965338067
2024-10-04 00:00:00+00:00,593.9777947499831,1595.0,-1001.0222052500169
2024-10-04 01:00:00+00:00,658.7637610809267,1673.0,-1014.2362389190733
2024-10-04 02:00:00+00:00,690.435695920692,1682.0,-991.564304079308
2024-10-04 03:00:00+00:00,719.5048522903936,1672.0,-952.4951477096064
2024-10-04 04:00:00+00:00,746.466156585383,1673.0,-926.533843414617
2024-10-04 05:00:00+00:00,697.3887404616421,1564.0,-866.6112595383579
2024-10-04 06:00:00+00:00,632.1980049648301,1496.0,-863.8019950351699
2024-10-04 07:00:00+00:00,565.1370869181613,1241.0,-675.8629130818387
2024-10-04 08:00:00+00:00,489.9190518682175,1094.0,-604.0809481317825
2024-10-04 09:00:00+00:00,422.3031163463932,933.0,-510.6968836536068
2024-10-04 10:00:00+00:00,338.39094597489924,793.0,-454.60905402510076
2024-10-04 11:00:00+00:00,307.8206077965785,709.0,-401.1793922034215
2024-10-04 12:00:00+00:00,241.9459145891275,617.0,-375.0540854108725
2024-10-04 13:00:00+00:00,89.63488262151198,440.0,-350.36511737848804
2024-10-04 14:00:00+00:00,70.82276144413159,289.0,-218.17723855586843
2024-10-04 15:00:00+00:00,76.82410780851707,308.0,-231.17589219148294
2024-10-04 16:00:00+00:00,83.67285582865722,305.0,-221.32714417134278
2024-10-04 17:00:00+00:00,109.56310483484668,320.0,-210.43689516515332
2024-10-04 18:00:00+00:00,88.29279453488448,423.0,-334.7072054651155
2024-10-04 19:00:00+00:00,59.29924155162334,453.0,-393.70075844837663
2024-10-04 20:00:00+00:00,38.760004989735336,390.0,-351.2399950102647
2024-10-04 21:00:00+00:00,31.48272206036205,244.0,-212.51727793963795
2024-10-04 22:00:00+00:00,63.41907627853058,217.0,-153.58092372146942
2024-10-04 23:00:00+00:00,121.45152686658923,278.0,-156.54847313341077
2024-10-05 00:00:00+00:00,148.550458428826,266.0,-117.449541571174
2024-10-05 01:00:00+00:00,172.25271025923445,321.0,-148.74728974076555
2024-10-05 02:00:00+00:00,163.44913194368945,376.0,-212.55086805631055
2024-10-05 03:00:00+00:00,146.03011658680322,573.0,-426.9698834131968
2024-10-05 04:00:00+00:00,160.24468773723254,723.0,-562.7553122627675
2024-10-05 05:00:00+00:00,161.23215891695003,873.0,-711.7678410830499
2024-10-05 06:00:00+00:00,183.8689984831646,806.0,-622.1310015168353
2024-10-05 07:00:00+00:00,219.40337997141344,796.0,-576.5966200285866
2024-10-05 08:00:00+00:00,247.30534757034204,799.0,-551.6946524296579
2024-10-05 09:00:00+00:00,273.28794176568164,876.0,-602.7120582343184
2024-10-05 10:00:00+00:00,389.452021339133,904.0,-514.547978660867
2024-10-05 11:00:00+00:00,448.775659066872,992.0,-543.224340933128
2024-10-05 12:00:00+00:00,520.9020983885415,988.0,-467.0979016114585
2024-10-05 13:00:00+00:00,641.0237551501748,983.0,-341.9762448498252
2024-10-05 14:00:00+00:00,775.9074472303772,953.0,-177.09255276962278
2024-10-05 15:00:00+00:00,896.3710319345579,997.0,-100.62896806544211
2024-10-05 16:00:00+00:00,978.4062151279884,1077.0,-98.59378487201161
2024-10-05 17:00:00+00:00,978.4536199489428,1048.0,-69.54638005105721
2024-10-05 18:00:00+00:00,866.1311420690904,1018.0,-151.8688579309096
2024-10-05 19:00:00+00:00,722.7102906707826,1015.0,-292.28970932921743
2024-10-05 20:00:00+00:00,689.8791862837296,938.0,-248.1208137162704
2024-10-05 21:00:00+00:00,670.1343333699696,822.0,-151.86566663003043
2024-10-05 22:00:00+00:00,482.0115415849279,785.0,-302.9884584150721
2024-10-05 23:00:00+00:00,468.664060440096,797.0,-328.335939559904
2024-10-06 00:00:00+00:00,447.23377808323806,898.0,-450.76622191676194
2024-10-06 01:00:00+00:00,421.84638583338426,799.0,-377.15361416661574
2024-10-06 02:00:00+00:00,372.3912529306573,739.0,-366.6087470693427
2024-10-06 03:00:00+00:00,343.41616120758647,681.0,-337.58383879241353
2024-10-06 04:00:00+00:00,312.8000958452731,673.0,-360.1999041547269
2024-10-06 05:00:00+00:00,256.5611403705188,648.0,-391.4388596294812
2024-10-06 06:00:00+00:00,211.11740614014423,576.0,-364.8825938598558
2024-10-06 07:00:00+00:00,172.82178820048338,444.0,-271.1782117995166
2024-10-06 08:00:00+00:00,169.3376586002292,425.0,-255.6623413997708
2024-10-06 09:00:00+00:00,168.2756787084045,351.0,-182.7243212915955
2024-10-06 10:00:00+00:00,181.71652914590416,306.0,-124.28347085409584
2024-10-06 11:00:00+00:00,131.30494031317215,340.0,-208.69505968682785
2024-10-06 12:00:00+00:00,90.40030168861432,255.0,-164.59969831138568
2024-10-06 13:00:00+00:00,85.97963974770926,239.0,-153.02036025229074
2024-10-06 14:00:00+00:00,119.35112286943956,248.0,-128.64887713056044
2024-10-06 15:00:00+00:00,163.19856253820447,374.0,-210.80143746179553
2024-10-06 16:00:00+00:00,237.9172772664208,415.0,-177.0827227335792
2024-10-06 17:00:00+00:00,265.00494587513,570.0,-304.99505412487
2024-10-06 18:00:00+00:00,289.8226431292019,624.0,-334.1773568707981
2024-10-06 19:00:00+00:00,348.29646590335966,704.0,-355.70353409664034
2024-10-06 20:00:00+00:00,492.369765214232,793.0,-300.630234785768
2024-10-06 21:00:00+00:00,577.2820442950565,993.0,-415.7179557049435
2024-10-06 22:00:00+00:00,531.8609234266837,1208.0,-676.1390765733163
2024-10-06 23:00:00+00:00,727.2046528816495,1665.0,-937.7953471183505
2024-10-07 00:00:00+00:00,858.0714219679752,1851.0,-992.9285780320248
2024-10-07 01:00:00+00:00,1159.8185190224417,1915.0,-755.1814809775583
2024-10-07 02:00:00+00:00,1234.680401619316,1936.0,-701.319598380684
2024-10-07 03:00:00+00:00,1298.585933407063,2024.0,-725.4140665929369
2024-10-07 04:00:00+00:00,1277.630785706348,2012.0,-734.369214293652
2024-10-07 05:00:00+00:00,1218.764330725607,2024.0,-805.2356692743931
2024-10-07 06:00:00+00:00,1280.3874096269822,2028.0,-747.6125903730178
2024-10-07 07:00:00+00:00,1189.6484012036744,1998.0,-808.3515987963256
2024-10-07 08:00:00+00:00,1201.6785799686638,1921.0,-719.3214200313362
2024-10-07 09:00:00+00:00,1189.9869492870075,1953.0,-763.0130507129925
2024-10-07 10:00:00+00:00,1123.7883750531244,1909.0,-785.2116249468756
2024-10-07 11:00:00+00:00,1011.9028097858412,1769.0,-757.0971902141588
2024-10-07 12:00:00+00:00,1139.560454280762,1742.0,-602.4395457192379
2024-10-07 13:00:00+00:00,1080.3999517277357,1720.0,-639.6000482722643
2024-10-07 14:00:00+00:00,1036.4936526692084,1727.0,-690.5063473307916
2024-10-07 15:00:00+00:00,1055.5915796028896,1640.0,-584.4084203971104
2024-10-07 16:00:00+00:00,963.128066182092,1593.0,-629.871933817908
2024-10-07 17:00:00+00:00,862.8896894209533,1516.0,-653.1103105790467
2024-10-07 18:00:00+00:00,809.9395628605902,1466.0,-656.0604371394098
2024-10-07 19:00:00+00:00,788.1343593385318,1312.0,-523.8656406614682
2024-10-07 20:00:00+00:00,782.1298711539188,1356.0,-573.8701288460812
2024-10-07 21:00:00+00:00,788.6087451892372,1335.0,-546.3912548107628
2024-10-07 22:00:00+00:00,800.1748577502185,1430.0,-629.8251422497815
2024-10-07 23:00:00+00:00,861.1656780392839,1523.0,-661.8343219607161
2024-10-08 00:00:00+00:00,796.6274743690137,1583.0,-786.3725256309863
2024-10-08 01:00:00+00:00,752.9349154742597,1683.0,-930.0650845257403
2024-10-08 02:00:00+00:00,758.7488110071379,1557.0,-798.2511889928621
2024-10-08 03:00:00+00:00,726.8759300851827,1444.0,-717.1240699148173
2024-10-08 04:00:00+00:00,673.5826162451821,1385.0,-711.4173837548179
2024-10-08 05:00:00+00:00,679.747112256746,1540.0,-860.252887743254
2024-10-08 06:00:00+00:00,598.5199538886606,1389.0,-790.4800461113394
2024-10-08 07:00:00+00:00,573.4551538128862,1243.0,-669.5448461871138
2024-10-08 08:00:00+00:00,540.0627495113906,1241.0,-700.9372504886094
2024-10-08 09:00:00+00:00,562.9094346540666,1170.0,-607.0905653459334
2024-10-08 10:00:00+00:00,496.08147958601467,1092.0,-595.9185204139853
2024-10-08 11:00:00+00:00,403.48280385547406,1142.0,-738.517196144526
2024-10-08 12:00:00+00:00,315.00733687115934,1083.0,-767.9926631288406
2024-10-08 13:00:00+00:00,303.2643734230483,1122.0,-818.7356265769517
2024-10-08 14:00:00+00:00,396.6563923115408,1127.0,-730.3436076884592
2024-10-08 15:00:00+00:00,454.6393999305295,1246.0,-791.3606000694705
2024-10-08 16:00:00+00:00,442.1813667210924,1253.0,-810.8186332789076
2024-10-08 17:00:00+00:00,283.4310398639311,1182.0,-898.5689601360689
2024-10-08 18:00:00+00:00,247.30153443904484,1148.0,-900.6984655609551
2024-10-08 19:00:00+00:00,308.30413730204265,1011.0,-702.6958626979574
2024-10-08 20:00:00+00:00,323.0930420718282,812.0,-488.9069579281718
2024-10-08 21:00:00+00:00,283.8098157391561,712.0,-428.1901842608439
2024-10-08 22:00:00+00:00,271.9336047222306,670.0,-398.0663952777694
2024-10-08 23:00:00+00:00,263.9213797205392,545.0,-281.0786202794608
2024-10-09 00:00:00+00:00,254.7149282835693,523.0,-268.2850717164307
2024-10-09 01:00:00+00:00,294.4489580403184,628.0,-333.5510419596816
2024-10-09 02:00:00+00:00,341.57615678065065,563.0,-221.42384321934935
2024-10-09 03:00:00+00:00,380.51775028781935,532.0,-151.48224971218065
2024-10-09 04:00:00+00:00,397.26625836728726,538.0,-140.73374163271274
2024-10-09 05:00:00+00:00,404.0960696461038,609.0,-204.90393035389621
2024-10-09 06:00:00+00:00,383.0110852788981,725.0,-341.9889147211019
2024-10-09 07:00:00+00:00,343.2891383964971,727.0,-383.7108616035029
2024-10-09 08:00:00+00:00,322.0587030763991,711.0,-388.9412969236009
2024-10-09 09:00:00+00:00,308.1171772767935,672.0,-363.8828227232065
2024-10-09 10:00:00+00:00,355.0694879634835,765.0,-409.9305120365165
2024-10-09 11:00:00+00:00,379.2410427475501,884.0,-504.7589572524499
2024-10-09 12:00:00+00:00,442.9405067692042,885.0,-442.0594932307958
2024-10-09 13:00:00+00:00,262.87631960599094,633.0,-370.12368039400906
2024-10-09 14:00:00+00:00,356.2700512964431,556.0,-199.7299487035569
2024-10-09 15:00:00+00:00,396.1763955924092,556.0,-159.82360440759078
2024-10-09 16:00:00+00:00,391.82915129433457,722.0,-330.17084870566543
2024-10-09 17:00:00+00:00,386.6967103554319,695.0,-308.3032896445681
2024-10-09 18:00:00+00:00,367.7456996612906,652.0,-284.2543003387094
2024-10-09 19:00:00+00:00,345.1903555700876,586.0,-240.8096444299124
2024-10-09 20:00:00+00:00,250.5873550041498,421.0,-170.4126449958502
2024-10-09 21:00:00+00:00,133.36461136579214,315.0,-181.63538863420786
2024-10-09 22:00:00+00:00,126.26526850174648,372.0,-245.73473149825352
2024-10-09 23:00:00+00:00,118.30186588935014,487.0,-368.69813411064985
2024-10-10 00:00:00+00:00,121.91721894798296,481.0,-359.082781052017
2024-10-10 01:00:00+00:00,125.59783625139995,460.0,-334.40216374860006
2024-10-10 02:00:00+00:00,150.92458233854836,550.0,-399.07541766145164
2024-10-10 03:00:00+00:00,184.26560406707824,563.0,-378.73439593292176
2024-10-10 04:00:00+00:00,228.12613886474463,679.0,-450.87386113525537
2024-10-10 05:00:00+00:00,303.8294512935998,759.0,-455.1705487064002
2024-10-10 06:00:00+00:00,361.1936492695664,836.0,-474.8063507304336
2024-10-10 07:00:00+00:00,398.0873206185541,802.0,-403.9126793814459
2024-10-10 08:00:00+00:00,433.8146243787215,945.0,-511.1853756212785
2024-10-10 09:00:00+00:00,468.01917962896687,1046.0,-577.9808203710331
2024-10-10 10:00:00+00:00,498.2318539639848,1127.0,-628.7681460360152
2024-10-10 11:00:00+00:00,620.415727360235,1293.0,-672.584272639765
2024-10-10 12:00:00+00:00,650.3135319781815,1148.0,-497.68646802181854
2024-10-10 13:00:00+00:00,642.7799247426952,1078.0,-435.22007525730476
2024-10-10 14:00:00+00:00,960.3153198932652,1159.0,-198.68468010673485
2024-10-10 15:00:00+00:00,994.9681595500738,1275.0,-280.0318404499262
2024-10-10 16:00:00+00:00,1057.0339119996397,1313.0,-255.9660880003603
2024-10-10 17:00:00+00:00,918.3482158845032,1305.0,-386.65178411549675
2024-10-10 18:00:00+00:00,1002.4456436967376,1569.0,-566.5543563032624
2024-10-10 19:00:00+00:00,1156.3473629172722,1596.0,-439.6526370827278
2024-10-10 20:00:00+00:00,1222.1941325968603,1569.0,-346.8058674031397
2024-10-10 21:00:00+00:00,1165.8806609173218,1888.0,-722.1193390826782
2024-10-10 22:00:00+00:00,1330.835515633223,2186.0,-855.1644843667771
2024-10-10 23:00:00+00:00,1424.4007460184157,2420.0,-995.5992539815843
2024-10-11 00:00:00+00:00,1605.4001741838424,2631.0,-1025.5998258161576
2024-10-11 01:00:00+00:00,1654.498309020675,2654.0,-999.5016909793251
2024-10-11 02:00:00+00:00,1700.6022880686075,2798.0,-1097.3977119313925
2024-10-11 03:00:00+00:00,1711.952931333303,2787.0,-1075.047068666697
2024-10-11 04:00:00+00:00,1778.4268628409247,2862.0,-1083.5731371590753
2024-10-11 05:00:00+00:00,1804.342144572089,2571.0,-766.657855427911
2024-10-11 06:00:00+00:00,1867.2695368829864,2588.0,-720.7304631170136
2024-10-11 07:00:00+00:00,1909.4583897096,3010.0,-1100.5416102904
2024-10-11 08:00:00+00:00,1928.98808770437,2647.0,-718.01191229563
2024-10-11 09:00:00+00:00,1970.3342440324832,2959.0,-988.6657559675168
2024-10-11 10:00:00+00:00,2217.599772037104,2598.0,-380.4002279628962
2024-10-11 11:00:00+00:00,2162.1237426550883,2719.0,-556.8762573449117
2024-10-11 12:00:00+00:00,1898.93877500615,2690.0,-791.0612249938499
2024-10-11 13:00:00+00:00,2443.9878391556413,2629.0,-185.01216084435873
2024-10-11 14:00:00+00:00,2683.693588751335,2687.0,-3.306411248664972
2024-10-11 15:00:00+00:00,2558.061663842786,2544.0,14.061663842785947
2024-10-11 16:00:00+00:00,2512.91983008503,2615.0,-102.08016991497016
2024-10-11 17:00:00+00:00,2553.655751345956,2604.0,-50.344248654043895
2024-10-11 18:00:00+00:00,2674.700458275687,2588.0,86.7004582756872
2024-10-11 19:00:00+00:00,2733.423257922188,2582.0,151.423257922188
2024-10-11 20:00:00+00:00,2512.430427145392,2599.0,-86.56957285460794
2024-10-11 21:00:00+00:00,2102.955850305276,2482.0,-379.0441496947242
2024-10-11 22:00:00+00:00,1746.1158875361527,2863.0,-1116.8841124638473
2024-10-11 23:00:00+00:00,1802.4701242717408,2951.0,-1148.5298757282592
2024-10-12 00:00:00+00:00,1828.127453968704,2606.0,-777.872546031296
2024-10-12 01:00:00+00:00,1886.5600707561389,2987.0,-1100.4399292438611
2024-10-12 02:00:00+00:00,1987.926935162138,2919.0,-931.0730648378619
2024-10-12 03:00:00+00:00,1912.10916411816,2693.0,-780.8908358818401
2024-10-12 04:00:00+00:00,1735.4929971030356,2603.0,-867.5070028969644
2024-10-12 05:00:00+00:00,1683.8096458991538,2468.0,-784.1903541008462
2024-10-12 06:00:00+00:00,1832.7613674662457,2214.0,-381.2386325337543
2024-10-12 07:00:00+00:00,1944.897305462074,1951.0,-6.102694537926027
2024-10-12 08:00:00+00:00,1945.950616986246,2014.0,-68.0493830137541
2024-10-12 09:00:00+00:00,2084.7900711944567,2024.0,60.79007119445669
2024-10-12 10:00:00+00:00,2342.513896213125,2023.0,319.513896213125
2024-10-12 11:00:00+00:00,2642.7071689169243,2134.0,508.7071689169243
2024-10-12 12:00:00+00:00,2637.366923168422,2412.0,225.3669231684221
2024-10-12 13:00:00+00:00,2749.227375348853,2709.0,40.227375348853
2024-10-12 14:00:00+00:00,2965.921075275929,2930.0,35.92107527592907
2024-10-12 15:00:00+00:00,3133.846883983718,2724.0,409.8468839837178
2024-10-12 16:00:00+00:00,3336.365703339005,2851.0,485.365703339005
2024-10-12 17:00:00+00:00,3424.1249201262017,2887.0,537.1249201262017
2024-10-12 18:00:00+00:00,3528.0458140196206,2957.0,571.0458140196206
2024-10-12 19:00:00+00:00,3467.59253564092,3003.0,464.5925356409198
2024-10-12 20:00:00+00:00,3436.0248113501307,3015.0,421.0248113501307
2024-10-12 21:00:00+00:00,3252.8065427625293,3131.0,121.80654276252926
2024-10-12 22:00:00+00:00,2744.320597047156,3136.0,-391.67940295284416
2024-10-12 23:00:00+00:00,2802.0419363570736,3168.0,-365.9580636429264
2024-10-13 00:00:00+00:00,2785.6945460100924,3246.0,-460.3054539899076
2024-10-13 01:00:00+00:00,2757.213677764344,2841.0,-83.78632223565592
2024-10-13 02:00:00+00:00,2595.0700033556964,2829.0,-233.92999664430363
2024-10-13 03:00:00+00:00,2464.8267901931013,2741.0,-276.17320980689874
2024-10-13 04:00:00+00:00,2349.1771413286783,2559.0,-209.82285867132168
2024-10-13 05:00:00+00:00,2222.910256227954,2415.0,-192.08974377204595
2024-10-13 06:00:00+00:00,2098.508066922337,2264.0,-165.4919330776629
2024-10-13 07:00:00+00:00,1970.510820100892,2122.0,-151.48917989910797
2024-10-13 08:00:00+00:00,1813.3855535715784,2409.0,-595.6144464284216
2024-10-13 09:00:00+00:00,1639.1027111533283,1933.0,-293.8972888466717
2024-10-13 10:00:00+00:00,1349.1565538772743,2101.0,-751.8434461227257
2024-10-13 11:00:00+00:00,1136.5238994751437,1947.0,-810.4761005248563
2024-10-13 12:00:00+00:00,1182.6587008287336,1673.0,-490.3412991712664
2024-10-13 13:00:00+00:00,1273.1358764808444,1466.0,-192.86412351915556
2024-10-13 14:00:00+00:00,1076.9786292163585,1339.0,-262.0213707836415
2024-10-13 15:00:00+00:00,854.8194326242165,1311.0,-456.18056737578354
2024-10-13 16:00:00+00:00,838.9859667084817,1281.0,-442.01403329151833
2024-10-13 17:00:00+00:00,803.3563576667274,1245.0,-441.6436423332726
2024-10-13 18:00:00+00:00,769.0844491886967,1163.0,-393.9155508113033
2024-10-13 19:00:00+00:00,605.6354992875038,1037.0,-431.36450071249624
2024-10-13 20:00:00+00:00,440.07403867030473,736.0,-295.92596132969527
2024-10-13 21:00:00+00:00,239.32466423118004,619.0,-379.67533576882
2024-10-13 22:00:00+00:00,132.5412475207117,614.0,-481.4587524792883
2024-10-13 23:00:00+00:00,160.50494783593626,620.0,-459.49505216406374
2024-10-14 00:00:00+00:00,191.1950942382762,645.0,-453.80490576172383
2024-10-14 01:00:00+00:00,313.5691594104828,620.0,-306.4308405895172
2024-10-14 02:00:00+00:00,273.2360387314596,533.0,-259.7639612685404
2024-10-14 03:00:00+00:00,240.33483354151932,481.0,-240.66516645848068
2024-10-14 04:00:00+00:00,246.6963794086504,439.0,-192.3036205913496
2024-10-14 05:00:00+00:00,227.2364224132073,430.0,-202.7635775867927
2024-10-14 06:00:00+00:00,204.11702052604247,364.0,-159.88297947395753
2024-10-14 07:00:00+00:00,222.02830354079572,426.0,-203.97169645920428
2024-10-14 08:00:00+00:00,255.4037930204133,479.0,-223.5962069795867
2024-10-14 09:00:00+00:00,307.3790664301144,499.0,-191.6209335698856
2024-10-14 10:00:00+00:00,397.12912327121006,539.0,-141.87087672878994
2024-10-14 11:00:00+00:00,382.5587786548724,523.0,-140.4412213451276
2024-10-14 12:00:00+00:00,404.1148304715141,559.0,-154.8851695284859
2024-10-14 13:00:00+00:00,354.06486304503926,530.0,-175.93513695496074
2024-10-14 14:00:00+00:00,384.1981325085122,568.0,-183.80186749148783
2024-10-14 15:00:00+00:00,538.7873257043324,745.0,-206.21267429566763
2024-10-14 16:00:00+00:00,774.4070619468523,852.0,-77.59293805314769
2024-10-14 17:00:00+00:00,1054.2735612186384,933.0,121.2735612186384
2024-10-14 18:00:00+00:00,1339.3541672513695,1317.0,22.354167251369518
2024-10-14 19:00:00+00:00,1433.7973248590456,1578.0,-144.2026751409544
2024-10-14 20:00:00+00:00,1508.8152391819667,1725.0,-216.18476081803328
2024-10-14 21:00:00+00:00,1601.0906044875062,2032.0,-430.9093955124938
2024-10-14 22:00:00+00:00,1690.3004203270373,2276.0,-585.6995796729627
2024-10-14 23:00:00+00:00,1670.6880964243212,2117.0,-446.3119035756788
2024-10-15 00:00:00+00:00,1724.2437098870234,2040.0,-315.75629011297656
2024-10-15 01:00:00+00:00,1735.799948370067,2240.0,-504.2000516299329
2024-10-15 02:00:00+00:00,1685.7507400772192,2755.0,-1069.2492599227808
2024-10-15 03:00:00+00:00,1607.950574503067,2504.0,-896.049425496933
2024-10-15 04:00:00+00:00,1524.3241632057743,2279.0,-754.6758367942257
2024-10-15 05:00:00+00:00,1479.0918730835635,2003.0,-523.9081269164365
2024-10-15 06:00:00+00:00,1555.688462352599,1996.0,-440.3115376474011
2024-10-15 07:00:00+00:00,1682.6795619302711,1927.0,-244.32043806972888
2024-10-15 08:00:00+00:00,1723.9904463476971,1753.0,-29.009553652302884
2024-10-15 09:00:00+00:00,1882.3442097662137,1559.0,323.3442097662137
2024-10-15 10:00:00+00:00,1552.755654224428,1533.0,19.7556542244281
2024-10-15 11:00:00+00:00,1441.3301684709454,1809.0,-367.6698315290546
2024-10-15 12:00:00+00:00,1477.3645598702403,1782.0,-304.6354401297597
2024-10-15 13:00:00+00:00,1600.568149193528,1758.0,-157.43185080647208
2024-10-15 14:00:00+00:00,1642.4065244648907,1672.0,-29.59347553510929
2024-10-15 15:00:00+00:00,1567.943856265458,1650.0,-82.05614373454205
2024-10-15 16:00:00+00:00,1572.291589966899,1702.0,-129.70841003310102
2024-10-15 17:00:00+00:00,1476.949375798061,1774.0,-297.05062420193894
2024-10-15 18:00:00+00:00,1450.91992859011,1764.0,-313.08007140989
2024-10-15 19:00:00+00:00,1457.152550773044,1523.0,-65.84744922695609
2024-10-15 20:00:00+00:00,1166.811456518206,1357.0,-190.1885434817941
2024-10-15 21:00:00+00:00,889.337480581021,1403.0,-513.662519418979
2024-10-15 22:00:00+00:00,697.8791854791046,1158.0,-460.12081452089535
2024-10-15 23:00:00+00:00,706.7049901470551,1130.0,-423.2950098529449
2024-10-16 00:00:00+00:00,723.7729316789026,987.0,-263.22706832109736
2024-10-16 01:00:00+00:00,702.1767014299269,996.0,-293.8232985700731
2024-10-16 02:00:00+00:00,774.6112837142686,911.0,-136.38871628573145
2024-10-16 03:00:00+00:00,824.9802479685527,970.0,-145.0197520314473
2024-10-16 04:00:00+00:00,858.841491326665,1113.0,-254.15850867333495
2024-10-16 05:00:00+00:00,887.2815634251125,1140.0,-252.7184365748875
2024-10-16 06:00:00+00:00,1036.242806740723,1220.0,-183.75719325927707
2024-10-16 07:00:00+00:00,1135.4872263353975,1325.0,-189.5127736646025
2024-10-16 08:00:00+00:00,1372.5229479439004,1455.0,-82.47705205609964
2024-10-16 09:00:00+00:00,1449.9664718295771,1609.0,-159.03352817042287
2024-10-16 10:00:00+00:00,1274.6779301821548,1800.0,-525.3220698178452
2024-10-16 11:00:00+00:00,1548.594108164234,1752.0,-203.40589183576594
2024-10-16 12:00:00+00:00,1681.568025998685,1733.0,-51.431974001314984
2024-10-16 13:00:00+00:00,2283.117060633212,1810.0,473.1170606332121
2024-10-16 14:00:00+00:00,2713.8620021637803,1918.0,795.8620021637803
2024-10-16 15:00:00+00:00,2443.5563897462503,2047.0,396.55638974625026
2024-10-16 16:00:00+00:00,2359.4697998074657,1801.0,558.4697998074657
2024-10-16 17:00:00+00:00,2190.48508667397,1800.0,390.4850866739698
2024-10-16 18:00:00+00:00,2031.4768108450464,2144.0,-112.52318915495357
2024-10-16 19:00:00+00:00,1717.8176819852556,2161.0,-443.1823180147444
2024-10-16 20:00:00+00:00,1518.494577054574,2135.0,-616.5054229454261
2024-10-16 21:00:00+00:00,1136.289225265561,2132.0,-995.7107747344389
2024-10-16 22:00:00+00:00,947.536879436072,2158.0,-1210.463120563928
2024-10-16 23:00:00+00:00,990.9101281612482,2246.0,-1255.0898718387518
2024-10-17 00:00:00+00:00,944.761320291622,2036.0,-1091.238679708378
2024-10-17 01:00:00+00:00,815.2701667465215,2150.0,-1334.7298332534785
2024-10-17 02:00:00+00:00,692.2953578089014,1935.0,-1242.7046421910986
2024-10-17 03:00:00+00:00,605.1180144408561,1859.0,-1253.881985559144
2024-10-17 04:00:00+00:00,490.9882367237241,1661.0,-1170.0117632762758
2024-10-17 05:00:00+00:00,456.5469595217753,1623.0,-1166.4530404782247
2024-10-17 06:00:00+00:00,459.1745969108608,1573.0,-1113.8254030891392
2024-10-17 07:00:00+00:00,470.8966223813149,1406.0,-935.103377618685
2024-10-17 08:00:00+00:00,454.5155964520153,1545.0,-1090.4844035479846
2024-10-17 09:00:00+00:00,454.46599710533656,1642.0,-1187.5340028946634
2024-10-17 10:00:00+00:00,522.5052071014989,1720.0,-1197.4947928985011
2024-10-17 11:00:00+00:00,496.46811670697366,1886.0,-1389.5318832930263
2024-10-17 12:00:00+00:00,529.1602324260895,1831.0,-1301.8397675739106
2024-10-17 13:00:00+00:00,337.12580099501656,1730.0,-1392.8741990049834
2024-10-17 14:00:00+00:00,321.850887602212,1623.0,-1301.149112397788
2024-10-17 15:00:00+00:00,397.7617036164578,1600.0,-1202.238296383542
2024-10-17 16:00:00+00:00,452.1353553323766,1836.0,-1383.8646446676235
2024-10-17 17:00:00+00:00,460.8964027679877,1890.0,-1429.1035972320124
2024-10-17 18:00:00+00:00,475.2124761104119,1613.0,-1137.787523889588
2024-10-17 19:00:00+00:00,444.2729761910131,1518.0,-1073.7270238089868
2024-10-17 20:00:00+00:00,364.5716356324144,1189.0,-824.4283643675856
2024-10-17 21:00:00+00:00,337.9652412772205,884.0,-546.0347587227795
2024-10-17 22:00:00+00:00,439.05860641120506,1038.0,-598.9413935887949
2024-10-17 23:00:00+00:00,582.9888107680954,1144.0,-561.0111892319046
2024-10-18 00:00:00+00:00,643.7224503716441,1324.0,-680.2775496283559
2024-10-18 01:00:00+00:00,604.1831447507589,1423.0,-818.8168552492411
2024-10-18 02:00:00+00:00,545.0051914589246,1607.0,-1061.9948085410754
2024-10-18 03:00:00+00:00,504.3365874453548,1506.0,-1001.6634125546452
2024-10-18 04:00:00+00:00,439.66867542740727,1395.0,-955.3313245725927
2024-10-18 05:00:00+00:00,337.5357208446232,1229.0,-891.4642791553767
2024-10-18 06:00:00+00:00,292.211168459066,999.0,-706.788831540934
2024-10-18 07:00:00+00:00,246.7681321296638,902.0,-655.2318678703361
2024-10-18 08:00:00+00:00,241.1732120281906,832.0,-590.8267879718094
2024-10-18 09:00:00+00:00,249.09261740156745,748.0,-498.90738259843255
2024-10-18 10:00:00+00:00,246.3532973625242,719.0,-472.6467026374758
2024-10-18 11:00:00+00:00,256.2463582254315,727.0,-470.7536417745685
2024-10-18 12:00:00+00:00,208.80635181873575,600.0,-391.1936481812643
2024-10-18 13:00:00+00:00,106.2125698144078,492.0,-385.7874301855922
2024-10-18 14:00:00+00:00,44.34042979165758,350.0,-305.6595702083424
2024-10-18 15:00:00+00:00,37.22779025598763,224.0,-186.77220974401237
2024-10-18 16:00:00+00:00,29.737194459047203,166.0,-136.2628055409528
2024-10-18 17:00:00+00:00,30.858485474885303,148.0,-117.1415145251147
2024-10-18 18:00:00+00:00,55.76712707387551,180.0,-124.23287292612449
2024-10-18 19:00:00+00:00,88.79092446900566,309.0,-220.20907553099434
2024-10-18 20:00:00+00:00,144.58508308611417,518.0,-373.4149169138858
2024-10-18 21:00:00+00:00,261.8421577838649,642.0,-380.1578422161351
2024-10-18 22:00:00+00:00,516.4537605864326,1122.0,-605.5462394135674
2024-10-18 23:00:00+00:00,680.2439150953436,1503.0,-822.7560849046564
2024-10-19 00:00:00+00:00,815.5887871393983,1915.0,-1099.4112128606016
2024-10-19 01:00:00+00:00,877.3070182341336,2159.0,-1281.6929817658665
2024-10-19 02:00:00+00:00,914.6278568137554,2329.0,-1414.3721431862446
2024-10-19 03:00:00+00:00,934.2752321763168,2403.0,-1468.7247678236831
2024-10-19 04:00:00+00:00,932.1866179234944,2437.0,-1504.8133820765056
2024-10-19 05:00:00+00:00,915.9379088313732,2561.0,-1645.062091168627
2024-10-19 06:00:00+00:00,914.2794308935928,2615.0,-1700.7205691064073
2024-10-19 07:00:00+00:00,928.3814782580998,2315.0,-1386.6185217419002
2024-10-19 08:00:00+00:00,977.2241569886444,2270.0,-1292.7758430113556
2024-10-19 09:00:00+00:00,1005.858900037656,2172.0,-1166.141099962344
2024-10-19 10:00:00+00:00,1062.1278946426935,2040.0,-977.8721053573065
2024-10-19 11:00:00+00:00,1078.1578674610814,2114.0,-1035.8421325389186
2024-10-19 12:00:00+00:00,1019.7024851507334,2128.0,-1108.2975148492665
2024-10-19 13:00:00+00:00,846.2851718773268,2172.0,-1325.7148281226732
2024-10-19 14:00:00+00:00,478.586370015768,1795.0,-1316.413629984232
2024-10-19 15:00:00+00:00,418.0868262189401,1558.0,-1139.9131737810599
2024-10-19 16:00:00+00:00,430.0609999345196,1486.0,-1055.9390000654803
2024-10-19 17:00:00+00:00,484.3780493804116,1612.0,-1127.6219506195885
2024-10-19 18:00:00+00:00,539.1026541038898,1561.0,-1021.8973458961102
2024-10-19 19:00:00+00:00,644.0743769902839,1501.0,-856.9256230097161
2024-10-19 20:00:00+00:00,833.8355033064838,1488.0,-654.1644966935162
2024-10-19 21:00:00+00:00,1216.3296506697386,1646.0,-429.6703493302614
2024-10-19 22:00:00+00:00,1564.198429856258,2201.0,-636.8015701437421
2024-10-19 23:00:00+00:00,1801.72068549599,2602.0,-800.27931450401
2024-10-20 00:00:00+00:00,1859.246875484553,2411.0,-551.7531245154471
2024-10-20 01:00:00+00:00,1829.0264285742503,2486.0,-656.9735714257497
2024-10-20 02:00:00+00:00,1753.2395156396751,2590.0,-836.7604843603249
2024-10-20 03:00:00+00:00,1648.0421435116468,2721.0,-1072.9578564883532
2024-10-20 04:00:00+00:00,1557.6050207558762,2592.0,-1034.3949792441238
2024-10-20 05:00:00+00:00,1420.146566178884,2504.0,-1083.853433821116
2024-10-20 06:00:00+00:00,1298.2249854028578,2318.0,-1019.7750145971422
2024-10-20 07:00:00+00:00,1188.4783191182412,2427.0,-1238.5216808817588
2024-10-20 08:00:00+00:00,1068.5364609765695,2183.0,-1114.4635390234305
2024-10-20 09:00:00+00:00,977.171222445902,1835.0,-857.828777554098
2024-10-20 10:00:00+00:00,913.0241917246248,1493.0,-579.9758082753752
2024-10-20 11:00:00+00:00,915.9578792572308,1491.0,-575.0421207427692
2024-10-20 12:00:00+00:00,898.634271402006,1415.0,-516.365728597994
2024-10-20 13:00:00+00:00,900.6099535065091,1357.0,-456.3900464934909
2024-10-20 14:00:00+00:00,614.8323594689366,1224.0,-609.1676405310634
2024-10-20 15:00:00+00:00,690.5828028100474,1202.0,-511.4171971899526
2024-10-20 16:00:00+00:00,854.8733978225778,1382.0,-527.1266021774222
2024-10-20 17:00:00+00:00,941.7461564958936,1661.0,-719.2538435041064
2024-10-20 18:00:00+00:00,1149.568269863569,1599.0,-449.43173013643104
2024-10-20 19:00:00+00:00,1251.7808339558708,1744.0,-492.2191660441292
2024-10-20 20:00:00+00:00,1438.766996238453,1834.0,-395.233003761547
2024-10-20 21:00:00+00:00,1723.8558256071642,1789.0,-65.1441743928358
2024-10-20 22:00:00+00:00,1900.458900298368,1981.0,-80.54109970163199
2024-10-20 23:00:00+00:00,2000.1792942397244,2240.0,-239.8207057602756
2024-10-21 00:00:00+00:00,2148.8527932726365,2750.0,-601.1472067273635
2024-10-21 01:00:00+00:00,2100.799911996026,2970.0,-869.2000880039741
2024-10-21 02:00:00+00:00,2096.5009433583823,2921.0,-824.4990566416177
2024-10-21 03:00:00+00:00,1975.1835297311904,2920.0,-944.8164702688096
2024-10-21 04:00:00+00:00,1816.8196570574935,2856.0,-1039.1803429425065
2024-10-21 05:00:00+00:00,1681.067134303177,2705.0,-1023.932865696823
2024-10-21 06:00:00+00:00,1488.9898941590145,2483.0,-994.0101058409855
2024-10-21 07:00:00+00:00,1306.8444697875357,2482.0,-1175.1555302124643
2024-10-21 08:00:00+00:00,1160.4297961396658,2354.0,-1193.5702038603342
2024-10-21 09:00:00+00:00,1039.6427056047028,2142.0,-1102.3572943952972
2024-10-21 10:00:00+00:00,981.4706146056571,2020.0,-1038.5293853943429
2024-10-21 11:00:00+00:00,976.4571509913984,1955.0,-978.5428490086016
2024-10-21 12:00:00+00:00,902.910914700495,1799.0,-896.089085299505
2024-10-21 13:00:00+00:00,748.8669850865094,1617.0,-868.1330149134906
2024-10-21 14:00:00+00:00,673.810642440253,1429.0,-755.189357559747
2024-10-21 15:00:00+00:00,763.23771412015,1501.0,-737.76228587985
2024-10-21 16:00:00+00:00,870.5032587814076,1783.0,-912.4967412185924
2024-10-21 17:00:00+00:00,1021.940837986917,2031.0,-1009.059162013083
2024-10-21 18:00:00+00:00,1427.711567208636,2200.0,-772.2884327913639
2024-10-21 19:00:00+00:00,1343.9041453197365,2624.0,-1280.0958546802635
2024-10-21 20:00:00+00:00,946.9341926127532,2797.0,-1850.0658073872469
2024-10-21 21:00:00+00:00,979.323331254748,2474.0,-1494.6766687452518
2024-10-21 22:00:00+00:00,1357.5407923142614,2397.0,-1039.4592076857386
2024-10-21 23:00:00+00:00,1314.20199051198,2431.0,-1116.79800948802
2024-10-22 00:00:00+00:00,1358.8358351153463,2445.0,-1086.1641648846537
2024-10-22 01:00:00+00:00,1215.245913055313,2310.0,-1094.754086944687
2024-10-22 02:00:00+00:00,986.3567792244758,1986.0,-999.6432207755242
2024-10-22 03:00:00+00:00,735.6591694509713,1575.0,-839.3408305490287
2024-10-22 04:00:00+00:00,609.7067437913861,1267.0,-657.2932562086139
2024-10-22 05:00:00+00:00,515.5573936614006,1030.0,-514.4426063385994
2024-10-22 06:00:00+00:00,452.50598002210734,1039.0,-586.4940199778927
2024-10-22 07:00:00+00:00,422.0485917790411,879.0,-456.9514082209589
2024-10-22 08:00:00+00:00,372.0674678076917,902.0,-529.9325321923084
2024-10-22 09:00:00+00:00,297.3075303522736,880.0,-582.6924696477264
2024-10-22 10:00:00+00:00,237.94676366136525,669.0,-431.05323633863475
2024-10-22 11:00:00+00:00,185.90233818159868,633.0,-447.0976618184013
2024-10-22 12:00:00+00:00,118.31885561655672,543.0,-424.68114438344327
2024-10-22 13:00:00+00:00,59.442317062308106,423.0,-363.5576829376919
2024-10-22 14:00:00+00:00,24.22707207697825,387.0,-362.77292792302177
2024-10-22 15:00:00+00:00,33.13187236482018,413.0,-379.8681276351798
2024-10-22 16:00:00+00:00,45.86459906062305,435.0,-389.13540093937695
2024-10-22 17:00:00+00:00,65.61069801784029,454.0,-388.38930198215974
2024-10-22 18:00:00+00:00,120.50558583261322,526.0,-405.49441416738676
2024-10-22 19:00:00+00:00,167.14875207990286,636.0,-468.85124792009714
2024-10-22 20:00:00+00:00,194.3754081770816,796.0,-601.6245918229184
2024-10-22 21:00:00+00:00,328.47929406927653,1140.0,-811.5207059307235
2024-10-22 22:00:00+00:00,539.2784215651617,1651.0,-1111.7215784348382
2024-10-22 23:00:00+00:00,850.65533740315,2238.0,-1387.34466259685
2024-10-23 00:00:00+00:00,1196.162890797672,2367.0,-1170.837109202328
2024-10-23 01:00:00+00:00,1470.8171799470208,2540.0,-1069.1828200529792
2024-10-23 02:00:00+00:00,1703.0517776524773,2693.0,-989.9482223475227
2024-10-23 03:00:00+00:00,1890.657522407688,2754.0,-863.342477592312
2024-10-23 04:00:00+00:00,2017.398001455107,2781.0,-763.6019985448929
2024-10-23 05:00:00+00:00,2105.9858826247178,2789.0,-683.0141173752822
2024-10-23 06:00:00+00:00,2158.5591743008126,2751.0,-592.4408256991874
2024-10-23 07:00:00+00:00,2143.9200318839125,2777.0,-633.0799681160875
2024-10-23 08:00:00+00:00,2149.1245141933814,2616.0,-466.8754858066186
2024-10-23 09:00:00+00:00,2122.2882402102387,2482.0,-359.71175978976135
2024-10-23 10:00:00+00:00,2013.809968116464,2563.0,-549.190031883536
2024-10-23 11:00:00+00:00,2081.0622316183253,2659.0,-577.9377683816747
2024-10-23 12:00:00+00:00,2060.3380290483506,2672.0,-611.6619709516494
2024-10-23 13:00:00+00:00,1868.8629319964016,2897.0,-1028.1370680035984
2024-10-23 14:00:00+00:00,1746.5215787285913,2784.0,-1037.4784212714087
2024-10-23 15:00:00+00:00,1648.1055886751026,2760.0,-1111.8944113248974
2024-10-23 16:00:00+00:00,1840.4717201525912,2754.0,-913.5282798474088
2024-10-23 17:00:00+00:00,2047.7942185138904,2802.0,-754.2057814861096
2024-10-23 18:00:00+00:00,2021.9824101672737,2557.0,-535.0175898327263
2024-10-23 19:00:00+00:00,2032.1191162133043,2624.0,-591.8808837866957
2024-10-23 20:00:00+00:00,2459.470965671503,2604.0,-144.5290343284969
2024-10-23 21:00:00+00:00,2392.0667171938594,2476.0,-83.9332828061406
2024-10-23 22:00:00+00:00,2154.247453430432,2507.0,-352.75254656956804
2024-10-23 23:00:00+00:00,2290.6187725759246,2478.0,-187.3812274240754
2024-10-24 00:00:00+00:00,2376.597519763336,2525.0,-148.4024802366639
2024-10-24 01:00:00+00:00,2190.120439390985,2529.0,-338.8795606090148
2024-10-24 02:00:00+00:00,2029.62981574363,2592.0,-562.3701842563701
2024-10-24 03:00:00+00:00,1651.0326697370754,2381.0,-729.9673302629246
2024-10-24 04:00:00+00:00,1427.912740064621,2191.0,-763.087259935379
2024-10-24 05:00:00+00:00,1195.9561507602214,1804.0,-608.0438492397786
2024-10-24 06:00:00+00:00,1028.4236571507754,1775.0,-746.5763428492246
2024-10-24 07:00:00+00:00,911.4606973029156,1571.0,-659.5393026970844
2024-10-24 08:00:00+00:00,900.3652235854695,1522.0,-621.6347764145305
2024-10-24 09:00:00+00:00,775.7911279055253,1454.0,-678.2088720944747
2024-10-24 10:00:00+00:00,526.608724037607,1345.0,-818.391275962393
2024-10-24 11:00:00+00:00,642.2736909328165,1240.0,-597.7263090671835
2024-10-24 12:00:00+00:00,617.1984421703934,1262.0,-644.8015578296066
2024-10-24 13:00:00+00:00,605.9077004613746,929.0,-323.0922995386254
2024-10-24 14:00:00+00:00,457.6858924023064,631.0,-173.31410759769358
2024-10-24 15:00:00+00:00,338.8251469074451,481.0,-142.17485309255488
2024-10-24 16:00:00+00:00,235.9340242024411,420.0,-184.0659757975589
2024-10-24 17:00:00+00:00,195.4648206052022,412.0,-216.5351793947978
2024-10-24 18:00:00+00:00,170.36642578116704,477.0,-306.63357421883296
2024-10-24 19:00:00+00:00,180.4790329822366,382.0,-201.5209670177634
2024-10-24 20:00:00+00:00,224.94860719532983,355.0,-130.05139280467017
2024-10-24 21:00:00+00:00,230.6443272339889,367.0,-136.3556727660111
2024-10-24 22:00:00+00:00,314.211803868228,593.0,-278.788196131772
2024-10-24 23:00:00+00:00,494.4888940390928,822.0,-327.5111059609072
2024-10-25 00:00:00+00:00,513.6670085526938,1181.0,-667.3329914473062
2024-10-25 01:00:00+00:00,463.7361236015229,1039.0,-575.2638763984771
2024-10-25 02:00:00+00:00,442.3850873214575,855.0,-412.6149126785425
2024-10-25 03:00:00+00:00,408.0637466227206,758.0,-349.9362533772794
2024-10-25 04:00:00+00:00,384.7120591981288,657.0,-272.2879408018712
2024-10-25 05:00:00+00:00,413.1740995225557,734.0,-320.8259004774443
2024-10-25 06:00:00+00:00,436.4019859838027,744.0,-307.5980140161973
2024-10-25 07:00:00+00:00,450.48001471888745,726.0,-275.51998528111255
2024-10-25 08:00:00+00:00,375.0422501401742,636.0,-260.9577498598258
2024-10-25 09:00:00+00:00,364.3742641493272,619.0,-254.6257358506728
2024-10-25 10:00:00+00:00,378.71416744533326,603.0,-224.28583255466674
2024-10-25 11:00:00+00:00,389.8377629483028,696.0,-306.1622370516972
2024-10-25 12:00:00+00:00,346.6472425056197,734.0,-387.3527574943803
2024-10-25 13:00:00+00:00,190.64008526005944,448.0,-257.35991473994056
2024-10-25 14:00:00+00:00,168.43620094387092,177.0,-8.563799056129085
2024-10-25 15:00:00+00:00,144.09977020787244,133.0,11.099770207872439
2024-10-25 16:00:00+00:00,91.40227606146578,136.0,-44.597723938534216
2024-10-25 17:00:00+00:00,47.21862058014022,87.0,-39.78137941985978
2024-10-25 18:00:00+00:00,38.75416701688855,47.0,-8.245832983111448
2024-10-25 19:00:00+00:00,31.224217620334414,53.0,-21.775782379665586
2024-10-25 20:00:00+00:00,26.82005699622674,56.0,-29.17994300377326
2024-10-25 21:00:00+00:00,30.96141199428137,73.0,-42.03858800571863
2024-10-25 22:00:00+00:00,64.07511230608254,133.0,-68.92488769391746
2024-10-25 23:00:00+00:00,80.53633205787752,121.0,-40.463667942122484
2024-10-26 00:00:00+00:00,86.66132479677303,131.0,-44.33867520322697
2024-10-26 01:00:00+00:00,64.20041052271904,224.0,-159.79958947728096
2024-10-26 02:00:00+00:00,52.61606263306941,203.0,-150.38393736693058
2024-10-26 03:00:00+00:00,125.84796633652616,170.0,-44.152033663473844
2024-10-26 04:00:00+00:00,203.63454314539197,189.0,14.634543145391973
2024-10-26 05:00:00+00:00,264.3819235881634,402.0,-137.61807641183663
2024-10-26 06:00:00+00:00,344.0777457097594,774.0,-429.9222542902406
2024-10-26 07:00:00+00:00,449.4041216861496,1050.0,-600.5958783138503
2024-10-26 08:00:00+00:00,505.46244173147,1285.0,-779.53755826853
2024-10-26 09:00:00+00:00,616.395339752586,1515.0,-898.604660247414
2024-10-26 10:00:00+00:00,703.0226179247632,1704.0,-1000.9773820752368
2024-10-26 11:00:00+00:00,897.97377726268,1913.0,-1015.02622273732
2024-10-26 12:00:00+00:00,1095.285782520301,2064.0,-968.7142174796991
2024-10-26 13:00:00+00:00,1161.8594984886258,1952.0,-790.1405015113742
2024-10-26 14:00:00+00:00,1362.046013684302,1917.0,-554.9539863156981
2024-10-26 15:00:00+00:00,1467.899602723607,2111.0,-643.1003972763931
2024-10-26 16:00:00+00:00,1656.708268676688,2210.0,-553.291731323312
2024-10-26 17:00:00+00:00,1681.553533474461,2429.0,-747.4464665255391
2024-10-26 18:00:00+00:00,1833.04577488595,2146.0,-312.9542251140499
2024-10-26 19:00:00+00:00,2070.8054107626745,2602.0,-531.1945892373255
2024-10-26 20:00:00+00:00,2137.3334123338013,2331.0,-193.66658766619867
2024-10-26 21:00:00+00:00,1841.1055382382535,2395.0,-553.8944617617465
2024-10-26 22:00:00+00:00,1761.1863602658636,2545.0,-783.8136397341364
2024-10-26 23:00:00+00:00,1911.9111103407724,2517.0,-605.0888896592276
2024-10-27 00:00:00+00:00,2093.999891460038,2921.0,-827.0001085399622
2024-10-27 01:00:00+00:00,2154.0092151194403,3013.0,-858.9907848805597
2024-10-27 02:00:00+00:00,2192.376767258228,2989.0,-796.623232741772
2024-10-27 03:00:00+00:00,2234.5807307524783,2976.0,-741.4192692475217
2024-10-27 04:00:00+00:00,2136.9277074605448,3108.0,-971.0722925394552
2024-10-27 05:00:00+00:00,2064.719922286471,3059.0,-994.280077713529
2024-10-27 06:00:00+00:00,1997.1979806341828,3139.0,-1141.8020193658172
2024-10-27 07:00:00+00:00,1955.6037193228776,2628.0,-672.3962806771224
2024-10-27 08:00:00+00:00,1808.3920030484187,2638.0,-829.6079969515813
2024-10-27 09:00:00+00:00,1748.435507564515,2569.0,-820.5644924354849
2024-10-27 10:00:00+00:00,1608.6616517900518,2487.0,-878.3383482099482
2024-10-27 11:00:00+00:00,1587.8230073930083,2776.0,-1188.1769926069917
2024-10-27 12:00:00+00:00,1363.0562402785456,2458.0,-1094.9437597214544
2024-10-27 13:00:00+00:00,1844.060059634948,2436.0,-591.939940365052
2024-10-27 14:00:00+00:00,1922.7242528294132,2086.0,-163.27574717058678
2024-10-27 15:00:00+00:00,2137.907514194705,2559.0,-421.0924858052949
2024-10-27 16:00:00+00:00,2234.943820738466,2711.0,-476.056179261534
2024-10-27 17:00:00+00:00,2194.491694434173,2779.0,-584.508305565827
2024-10-27 18:00:00+00:00,2108.55306494921,2656.0,-547.4469350507902
2024-10-27 19:00:00+00:00,2037.0252877819453,2759.0,-721.9747122180547
2024-10-27 20:00:00+00:00,1883.0507471956623,2787.0,-903.9492528043377
2024-10-27 21:00:00+00:00,1605.7764396893,2535.0,-929.2235603106999
2024-10-27 22:00:00+00:00,780.4848061485225,2517.0,-1736.5151938514775
2024-10-27 23:00:00+00:00,885.70536730442,2443.0,-1557.29463269558
2024-10-28 00:00:00+00:00,1148.1102751966691,2622.0,-1473.8897248033309
2024-10-28 01:00:00+00:00,1120.3311580365562,2454.0,-1333.6688419634438
2024-10-28 02:00:00+00:00,1085.3874129633336,2357.0,-1271.6125870366664
2024-10-28 03:00:00+00:00,1007.2934325328036,2405.0,-1397.7065674671962
2024-10-28 04:00:00+00:00,1019.58484398778,2398.0,-1378.41515601222
2024-10-28 05:00:00+00:00,1093.4798910133518,2480.0,-1386.5201089866482
2024-10-28 06:00:00+00:00,1138.939067947848,2462.0,-1323.060932052152
2024-10-28 07:00:00+00:00,1137.792396019169,2507.0,-1369.207603980831
2024-10-28 08:00:00+00:00,1187.5352134845916,2470.0,-1282.4647865154084
2024-10-28 09:00:00+00:00,1137.003797368183,2541.0,-1403.996202631817
2024-10-28 10:00:00+00:00,1257.557568935462,2438.0,-1180.442431064538
2024-10-28 11:00:00+00:00,1204.6409046898502,2361.0,-1156.3590953101498
2024-10-28 12:00:00+00:00,925.446419412796,2191.0,-1265.5535805872041
2024-10-28 13:00:00+00:00,1159.5243792269134,1823.0,-663.4756207730866
2024-10-28 14:00:00+00:00,1784.9277490070624,1888.0,-103.0722509929376
2024-10-28 15:00:00+00:00,1694.6076162390448,1745.0,-50.39238376095523
2024-10-28 16:00:00+00:00,1490.3027665256784,1671.0,-180.6972334743216
2024-10-28 17:00:00+00:00,1401.6974901406636,1619.0,-217.3025098593364
2024-10-28 18:00:00+00:00,1417.8494417814793,1644.0,-226.1505582185207
2024-10-28 19:00:00+00:00,1282.5354063106422,1522.0,-239.4645936893578
2024-10-28 20:00:00+00:00,869.1529563464724,1486.0,-616.8470436535276
2024-10-28 21:00:00+00:00,655.8288741670254,1240.0,-584.1711258329746
2024-10-28 22:00:00+00:00,515.0894980023179,1134.0,-618.9105019976821
2024-10-28 23:00:00+00:00,511.27776493189873,1214.0,-702.7222350681013
2024-10-29 00:00:00+00:00,501.745737874713,1111.0,-609.254262125287
2024-10-29 01:00:00+00:00,399.9736813852259,975.0,-575.026318614774
2024-10-29 02:00:00+00:00,338.8469613617335,813.0,-474.1530386382665
2024-10-29 03:00:00+00:00,319.3731074654707,711.0,-391.6268925345293
2024-10-29 04:00:00+00:00,305.52517832882666,625.0,-319.47482167117334
2024-10-29 05:00:00+00:00,315.39864475757616,508.0,-192.60135524242384
2024-10-29 06:00:00+00:00,310.1869554517576,414.0,-103.81304454824237
2024-10-29 07:00:00+00:00,308.84416062148244,378.0,-69.15583937851756
2024-10-29 08:00:00+00:00,315.319621442534,404.0,-88.68037855746599
2024-10-29 09:00:00+00:00,306.51284221101537,483.0,-176.48715778898463
2024-10-29 10:00:00+00:00,364.22233571852337,519.0,-154.77766428147663
2024-10-29 11:00:00+00:00,374.2371929404563,570.0,-195.76280705954372
2024-10-29 12:00:00+00:00,429.7818638719377,565.0,-135.21813612806233
2024-10-29 13:00:00+00:00,427.3034586210454,627.0,-199.69654137895458
2024-10-29 14:00:00+00:00,300.3698071457759,509.0,-208.6301928542241
2024-10-29 15:00:00+00:00,206.7323337012227,360.0,-153.2676662987773
2024-10-29 16:00:00+00:00,220.23941504785543,346.0,-125.76058495214457
2024-10-29 17:00:00+00:00,235.73699602236243,346.0,-110.26300397763757
2024-10-29 18:00:00+00:00,260.2494940096335,379.0,-118.75050599036649
2024-10-29 19:00:00+00:00,339.2709009509148,443.0,-103.72909904908522
2024-10-29 20:00:00+00:00,437.6853084147023,579.0,-141.31469158529768
2024-10-29 21:00:00+00:00,665.2698830250922,821.0,-155.7301169749078
2024-10-29 22:00:00+00:00,800.8652716029625,1197.0,-396.1347283970375
2024-10-29 23:00:00+00:00,1063.8163992394266,1385.0,-321.1836007605734
2024-10-30 00:00:00+00:00,1127.2862393225398,1592.0,-464.7137606774602
2024-10-30 01:00:00+00:00,1186.070876893389,1813.0,-626.9291231066111
2024-10-30 02:00:00+00:00,1205.219308203178,2057.0,-851.7806917968221
2024-10-30 03:00:00+00:00,1274.8013732838492,2246.0,-971.1986267161508
2024-10-30 04:00:00+00:00,1341.1185227424965,2283.0,-941.8814772575035
2024-10-30 05:00:00+00:00,1440.17966334851,2349.0,-908.8203366514899
2024-10-30 06:00:00+00:00,1541.8063695663668,2424.0,-882.1936304336332
2024-10-30 07:00:00+00:00,1517.4353919664104,2493.0,-975.5646080335896
2024-10-30 08:00:00+00:00,1485.3590411902885,2445.0,-959.6409588097115
2024-10-30 09:00:00+00:00,1534.8187052762923,2417.0,-882.1812947237077
2024-10-30 10:00:00+00:00,1174.5271625512776,2460.0,-1285.4728374487224
2024-10-30 11:00:00+00:00,1332.7764086639063,2528.0,-1195.2235913360937
2024-10-30 12:00:00+00:00,1486.883886108877,2628.0,-1141.116113891123
2024-10-30 13:00:00+00:00,1630.9698907206875,2419.0,-788.0301092793125
2024-10-30 14:00:00+00:00,1703.7732906382228,2400.0,-696.2267093617772
2024-10-30 15:00:00+00:00,1726.9962964352364,2681.0,-954.0037035647636
2024-10-30 16:00:00+00:00,1848.62157914271,2739.0,-890.3784208572899
2024-10-30 17:00:00+00:00,1899.331426325572,2786.0,-886.668573674428
2024-10-30 18:00:00+00:00,2050.488784589352,2409.0,-358.5112154106482
2024-10-30 19:00:00+00:00,2183.713701707658,2469.0,-285.28629829234205
2024-10-30 20:00:00+00:00,2236.8017504014547,2417.0,-180.19824959854532
2024-10-30 21:00:00+00:00,2336.069246738004,2592.0,-255.93075326199596
2024-10-30 22:00:00+00:00,2246.8993210791823,2616.0,-369.1006789208177
2024-10-30 23:00:00+00:00,2496.390202109452,2580.0,-83.60979789054818
2024-10-31 00:00:00+00:00,2562.783467090581,2673.0,-110.21653290941913
2024-10-31 01:00:00+00:00,2688.9555321791886,2670.0,18.955532179188594
2024-10-31 02:00:00+00:00,2691.404616343216,2710.0,-18.59538365678418
2024-10-31 03:00:00+00:00,2706.9060317680983,2776.0,-69.09396823190173
2024-10-31 04:00:00+00:00,2638.839477160815,2703.0,-64.16052283918498
2024-10-31 05:00:00+00:00,2534.96672954032,3021.0,-486.0332704596799
2024-10-31 06:00:00+00:00,2505.459700008943,3107.0,-601.540299991057
2024-10-31 07:00:00+00:00,2376.996002803921,3008.0,-631.0039971960791
2024-10-31 08:00:00+00:00,2182.011426204228,2890.0,-707.988573795772
2024-10-31 09:00:00+00:00,1970.070535314744,2788.0,-817.9294646852561
2024-10-31 10:00:00+00:00,1787.0377031892708,2468.0,-680.9622968107292
2024-10-31 11:00:00+00:00,1827.0168798919549,2305.0,-477.9831201080451
2024-10-31 12:00:00+00:00,1684.262791021733,1994.0,-309.73720897826706
2024-10-31 13:00:00+00:00,1367.7411642528475,1577.0,-209.2588357471525
2024-10-31 14:00:00+00:00,1017.4465079886694,1420.0,-402.5534920113306
2024-10-31 15:00:00+00:00,747.2352212552313,1325.0,-577.7647787447687
2024-10-31 16:00:00+00:00,703.4841911865008,1135.0,-431.51580881349923
2024-10-31 17:00:00+00:00,559.9271402098452,818.0,-258.0728597901548
2024-10-31 18:00:00+00:00,546.1820179797244,869.0,-322.8179820202756
2024-10-31 19:00:00+00:00,465.9377849405649,833.0,-367.0622150594351
2024-10-31 20:00:00+00:00,557.2380601739984,840.0,-282.7619398260016
2024-10-31 21:00:00+00:00,579.8367212000378,871.0,-291.1632787999622
2024-10-31 22:00:00+00:00,590.147349831498,1036.0,-445.852650168502
2024-10-31 23:00:00+00:00,705.8907643482491,1088.0,-382.10923565175085
2024-11-01 00:00:00+00:00,798.0309035171534,1204.0,-405.96909648284657
2024-11-01 01:00:00+00:00,833.0226202307734,1240.0,-406.97737976922656
2024-11-01 02:00:00+00:00,752.8673191158675,1150.0,-397.13268088413247
2024-11-01 03:00:00+00:00,878.4494559331803,962.0,-83.55054406681973
2024-11-01 04:00:00+00:00,1139.737124401679,945.0,194.737124401679
2024-11-01 05:00:00+00:00,1138.5515691298422,967.0,171.55156912984216
2024-11-01 06:00:00+00:00,1011.0486200700934,974.0,37.04862007009342
2024-11-01 07:00:00+00:00,812.5538831028913,1003.0,-190.4461168971087
2024-11-01 08:00:00+00:00,735.6710357481393,849.0,-113.32896425186073
2024-11-01 09:00:00+00:00,762.1330208586841,855.0,-92.86697914131594
2024-11-01 10:00:00+00:00,560.7930455933732,1073.0,-512.2069544066268
2024-11-01 11:00:00+00:00,448.0498486906639,956.0,-507.9501513093361
2024-11-01 12:00:00+00:00,301.7411538883544,937.0,-635.2588461116457
2024-11-01 13:00:00+00:00,300.6726335045221,738.0,-437.3273664954779
2024-11-01 14:00:00+00:00,341.218586247038,685.0,-343.781413752962
2024-11-01 15:00:00+00:00,349.6017997227384,687.0,-337.3982002772616
2024-11-01 16:00:00+00:00,441.8233549836083,653.0,-211.17664501639172
2024-11-01 17:00:00+00:00,491.2833488294316,621.0,-129.7166511705684
2024-11-01 18:00:00+00:00,605.5505763811904,753.0,-147.44942361880965
2024-11-01 19:00:00+00:00,994.5618765213064,788.0,206.56187652130643
2024-11-01 20:00:00+00:00,944.8087104812092,915.0,29.808710481209232
2024-11-01 21:00:00+00:00,1023.46968041637,1102.0,-78.53031958362999
2024-11-01 22:00:00+00:00,705.7999019464567,1215.0,-509.20009805354334
2024-11-01 23:00:00+00:00,802.823299367082,1223.0,-420.176700632918
2024-11-02 00:00:00+00:00,905.1397709998196,1222.0,-316.8602290001804
2024-11-02 01:00:00+00:00,868.9247041181321,1276.0,-407.0752958818679
2024-11-02 02:00:00+00:00,755.0983923603529,1153.0,-397.90160763964707
2024-11-02 03:00:00+00:00,636.7546626776096,1027.0,-390.24533732239036
2024-11-02 04:00:00+00:00,509.1292658857134,924.0,-414.8707341142866
2024-11-02 05:00:00+00:00,504.25703158240606,735.0,-230.74296841759394
2024-11-02 06:00:00+00:00,537.2255718939413,746.0,-208.77442810605874
2024-11-02 07:00:00+00:00,542.2334633834853,678.0,-135.7665366165147
2024-11-02 08:00:00+00:00,499.51261110388447,718.0,-218.48738889611553
2024-11-02 09:00:00+00:00,434.3347247126572,734.0,-299.6652752873428
2024-11-02 10:00:00+00:00,422.5845293208108,708.0,-285.4154706791892
2024-11-02 11:00:00+00:00,411.3829279971149,711.0,-299.6170720028851
2024-11-02 12:00:00+00:00,371.0276534919325,747.0,-375.9723465080675
2024-11-02 13:00:00+00:00,454.3484698982548,745.0,-290.6515301017452
2024-11-02 14:00:00+00:00,394.5652919124028,730.0,-335.4347080875972
2024-11-02 15:00:00+00:00,322.154323393075,788.0,-465.845676606925
2024-11-02 16:00:00+00:00,340.2821514240783,793.0,-452.7178485759217
2024-11-02 17:00:00+00:00,404.1474378818478,800.0,-395.8525621181522
2024-11-02 18:00:00+00:00,475.89856028253496,900.0,-424.10143971746504
2024-11-02 19:00:00+00:00,511.7619949713987,924.0,-412.2380050286013
2024-11-02 20:00:00+00:00,477.1438734335396,960.0,-482.8561265664604
2024-11-02 21:00:00+00:00,407.8115852956023,1075.0,-667.1884147043977
2024-11-02 22:00:00+00:00,388.4591728727656,1205.0,-816.5408271272345
2024-11-02 23:00:00+00:00,448.4247699802642,1301.0,-852.5752300197357
2024-11-03 00:00:00+00:00,529.678747710222,1468.0,-938.321252289778
2024-11-03 01:00:00+00:00,546.0897251690134,1619.0,-1072.9102748309865
2024-11-03 02:00:00+00:00,542.4214006107741,1617.0,-1074.578599389226
2024-11-03 03:00:00+00:00,545.0545891750713,1668.0,-1122.9454108249288
2024-11-03 04:00:00+00:00,544.8669481026038,1571.0,-1026.1330518973962
2024-11-03 06:00:00+00:00,507.9457444037653,1417.0,-909.0542555962347
2024-11-03 07:00:00+00:00,510.1355619550891,1423.0,-912.8644380449109
2024-11-03 08:00:00+00:00,501.0214105010454,1466.0,-964.9785894989545
2024-11-03 09:00:00+00:00,487.3504943868188,1450.0,-962.6495056131812
2024-11-03 10:00:00+00:00,507.2607812613577,1298.0,-790.7392187386423
2024-11-03 11:00:00+00:00,474.94805865142325,1253.0,-778.0519413485767
2024-11-03 12:00:00+00:00,443.22506991992105,1220.0,-776.774930080079
2024-11-03 13:00:00+00:00,536.6158290351536,1219.0,-682.3841709648464
2024-11-03 14:00:00+00:00,642.5058846344212,1159.0,-516.4941153655788
2024-11-03 15:00:00+00:00,585.1906979073913,1088.0,-502.80930209260873
2024-11-03 16:00:00+00:00,587.7916704100872,1090.0,-502.20832958991275
2024-11-03 17:00:00+00:00,646.0096616234755,1148.0,-501.9903383765245
2024-11-03 18:00:00+00:00,727.6072030313234,1387.0,-659.3927969686766
2024-11-03 19:00:00+00:00,829.8685754404729,1485.0,-655.1314245595271
2024-11-03 20:00:00+00:00,664.4354615754522,1472.0,-807.5645384245478
2024-11-03 21:00:00+00:00,507.6356035662657,1237.0,-729.3643964337343
2024-11-03 22:00:00+00:00,503.65755158408285,1152.0,-648.3424484159171
2024-11-03 23:00:00+00:00,445.5197265893904,1243.0,-797.4802734106096
2024-11-04 00:00:00+00:00,471.11225339350455,1310.0,-838.8877466064955
2024-11-04 01:00:00+00:00,390.095524358129,1259.0,-868.9044756418709
2024-11-04 02:00:00+00:00,319.27957776250224,1205.0,-885.7204222374978
2024-11-04 03:00:00+00:00,279.73539926902595,1050.0,-770.264600730974
2024-11-04 04:00:00+00:00,250.2476237966042,979.0,-728.7523762033958
2024-11-04 05:00:00+00:00,196.3868428701769,876.0,-679.6131571298231
2024-11-04 06:00:00+00:00,172.46917099127933,818.0,-645.5308290087207
2024-11-04 07:00:00+00:00,166.51373710127805,815.0,-648.486262898722
2024-11-04 08:00:00+00:00,181.24638710904767,828.0,-646.7536128909524
2024-11-04 09:00:00+00:00,206.6235562993913,878.0,-671.3764437006087
2024-11-04 10:00:00+00:00,282.0275053489424,828.0,-545.9724946510576
2024-11-04 11:00:00+00:00,253.8694634804062,801.0,-547.1305365195938
2024-11-04 12:00:00+00:00,218.99909987931568,763.0,-544.0009001206843
2024-11-04 13:00:00+00:00,242.8844317769015,740.0,-497.11556822309853
2024-11-04 14:00:00+00:00,259.171861155769,717.0,-457.828138844231
2024-11-04 15:00:00+00:00,175.6675139676045,662.0,-486.33248603239554
2024-11-04 16:00:00+00:00,187.29830142125195,522.0,-334.70169857874805
2024-11-04 17:00:00+00:00,188.61739228345124,525.0,-336.38260771654876
2024-11-04 18:00:00+00:00,279.0871348026843,515.0,-235.91286519731568
2024-11-04 19:00:00+00:00,378.7752903315743,466.0,-87.2247096684257
2024-11-04 20:00:00+00:00,520.3361466337543,641.0,-120.66385336624569
2024-11-04 21:00:00+00:00,675.6182140569341,863.0,-187.3817859430659
2024-11-04 22:00:00+00:00,700.9102325066552,1145.0,-444.08976749334477
2024-11-04 23:00:00+00:00,820.5095202758681,1242.0,-421.4904797241319
2024-11-05 00:00:00+00:00,1034.1547053241015,1268.0,-233.84529467589846
2024-11-05 01:00:00+00:00,1028.38721141903,1270.0,-241.6127885809699
2024-11-05 02:00:00+00:00,957.8058012999276,1286.0,-328.19419870007243
2024-11-05 03:00:00+00:00,851.3999689233651,1217.0,-365.6000310766349
2024-11-05 04:00:00+00:00,786.4380504972012,1266.0,-479.5619495027988
2024-11-05 05:00:00+00:00,829.9780164705188,1286.0,-456.0219835294812
2024-11-05 06:00:00+00:00,870.6036252184991,1606.0,-735.3963747815009
2024-11-05 07:00:00+00:00,958.4852617474594,1823.0,-864.5147382525406
2024-11-05 08:00:00+00:00,956.509289351813,1871.0,-914.490710648187
2024-11-05 09:00:00+00:00,919.0141005217632,1976.0,-1056.9858994782367
2024-11-05 10:00:00+00:00,757.4511257340746,2102.0,-1344.5488742659254
2024-11-05 11:00:00+00:00,926.2963258019593,2076.0,-1149.7036741980407
2024-11-05 12:00:00+00:00,929.0821757948582,2031.0,-1101.9178242051416
2024-11-05 13:00:00+00:00,1004.7644760230788,2014.0,-1009.2355239769212
2024-11-05 14:00:00+00:00,1048.6082893694895,1883.0,-834.3917106305105
2024-11-05 15:00:00+00:00,1162.686403244734,1851.0,-688.313596755266
2024-11-05 16:00:00+00:00,1200.1400231572543,1916.0,-715.8599768427457
2024-11-05 17:00:00+00:00,1311.8465908060816,1953.0,-641.1534091939184
2024-11-05 18:00:00+00:00,1240.2098986231033,2019.0,-778.7901013768967
2024-11-05 19:00:00+00:00,1390.868495000848,2070.0,-679.131504999152
2024-11-05 20:00:00+00:00,1516.894141409528,2178.0,-661.105858590472
2024-11-05 21:00:00+00:00,1630.7160182062669,2215.0,-584.2839817937331
2024-11-05 22:00:00+00:00,1378.6975938376434,1829.0,-450.30240616235665
2024-11-05 23:00:00+00:00,1535.8879106745917,2156.0,-620.1120893254083
2024-11-06 00:00:00+00:00,1587.409588419261,2350.0,-762.5904115807391
2024-11-06 01:00:00+00:00,1557.8302529026714,2388.0,-830.1697470973286
2024-11-06 02:00:00+00:00,1575.813784735561,2424.0,-848.1862152644389
2024-11-06 03:00:00+00:00,1700.9716765004384,2333.0,-632.0283234995616
2024-11-06 04:00:00+00:00,1844.9738067913256,2298.0,-453.0261932086744
2024-11-06 05:00:00+00:00,1990.5944453724956,2226.0,-235.40555462750444
2024-11-06 06:00:00+00:00,2091.5017672731387,2140.0,-48.49823272686126
2024-11-06 07:00:00+00:00,2173.509099837506,2180.0,-6.490900162494199
2024-11-06 08:00:00+00:00,2305.6919573546816,2252.0,53.69195735468156
2024-11-06 09:00:00+00:00,2280.07335020472,2149.0,131.0733502047201
2024-11-06 10:00:00+00:00,2058.792820592972,2125.0,-66.20717940702798
2024-11-06 11:00:00+00:00,2312.5385441183416,2210.0,102.53854411834163
2024-11-06 12:00:00+00:00,2462.66289457275,2091.0,371.6628945727498
2024-11-06 13:00:00+00:00,2612.85313308437,1878.0,734.8531330843698
2024-11-06 14:00:00+00:00,2739.444071803224,1827.0,912.4440718032238
2024-11-06 15:00:00+00:00,2760.009686256368,1600.0,1160.0096862563678
2024-11-06 16:00:00+00:00,2746.915258874108,1932.0,814.9152588741081
2024-11-06 17:00:00+00:00,2647.2996991988084,2086.0,561.2996991988084
2024-11-06 18:00:00+00:00,2416.659867702189,2377.0,39.659867702188876
2024-11-06 19:00:00+00:00,1989.1889189594635,2037.0,-47.811081040536465
2024-11-06 20:00:00+00:00,1147.3208981135026,2119.0,-971.6791018864974
2024-11-06 21:00:00+00:00,987.6869853944612,2335.0,-1347.3130146055387
2024-11-06 22:00:00+00:00,1377.4232356118043,2486.0,-1108.5767643881957
2024-11-06 23:00:00+00:00,1302.7465564956617,2063.0,-760.2534435043383
2024-11-07 00:00:00+00:00,1145.28097701994,2122.0,-976.7190229800599
2024-11-07 01:00:00+00:00,949.848331154032,1977.0,-1027.1516688459678
2024-11-07 02:00:00+00:00,765.6812890228168,1727.0,-961.3187109771832
2024-11-07 03:00:00+00:00,644.0983027090929,1732.0,-1087.9016972909071
2024-11-07 04:00:00+00:00,494.1128912303042,1341.0,-846.8871087696958
2024-11-07 05:00:00+00:00,373.7188862681122,1024.0,-650.2811137318878
2024-11-07 06:00:00+00:00,319.5562585431951,968.0,-648.4437414568049
2024-11-07 07:00:00+00:00,302.4290111286874,1106.0,-803.5709888713126
2024-11-07 08:00:00+00:00,343.87711512686417,1171.0,-827.1228848731358
2024-11-07 09:00:00+00:00,392.69930003127286,1325.0,-932.3006999687271
2024-11-07 10:00:00+00:00,564.4719972656443,1440.0,-875.5280027343557
2024-11-07 11:00:00+00:00,641.1939109350943,1870.0,-1228.8060890649058
2024-11-07 12:00:00+00:00,779.3868357310072,2148.0,-1368.613164268993
2024-11-07 13:00:00+00:00,973.9026688862572,2284.0,-1310.0973311137427
2024-11-07 14:00:00+00:00,1413.0445117174718,2280.0,-866.9554882825282
2024-11-07 15:00:00+00:00,1684.9070218865238,2454.0,-769.0929781134762
2024-11-07 16:00:00+00:00,1838.358213165423,2463.0,-624.641786834577
2024-11-07 17:00:00+00:00,1953.2515383751668,2476.0,-522.7484616248332
2024-11-07 18:00:00+00:00,1964.3125407822304,2570.0,-605.6874592177696
2024-11-07 19:00:00+00:00,1919.2062006066344,2777.0,-857.7937993933656
2024-11-07 20:00:00+00:00,1580.229318140547,2785.0,-1204.770681859453
2024-11-07 21:00:00+00:00,1292.5087418104365,2764.0,-1471.4912581895635
2024-11-07 22:00:00+00:00,946.0148175680384,2686.0,-1739.9851824319617
2024-11-07 23:00:00+00:00,1013.5806172783252,2837.0,-1823.4193827216748
2024-11-08 00:00:00+00:00,1170.0045678577242,2757.0,-1586.9954321422758
2024-11-08 01:00:00+00:00,1252.4376486315446,2600.0,-1347.5623513684554
2024-11-08 02:00:00+00:00,1232.2267092619934,2523.0,-1290.7732907380066
2024-11-08 03:00:00+00:00,1161.8014040467096,2468.0,-1306.1985959532904
2024-11-08 04:00:00+00:00,1036.6631976140511,2340.0,-1303.3368023859489
2024-11-08 05:00:00+00:00,1075.6540729192525,2123.0,-1047.3459270807475
2024-11-08 06:00:00+00:00,1222.7513944779805,2067.0,-844.2486055220195
2024-11-08 07:00:00+00:00,1276.096374177392,2026.0,-749.9036258226081
2024-11-08 08:00:00+00:00,1445.4202430166276,2095.0,-649.5797569833724
2024-11-08 09:00:00+00:00,1680.1566385135309,2102.0,-421.8433614864691
2024-11-08 10:00:00+00:00,1836.15073762267,2342.0,-505.84926237733
2024-11-08 11:00:00+00:00,2042.434124495438,2563.0,-520.565875504562
2024-11-08 12:00:00+00:00,2388.7537039587246,2768.0,-379.2462960412754
2024-11-08 13:00:00+00:00,2491.480246178309,2924.0,-432.5197538216912
2024-11-08 14:00:00+00:00,2509.897515900084,2864.0,-354.1024840999162
2024-11-08 15:00:00+00:00,2466.453348402553,2879.0,-412.5466515974472
2024-11-08 16:00:00+00:00,2788.815710255422,2885.0,-96.18428974457811
2024-11-08 17:00:00+00:00,2713.6531693026413,2897.0,-183.34683069735866
2024-11-08 18:00:00+00:00,2876.2463739543914,2977.0,-100.7536260456086
2024-11-08 19:00:00+00:00,2713.1996004920484,2517.0,196.19960049204838
2024-11-08 20:00:00+00:00,2723.400390360527,2501.0,222.40039036052713
2024-11-08 21:00:00+00:00,2667.909964826556,2624.0,43.909964826556006
2024-11-08 22:00:00+00:00,2930.7898862246084,2529.0,401.7898862246084
2024-11-08 23:00:00+00:00,2778.03063930915,2571.0,207.03063930915005
2024-11-09 00:00:00+00:00,2728.8585785594514,2626.0,102.85857855945142
2024-11-09 01:00:00+00:00,2847.748933577691,2610.0,237.74893357769088
2024-11-09 02:00:00+00:00,2843.4085184587702,2797.0,46.40851845877023
2024-11-09 03:00:00+00:00,2732.042023262895,2831.0,-98.95797673710513
2024-11-09 04:00:00+00:00,2657.216519868876,2739.0,-81.78348013112418
2024-11-09 05:00:00+00:00,2589.2939685711594,2774.0,-184.70603142884056
2024-11-09 06:00:00+00:00,2612.577965360057,2517.0,95.57796536005708
2024-11-09 07:00:00+00:00,2496.654549467092,2959.0,-462.3454505329082
2024-11-09 08:00:00+00:00,2469.5202317986045,2879.0,-409.4797682013955
2024-11-09 09:00:00+00:00,2376.3964663753422,2880.0,-503.60353362465776
2024-11-09 10:00:00+00:00,1933.191107053207,2792.0,-858.8088929467931
2024-11-09 11:00:00+00:00,2036.738484302968,2821.0,-784.2615156970321
2024-11-09 12:00:00+00:00,1971.51734216502,2668.0,-696.48265783498
2024-11-09 13:00:00+00:00,2091.3319340856565,2214.0,-122.66806591434352
2024-11-09 14:00:00+00:00,2408.5413462236133,2571.0,-162.45865377638665
2024-11-09 15:00:00+00:00,2215.348812818348,2429.0,-213.65118718165195
2024-11-09 16:00:00+00:00,2131.8164223338304,2432.0,-300.18357766616964
2024-11-09 17:00:00+00:00,2074.572370319793,2408.0,-333.4276296802068
2024-11-09 18:00:00+00:00,1934.0099830628287,2044.0,-109.99001693717128
2024-11-09 19:00:00+00:00,1920.940825543664,1937.0,-16.059174456335995
2024-11-09 20:00:00+00:00,1547.450405808679,1838.0,-290.5495941913209
2024-11-09 21:00:00+00:00,958.8864906846457,1968.0,-1009.1135093153543
2024-11-09 22:00:00+00:00,622.5081167463477,1929.0,-1306.4918832536523
2024-11-09 23:00:00+00:00,491.7172949021044,1631.0,-1139.2827050978956
2024-11-10 00:00:00+00:00,409.70293563185805,1257.0,-847.297064368142
2024-11-10 01:00:00+00:00,290.5766341279153,958.0,-667.4233658720847
2024-11-10 02:00:00+00:00,236.8141671752921,925.0,-688.1858328247079
2024-11-10 03:00:00+00:00,266.0736887944016,1025.0,-758.9263112055984
2024-11-10 04:00:00+00:00,294.471522794313,1479.0,-1184.528477205687
2024-11-10 05:00:00+00:00,299.2781145702652,1621.0,-1321.7218854297348
2024-11-10 06:00:00+00:00,336.394444148065,1785.0,-1448.605555851935
2024-11-10 07:00:00+00:00,391.8365932307198,1908.0,-1516.1634067692803
2024-11-10 08:00:00+00:00,500.5248485001334,2020.0,-1519.4751514998666
2024-11-10 09:00:00+00:00,633.2279032441327,2307.0,-1673.7720967558673
2024-11-10 10:00:00+00:00,875.7672236365712,2457.0,-1581.232776363429
2024-11-10 11:00:00+00:00,1013.9732029687216,2523.0,-1509.0267970312784
2024-11-10 12:00:00+00:00,1091.9762930043696,2492.0,-1400.0237069956304
2024-11-10 13:00:00+00:00,1050.1343660291038,2387.0,-1336.8656339708962
2024-11-10 14:00:00+00:00,949.4011122402928,2307.0,-1357.5988877597072
2024-11-10 15:00:00+00:00,907.3667085650184,2088.0,-1180.6332914349816
2024-11-10 16:00:00+00:00,947.7880096696474,1996.0,-1048.2119903303526
2024-11-10 17:00:00+00:00,944.873908731466,1799.0,-854.126091268534
2024-11-10 18:00:00+00:00,940.7494137775014,1752.0,-811.2505862224986
2024-11-10 19:00:00+00:00,792.6476276548766,1579.0,-786.3523723451234
2024-11-10 20:00:00+00:00,877.0271862795603,1713.0,-835.9728137204397
2024-11-10 21:00:00+00:00,1073.5846185002656,1816.0,-742.4153814997344
2024-11-10 22:00:00+00:00,941.9410742658296,1789.0,-847.0589257341704
2024-11-10 23:00:00+00:00,804.128288374394,1719.0,-914.871711625606
2024-11-11 00:00:00+00:00,570.0706976312817,1674.0,-1103.9293023687183
2024-11-11 01:00:00+00:00,579.3913877438979,1487.0,-907.6086122561021
2024-11-11 02:00:00+00:00,417.8883455082615,1189.0,-771.1116544917385
2024-11-11 03:00:00+00:00,301.6500311580719,906.0,-604.3499688419281
2024-11-11 04:00:00+00:00,260.46959671969904,722.0,-461.53040328030096
2024-11-11 05:00:00+00:00,234.2177863899605,472.0,-237.7822136100395
2024-11-11 06:00:00+00:00,278.5531235361101,282.0,-3.4468764638899074
2024-11-11 07:00:00+00:00,351.7783799751566,289.0,62.77837997515661
2024-11-11 08:00:00+00:00,406.2896523692256,517.0,-110.71034763077438
2024-11-11 09:00:00+00:00,417.866512124919,671.0,-253.13348787508102
2024-11-11 10:00:00+00:00,342.577192464188,769.0,-426.422807535812
2024-11-11 11:00:00+00:00,442.0225267035311,1016.0,-573.9774732964688
2024-11-11 12:00:00+00:00,569.460771176088,1296.0,-726.539228823912
2024-11-11 13:00:00+00:00,679.4406717422456,1570.0,-890.5593282577544
2024-11-11 14:00:00+00:00,606.6877726801889,1574.0,-967.3122273198111
2024-11-11 15:00:00+00:00,516.8184543354346,1587.0,-1070.1815456645654
2024-11-11 16:00:00+00:00,585.4553144057364,1538.0,-952.5446855942636
2024-11-11 17:00:00+00:00,611.8023298800481,1534.0,-922.1976701199519
2024-11-11 18:00:00+00:00,919.00754775682,1451.0,-531.99245224318
2024-11-11 19:00:00+00:00,781.4790747413647,1276.0,-494.5209252586353
2024-11-11 20:00:00+00:00,664.2893179756825,1210.0,-545.7106820243175
2024-11-11 21:00:00+00:00,583.0057113472682,1091.0,-507.9942886527318
2024-11-11 22:00:00+00:00,428.0792041238778,1077.0,-648.9207958761222
2024-11-11 23:00:00+00:00,384.4385203590076,1077.0,-692.5614796409924
2024-11-12 00:00:00+00:00,349.1925674234206,972.0,-622.8074325765795
2024-11-12 01:00:00+00:00,302.8053380194108,736.0,-433.1946619805892
2024-11-12 02:00:00+00:00,237.96673700351693,610.0,-372.0332629964831
2024-11-12 03:00:00+00:00,188.4323684375551,497.0,-308.5676315624449
2024-11-12 04:00:00+00:00,222.67509737126264,419.0,-196.32490262873736
2024-11-12 05:00:00+00:00,481.4729554456519,393.0,88.4729554456519
2024-11-12 06:00:00+00:00,704.8887805239261,482.0,222.88878052392613
2024-11-12 07:00:00+00:00,687.5090237638858,552.0,135.5090237638858
2024-11-12 08:00:00+00:00,929.9639923735276,776.0,153.96399237352762
2024-11-12 09:00:00+00:00,1165.2673181564169,1098.0,67.26731815641688
2024-11-12 10:00:00+00:00,1174.8278855217109,1401.0,-226.17211447828913
2024-11-12 11:00:00+00:00,1471.9339100900393,1515.0,-43.06608990996074
2024-11-12 12:00:00+00:00,1762.0815941781673,1813.0,-50.91840582183272
2024-11-12 13:00:00+00:00,2140.819865188633,2213.0,-72.18013481136722
2024-11-12 14:00:00+00:00,2603.7724131662108,2393.0,210.77241316621075
2024-11-12 15:00:00+00:00,2853.643004222582,2084.0,769.643004222582
2024-11-12 16:00:00+00:00,3072.2056248216454,2258.0,814.2056248216454
2024-11-12 17:00:00+00:00,3173.992451696922,2297.0,876.9924516969222
2024-11-12 18:00:00+00:00,3173.304681863478,2394.0,779.304681863478
2024-11-12 19:00:00+00:00,3178.1107787398582,2466.0,712.1107787398582
2024-11-12 20:00:00+00:00,3101.496412447851,2527.0,574.4964124478511
2024-11-12 21:00:00+00:00,2661.508132609485,2597.0,64.50813260948507
2024-11-12 22:00:00+00:00,1978.1352362310256,2511.0,-532.8647637689744
2024-11-12 23:00:00+00:00,1993.564479136993,2457.0,-463.435520863007
2024-11-13 00:00:00+00:00,1912.3270688900616,2333.0,-420.6729311099384
2024-11-13 01:00:00+00:00,1878.0206557108404,2261.0,-382.9793442891596
2024-11-13 02:00:00+00:00,1747.8820248619902,2093.0,-345.1179751380098
2024-11-13 03:00:00+00:00,1668.4269678965234,2394.0,-725.5730321034766
2024-11-13 04:00:00+00:00,1599.8044094268114,2300.0,-700.1955905731886
2024-11-13 05:00:00+00:00,1463.904630341848,2258.0,-794.0953696581521
2024-11-13 06:00:00+00:00,1381.9148354157628,2028.0,-646.0851645842372
2024-11-13 07:00:00+00:00,1338.1277419949863,1902.0,-563.8722580050137
2024-11-13 08:00:00+00:00,1307.6406461861995,1851.0,-543.3593538138005
2024-11-13 09:00:00+00:00,1197.5598770289914,1759.0,-561.4401229710086
2024-11-13 10:00:00+00:00,983.6883358013962,1612.0,-628.3116641986038
2024-11-13 11:00:00+00:00,931.887432927594,1639.0,-707.112567072406
2024-11-13 12:00:00+00:00,837.3303858820527,1583.0,-745.6696141179473
2024-11-13 13:00:00+00:00,821.7699350689885,1374.0,-552.2300649310115
2024-11-13 14:00:00+00:00,717.1430450878163,1106.0,-388.8569549121837
2024-11-13 15:00:00+00:00,593.2858274070144,917.0,-323.7141725929856
2024-11-13 16:00:00+00:00,486.45610072186537,750.0,-263.54389927813463
2024-11-13 17:00:00+00:00,427.2088155293546,629.0,-201.79118447064542
2024-11-13 18:00:00+00:00,463.3559089189677,607.0,-143.6440910810323
2024-11-13 19:00:00+00:00,469.2981176712332,682.0,-212.70188232876683
2024-11-13 20:00:00+00:00,340.6070679747692,730.0,-389.3929320252308
2024-11-13 21:00:00+00:00,345.57584658932007,702.0,-356.42415341067993
2024-11-13 22:00:00+00:00,293.8669084039799,802.0,-508.1330915960201
2024-11-13 23:00:00+00:00,259.01842790529923,818.0,-558.9815720947008
2024-11-14 00:00:00+00:00,244.53786513876275,890.0,-645.4621348612372
2024-11-14 01:00:00+00:00,232.58289031289215,976.0,-743.4171096871079
2024-11-14 02:00:00+00:00,232.169908724079,826.0,-593.830091275921
2024-11-14 03:00:00+00:00,192.7315963796468,719.0,-526.2684036203532
2024-11-14 04:00:00+00:00,186.26370920411892,706.0,-519.7362907958811
2024-11-14 05:00:00+00:00,196.5893354661521,665.0,-468.4106645338479
2024-11-14 06:00:00+00:00,212.92679782321895,698.0,-485.073202176781
2024-11-14 07:00:00+00:00,248.3340691573659,786.0,-537.6659308426341
2024-11-14 08:00:00+00:00,288.4831855908491,962.0,-673.5168144091509
2024-11-14 09:00:00+00:00,382.1136265981455,1037.0,-654.8863734018545
2024-11-14 10:00:00+00:00,471.1546138715894,1024.0,-552.8453861284106
2024-11-14 11:00:00+00:00,372.2848462923283,1053.0,-680.7151537076717
2024-11-14 12:00:00+00:00,322.1462679763256,1294.0,-971.8537320236744
2024-11-14 13:00:00+00:00,234.40460764479087,1191.0,-956.5953923552091
2024-11-14 14:00:00+00:00,138.93330261083884,883.0,-744.0666973891612
2024-11-14 15:00:00+00:00,130.40119504859706,557.0,-426.59880495140294
2024-11-14 16:00:00+00:00,160.72058176632805,419.0,-258.27941823367195
2024-11-14 17:00:00+00:00,192.45778841599977,409.0,-216.54221158400023
2024-11-14 18:00:00+00:00,238.2495618864832,492.0,-253.7504381135168
2024-11-14 19:00:00+00:00,298.55952595142344,587.0,-288.44047404857656
2024-11-14 20:00:00+00:00,446.53323521139663,768.0,-321.46676478860337
2024-11-14 21:00:00+00:00,763.0634095828111,957.0,-193.93659041718888
2024-11-14 22:00:00+00:00,720.1284455376702,1303.0,-582.8715544623298
2024-11-14 23:00:00+00:00,728.9696370830535,1694.0,-965.0303629169465
2024-11-15 00:00:00+00:00,708.2888858477559,1931.0,-1222.7111141522441
2024-11-15 01:00:00+00:00,671.6342058782712,2025.0,-1353.3657941217289
2024-11-15 02:00:00+00:00,646.771328928435,2020.0,-1373.228671071565
2024-11-15 03:00:00+00:00,656.0200338760393,1961.0,-1304.9799661239608
2024-11-15 04:00:00+00:00,742.6875790141248,1639.0,-896.3124209858752
2024-11-15 05:00:00+00:00,886.240298664764,2050.0,-1163.759701335236
2024-11-15 06:00:00+00:00,1001.1652903317008,1880.0,-878.8347096682992
2024-11-15 07:00:00+00:00,1089.8220821378702,1792.0,-702.1779178621298
2024-11-15 08:00:00+00:00,1147.5850135301364,1797.0,-649.4149864698636
2024-11-15 09:00:00+00:00,1190.5452915407586,1828.0,-637.4547084592414
2024-11-15 10:00:00+00:00,1374.1158346400791,1868.0,-493.88416535992087
2024-11-15 11:00:00+00:00,1401.3666867513373,1779.0,-377.6333132486627
2024-11-15 12:00:00+00:00,1345.2717251782385,1795.0,-449.7282748217615
2024-11-15 13:00:00+00:00,1239.95782874935,1774.0,-534.04217125065
2024-11-15 14:00:00+00:00,1311.3390967429848,1877.0,-565.6609032570152
2024-11-15 15:00:00+00:00,1275.5396747878071,1867.0,-591.4603252121929
2024-11-15 16:00:00+00:00,1479.8504663631186,2230.0,-750.1495336368814
2024-11-15 17:00:00+00:00,1626.8388432287893,2106.0,-479.1611567712107
2024-11-15 18:00:00+00:00,1763.833995998751,2051.0,-287.1660040012489
2024-11-15 19:00:00+00:00,1773.3004271750065,1998.0,-224.69957282499354
2024-11-15 20:00:00+00:00,1890.3913636467664,2089.0,-198.60863635323358
2024-11-15 21:00:00+00:00,1962.8419028448225,1898.0,64.84190284482247
2024-11-15 22:00:00+00:00,1808.2027155662413,1945.0,-136.7972844337587
2024-11-15 23:00:00+00:00,1826.9872845267207,1924.0,-97.01271547327929
2024-11-16 00:00:00+00:00,1727.4041532415574,1919.0,-191.59584675844258
2024-11-16 01:00:00+00:00,1703.8068644738582,2174.0,-470.19313552614176
2024-11-16 02:00:00+00:00,1665.5107994226416,2034.0,-368.48920057735836
2024-11-16 03:00:00+00:00,1503.6198097289034,1905.0,-401.3801902710966
2024-11-16 04:00:00+00:00,1352.5571145657184,1724.0,-371.4428854342816
2024-11-16 05:00:00+00:00,1303.6150527471716,1689.0,-385.3849472528284
2024-11-16 06:00:00+00:00,1259.324567441911,1670.0,-410.6754325580889
2024-11-16 07:00:00+00:00,1230.754387105528,1612.0,-381.24561289447206
2024-11-16 08:00:00+00:00,1198.9812307117293,1514.0,-315.01876928827073
2024-11-16 09:00:00+00:00,1162.7075845816717,1472.0,-309.29241541832835
2024-11-16 10:00:00+00:00,1013.8352632733367,1461.0,-447.16473672666325
2024-11-16 11:00:00+00:00,1023.5781626795456,1383.0,-359.4218373204544
2024-11-16 12:00:00+00:00,969.6568231550724,1301.0,-331.3431768449276
2024-11-16 13:00:00+00:00,931.2985500243242,1127.0,-195.7014499756758
2024-11-16 14:00:00+00:00,867.8443289143323,870.0,-2.1556710856676773
2024-11-16 15:00:00+00:00,765.7485399443733,812.0,-46.251460055626694
2024-11-16 16:00:00+00:00,808.3894173025301,785.0,23.38941730253009
2024-11-16 17:00:00+00:00,742.5408512429566,864.0,-121.45914875704341
2024-11-16 18:00:00+00:00,667.8546023958717,910.0,-242.14539760412833
2024-11-16 19:00:00+00:00,720.6527291844975,1052.0,-331.3472708155025
2024-11-16 20:00:00+00:00,741.5742972869369,1220.0,-478.42570271306306
2024-11-16 21:00:00+00:00,857.648692381396,1450.0,-592.351307618604
2024-11-16 22:00:00+00:00,912.8343915458526,1527.0,-614.1656084541474
2024-11-16 23:00:00+00:00,1036.4569607697545,1465.0,-428.54303923024554
2024-11-17 00:00:00+00:00,1060.2593467982497,1392.0,-331.7406532017503
2024-11-17 01:00:00+00:00,997.284036776686,1249.0,-251.71596322331402
2024-11-17 02:00:00+00:00,930.3603161375758,1180.0,-249.63968386242425
2024-11-17 03:00:00+00:00,877.910098271534,1091.0,-213.08990172846597
2024-11-17 04:00:00+00:00,838.1135829626844,1105.0,-266.8864170373156
2024-11-17 05:00:00+00:00,825.5632322853203,1047.0,-221.43676771467972
2024-11-17 06:00:00+00:00,803.2039586072066,1115.0,-311.7960413927934
2024-11-17 07:00:00+00:00,775.5451694037552,1107.0,-331.45483059624485
2024-11-17 08:00:00+00:00,713.4178812427266,1104.0,-390.5821187572734
2024-11-17 09:00:00+00:00,658.0074752071957,1077.0,-418.99252479280426
2024-11-17 10:00:00+00:00,548.2038290812957,918.0,-369.7961709187043
2024-11-17 11:00:00+00:00,570.7815263908947,942.0,-371.21847360910533
2024-11-17 12:00:00+00:00,500.47575027385926,949.0,-448.52424972614074
2024-11-17 13:00:00+00:00,417.91195425632014,912.0,-494.08804574367986
2024-11-17 14:00:00+00:00,306.35612176308854,742.0,-435.64387823691146
2024-11-17 15:00:00+00:00,265.15184764334606,496.0,-230.84815235665394
2024-11-17 16:00:00+00:00,246.91865699190143,396.0,-149.08134300809857
2024-11-17 17:00:00+00:00,234.13194081616945,456.0,-221.86805918383055
2024-11-17 18:00:00+00:00,296.21322106265507,445.0,-148.78677893734493
2024-11-17 19:00:00+00:00,306.0242476337452,555.0,-248.97575236625482
2024-11-17 20:00:00+00:00,235.8037729548424,678.0,-442.19622704515757
2024-11-17 21:00:00+00:00,269.0106199167648,803.0,-533.9893800832351
2024-11-17 22:00:00+00:00,264.58546873925656,758.0,-493.41453126074344
2024-11-17 23:00:00+00:00,253.60145154967952,719.0,-465.3985484503205
2024-11-18 00:00:00+00:00,206.8385490820512,432.0,-225.1614509179488
2024-11-18 01:00:00+00:00,149.36590706620808,305.0,-155.63409293379192
2024-11-18 02:00:00+00:00,157.35703534528366,244.0,-86.64296465471634
2024-11-18 03:00:00+00:00,143.71614393232534,393.0,-249.28385606767466
2024-11-18 04:00:00+00:00,168.50115144818395,398.0,-229.49884855181605
2024-11-18 05:00:00+00:00,221.62966163632896,257.0,-35.37033836367104
2024-11-18 06:00:00+00:00,201.0565786991958,319.0,-117.9434213008042
2024-11-18 07:00:00+00:00,207.1469792062764,506.0,-298.8530207937236
2024-11-18 08:00:00+00:00,193.99283063847508,597.0,-403.0071693615249
2024-11-18 09:00:00+00:00,129.0000352465308,722.0,-592.9999647534692
2024-11-18 10:00:00+00:00,129.6704193890872,608.0,-478.3295806109128
2024-11-18 11:00:00+00:00,155.5048456980519,460.0,-304.4951543019481
2024-11-18 12:00:00+00:00,199.9143111925827,433.0,-233.0856888074173
2024-11-18 13:00:00+00:00,164.9698409886782,414.0,-249.0301590113218
2024-11-18 14:00:00+00:00,160.48083392857382,406.0,-245.51916607142618
2024-11-18 15:00:00+00:00,132.156683699273,411.0,-278.843316300727
2024-11-18 16:00:00+00:00,137.76244490660724,402.0,-264.23755509339276
2024-11-18 17:00:00+00:00,222.3035878352269,397.0,-174.6964121647731
2024-11-18 18:00:00+00:00,292.55565738608993,471.0,-178.44434261391007
2024-11-18 19:00:00+00:00,362.8193885682836,631.0,-268.1806114317164
2024-11-18 20:00:00+00:00,406.2374307467023,785.0,-378.7625692532977
2024-11-18 21:00:00+00:00,606.1103596992536,921.0,-314.88964030074635
2024-11-18 22:00:00+00:00,739.214528601894,1214.0,-474.785471398106
2024-11-18 23:00:00+00:00,897.2155668351757,1289.0,-391.78443316482435
2024-11-19 00:00:00+00:00,1069.4127651746735,1434.0,-364.5872348253265
2024-11-19 01:00:00+00:00,1147.483153984204,1551.0,-403.5168460157961
2024-11-19 02:00:00+00:00,1224.6947371179378,1520.0,-295.30526288206215
2024-11-19 03:00:00+00:00,1295.1215460972446,1591.0,-295.8784539027554
2024-11-19 04:00:00+00:00,1306.1657862135637,1648.0,-341.8342137864363
2024-11-19 05:00:00+00:00,1326.5647910290947,1651.0,-324.43520897090525
2024-11-19 06:00:00+00:00,1341.1906024193752,1681.0,-339.8093975806248
2024-11-19 07:00:00+00:00,1323.8032893940192,1688.0,-364.1967106059808
2024-11-19 08:00:00+00:00,1267.3350288935749,1661.0,-393.6649711064251
2024-11-19 09:00:00+00:00,1228.2400604712316,1720.0,-491.7599395287684
2024-11-19 10:00:00+00:00,1099.860842786206,1767.0,-667.1391572137941
2024-11-19 11:00:00+00:00,1130.1340002219215,1710.0,-579.8659997780785
2024-11-19 12:00:00+00:00,1130.8243395942015,1714.0,-583.1756604057985
2024-11-19 13:00:00+00:00,1154.2277115039008,1669.0,-514.7722884960992
2024-11-19 14:00:00+00:00,1025.300784588166,1471.0,-445.6992154118341
2024-11-19 15:00:00+00:00,1181.8258110879367,1427.0,-245.1741889120633
2024-11-19 16:00:00+00:00,1075.8115111742975,1384.0,-308.1884888257025
2024-11-19 17:00:00+00:00,1099.6427084883744,1372.0,-272.3572915116256
2024-11-19 18:00:00+00:00,1056.2156685024238,1385.0,-328.7843314975762
2024-11-19 19:00:00+00:00,999.1807596059012,1385.0,-385.81924039409876
2024-11-19 20:00:00+00:00,990.0347130011756,1394.0,-403.96528699882435
2024-11-19 21:00:00+00:00,1001.433085005198,1447.0,-445.566914994802
2024-11-19 22:00:00+00:00,848.6661948115006,1398.0,-549.3338051884994
2024-11-19 23:00:00+00:00,865.2054807200832,1278.0,-412.7945192799168
2024-11-20 00:00:00+00:00,845.6560840454983,1309.0,-463.34391595450165
2024-11-20 01:00:00+00:00,869.7186296188166,1105.0,-235.28137038118336
2024-11-20 02:00:00+00:00,826.3993307045747,1070.0,-243.6006692954253
2024-11-20 03:00:00+00:00,802.6401945725219,987.0,-184.35980542747814
2024-11-20 04:00:00+00:00,778.2550332994467,952.0,-173.74496670055328
2024-11-20 05:00:00+00:00,779.1563280200717,1018.0,-238.84367197992833
2024-11-20 06:00:00+00:00,762.9403110762836,1220.0,-457.0596889237164
2024-11-20 07:00:00+00:00,737.0865112573728,1182.0,-444.91348874262724
2024-11-20 08:00:00+00:00,735.3794110852255,1212.0,-476.62058891477454
2024-11-20 09:00:00+00:00,752.9695337423814,1191.0,-438.0304662576186
2024-11-20 10:00:00+00:00,787.3294272008777,1265.0,-477.6705727991223
2024-11-20 11:00:00+00:00,752.2161640039812,1436.0,-683.7838359960188
2024-11-20 12:00:00+00:00,674.1479894275428,1480.0,-805.8520105724572
2024-11-20 13:00:00+00:00,678.2489831448578,1394.0,-715.7510168551422
2024-11-20 14:00:00+00:00,752.5452916559058,1389.0,-636.4547083440942
2024-11-20 15:00:00+00:00,657.611260968145,1365.0,-707.388739031855
2024-11-20 16:00:00+00:00,582.271870604058,1291.0,-708.728129395942
2024-11-20 17:00:00+00:00,542.211372427586,1279.0,-736.788627572414
2024-11-20 18:00:00+00:00,561.7308191632101,1303.0,-741.2691808367899
2024-11-20 19:00:00+00:00,611.2757043202083,1259.0,-647.7242956797917
2024-11-20 20:00:00+00:00,651.0247102009397,1420.0,-768.9752897990603
2024-11-20 21:00:00+00:00,713.0669404977023,1381.0,-667.9330595022977
2024-11-20 22:00:00+00:00,561.6982269239079,1443.0,-881.3017730760921
2024-11-20 23:00:00+00:00,640.2100784396099,1465.0,-824.7899215603901
2024-11-21 00:00:00+00:00,704.4846352385897,1520.0,-815.5153647614103
2024-11-21 01:00:00+00:00,791.4687624569522,1455.0,-663.5312375430478
2024-11-21 02:00:00+00:00,824.6562103851519,1349.0,-524.3437896148481
2024-11-21 03:00:00+00:00,817.3847178133419,1499.0,-681.6152821866581
2024-11-21 04:00:00+00:00,825.9850503653023,1417.0,-591.0149496346977
2024-11-21 05:00:00+00:00,840.4057025043419,1380.0,-539.5942974956581
2024-11-21 06:00:00+00:00,835.1521745496325,1353.0,-517.8478254503675
2024-11-21 07:00:00+00:00,868.3917520189954,1361.0,-492.60824798100464
2024-11-21 08:00:00+00:00,935.485314651725,1277.0,-341.51468534827495
2024-11-21 09:00:00+00:00,928.7516571124416,1366.0,-437.24834288755835
2024-11-21 10:00:00+00:00,711.9460540353442,1455.0,-743.0539459646558
2024-11-21 11:00:00+00:00,803.0191992530052,1406.0,-602.9808007469948
2024-11-21 12:00:00+00:00,909.5026412538882,1407.0,-497.4973587461118
2024-11-21 13:00:00+00:00,1024.3298019732756,1411.0,-386.6701980267244
2024-11-21 14:00:00+00:00,1083.1060597644018,1406.0,-322.89394023559817
2024-11-21 15:00:00+00:00,971.6118047584046,1295.0,-323.38819524159544
2024-11-21 16:00:00+00:00,944.5691939084631,1198.0,-253.43080609153685
2024-11-21 17:00:00+00:00,1020.085743585036,1068.0,-47.91425641496403
2024-11-21 18:00:00+00:00,1039.3275068878352,1114.0,-74.67249311216483
2024-11-21 19:00:00+00:00,1075.5063312546376,1267.0,-191.49366874536236
2024-11-21 20:00:00+00:00,1633.4472959151249,1502.0,131.44729591512487
2024-11-21 21:00:00+00:00,1891.898766249529,1725.0,166.898766249529
2024-11-21 22:00:00+00:00,1551.879227798271,1868.0,-316.1207722017291
2024-11-21 23:00:00+00:00,1686.279878946278,2016.0,-329.7201210537221
2024-11-22 00:00:00+00:00,1738.3189512710492,2013.0,-274.6810487289508
2024-11-22 01:00:00+00:00,1930.543788212063,2091.0,-160.45621178793704
2024-11-22 02:00:00+00:00,2223.1979637684394,2278.0,-54.80203623156058
2024-11-22 03:00:00+00:00,2415.387918703391,2306.0,109.38791870339082
2024-11-22 04:00:00+00:00,2519.361994295392,2291.0,228.36199429539192
2024-11-22 05:00:00+00:00,2558.377639371025,2234.0,324.377639371025
2024-11-22 06:00:00+00:00,2567.633744204131,2134.0,433.63374420413083
2024-11-22 07:00:00+00:00,2596.883821564268,2092.0,504.88382156426815
2024-11-22 08:00:00+00:00,2506.186285278017,1982.0,524.1862852780168
2024-11-22 09:00:00+00:00,2537.8376659426654,1742.0,795.8376659426654
2024-11-22 10:00:00+00:00,2050.782032274774,1683.0,367.7820322747739
2024-11-22 11:00:00+00:00,2363.580681002717,1664.0,699.580681002717
2024-11-22 12:00:00+00:00,2623.475698682543,1553.0,1070.4756986825432
2024-11-22 13:00:00+00:00,2713.3058841786733,1546.0,1167.3058841786733
2024-11-22 14:00:00+00:00,2628.8127625340726,1461.0,1167.8127625340726
2024-11-22 15:00:00+00:00,2470.8780038742425,1532.0,938.8780038742425
2024-11-22 16:00:00+00:00,2318.991964977255,1533.0,785.9919649772551
2024-11-22 17:00:00+00:00,2039.7002841620128,1462.0,577.7002841620128
2024-11-22 18:00:00+00:00,2009.9922216934335,1445.0,564.9922216934335
2024-11-22 19:00:00+00:00,1966.9614722162592,1465.0,501.96147221625915
2024-11-22 20:00:00+00:00,1705.5704144148344,1434.0,271.57041441483443
2024-11-22 21:00:00+00:00,1645.8564996141895,1003.0,642.8564996141895
2024-11-22 22:00:00+00:00,1518.8857463023564,1304.0,214.88574630235644
2024-11-22 23:00:00+00:00,1608.620496912263,1277.0,331.620496912263
2024-11-23 00:00:00+00:00,1704.666543811201,1200.0,504.6665438112011
2024-11-23 01:00:00+00:00,1419.3688491096827,1140.0,279.36884910968274
2024-11-23 02:00:00+00:00,1402.243713789062,1030.0,372.243713789062
2024-11-23 03:00:00+00:00,1389.0883328545988,916.0,473.0883328545988
2024-11-23 04:00:00+00:00,1391.6786622095383,838.0,553.6786622095383
2024-11-23 05:00:00+00:00,1326.1795208609417,809.0,517.1795208609417
2024-11-23 06:00:00+00:00,1364.4067751871437,819.0,545.4067751871437
2024-11-23 07:00:00+00:00,1356.8582390511024,878.0,478.8582390511024
2024-11-23 08:00:00+00:00,1539.9758079153046,738.0,801.9758079153046
2024-11-23 09:00:00+00:00,1656.712754265671,757.0,899.712754265671
2024-11-23 10:00:00+00:00,1775.536496646517,841.0,934.536496646517
2024-11-23 11:00:00+00:00,1908.489077554907,881.0,1027.489077554907
2024-11-23 12:00:00+00:00,1892.934426827794,777.0,1115.934426827794
2024-11-23 13:00:00+00:00,1803.9520243640093,769.0,1034.9520243640093
2024-11-23 14:00:00+00:00,1402.138862469776,876.0,526.1388624697761
2024-11-23 15:00:00+00:00,1558.019220858552,902.0,656.019220858552
2024-11-23 16:00:00+00:00,1692.5341485351107,956.0,736.5341485351107
2024-11-23 17:00:00+00:00,1927.491345035104,1145.0,782.4913450351039
2024-11-23 18:00:00+00:00,1859.0273137650267,1196.0,663.0273137650267
2024-11-23 19:00:00+00:00,2126.522266638366,1400.0,726.5222666383661
2024-11-23 20:00:00+00:00,2378.3490784689548,1475.0,903.3490784689548
2024-11-23 21:00:00+00:00,2554.800685364872,1491.0,1063.8006853648722
2024-11-23 22:00:00+00:00,2363.7007848867142,1440.0,923.7007848867142
2024-11-23 23:00:00+00:00,2523.010142501553,1167.0,1356.0101425015532
2024-11-24 00:00:00+00:00,2630.0389794658345,1264.0,1366.0389794658345
2024-11-24 01:00:00+00:00,2624.0207520631507,1241.0,1383.0207520631507
2024-11-24 02:00:00+00:00,2568.9279143863337,1545.0,1023.9279143863337
2024-11-24 03:00:00+00:00,2510.177756839993,1488.0,1022.177756839993
2024-11-24 04:00:00+00:00,2396.605527713839,1482.0,914.6055277138389
2024-11-24 05:00:00+00:00,2277.2085522367915,1457.0,820.2085522367915
2024-11-24 06:00:00+00:00,2131.136226581608,1392.0,739.1362265816078
2024-11-24 07:00:00+00:00,1982.208117574069,1276.0,706.2081175740691
2024-11-24 08:00:00+00:00,1880.0861088318577,1160.0,720.0861088318577
2024-11-24 09:00:00+00:00,1783.3927823066415,1055.0,728.3927823066415
2024-11-24 10:00:00+00:00,1632.5494838792995,1028.0,604.5494838792995
2024-11-24 11:00:00+00:00,1646.7230456665577,936.0,710.7230456665577
2024-11-24 12:00:00+00:00,1684.1707235182864,803.0,881.1707235182864
2024-11-24 13:00:00+00:00,1647.418169579803,812.0,835.4181695798029
2024-11-24 14:00:00+00:00,1875.721343558356,848.0,1027.721343558356
2024-11-24 15:00:00+00:00,1846.1956368174465,870.0,976.1956368174465
2024-11-24 16:00:00+00:00,1815.5641556452647,819.0,996.5641556452647
2024-11-24 17:00:00+00:00,1979.7909417252324,842.0,1137.7909417252324
2024-11-24 18:00:00+00:00,1798.7002658168385,952.0,846.7002658168385
2024-11-24 19:00:00+00:00,1673.8535713361366,924.0,749.8535713361366
2024-11-24 20:00:00+00:00,1743.4692940184837,1009.0,734.4692940184837
2024-11-24 21:00:00+00:00,1925.25351174246,1145.0,780.25351174246
2024-11-24 22:00:00+00:00,1937.9337669629836,1261.0,676.9337669629836
2024-11-24 23:00:00+00:00,2176.725258819395,1285.0,891.7252588193951
2024-11-25 00:00:00+00:00,2141.650813890103,1263.0,878.6508138901031
2024-11-25 01:00:00+00:00,2021.776653097659,1124.0,897.7766530976589
2024-11-25 02:00:00+00:00,1891.4071589103332,1021.0,870.4071589103332
2024-11-25 03:00:00+00:00,1833.689385647045,961.0,872.6893856470449
2024-11-25 04:00:00+00:00,1714.9615680678476,901.0,813.9615680678476
2024-11-25 05:00:00+00:00,1737.44673330539,855.0,882.4467333053899
2024-11-25 06:00:00+00:00,1772.195235327076,822.0,950.195235327076
2024-11-25 07:00:00+00:00,1721.760792507319,792.0,929.7607925073189
2024-11-25 08:00:00+00:00,1602.3707402752243,771.0,831.3707402752243
2024-11-25 09:00:00+00:00,1533.9712266636336,775.0,758.9712266636336
2024-11-25 10:00:00+00:00,1330.7642035478173,715.0,615.7642035478173
2024-11-25 11:00:00+00:00,1417.6766133343274,759.0,658.6766133343274
2024-11-25 12:00:00+00:00,1366.0704444703715,730.0,636.0704444703715
2024-11-25 13:00:00+00:00,1216.9849990291973,740.0,476.9849990291973
2024-11-25 14:00:00+00:00,1097.550708732065,708.0,389.550708732065
2024-11-25 15:00:00+00:00,1079.3044496755006,688.0,391.30444967550056
2024-11-25 16:00:00+00:00,1037.1366902053946,652.0,385.13669020539464
2024-11-25 17:00:00+00:00,961.223628927904,656.0,305.223628927904
2024-11-25 18:00:00+00:00,835.1764391139582,583.0,252.17643911395817
2024-11-25 19:00:00+00:00,792.00556388425,588.0,204.00556388425002
2024-11-25 20:00:00+00:00,624.4150263122375,595.0,29.4150263122375
2024-11-25 21:00:00+00:00,612.8682954374069,657.0,-44.131704562593086
2024-11-25 22:00:00+00:00,462.0073979037403,566.0,-103.9926020962597
2024-11-25 23:00:00+00:00,415.5781973728682,422.0,-6.421802627131797
2024-11-26 00:00:00+00:00,350.64063661347484,306.0,44.64063661347484
2024-11-26 01:00:00+00:00,294.3423969424645,273.0,21.342396942464518
2024-11-26 02:00:00+00:00,233.27072093655468,172.0,61.27072093655468
2024-11-26 03:00:00+00:00,176.1689047135386,125.0,51.16890471353861
2024-11-26 04:00:00+00:00,144.8536012499464,87.0,57.853601249946394
2024-11-26 05:00:00+00:00,97.0017188257853,92.0,5.001718825785304
2024-11-26 06:00:00+00:00,63.10489270247214,72.0,-8.895107297527858
2024-11-26 07:00:00+00:00,51.55735139130467,65.0,-13.442648608695329
2024-11-26 08:00:00+00:00,47.63156979916758,37.0,10.631569799167579
2024-11-26 09:00:00+00:00,56.28213329390064,50.0,6.2821332939006425
2024-11-26 10:00:00+00:00,102.46981935502248,50.0,52.46981935502248
2024-11-26 11:00:00+00:00,148.07450450973036,90.0,58.07450450973036
2024-11-26 12:00:00+00:00,191.60949637959104,135.0,56.609496379591036
2024-11-26 13:00:00+00:00,267.4814064774249,186.0,81.48140647742491
2024-11-26 14:00:00+00:00,311.6382463535205,265.0,46.638246353520515
2024-11-26 15:00:00+00:00,317.8852436626928,353.0,-35.1147563373072
2024-11-26 16:00:00+00:00,420.0297384697421,417.0,3.0297384697420853
2024-11-26 17:00:00+00:00,507.9692744654227,473.0,34.9692744654227
2024-11-26 18:00:00+00:00,653.4929666728318,599.0,54.49296667283181
2024-11-26 19:00:00+00:00,741.3420967766834,779.0,-37.657903223316566
2024-11-26 20:00:00+00:00,838.5520326101047,945.0,-106.44796738989533
2024-11-26 21:00:00+00:00,1065.78693738355,985.0,80.78693738354991
2024-11-26 22:00:00+00:00,1013.3916575017494,1173.0,-159.60834249825064
2024-11-26 23:00:00+00:00,1078.7743238968333,1241.0,-162.22567610316673
2024-11-27 00:00:00+00:00,1069.0137651844614,1323.0,-253.98623481553864
2024-11-27 01:00:00+00:00,1115.5210961599853,1353.0,-237.4789038400147
2024-11-27 02:00:00+00:00,1146.9423127956277,1398.0,-251.05768720437231
2024-11-27 03:00:00+00:00,1076.5351533877883,1361.0,-284.46484661221166
2024-11-27 04:00:00+00:00,966.0370966895546,1313.0,-346.9629033104454
2024-11-27 05:00:00+00:00,894.4593552971138,1102.0,-207.5406447028862
2024-11-27 06:00:00+00:00,840.420489709332,933.0,-92.57951029066805
2024-11-27 07:00:00+00:00,815.0443417813558,830.0,-14.955658218644203
2024-11-27 08:00:00+00:00,794.9478138174204,753.0,41.94781381742041
2024-11-27 09:00:00+00:00,867.8678188320379,661.0,206.86781883203787
2024-11-27 10:00:00+00:00,850.4114217900054,673.0,177.41142179000542
2024-11-27 11:00:00+00:00,935.8767097803408,751.0,184.87670978034078
2024-11-27 12:00:00+00:00,990.0851473491632,712.0,278.0851473491632
2024-11-27 13:00:00+00:00,987.574104418028,800.0,187.574104418028
2024-11-27 14:00:00+00:00,944.809564817832,802.0,142.80956481783198
2024-11-27 15:00:00+00:00,1054.832655338544,750.0,304.8326553385441
2024-11-27 16:00:00+00:00,1296.5586674930455,733.0,563.5586674930455
2024-11-27 17:00:00+00:00,1209.3209141038476,701.0,508.3209141038476
2024-11-27 18:00:00+00:00,1178.8114164534595,698.0,480.8114164534595
2024-11-27 19:00:00+00:00,980.5705363947638,784.0,196.57053639476385
2024-11-27 20:00:00+00:00,948.3329119342236,774.0,174.3329119342236
2024-11-27 21:00:00+00:00,938.6223759283512,809.0,129.62237592835118
2024-11-27 22:00:00+00:00,1078.112033864851,955.0,123.1120338648509
2024-11-27 23:00:00+00:00,908.3892353711934,1044.0,-135.61076462880658
2024-11-28 00:00:00+00:00,821.8528815470154,885.0,-63.147118452984614
2024-11-28 01:00:00+00:00,795.899656343587,877.0,-81.10034365641297
2024-11-28 02:00:00+00:00,799.466099399179,906.0,-106.53390060082097
2024-11-28 03:00:00+00:00,771.4496300294657,908.0,-136.55036997053435
2024-11-28 04:00:00+00:00,758.5351061714406,729.0,29.53510617144059
2024-11-28 05:00:00+00:00,775.660320482579,681.0,94.66032048257898
2024-11-28 06:00:00+00:00,735.218437433235,694.0,41.21843743323495
2024-11-28 07:00:00+00:00,693.6637714026268,635.0,58.66377140262682
2024-11-28 08:00:00+00:00,587.1452347050196,618.0,-30.85476529498044
2024-11-28 09:00:00+00:00,540.1375887549691,619.0,-78.8624112450309
2024-11-28 10:00:00+00:00,498.8065466545016,622.0,-123.19345334549843
2024-11-28 11:00:00+00:00,401.6559176630092,626.0,-224.34408233699082
2024-11-28 12:00:00+00:00,351.65711723329883,603.0,-251.34288276670117
2024-11-28 13:00:00+00:00,325.9185380594833,541.0,-215.0814619405167
2024-11-28 14:00:00+00:00,245.01946417561544,445.0,-199.98053582438456
2024-11-28 15:00:00+00:00,192.05960555543464,324.0,-131.94039444456536
2024-11-28 16:00:00+00:00,237.06173706646507,272.0,-34.93826293353493
2024-11-28 17:00:00+00:00,226.4810406440757,216.0,10.481040644075705
2024-11-28 18:00:00+00:00,169.65028510989555,230.0,-60.34971489010445
2024-11-28 19:00:00+00:00,156.10354122886207,257.0,-100.89645877113793
2024-11-28 20:00:00+00:00,247.91766049862068,319.0,-71.08233950137932
2024-11-28 21:00:00+00:00,350.27087048607905,520.0,-169.72912951392095
2024-11-28 22:00:00+00:00,343.5650009357846,620.0,-276.4349990642154
2024-11-28 23:00:00+00:00,302.8398259013579,680.0,-377.1601740986421
2024-11-29 00:00:00+00:00,331.87545388448007,647.0,-315.12454611551993
2024-11-29 01:00:00+00:00,380.6143680169105,737.0,-356.3856319830895
2024-11-29 02:00:00+00:00,477.2875158029028,706.0,-228.71248419709718
2024-11-29 03:00:00+00:00,511.0602886948952,696.0,-184.93971130510482
2024-11-29 04:00:00+00:00,483.46874037138576,608.0,-124.53125962861424
2024-11-29 05:00:00+00:00,527.4995186947733,537.0,-9.500481305226685
2024-11-29 06:00:00+00:00,580.6837327439175,483.0,97.68373274391752
2024-11-29 07:00:00+00:00,643.6793713836671,495.0,148.6793713836671
2024-11-29 08:00:00+00:00,668.0970421215626,458.0,210.0970421215626
2024-11-29 09:00:00+00:00,646.010834259713,568.0,78.01083425971296
2024-11-29 10:00:00+00:00,537.231631227507,577.0,-39.76836877249298
2024-11-29 11:00:00+00:00,507.2671162867055,623.0,-115.73288371329448
2024-11-29 12:00:00+00:00,488.8460202617962,579.0,-90.15397973820382
2024-11-29 13:00:00+00:00,497.64156090411007,579.0,-81.35843909588993
2024-11-29 14:00:00+00:00,454.5118986190367,560.0,-105.48810138096331
2024-11-29 15:00:00+00:00,424.5354206802333,529.0,-104.4645793197667
2024-11-29 16:00:00+00:00,377.24719409215845,483.0,-105.75280590784155
2024-11-29 17:00:00+00:00,383.3270190025911,412.0,-28.6729809974089
2024-11-29 18:00:00+00:00,403.8697496411496,397.0,6.86974964114961
2024-11-29 19:00:00+00:00,397.0068254838856,360.0,37.00682548388562
2024-11-29 20:00:00+00:00,447.8240605444339,370.0,77.8240605444339
2024-11-29 21:00:00+00:00,497.974369974495,339.0,158.974369974495
2024-11-29 22:00:00+00:00,597.046384099479,404.0,193.04638409947904
2024-11-29 23:00:00+00:00,712.642208405537,439.0,273.64220840553696
2024-11-30 00:00:00+00:00,718.3077844299008,446.0,272.30778442990083
2024-11-30 01:00:00+00:00,728.8310952956854,568.0,160.83109529568537
2024-11-30 02:00:00+00:00,779.0644132418862,779.0,0.06441324188620001
2024-11-30 03:00:00+00:00,806.6251031796407,982.0,-175.37489682035925
2024-11-30 04:00:00+00:00,772.5161787123741,992.0,-219.48382128762591
2024-11-30 05:00:00+00:00,805.9817972662253,948.0,-142.01820273377473
2024-11-30 06:00:00+00:00,822.8166516777987,904.0,-81.18334832220125
2024-11-30 07:00:00+00:00,809.3960341377061,996.0,-186.60396586229388
2024-11-30 08:00:00+00:00,791.4971612621929,935.0,-143.5028387378071
2024-11-30 09:00:00+00:00,842.8768284648905,933.0,-90.12317153510946
2024-11-30 10:00:00+00:00,848.2288501270579,1009.0,-160.77114987294215
2024-11-30 11:00:00+00:00,781.1061877266002,1084.0,-302.8938122733998
2024-11-30 12:00:00+00:00,753.0340514970738,1211.0,-457.96594850292615
2024-11-30 13:00:00+00:00,673.2304890828344,1190.0,-516.7695109171656
2024-11-30 14:00:00+00:00,633.4097873749911,1186.0,-552.5902126250089
2024-11-30 15:00:00+00:00,773.5502331056638,1143.0,-369.4497668943362
2024-11-30 16:00:00+00:00,693.2610994743296,1152.0,-458.7389005256704
2024-11-30 17:00:00+00:00,646.4962373684002,1144.0,-497.5037626315998
2024-11-30 18:00:00+00:00,596.3433614186495,1195.0,-598.6566385813505
2024-11-30 19:00:00+00:00,681.6907824401387,1187.0,-505.3092175598613
2024-11-30 20:00:00+00:00,639.6507093030472,1191.0,-551.3492906969528
2024-11-30 21:00:00+00:00,692.2378427915402,1083.0,-390.7621572084598
2024-11-30 22:00:00+00:00,854.173723271972,1051.0,-196.826276728028
2024-11-30 23:00:00+00:00,868.2029524473223,1223.0,-354.79704755267767
2024-12-01 00:00:00+00:00,912.8708349695968,1162.0,-249.12916503040321
2024-12-01 01:00:00+00:00,932.934641579664,1298.0,-365.065358420336
2024-12-01 02:00:00+00:00,888.1804961426104,1360.0,-471.8195038573896
2024-12-01 03:00:00+00:00,854.8173459173582,1294.0,-439.18265408264176
2024-12-01 04:00:00+00:00,834.1845936418206,1363.0,-528.8154063581794
2024-12-01 05:00:00+00:00,846.4053440094671,1316.0,-469.59465599053294
2024-12-01 06:00:00+00:00,859.3076565386034,1340.0,-480.6923434613966
2024-12-01 07:00:00+00:00,871.3482393719036,1316.0,-444.65176062809644
2024-12-01 08:00:00+00:00,900.18668077941,1410.0,-509.81331922058996
2024-12-01 09:00:00+00:00,912.277452798214,1457.0,-544.722547201786
2024-12-01 10:00:00+00:00,837.0820034550393,1505.0,-667.9179965449607
2024-12-01 11:00:00+00:00,818.2234000204962,1450.0,-631.7765999795038
2024-12-01 12:00:00+00:00,889.6286259583982,1529.0,-639.3713740416018
2024-12-01 13:00:00+00:00,871.1963295294256,1522.0,-650.8036704705744
2024-12-01 14:00:00+00:00,991.12656053256,1372.0,-380.87343946744
2024-12-01 15:00:00+00:00,1364.5514810009329,1326.0,38.55148100093288
2024-12-01 16:00:00+00:00,1411.5013063205593,1455.0,-43.49869367944075
2024-12-01 17:00:00+00:00,1252.62136727717,1502.0,-249.37863272282993
2024-12-01 18:00:00+00:00,1014.574615066564,1361.0,-346.425384933436
2024-12-01 19:00:00+00:00,825.4117362157205,1233.0,-407.58826378427955
2024-12-01 20:00:00+00:00,659.2242725189252,1023.0,-363.7757274810748
2024-12-01 21:00:00+00:00,621.410898482787,986.0,-364.58910151721295
2024-12-01 22:00:00+00:00,695.6478276249576,1095.0,-399.3521723750424
2024-12-01 23:00:00+00:00,612.9824884416847,1098.0,-485.0175115583153
2024-12-02 00:00:00+00:00,566.0908549429045,1089.0,-522.9091450570955
2024-12-02 01:00:00+00:00,539.2907845065814,1012.0,-472.7092154934186
2024-12-02 02:00:00+00:00,488.0883791574664,945.0,-456.9116208425336
2024-12-02 03:00:00+00:00,450.8762158039638,840.0,-389.1237841960362
2024-12-02 04:00:00+00:00,412.9194754588726,792.0,-379.0805245411274
2024-12-02 05:00:00+00:00,368.14823590558194,760.0,-391.85176409441806
2024-12-02 06:00:00+00:00,336.45876171691384,739.0,-402.54123828308616
2024-12-02 07:00:00+00:00,314.7778932160954,843.0,-528.2221067839046
2024-12-02 08:00:00+00:00,300.41553976253863,798.0,-497.58446023746137
2024-12-02 09:00:00+00:00,266.7255422543948,828.0,-561.2744577456052
2024-12-02 10:00:00+00:00,240.90717200827305,824.0,-583.092827991727
2024-12-02 11:00:00+00:00,221.24258503048333,827.0,-605.7574149695167
2024-12-02 12:00:00+00:00,217.52848662899925,808.0,-590.4715133710008
2024-12-02 13:00:00+00:00,218.7621522569875,732.0,-513.2378477430125
2024-12-02 14:00:00+00:00,226.00518424086596,668.0,-441.99481575913404
2024-12-02 15:00:00+00:00,256.7811191824373,560.0,-303.2188808175627
2024-12-02 16:00:00+00:00,269.386340124783,548.0,-278.613659875217
2024-12-02 17:00:00+00:00,282.3493251714904,535.0,-252.65067482850958
2024-12-02 18:00:00+00:00,295.7187360079169,496.0,-200.2812639920831
2024-12-02 19:00:00+00:00,244.08094611018865,438.0,-193.91905388981135
2024-12-02 20:00:00+00:00,193.04278856428175,403.0,-209.95721143571825
2024-12-02 21:00:00+00:00,204.1766607527952,375.0,-170.8233392472048
2024-12-02 22:00:00+00:00,248.7956747038205,407.0,-158.2043252961795
2024-12-02 23:00:00+00:00,275.31578824061955,399.0,-123.68421175938045
2024-12-03 00:00:00+00:00,289.6601024848418,410.0,-120.33989751515821
2024-12-03 01:00:00+00:00,283.2776720200861,381.0,-97.72232797991393
2024-12-03 02:00:00+00:00,272.9026716772459,327.0,-54.097328322754095
2024-12-03 03:00:00+00:00,244.60047138220597,308.0,-63.39952861779403
2024-12-03 04:00:00+00:00,220.90557212936096,222.0,-1.0944278706390378
2024-12-03 05:00:00+00:00,216.43332964116544,218.0,-1.566670358834557
2024-12-03 06:00:00+00:00,220.03141765646228,229.0,-8.968582343537719
2024-12-03 07:00:00+00:00,219.3590592048596,230.0,-10.64094079514041
2024-12-03 08:00:00+00:00,218.82722046226183,241.0,-22.172779537738165
2024-12-03 09:00:00+00:00,237.10451200364903,219.0,18.104512003649035
2024-12-03 10:00:00+00:00,323.5633219831058,244.0,79.56332198310582
2024-12-03 11:00:00+00:00,312.4390388886417,236.0,76.43903888864168
2024-12-03 12:00:00+00:00,318.44520983530634,240.0,78.44520983530634
2024-12-03 13:00:00+00:00,278.82724198406623,251.0,27.827241984066234
2024-12-03 14:00:00+00:00,294.9106373094967,268.0,26.91063730949668
2024-12-03 15:00:00+00:00,282.8723788983342,248.0,34.872378898334205
2024-12-03 16:00:00+00:00,249.9700781706009,283.0,-33.029921829399086
2024-12-03 17:00:00+00:00,248.46851833135935,267.0,-18.53148166864065
2024-12-03 18:00:00+00:00,221.5954657688689,273.0,-51.404534231131095
2024-12-03 19:00:00+00:00,230.41854615904984,321.0,-90.58145384095016
2024-12-03 20:00:00+00:00,213.60365395567604,333.0,-119.39634604432396
2024-12-03 21:00:00+00:00,246.1843191719928,422.0,-175.8156808280072
2024-12-03 22:00:00+00:00,171.73848915662134,434.0,-262.2615108433787
2024-12-03 23:00:00+00:00,191.2322322890942,538.0,-346.7677677109058
2024-12-04 00:00:00+00:00,205.2981623833865,524.0,-318.7018376166135
2024-12-04 01:00:00+00:00,174.95617324944791,441.0,-266.04382675055206
2024-12-04 02:00:00+00:00,148.41549890710968,379.0,-230.58450109289032
2024-12-04 03:00:00+00:00,134.41237742378254,324.0,-189.58762257621746
2024-12-04 04:00:00+00:00,116.33458037298372,275.0,-158.66541962701626
2024-12-04 05:00:00+00:00,115.3773953584216,270.0,-154.6226046415784
2024-12-04 06:00:00+00:00,103.8312579283692,315.0,-211.1687420716308
2024-12-04 07:00:00+00:00,128.7489078144927,295.0,-166.2510921855073
2024-12-04 08:00:00+00:00,143.2238605327813,374.0,-230.7761394672187
2024-12-04 09:00:00+00:00,169.43887952534598,398.0,-228.56112047465402
2024-12-04 10:00:00+00:00,207.9287983220948,411.0,-203.0712016779052
2024-12-04 11:00:00+00:00,276.3295951317051,378.0,-101.6704048682949
2024-12-04 12:00:00+00:00,324.0654716872056,413.0,-88.93452831279438
2024-12-04 13:00:00+00:00,384.8162958419424,414.0,-29.183704158057594
2024-12-04 14:00:00+00:00,361.75121203826376,435.0,-73.24878796173624
2024-12-04 15:00:00+00:00,397.1239040114213,454.0,-56.8760959885787
2024-12-04 16:00:00+00:00,469.33859430243217,473.0,-3.6614056975678295
2024-12-04 17:00:00+00:00,549.8680039938965,556.0,-6.1319960061034635
2024-12-04 18:00:00+00:00,638.9533040918425,629.0,9.953304091842483
2024-12-04 19:00:00+00:00,643.585310784433,735.0,-91.41468921556702
2024-12-04 20:00:00+00:00,607.0615260932717,918.0,-310.9384739067283
2024-12-04 21:00:00+00:00,817.106536497291,1116.0,-298.893463502709
2024-12-04 22:00:00+00:00,1033.3319763259526,1383.0,-349.6680236740474
2024-12-04 23:00:00+00:00,1173.7490974597215,1586.0,-412.2509025402785
2024-12-05 00:00:00+00:00,1176.7277749592654,1701.0,-524.2722250407346
2024-12-05 01:00:00+00:00,1156.4581219664042,1810.0,-653.5418780335958
2024-12-05 02:00:00+00:00,1118.0212540411894,1813.0,-694.9787459588106
2024-12-05 03:00:00+00:00,1108.7837972775942,1726.0,-617.2162027224058
2024-12-05 04:00:00+00:00,1118.016313323029,1676.0,-557.983686676971
2024-12-05 05:00:00+00:00,1160.973348176898,1690.0,-529.0266518231019
2024-12-05 06:00:00+00:00,1201.1364629953327,1733.0,-531.8635370046673
2024-12-05 07:00:00+00:00,1189.7631056395066,1818.0,-628.2368943604934
2024-12-05 08:00:00+00:00,1273.9748524121476,1780.0,-506.0251475878524
2024-12-05 09:00:00+00:00,1365.1977292924298,1409.0,-43.80227070757019
2024-12-05 10:00:00+00:00,1482.276894964084,1316.0,166.27689496408402
2024-12-05 11:00:00+00:00,1596.727098794905,1326.0,270.72709879490503
2024-12-05 12:00:00+00:00,1595.976108405481,1354.0,241.976108405481
2024-12-05 13:00:00+00:00,1596.420879217825,1347.0,249.4208792178249
2024-12-05 14:00:00+00:00,1688.8426393624643,1378.0,310.8426393624643
2024-12-05 15:00:00+00:00,1605.5261658672316,1352.0,253.5261658672316
2024-12-05 16:00:00+00:00,1641.3138501508918,1336.0,305.31385015089177
2024-12-05 17:00:00+00:00,1514.8251066333344,1347.0,167.82510663333437
2024-12-05 18:00:00+00:00,1336.2569093784855,1226.0,110.25690937848549
2024-12-05 19:00:00+00:00,1185.140516984027,1074.0,111.14051698402704
2024-12-05 20:00:00+00:00,831.046149075079,939.0,-107.95385092492097
2024-12-05 21:00:00+00:00,653.3728875096261,948.0,-294.62711249037386
2024-12-05 22:00:00+00:00,557.9889206393524,1255.0,-697.0110793606476
2024-12-05 23:00:00+00:00,625.1916162709913,1191.0,-565.8083837290087
2024-12-06 00:00:00+00:00,734.1512275612389,1268.0,-533.8487724387611
2024-12-06 01:00:00+00:00,974.1757505497708,1335.0,-360.8242494502292
2024-12-06 02:00:00+00:00,1246.418318659603,1342.0,-95.58168134039693
2024-12-06 03:00:00+00:00,1433.1383404770038,1518.0,-84.8616595229962
2024-12-06 04:00:00+00:00,1583.8676828889938,1727.0,-143.13231711100616
2024-12-06 05:00:00+00:00,1884.13056824848,1814.0,70.1305682484799
2024-12-06 06:00:00+00:00,2081.0832197857703,1916.0,165.08321978577032
2024-12-06 07:00:00+00:00,2142.7531567727897,1986.0,156.75315677278968
2024-12-06 08:00:00+00:00,2181.1619976384586,2103.0,78.16199763845862
2024-12-06 09:00:00+00:00,2112.9563146782752,2236.0,-123.04368532172475
2024-12-06 10:00:00+00:00,2077.1630137964885,2016.0,61.163013796488485
2024-12-06 11:00:00+00:00,2241.051260643564,2032.0,209.0512606435641
2024-12-06 12:00:00+00:00,2403.6059038646918,2090.0,313.60590386469175
2024-12-06 13:00:00+00:00,2369.881339634745,2131.0,238.88133963474502
2024-12-06 14:00:00+00:00,2425.55609250058,2134.0,291.5560925005798
2024-12-06 15:00:00+00:00,2551.538901739255,2120.0,431.5389017392549
2024-12-06 16:00:00+00:00,2424.1888198708903,2129.0,295.18881987089026
2024-12-06 17:00:00+00:00,2376.543321994397,2087.0,289.54332199439705
2024-12-06 18:00:00+00:00,2247.086609922924,2103.0,144.0866099229238
2024-12-06 19:00:00+00:00,2223.360856708466,2115.0,108.36085670846614
2024-12-06 20:00:00+00:00,2174.0053614979247,2064.0,110.0053614979247
2024-12-06 21:00:00+00:00,2012.7051899380235,2050.0,-37.29481006197648
2024-12-06 22:00:00+00:00,2048.8132583379443,1939.0,109.81325833794426
2024-12-06 23:00:00+00:00,1865.2136965023528,1886.0,-20.786303497647168
2024-12-07 00:00:00+00:00,1730.6055391394157,1867.0,-136.39446086058433
2024-12-07 01:00:00+00:00,1330.0740401395974,2191.0,-860.9259598604026
2024-12-07 02:00:00+00:00,1191.4379130681923,2258.0,-1066.5620869318077
2024-12-07 03:00:00+00:00,1039.7922144851332,1806.0,-766.2077855148668
2024-12-07 04:00:00+00:00,964.7411248859692,2126.0,-1161.2588751140308
2024-12-07 05:00:00+00:00,886.2965080641109,2017.0,-1130.7034919358891
2024-12-07 06:00:00+00:00,800.197862346621,1641.0,-840.802137653379
2024-12-07 07:00:00+00:00,736.9047686322833,1644.0,-907.0952313677167
2024-12-07 08:00:00+00:00,679.960427071047,1595.0,-915.039572928953
2024-12-07 09:00:00+00:00,671.6697790147608,1794.0,-1122.330220985239
2024-12-07 10:00:00+00:00,700.6991522167505,1841.0,-1140.3008477832495
2024-12-07 11:00:00+00:00,636.604643995338,1698.0,-1061.395356004662
2024-12-07 12:00:00+00:00,613.0475740428898,1596.0,-982.9524259571102
2024-12-07 13:00:00+00:00,579.379174973758,1616.0,-1036.620825026242
2024-12-07 14:00:00+00:00,585.0761493503261,1516.0,-930.9238506496739
2024-12-07 15:00:00+00:00,732.9515036947158,1449.0,-716.0484963052842
2024-12-07 16:00:00+00:00,690.1405741079908,1485.0,-794.8594258920092
2024-12-07 17:00:00+00:00,812.4159313972293,1507.0,-694.5840686027707
2024-12-07 18:00:00+00:00,842.8801701076214,1507.0,-664.1198298923786
2024-12-07 19:00:00+00:00,806.083277682262,1525.0,-718.916722317738
2024-12-07 20:00:00+00:00,545.8846612794107,1328.0,-782.1153387205893
2024-12-07 21:00:00+00:00,458.0244778680594,1223.0,-764.9755221319406
2024-12-07 22:00:00+00:00,484.0780626856716,1099.0,-614.9219373143284
2024-12-07 23:00:00+00:00,473.917109100358,1084.0,-610.082890899642
2024-12-08 00:00:00+00:00,442.40065826556486,1050.0,-607.5993417344351
2024-12-08 01:00:00+00:00,370.92539568891885,964.0,-593.0746043110812
2024-12-08 02:00:00+00:00,317.1193903897015,881.0,-563.8806096102985
2024-12-08 03:00:00+00:00,306.9389649634985,692.0,-385.0610350365015
2024-12-08 04:00:00+00:00,354.8430164021405,732.0,-377.1569835978595
2024-12-08 05:00:00+00:00,450.0058401510041,804.0,-353.9941598489959
2024-12-08 06:00:00+00:00,507.4784619016374,898.0,-390.5215380983626
2024-12-08 07:00:00+00:00,569.8299013286166,1031.0,-461.17009867138336
2024-12-08 08:00:00+00:00,646.7202733506684,1285.0,-638.2797266493316
2024-12-08 09:00:00+00:00,722.555962053732,1419.0,-696.444037946268
2024-12-08 10:00:00+00:00,754.7203486528477,1416.0,-661.2796513471523
2024-12-08 11:00:00+00:00,855.506029799419,1500.0,-644.493970200581
2024-12-08 12:00:00+00:00,804.6207909373138,1667.0,-862.3792090626862
2024-12-08 13:00:00+00:00,734.7359002908893,1801.0,-1066.2640997091107
2024-12-08 14:00:00+00:00,842.4597064574476,1876.0,-1033.5402935425523
2024-12-08 15:00:00+00:00,738.4279965021303,1825.0,-1086.5720034978697
2024-12-08 16:00:00+00:00,633.6448642078572,1626.0,-992.3551357921428
2024-12-08 17:00:00+00:00,620.6774097742416,972.0,-351.3225902257584
2024-12-08 18:00:00+00:00,526.6416618475117,837.0,-310.3583381524883
2024-12-08 19:00:00+00:00,501.309796870598,1109.0,-607.690203129402
2024-12-08 20:00:00+00:00,499.039147019965,1071.0,-571.960852980035
2024-12-08 21:00:00+00:00,449.114204668074,963.0,-513.8857953319259
2024-12-08 22:00:00+00:00,328.6784811489483,740.0,-411.3215188510517
2024-12-08 23:00:00+00:00,291.651732018516,572.0,-280.348267981484
2024-12-09 00:00:00+00:00,305.5425979618901,460.0,-154.45740203810988
2024-12-09 01:00:00+00:00,395.9082886824095,457.0,-61.09171131759052
2024-12-09 02:00:00+00:00,484.9701072422795,532.0,-47.02989275772052
2024-12-09 03:00:00+00:00,552.6809385684376,502.0,50.68093856843757
2024-12-09 04:00:00+00:00,669.5290296162626,606.0,63.52902961626262
2024-12-09 05:00:00+00:00,687.7517982439821,686.0,1.7517982439820798
2024-12-09 06:00:00+00:00,675.9821970693134,811.0,-135.01780293068657
2024-12-09 07:00:00+00:00,603.8591810096462,645.0,-41.14081899035375
2024-12-09 08:00:00+00:00,519.584617823078,847.0,-327.415382176922
2024-12-09 09:00:00+00:00,513.3926278066716,899.0,-385.6073721933284
2024-12-09 10:00:00+00:00,556.8667192081037,983.0,-426.13328079189625
2024-12-09 11:00:00+00:00,801.5380637674949,1132.0,-330.4619362325051
2024-12-09 12:00:00+00:00,858.507347510379,1219.0,-360.49265248962104
2024-12-09 13:00:00+00:00,794.348485733764,1298.0,-503.65151426623595
2024-12-09 14:00:00+00:00,964.9524801481152,936.0,28.952480148115228
2024-12-09 15:00:00+00:00,952.5013353432066,1241.0,-288.4986646567934
2024-12-09 16:00:00+00:00,929.4038516445272,1262.0,-332.5961483554728
2024-12-09 17:00:00+00:00,852.4628316286896,1220.0,-367.5371683713104
2024-12-09 18:00:00+00:00,668.6020745013429,1177.0,-508.39792549865706
2024-12-09 19:00:00+00:00,607.1837749840346,1177.0,-569.8162250159654
2024-12-09 20:00:00+00:00,552.930992475704,1164.0,-611.069007524296
2024-12-09 21:00:00+00:00,597.7998952623515,1399.0,-801.2001047376485
2024-12-09 22:00:00+00:00,610.2854514001041,1488.0,-877.7145485998959
2024-12-09 23:00:00+00:00,643.9401269027505,1462.0,-818.0598730972495
2024-12-10 00:00:00+00:00,674.2621240923686,1221.0,-546.7378759076314
2024-12-10 01:00:00+00:00,703.2239332108505,1122.0,-418.77606678914947
2024-12-10 02:00:00+00:00,728.8802212643479,1138.0,-409.11977873565206
2024-12-10 03:00:00+00:00,782.1411093410239,1215.0,-432.85889065897607
2024-12-10 04:00:00+00:00,744.1147357644936,1188.0,-443.8852642355064
2024-12-10 05:00:00+00:00,719.5228173987264,1160.0,-440.4771826012736
2024-12-10 06:00:00+00:00,769.4147370940619,1185.0,-415.58526290593807
2024-12-10 07:00:00+00:00,758.3811393363624,1339.0,-580.6188606636376
2024-12-10 08:00:00+00:00,730.7384990931798,1466.0,-735.2615009068202
2024-12-10 09:00:00+00:00,737.8654731546103,1457.0,-719.1345268453897
2024-12-10 10:00:00+00:00,782.3918653380317,1492.0,-709.6081346619683
2024-12-10 11:00:00+00:00,884.8299744330053,1460.0,-575.1700255669947
2024-12-10 12:00:00+00:00,851.0238537598029,1539.0,-687.9761462401971
2024-12-10 13:00:00+00:00,966.7677626586312,1700.0,-733.2322373413688
2024-12-10 14:00:00+00:00,901.7451902368388,1709.0,-807.2548097631612
2024-12-10 15:00:00+00:00,764.3685842909387,1476.0,-711.6314157090613
2024-12-10 16:00:00+00:00,625.7193565192762,1450.0,-824.2806434807238
2024-12-10 17:00:00+00:00,535.3874438649812,1452.0,-916.6125561350188
2024-12-10 18:00:00+00:00,475.0875173897625,1554.0,-1078.9124826102375
2024-12-10 19:00:00+00:00,496.258022348191,1417.0,-920.7419776518091
2024-12-10 20:00:00+00:00,684.8640496296106,1360.0,-675.1359503703894
2024-12-10 21:00:00+00:00,652.8116653010474,1542.0,-889.1883346989526
2024-12-10 22:00:00+00:00,507.63428134592925,1613.0,-1105.3657186540709
2024-12-10 23:00:00+00:00,651.4457953110164,1663.0,-1011.5542046889836
2024-12-11 00:00:00+00:00,721.0836473248431,1583.0,-861.9163526751569
2024-12-11 01:00:00+00:00,726.4589848618311,1562.0,-835.5410151381689
2024-12-11 02:00:00+00:00,740.611159407899,1625.0,-884.388840592101
2024-12-11 03:00:00+00:00,800.795755084826,1566.0,-765.204244915174
2024-12-11 04:00:00+00:00,942.5720283997358,1490.0,-547.4279716002642
2024-12-11 05:00:00+00:00,1101.925298877386,1391.0,-289.074701122614
2024-12-11 06:00:00+00:00,1291.9291552337968,1620.0,-328.0708447662032
2024-12-11 07:00:00+00:00,1263.3273775189975,1730.0,-466.67262248100246
2024-12-11 08:00:00+00:00,1202.8851031219149,1667.0,-464.1148968780851
2024-12-11 09:00:00+00:00,1141.1381132491554,1678.0,-536.8618867508446
2024-12-11 10:00:00+00:00,1230.8055908249703,1442.0,-211.1944091750297
2024-12-11 11:00:00+00:00,1239.1784998508006,1248.0,-8.821500149199437
2024-12-11 12:00:00+00:00,1149.80671421542,1224.0,-74.19328578457998
2024-12-11 13:00:00+00:00,1046.0674075005982,1108.0,-61.932592499401835
2024-12-11 14:00:00+00:00,992.432479760649,1231.0,-238.56752023935098
2024-12-11 15:00:00+00:00,1168.5692751372844,1442.0,-273.4307248627156
2024-12-11 16:00:00+00:00,1050.33869180467,1405.0,-354.6613081953301
2024-12-11 17:00:00+00:00,1039.6348066504058,1328.0,-288.36519334959416
2024-12-11 18:00:00+00:00,1027.1284704877207,1416.0,-388.87152951227927
2024-12-11 19:00:00+00:00,907.2130116006376,1453.0,-545.7869883993624
2024-12-11 20:00:00+00:00,950.7610098523876,1460.0,-509.2389901476124
2024-12-11 21:00:00+00:00,900.0044713392583,1540.0,-639.9955286607417
2024-12-11 22:00:00+00:00,1141.21525096836,1590.0,-448.7847490316401
2024-12-11 23:00:00+00:00,1122.448154548387,1253.0,-130.55184545161296
2024-12-12 00:00:00+00:00,1492.866515939067,1827.0,-334.1334840609329
2024-12-12 01:00:00+00:00,1637.2069192598594,1944.0,-306.79308074014057
2024-12-12 02:00:00+00:00,1731.209876670381,2016.0,-284.79012332961906
2024-12-12 03:00:00+00:00,1990.2832461700373,2051.0,-60.71675382996273
2024-12-12 04:00:00+00:00,2268.087752594424,2061.0,207.08775259442382
2024-12-12 05:00:00+00:00,2574.602573651512,2242.0,332.6025736515121
2024-12-12 06:00:00+00:00,2754.9745212965945,1853.0,901.9745212965945
2024-12-12 07:00:00+00:00,3109.387006317141,1879.0,1230.3870063171412
2024-12-12 08:00:00+00:00,3104.481371719097,2064.0,1040.4813717190968
2024-12-12 09:00:00+00:00,3285.805828125749,2205.0,1080.805828125749
2024-12-12 10:00:00+00:00,3235.396388942967,2321.0,914.396388942967
2024-12-12 11:00:00+00:00,3194.406400089395,2387.0,807.406400089395
2024-12-12 12:00:00+00:00,2441.175769780657,2783.0,-341.824230219343
2024-12-12 13:00:00+00:00,2449.4102684320137,2649.0,-199.5897315679863
2024-12-12 14:00:00+00:00,2406.34460031818,2472.0,-65.6553996818202
2024-12-12 15:00:00+00:00,2816.0847522057834,2540.0,276.0847522057834
2024-12-12 16:00:00+00:00,2829.6310337817026,2613.0,216.63103378170263
2024-12-12 17:00:00+00:00,3064.256372692195,2763.0,301.2563726921949
2024-12-12 18:00:00+00:00,3298.7127129918395,2789.0,509.71271299183945
2024-12-12 19:00:00+00:00,3277.9657312318973,2858.0,419.9657312318973
2024-12-12 20:00:00+00:00,2945.366303464624,2927.0,18.366303464623797
2024-12-12 21:00:00+00:00,2586.1308450057527,2880.0,-293.8691549942473
2024-12-12 22:00:00+00:00,2421.536650373136,2889.0,-467.4633496268639
2024-12-12 23:00:00+00:00,2382.6425334192445,2908.0,-525.3574665807555
2024-12-13 00:00:00+00:00,2311.4835946300914,2891.0,-579.5164053699086
2024-12-13 01:00:00+00:00,2137.4887513315293,2866.0,-728.5112486684707
2024-12-13 02:00:00+00:00,1955.7021170733385,2785.0,-829.2978829266615
2024-12-13 03:00:00+00:00,1828.277919421305,2735.0,-906.7220805786951
2024-12-13 04:00:00+00:00,1648.5251126131732,2838.0,-1189.4748873868268
2024-12-13 05:00:00+00:00,1517.43255258939,2690.0,-1172.56744741061
2024-12-13 06:00:00+00:00,1395.9178942762626,2534.0,-1138.0821057237374
2024-12-13 07:00:00+00:00,1206.5892058253637,2514.0,-1307.4107941746363
2024-12-13 08:00:00+00:00,1110.8042811115904,2567.0,-1456.1957188884096
2024-12-13 09:00:00+00:00,1088.4023214090753,2461.0,-1372.5976785909247
2024-12-13 10:00:00+00:00,893.9780782062543,2428.0,-1534.0219217937456
2024-12-13 11:00:00+00:00,961.9201855144104,2363.0,-1401.0798144855896
2024-12-13 12:00:00+00:00,961.6466773732694,2426.0,-1464.3533226267305
2024-12-13 13:00:00+00:00,940.7314499018908,2357.0,-1416.2685500981092
2024-12-13 14:00:00+00:00,1009.391274072794,2580.0,-1570.608725927206
2024-12-13 15:00:00+00:00,1260.8367456435346,2788.0,-1527.1632543564654
2024-12-13 16:00:00+00:00,1654.7291149093026,2908.0,-1253.2708850906974
2024-12-13 17:00:00+00:00,1915.070048065839,2535.0,-619.929951934161
2024-12-13 18:00:00+00:00,1975.023872599076,2868.0,-892.976127400924
2024-12-13 19:00:00+00:00,1945.782051144646,2895.0,-949.217948855354
2024-12-13 20:00:00+00:00,1682.291439623333,2778.0,-1095.708560376667
2024-12-13 21:00:00+00:00,1339.6366131140076,2667.0,-1327.3633868859924
2024-12-13 22:00:00+00:00,1011.9625552075138,2825.0,-1813.0374447924862
2024-12-13 23:00:00+00:00,1101.4873312652694,2584.0,-1482.5126687347306
2024-12-14 00:00:00+00:00,1191.2604099706944,2866.0,-1674.7395900293056
2024-12-14 01:00:00+00:00,1280.803275111806,2581.0,-1300.196724888194
2024-12-14 02:00:00+00:00,1259.2250945885853,2888.0,-1628.7749054114147
2024-12-14 03:00:00+00:00,1214.8357575307082,2791.0,-1576.1642424692918
2024-12-14 04:00:00+00:00,1112.6134221489149,2218.0,-1105.3865778510851
2024-12-14 05:00:00+00:00,988.0036453266142,2029.0,-1040.9963546733857
2024-12-14 06:00:00+00:00,933.1350010197324,1993.0,-1059.8649989802675
2024-12-14 07:00:00+00:00,870.3998146850619,1996.0,-1125.6001853149382
2024-12-14 08:00:00+00:00,752.4659244233167,2038.0,-1285.5340755766833
2024-12-14 09:00:00+00:00,731.0699853467072,2537.0,-1805.9300146532928
2024-12-14 10:00:00+00:00,754.5264954016789,2092.0,-1337.4735045983211
2024-12-14 11:00:00+00:00,684.6053061739914,2027.0,-1342.3946938260087
2024-12-14 12:00:00+00:00,633.0268537338616,1997.0,-1363.9731462661384
2024-12-14 13:00:00+00:00,641.7018670950209,1882.0,-1240.298132904979
2024-12-14 14:00:00+00:00,686.0072607925594,1715.0,-1028.9927392074405
2024-12-14 15:00:00+00:00,601.9731036934857,1908.0,-1306.0268963065143
2024-12-14 16:00:00+00:00,554.9791476350287,1805.0,-1250.0208523649712
2024-12-14 17:00:00+00:00,501.40371746749867,1601.0,-1099.5962825325014
2024-12-14 18:00:00+00:00,474.26784227037496,1598.0,-1123.732157729625
2024-12-14 19:00:00+00:00,458.1699527586098,1504.0,-1045.8300472413903
2024-12-14 20:00:00+00:00,439.0424198808845,1574.0,-1134.9575801191154
2024-12-14 21:00:00+00:00,502.75637668606265,1720.0,-1217.2436233139374
2024-12-14 22:00:00+00:00,529.2846922122903,1815.0,-1285.7153077877097
2024-12-14 23:00:00+00:00,495.651542100142,1865.0,-1369.348457899858
2024-12-15 00:00:00+00:00,463.2143684889992,1790.0,-1326.7856315110007
2024-12-15 01:00:00+00:00,436.613614845232,1781.0,-1344.386385154768
2024-12-15 02:00:00+00:00,365.58385433411183,1686.0,-1320.416145665888
2024-12-15 03:00:00+00:00,323.4395828396822,1526.0,-1202.5604171603177
2024-12-15 04:00:00+00:00,278.67459336296315,1584.0,-1305.3254066370368
2024-12-15 05:00:00+00:00,265.81138182521784,1531.0,-1265.1886181747823
2024-12-15 06:00:00+00:00,242.83129744170185,1382.0,-1139.1687025582983
2024-12-15 07:00:00+00:00,238.61900503142863,1286.0,-1047.3809949685715
2024-12-15 08:00:00+00:00,239.33722468934303,1315.0,-1075.662775310657
2024-12-15 09:00:00+00:00,236.8167187868543,1341.0,-1104.1832812131456
2024-12-15 10:00:00+00:00,253.53647094772984,1307.0,-1053.4635290522701
2024-12-15 11:00:00+00:00,227.65621668998685,1400.0,-1172.3437833100131
2024-12-15 12:00:00+00:00,244.01287791452987,1378.0,-1133.9871220854702
2024-12-15 13:00:00+00:00,222.7284281027557,1200.0,-977.2715718972443
2024-12-15 14:00:00+00:00,193.92716269768903,1257.0,-1063.072837302311
2024-12-15 15:00:00+00:00,139.2626388317534,1112.0,-972.7373611682466
2024-12-15 16:00:00+00:00,138.5105229340403,882.0,-743.4894770659597
2024-12-15 17:00:00+00:00,140.76393587914097,868.0,-727.236064120859
2024-12-15 18:00:00+00:00,127.42732721304502,857.0,-729.572672786955
2024-12-15 19:00:00+00:00,111.28382866420196,854.0,-742.716171335798
2024-12-15 20:00:00+00:00,150.74376417885904,795.0,-644.256235821141
2024-12-15 21:00:00+00:00,260.85687065286635,909.0,-648.1431293471337
2024-12-15 22:00:00+00:00,260.13561117188294,1090.0,-829.8643888281171
2024-12-15 23:00:00+00:00,294.17562748817414,1209.0,-914.8243725118259
2024-12-16 00:00:00+00:00,302.3629091588042,1408.0,-1105.637090841196
2024-12-16 01:00:00+00:00,294.3721312808291,1443.0,-1148.627868719171
2024-12-16 02:00:00+00:00,308.5435041718684,1510.0,-1201.4564958281317
2024-12-16 03:00:00+00:00,341.0424691376789,1462.0,-1120.9575308623212
2024-12-16 04:00:00+00:00,382.4632405403622,1548.0,-1165.5367594596378
2024-12-16 05:00:00+00:00,398.2014152942174,1594.0,-1195.7985847057826
2024-12-16 06:00:00+00:00,382.8349070727128,1517.0,-1134.1650929272873
2024-12-16 07:00:00+00:00,352.5128123764724,1646.0,-1293.4871876235275
2024-12-16 08:00:00+00:00,358.113371977514,1693.0,-1334.886628022486
2024-12-16 09:00:00+00:00,346.9620953978119,1683.0,-1336.037904602188
2024-12-16 10:00:00+00:00,320.9131178047587,1672.0,-1351.0868821952413
2024-12-16 11:00:00+00:00,295.5280215400818,1537.0,-1241.4719784599183
2024-12-16 12:00:00+00:00,295.1704689083779,1543.0,-1247.8295310916221
2024-12-16 13:00:00+00:00,312.9711237115636,1410.0,-1097.0288762884363
2024-12-16 14:00:00+00:00,331.991602297302,1225.0,-893.008397702698
2024-12-16 15:00:00+00:00,223.98368650117595,960.0,-736.016313498824
2024-12-16 16:00:00+00:00,158.2153635957212,776.0,-617.7846364042788
2024-12-16 17:00:00+00:00,148.5073233854434,629.0,-480.49267661455656
2024-12-16 18:00:00+00:00,165.65224536193372,503.0,-337.34775463806625
2024-12-16 19:00:00+00:00,214.37133385428183,551.0,-336.62866614571817
2024-12-16 20:00:00+00:00,353.7715809353549,709.0,-355.2284190646451
2024-12-16 21:00:00+00:00,506.8797633924025,1022.0,-515.1202366075975
2024-12-16 22:00:00+00:00,569.2722744727861,1365.0,-795.7277255272139
2024-12-16 23:00:00+00:00,781.5542158027338,1498.0,-716.4457841972662
2024-12-17 00:00:00+00:00,865.0164718767146,1576.0,-710.9835281232854
2024-12-17 01:00:00+00:00,988.5428497624478,1699.0,-710.4571502375522
2024-12-17 02:00:00+00:00,1186.8930330820706,1699.0,-512.1069669179294
2024-12-17 03:00:00+00:00,1433.5931976092763,1814.0,-380.40680239072367
2024-12-17 04:00:00+00:00,1588.481775636369,1899.0,-310.5182243636309
2024-12-17 05:00:00+00:00,1809.3393068307637,2110.0,-300.6606931692363
2024-12-17 06:00:00+00:00,2016.359927483778,2329.0,-312.64007251622206
2024-12-17 07:00:00+00:00,2107.7514439396964,1833.0,274.7514439396964
2024-12-17 08:00:00+00:00,2159.223707111545,2274.0,-114.77629288845492
2024-12-17 09:00:00+00:00,2264.875674989823,2249.0,15.875674989822983
2024-12-17 10:00:00+00:00,2397.907373951395,2005.0,392.90737395139513
2024-12-17 11:00:00+00:00,2526.312658744137,2538.0,-11.687341255862975
2024-12-17 12:00:00+00:00,2779.6624398551576,2719.0,60.66243985515757
2024-12-17 13:00:00+00:00,2925.9887618073035,2558.0,367.9887618073035
2024-12-17 14:00:00+00:00,3002.945663782013,2646.0,356.94566378201307
2024-12-17 15:00:00+00:00,2956.2470187068006,2633.0,323.24701870680065
2024-12-17 16:00:00+00:00,2928.9778952796373,2553.0,375.9778952796373
2024-12-17 17:00:00+00:00,2878.0090351125723,2599.0,279.0090351125723
2024-12-17 18:00:00+00:00,2955.0084149588247,2577.0,378.0084149588247
2024-12-17 19:00:00+00:00,2938.9555983124883,2562.0,376.9555983124883
2024-12-17 20:00:00+00:00,2847.6458695372085,2648.0,199.64586953720845
2024-12-17 21:00:00+00:00,2792.6372396351608,2714.0,78.63723963516077
2024-12-17 22:00:00+00:00,2526.423046444116,2470.0,56.42304644411615
2024-12-17 23:00:00+00:00,2644.704560589799,2450.0,194.7045605897988
2024-12-18 00:00:00+00:00,2694.4651591356733,2587.0,107.46515913567328
2024-12-18 01:00:00+00:00,2649.960870372494,2637.0,12.9608703724939
2024-12-18 02:00:00+00:00,2512.726480947051,2624.0,-111.27351905294881
2024-12-18 03:00:00+00:00,2462.192222780858,2656.0,-193.80777721914183
2024-12-18 04:00:00+00:00,2380.7419767797937,2606.0,-225.25802322020627
2024-12-18 05:00:00+00:00,2179.706716299748,2613.0,-433.2932837002518
2024-12-18 06:00:00+00:00,1932.2565663584132,2575.0,-642.7434336415868
2024-12-18 07:00:00+00:00,1723.3122095178485,2426.0,-702.6877904821515
2024-12-18 08:00:00+00:00,1595.3101831058318,2306.0,-710.6898168941682
2024-12-18 09:00:00+00:00,1473.9588795250868,2468.0,-994.0411204749132
2024-12-18 10:00:00+00:00,1467.2515459849049,2390.0,-922.7484540150951
2024-12-18 11:00:00+00:00,1357.277111402443,2357.0,-999.7228885975569
2024-12-18 12:00:00+00:00,1305.8368160148575,2048.0,-742.1631839851425
2024-12-18 13:00:00+00:00,1174.080652105636,1765.0,-590.9193478943639
2024-12-18 14:00:00+00:00,935.3478285238288,1647.0,-711.6521714761712
2024-12-18 15:00:00+00:00,703.8089610197626,1487.0,-783.1910389802374
2024-12-18 16:00:00+00:00,842.497730952473,1498.0,-655.502269047527
2024-12-18 17:00:00+00:00,984.4105778475574,1366.0,-381.5894221524426
2024-12-18 18:00:00+00:00,871.6618089581393,1237.0,-365.3381910418607
2024-12-18 19:00:00+00:00,662.4856906703116,1164.0,-501.51430932968844
2024-12-18 20:00:00+00:00,659.6521752400326,903.0,-243.34782475996735
2024-12-18 21:00:00+00:00,642.110846556297,937.0,-294.889153443703
2024-12-18 22:00:00+00:00,618.0934722385182,956.0,-337.9065277614818
2024-12-18 23:00:00+00:00,649.14350916585,857.0,-207.85649083415
2024-12-19 00:00:00+00:00,585.241227503141,846.0,-260.758772496859
2024-12-19 01:00:00+00:00,553.7939519371657,801.0,-247.20604806283427
2024-12-19 02:00:00+00:00,464.9839276425837,640.0,-175.0160723574163
2024-12-19 03:00:00+00:00,416.25884678203306,563.0,-146.74115321796694
2024-12-19 04:00:00+00:00,369.126064228135,573.0,-203.87393577186498
2024-12-19 05:00:00+00:00,329.32854969424693,478.0,-148.67145030575307
2024-12-19 06:00:00+00:00,307.61540383507344,387.0,-79.38459616492656
2024-12-19 07:00:00+00:00,344.5461646778815,445.0,-100.4538353221185
2024-12-19 08:00:00+00:00,401.4408954557836,540.0,-138.55910454421638
2024-12-19 09:00:00+00:00,479.4845080359042,640.0,-160.51549196409582
2024-12-19 10:00:00+00:00,436.1629122001114,721.0,-284.8370877998886
2024-12-19 11:00:00+00:00,482.7488797957,914.0,-431.2511202043
2024-12-19 12:00:00+00:00,701.1486049685049,1149.0,-447.85139503149514
2024-12-19 13:00:00+00:00,656.7676769428451,1323.0,-666.2323230571549
2024-12-19 14:00:00+00:00,806.5280023547106,1603.0,-796.4719976452894
2024-12-19 15:00:00+00:00,936.2204853772606,1888.0,-951.7795146227394
2024-12-19 16:00:00+00:00,1036.8459423732877,1787.0,-750.1540576267123
2024-12-19 17:00:00+00:00,1071.2964123800618,2035.0,-963.7035876199382
2024-12-19 18:00:00+00:00,1221.46492777691,2131.0,-909.5350722230901
2024-12-19 19:00:00+00:00,1301.422175950833,2039.0,-737.577824049167
2024-12-19 20:00:00+00:00,1304.161752009196,1839.0,-534.8382479908039
2024-12-19 21:00:00+00:00,1239.3627351971545,1792.0,-552.6372648028455
2024-12-19 22:00:00+00:00,1276.351608635251,2172.0,-895.6483913647489
2024-12-19 23:00:00+00:00,1041.617999015574,1961.0,-919.382000984426
2024-12-20 00:00:00+00:00,942.6825727726828,1623.0,-680.3174272273172
2024-12-20 01:00:00+00:00,704.9694143480839,1429.0,-724.0305856519161
2024-12-20 02:00:00+00:00,432.5200847440208,1068.0,-635.4799152559792
2024-12-20 03:00:00+00:00,288.38658212563155,713.0,-424.61341787436845
2024-12-20 04:00:00+00:00,225.71201308652087,476.0,-250.28798691347913
2024-12-20 05:00:00+00:00,149.3940959524405,425.0,-275.60590404755953
2024-12-20 06:00:00+00:00,104.05274902622658,372.0,-267.9472509737734
2024-12-20 07:00:00+00:00,69.49709959932129,244.0,-174.5029004006787
2024-12-20 08:00:00+00:00,39.19861490363887,180.0,-140.80138509636112
2024-12-20 09:00:00+00:00,16.47635044652213,130.0,-113.52364955347787
2024-12-20 10:00:00+00:00,11.9344102194726,69.0,-57.065589780527404
2024-12-20 11:00:00+00:00,7.964832989954962,54.0,-46.035167010045036
2024-12-20 12:00:00+00:00,13.020352249199732,52.0,-38.97964775080027
2024-12-20 13:00:00+00:00,12.065691620234784,73.0,-60.93430837976521
2024-12-20 14:00:00+00:00,10.460070644530523,96.0,-85.53992935546948
2024-12-20 15:00:00+00:00,4.343304566374808,88.0,-83.65669543362519
2024-12-20 16:00:00+00:00,3.6204410278581705,78.0,-74.37955897214184
2024-12-20 17:00:00+00:00,3.368867859009645,61.0,-57.63113214099035
2024-12-20 18:00:00+00:00,10.114403381752362,67.0,-56.88559661824764
2024-12-20 19:00:00+00:00,16.804995704558365,45.0,-28.195004295441635
2024-12-20 20:00:00+00:00,30.29152615086214,41.0,-10.70847384913786
2024-12-20 21:00:00+00:00,50.27809253227251,57.0,-6.72190746772749
2024-12-20 22:00:00+00:00,61.80675632912652,109.0,-47.19324367087348
2024-12-20 23:00:00+00:00,81.32793958028823,188.0,-106.67206041971177
2024-12-21 00:00:00+00:00,88.19070004973096,255.0,-166.80929995026904
2024-12-21 01:00:00+00:00,85.773550637303,263.0,-177.226449362697
2024-12-21 02:00:00+00:00,111.69865434516448,339.0,-227.30134565483553
2024-12-21 03:00:00+00:00,119.8583619522312,358.0,-238.1416380477688
2024-12-21 04:00:00+00:00,172.71206577125562,439.0,-266.28793422874435
2024-12-21 05:00:00+00:00,267.4434445421537,528.0,-260.5565554578463
2024-12-21 06:00:00+00:00,390.74875552945866,745.0,-354.25124447054134
2024-12-21 07:00:00+00:00,513.222085207365,904.0,-390.777914792635
2024-12-21 08:00:00+00:00,596.582687010488,1120.0,-523.417312989512
2024-12-21 09:00:00+00:00,680.6417690630493,1056.0,-375.3582309369507
2024-12-21 10:00:00+00:00,642.1103725118811,969.0,-326.8896274881189
2024-12-21 11:00:00+00:00,638.4117753750818,986.0,-347.5882246249182
2024-12-21 12:00:00+00:00,753.8220297165325,1177.0,-423.1779702834675
2024-12-21 13:00:00+00:00,868.4545011342028,1357.0,-488.5454988657972
2024-12-21 14:00:00+00:00,920.3348547930924,1407.0,-486.6651452069076
2024-12-21 15:00:00+00:00,1023.5593258759848,1433.0,-409.44067412401523
2024-12-21 16:00:00+00:00,1151.280180963917,1510.0,-358.719819036083
2024-12-21 17:00:00+00:00,1269.010910175605,1678.0,-408.989089824395
2024-12-21 18:00:00+00:00,1238.4552361117644,1909.0,-670.5447638882356
2024-12-21 19:00:00+00:00,1280.6538032881306,2029.0,-748.3461967118694
2024-12-21 20:00:00+00:00,1250.3610530845297,1777.0,-526.6389469154703
2024-12-21 21:00:00+00:00,1279.0358110215109,2349.0,-1069.9641889784891
2024-12-21 22:00:00+00:00,1248.4142708996214,2234.0,-985.5857291003786
2024-12-21 23:00:00+00:00,1270.092322904704,2221.0,-950.9076770952961
2024-12-22 00:00:00+00:00,1201.161454234355,2276.0,-1074.838545765645
2024-12-22 01:00:00+00:00,1186.3957480969127,2255.0,-1068.6042519030873
2024-12-22 02:00:00+00:00,1174.422919041646,2189.0,-1014.5770809583539
2024-12-22 03:00:00+00:00,1176.3967775769788,2245.0,-1068.6032224230212
2024-12-22 04:00:00+00:00,1160.0118502176022,2313.0,-1152.9881497823978
2024-12-22 05:00:00+00:00,1136.0905683527455,2322.0,-1185.9094316472545
2024-12-22 06:00:00+00:00,1142.3681779639662,2312.0,-1169.6318220360338
2024-12-22 07:00:00+00:00,1099.0460044760102,2562.0,-1462.9539955239898
2024-12-22 08:00:00+00:00,1051.9372998798922,2159.0,-1107.0627001201078
2024-12-22 09:00:00+00:00,1024.0811005805326,2478.0,-1453.9188994194674
2024-12-22 10:00:00+00:00,804.511547575955,2379.0,-1574.4884524240451
2024-12-22 11:00:00+00:00,793.5741914220198,2223.0,-1429.4258085779802
2024-12-22 12:00:00+00:00,802.6430381124275,2041.0,-1238.3569618875727
2024-12-22 13:00:00+00:00,811.1519744737905,1944.0,-1132.8480255262095
2024-12-22 14:00:00+00:00,814.6678542856721,1803.0,-988.3321457143279
2024-12-22 15:00:00+00:00,868.0863712242392,1698.0,-829.9136287757608
2024-12-22 16:00:00+00:00,925.3928876804636,1604.0,-678.6071123195364
2024-12-22 17:00:00+00:00,844.1537089742618,1442.0,-597.8462910257382
2024-12-22 18:00:00+00:00,768.3691472291625,1423.0,-654.6308527708375
2024-12-22 19:00:00+00:00,748.1350389062245,1564.0,-815.8649610937755
2024-12-22 20:00:00+00:00,671.5733943490859,1634.0,-962.4266056509141
2024-12-22 21:00:00+00:00,635.3784611397481,1790.0,-1154.6215388602518
2024-12-22 22:00:00+00:00,846.7308472871201,2165.0,-1318.26915271288
2024-12-22 23:00:00+00:00,788.6021971808939,1901.0,-1112.3978028191061
2024-12-23 00:00:00+00:00,712.651400945804,1897.0,-1184.348599054196
2024-12-23 01:00:00+00:00,644.7585194488604,2085.0,-1440.2414805511396
2024-12-23 02:00:00+00:00,582.53801324281,1990.0,-1407.46198675719
2024-12-23 03:00:00+00:00,552.4924831774546,1997.0,-1444.5075168225453
2024-12-23 04:00:00+00:00,511.6332633858816,2071.0,-1559.3667366141185
2024-12-23 05:00:00+00:00,458.6503214325881,1994.0,-1535.349678567412
2024-12-23 06:00:00+00:00,425.8981800375189,1859.0,-1433.1018199624812
2024-12-23 07:00:00+00:00,404.8126201340484,1869.0,-1464.1873798659517
2024-12-23 08:00:00+00:00,398.3665894559648,1930.0,-1531.633410544035
2024-12-23 09:00:00+00:00,388.08732126647664,1888.0,-1499.9126787335233
2024-12-23 10:00:00+00:00,412.74135994483737,1873.0,-1460.2586400551627
2024-12-23 11:00:00+00:00,324.9701990302649,1807.0,-1482.029800969735
2024-12-23 12:00:00+00:00,294.78933529768364,1777.0,-1482.2106647023163
2024-12-23 13:00:00+00:00,262.12110911312334,1651.0,-1388.8788908868767
2024-12-23 14:00:00+00:00,199.50728640197903,1357.0,-1157.492713598021
2024-12-23 15:00:00+00:00,143.1264297741847,1179.0,-1035.8735702258152
2024-12-23 16:00:00+00:00,119.239663728049,1010.0,-890.760336271951
2024-12-23 17:00:00+00:00,119.52973142322443,836.0,-716.4702685767755
2024-12-23 18:00:00+00:00,124.6585588469671,720.0,-595.3414411530329
2024-12-23 19:00:00+00:00,120.48389136939667,681.0,-560.5161086306033
2024-12-23 20:00:00+00:00,112.31862199672834,687.0,-574.6813780032717
2024-12-23 21:00:00+00:00,194.33456752515977,920.0,-725.6654324748403
2024-12-23 22:00:00+00:00,183.42482884910527,1116.0,-932.5751711508947
2024-12-23 23:00:00+00:00,235.60737698370832,1298.0,-1062.3926230162917
2024-12-24 00:00:00+00:00,287.5353191901892,1327.0,-1039.4646808098107
2024-12-24 01:00:00+00:00,342.00370310629654,1246.0,-903.9962968937034
2024-12-24 02:00:00+00:00,327.5551976287832,1137.0,-809.4448023712168
2024-12-24 03:00:00+00:00,298.1928897762799,1234.0,-935.8071102237201
2024-12-24 04:00:00+00:00,276.4624798474404,1154.0,-877.5375201525596
2024-12-24 05:00:00+00:00,249.01664908299756,964.0,-714.9833509170024
2024-12-24 06:00:00+00:00,220.235486867388,852.0,-631.764513132612
2024-12-24 07:00:00+00:00,196.28337141953875,601.0,-404.71662858046125
2024-12-24 08:00:00+00:00,132.75818012920226,524.0,-391.2418198707977
2024-12-24 09:00:00+00:00,89.88202104098946,401.0,-311.11797895901054
2024-12-24 10:00:00+00:00,42.196532566003775,265.0,-222.80346743399622
2024-12-24 11:00:00+00:00,27.614740543277797,224.0,-196.3852594567222
2024-12-24 12:00:00+00:00,14.664842123885917,247.0,-232.3351578761141
2024-12-24 13:00:00+00:00,22.58936301049235,304.0,-281.4106369895077
2024-12-24 14:00:00+00:00,17.166619551475367,196.0,-178.83338044852462
2024-12-24 15:00:00+00:00,12.456480090698424,118.0,-105.54351990930158
2024-12-24 16:00:00+00:00,14.230256587447636,96.0,-81.76974341255236
2024-12-24 17:00:00+00:00,28.41804450334673,50.0,-21.58195549665327
2024-12-24 18:00:00+00:00,47.96043629808696,48.0,-0.03956370191303904
2024-12-24 19:00:00+00:00,94.72974252354126,77.0,17.729742523541262
2024-12-24 20:00:00+00:00,148.8789306441894,130.0,18.87893064418941
2024-12-24 21:00:00+00:00,230.48416335620396,268.0,-37.515836643796035
2024-12-24 22:00:00+00:00,241.56176995242907,456.0,-214.43823004757093
2024-12-24 23:00:00+00:00,294.7087906725694,547.0,-252.29120932743058
2024-12-25 00:00:00+00:00,305.1986844700372,516.0,-210.80131552996278
2024-12-25 01:00:00+00:00,320.5088107645089,530.0,-209.4911892354911
2024-12-25 02:00:00+00:00,336.2599069164609,500.0,-163.74009308353908
2024-12-25 03:00:00+00:00,311.3044302220136,451.0,-139.6955697779864
2024-12-25 04:00:00+00:00,311.8067259319986,366.0,-54.193274068001415
2024-12-25 05:00:00+00:00,335.0272696691304,392.0,-56.97273033086958
2024-12-25 06:00:00+00:00,303.4191474344423,342.0,-38.58085256555768
2024-12-25 07:00:00+00:00,268.75885931415434,291.0,-22.241140685845664
2024-12-25 08:00:00+00:00,271.09128283280995,290.0,-18.908717167190048
2024-12-25 09:00:00+00:00,218.0160142505129,216.0,2.01601425051291
2024-12-25 10:00:00+00:00,141.44693005144651,129.0,12.446930051446515
2024-12-25 11:00:00+00:00,112.98980069148064,98.0,14.989800691480639
2024-12-25 12:00:00+00:00,145.26848520441652,87.0,58.26848520441652
2024-12-25 13:00:00+00:00,145.12494115853357,70.0,75.12494115853357
2024-12-25 14:00:00+00:00,88.57551692775411,52.0,36.57551692775411
2024-12-25 15:00:00+00:00,18.9748556125,25.0,-6.025144387499999
2024-12-25 16:00:00+00:00,7.288503240249455,19.0,-11.711496759750545
2024-12-25 17:00:00+00:00,4.087250752140051,39.0,-34.91274924785995
2024-12-25 18:00:00+00:00,5.987101467935712,25.0,-19.012898532064288
2024-12-25 19:00:00+00:00,10.91468365101438,23.0,-12.08531634898562
2024-12-25 20:00:00+00:00,19.38148667441662,42.0,-22.61851332558338
2024-12-25 21:00:00+00:00,38.557668815146776,83.0,-44.442331184853224
2024-12-25 22:00:00+00:00,51.24611660358804,198.0,-146.75388339641196
2024-12-25 23:00:00+00:00,66.02367774995398,324.0,-257.976322250046
2024-12-26 00:00:00+00:00,79.87970612360286,436.0,-356.1202938763971
2024-12-26 01:00:00+00:00,86.69400574197344,640.0,-553.3059942580265
2024-12-26 02:00:00+00:00,84.37678587966239,865.0,-780.6232141203376
2024-12-26 03:00:00+00:00,85.93110996088907,936.0,-850.0688900391109
2024-12-26 04:00:00+00:00,98.55241815847292,926.0,-827.447581841527
2024-12-26 05:00:00+00:00,116.09453207909752,913.0,-796.9054679209025
2024-12-26 06:00:00+00:00,140.9485474827742,1029.0,-888.0514525172258
2024-12-26 07:00:00+00:00,155.03912254198252,1045.0,-889.9608774580174
2024-12-26 08:00:00+00:00,190.70696766268443,1114.0,-923.2930323373156
2024-12-26 09:00:00+00:00,205.1672589083641,1258.0,-1052.8327410916359
2024-12-26 10:00:00+00:00,228.8154605212998,1133.0,-904.1845394787002
2024-12-26 11:00:00+00:00,195.11429826576352,956.0,-760.8857017342365
2024-12-26 12:00:00+00:00,151.54773557387244,935.0,-783.4522644261276
2024-12-26 13:00:00+00:00,133.04148231014412,1023.0,-889.9585176898559
2024-12-26 14:00:00+00:00,119.51816245224154,859.0,-739.4818375477585
2024-12-26 15:00:00+00:00,77.76181305703066,654.0,-576.2381869429694
2024-12-26 16:00:00+00:00,47.40904242979423,623.0,-575.5909575702058
2024-12-26 17:00:00+00:00,39.54050317491904,540.0,-500.459496825081
2024-12-26 18:00:00+00:00,35.72379514361281,459.0,-423.2762048563872
2024-12-26 19:00:00+00:00,35.16223249745642,397.0,-361.83776750254356
2024-12-26 20:00:00+00:00,62.38053509915893,429.0,-366.6194649008411
2024-12-26 21:00:00+00:00,143.61539660852287,520.0,-376.3846033914771
2024-12-26 22:00:00+00:00,136.21215985102785,627.0,-490.7878401489721
2024-12-26 23:00:00+00:00,98.61917872480872,627.0,-528.3808212751912
2024-12-27 00:00:00+00:00,86.46568243037426,567.0,-480.5343175696257
2024-12-27 01:00:00+00:00,93.61397212458056,573.0,-479.3860278754195
2024-12-27 02:00:00+00:00,70.9974744349651,604.0,-533.002525565035
2024-12-27 03:00:00+00:00,53.07287630151881,604.0,-550.9271236984812
2024-12-27 04:00:00+00:00,67.49350002966473,655.0,-587.5064999703353
2024-12-27 05:00:00+00:00,85.45203470283937,661.0,-575.5479652971607
2024-12-27 06:00:00+00:00,87.363934133922,832.0,-744.636065866078
2024-12-27 07:00:00+00:00,77.94186040999895,915.0,-837.058139590001
2024-12-27 08:00:00+00:00,78.8127012945948,1007.0,-928.1872987054052
2024-12-27 09:00:00+00:00,85.74448023452078,1098.0,-1012.2555197654792
2024-12-27 10:00:00+00:00,71.70707918893889,1228.0,-1156.292920811061
2024-12-27 11:00:00+00:00,86.52774415329384,1330.0,-1243.472255846706
2024-12-27 12:00:00+00:00,98.1713820497654,1238.0,-1139.8286179502345
2024-12-27 13:00:00+00:00,85.01639235726319,1169.0,-1083.9836076427368
2024-12-27 14:00:00+00:00,76.44903755221786,961.0,-884.5509624477821
2024-12-27 15:00:00+00:00,55.84528635534327,696.0,-640.1547136446567
2024-12-27 16:00:00+00:00,22.704222377105705,678.0,-655.2957776228943
2024-12-27 17:00:00+00:00,19.150828906193095,450.0,-430.8491710938069
2024-12-27 18:00:00+00:00,18.95205743438334,321.0,-302.04794256561667
2024-12-27 19:00:00+00:00,24.69122140305177,338.0,-313.30877859694823
2024-12-27 20:00:00+00:00,49.89592928414636,443.0,-393.10407071585365
2024-12-27 21:00:00+00:00,135.33350264213587,607.0,-471.66649735786416
2024-12-27 22:00:00+00:00,120.88232553980863,628.0,-507.1176744601914
2024-12-27 23:00:00+00:00,129.24002288448668,696.0,-566.7599771155133
2024-12-28 00:00:00+00:00,138.3765677353194,628.0,-489.62343226468056
2024-12-28 01:00:00+00:00,123.38164524942856,710.0,-586.6183547505715
2024-12-28 02:00:00+00:00,109.67885891300692,714.0,-604.3211410869931
2024-12-28 03:00:00+00:00,112.82042515751516,701.0,-588.1795748424848
2024-12-28 04:00:00+00:00,92.34221356906453,700.0,-607.6577864309355
2024-12-28 05:00:00+00:00,99.89037851006115,755.0,-655.1096214899388
2024-12-28 06:00:00+00:00,124.01052277807696,718.0,-593.989477221923
2024-12-28 07:00:00+00:00,115.95276631595128,708.0,-592.0472336840487
2024-12-28 08:00:00+00:00,95.62167089591588,786.0,-690.3783291040841
2024-12-28 09:00:00+00:00,84.99620694991918,831.0,-746.0037930500808
2024-12-28 10:00:00+00:00,86.88018312619867,737.0,-650.1198168738014
2024-12-28 11:00:00+00:00,64.37888455584311,647.0,-582.6211154441569
2024-12-28 12:00:00+00:00,54.14065364536667,567.0,-512.8593463546333
2024-12-28 13:00:00+00:00,56.41227675136186,617.0,-560.5877232486381
2024-12-28 14:00:00+00:00,71.88548178460647,459.0,-387.11451821539356
2024-12-28 15:00:00+00:00,52.6858516426316,432.0,-379.3141483573684
2024-12-28 16:00:00+00:00,40.12209656528754,406.0,-365.87790343471244
2024-12-28 17:00:00+00:00,44.98877446862991,335.0,-290.0112255313701
2024-12-28 18:00:00+00:00,50.99999668771117,386.0,-335.0000033122888
2024-12-28 19:00:00+00:00,52.50373796958426,355.0,-302.4962620304157
2024-12-28 20:00:00+00:00,65.23486614994475,366.0,-300.76513385005524
2024-12-28 21:00:00+00:00,96.06481797898108,422.0,-325.93518202101893
2024-12-28 22:00:00+00:00,109.3952651453458,496.0,-386.6047348546542
2024-12-28 23:00:00+00:00,146.62715122419854,599.0,-452.37284877580146
2024-12-29 00:00:00+00:00,183.10627240834737,748.0,-564.8937275916526
2024-12-29 01:00:00+00:00,201.6720965128202,824.0,-622.3279034871798
2024-12-29 02:00:00+00:00,193.71135186784224,984.0,-790.2886481321577
2024-12-29 03:00:00+00:00,209.67982443487432,1072.0,-862.3201755651257
2024-12-29 04:00:00+00:00,219.3290309426669,1136.0,-916.6709690573331
2024-12-29 05:00:00+00:00,228.82546302447935,1183.0,-954.1745369755206
2024-12-29 06:00:00+00:00,219.75491790565067,1237.0,-1017.2450820943493
2024-12-29 07:00:00+00:00,232.5213056545211,1121.0,-888.478694345479
2024-12-29 08:00:00+00:00,244.0342538891641,1008.0,-763.9657461108359
2024-12-29 09:00:00+00:00,237.17967322038908,1064.0,-826.8203267796109
2024-12-29 10:00:00+00:00,252.44673182336803,934.0,-681.553268176632
2024-12-29 11:00:00+00:00,319.19426271421054,992.0,-672.8057372857895
2024-12-29 12:00:00+00:00,345.5271738232332,996.0,-650.4728261767668
2024-12-29 13:00:00+00:00,350.5230464508163,995.0,-644.4769535491837
2024-12-29 14:00:00+00:00,324.1918029019394,1010.0,-685.8081970980606
2024-12-29 15:00:00+00:00,308.1195364362735,1032.0,-723.8804635637265
2024-12-29 16:00:00+00:00,279.354574894135,879.0,-599.645425105865
2024-12-29 17:00:00+00:00,231.03751586749905,759.0,-527.962484132501
2024-12-29 18:00:00+00:00,212.4502748963288,680.0,-467.5497251036712
2024-12-29 19:00:00+00:00,300.2130621781513,804.0,-503.7869378218487
2024-12-29 20:00:00+00:00,324.04386670617674,700.0,-375.95613329382326
2024-12-29 21:00:00+00:00,342.1833124273968,716.0,-373.8166875726032
2024-12-29 22:00:00+00:00,454.9693630863415,794.0,-339.0306369136585
2024-12-29 23:00:00+00:00,563.338140704779,851.0,-287.661859295221
2024-12-30 00:00:00+00:00,683.4767721146627,821.0,-137.5232278853373
2024-12-30 01:00:00+00:00,813.328847434949,787.0,26.32884743494901
2024-12-30 02:00:00+00:00,956.029750854452,1162.0,-205.970249145548
2024-12-30 03:00:00+00:00,1161.1498829520428,1260.0,-98.85011704795716
2024-12-30 04:00:00+00:00,1191.182491860584,1393.0,-201.81750813941608
2024-12-30 05:00:00+00:00,1297.5291345625594,1745.0,-447.4708654374406
2024-12-30 06:00:00+00:00,1382.614495941431,1787.0,-404.38550405856904
2024-12-30 07:00:00+00:00,1467.826329502696,2116.0,-648.1736704973041
2024-12-30 08:00:00+00:00,1583.9470769555514,2173.0,-589.0529230444486
2024-12-30 09:00:00+00:00,1676.3548489432192,2360.0,-683.6451510567808
2024-12-30 10:00:00+00:00,1833.0956562047693,2395.0,-561.9043437952307
2024-12-30 11:00:00+00:00,1861.806919752332,2653.0,-791.1930802476679
2024-12-30 12:00:00+00:00,1940.6716531283253,2647.0,-706.3283468716747
2024-12-30 13:00:00+00:00,2042.7254198973108,2699.0,-656.2745801026892
2024-12-30 14:00:00+00:00,2093.723765776777,2437.0,-343.2762342232231
2024-12-30 15:00:00+00:00,2142.161307251016,2661.0,-518.8386927489842
2024-12-30 16:00:00+00:00,2134.098152444117,2239.0,-104.9018475558828
2024-12-30 17:00:00+00:00,2061.842625048436,2363.0,-301.1573749515642
2024-12-30 18:00:00+00:00,1991.69142819196,2803.0,-811.3085718080399
2024-12-30 19:00:00+00:00,2010.991507015804,2473.0,-462.008492984196
2024-12-30 20:00:00+00:00,1990.7621678423384,2407.0,-416.2378321576616
2024-12-30 21:00:00+00:00,2056.763021178771,2359.0,-302.23697882122906
2024-12-30 22:00:00+00:00,1998.0917468793832,2335.0,-336.9082531206168
2024-12-30 23:00:00+00:00,2340.481257739297,2214.0,126.48125773929678
2024-12-31 00:00:00+00:00,2418.8415443619588,2438.0,-19.158455638041232
