timestamp,production_agregee_mw
2024-01-01 00:00:00,372.6214384911864
2024-01-01 01:00:00,340.4548108627676
2024-01-01 02:00:00,337.32454722510613
2024-01-01 03:00:00,325.4067601298154
2024-01-01 04:00:00,326.2025962071045
2024-01-01 05:00:00,306.35675892529935
2024-01-01 06:00:00,270.67119022089116
2024-01-01 07:00:00,233.29597539070858
2024-01-01 08:00:00,234.56153091545048
2024-01-01 09:00:00,249.8795044634734
2024-01-01 10:00:00,235.49423079777412
2024-01-01 11:00:00,220.78903213297787
2024-01-01 12:00:00,217.02045264235824
2024-01-01 13:00:00,176.10552317875008
2024-01-01 14:00:00,185.87284988614502
2024-01-01 15:00:00,168.7686352805718
2024-01-01 16:00:00,128.38090746151371
2024-01-01 17:00:00,97.85910526542472
2024-01-01 18:00:00,92.42434960982804
2024-01-01 19:00:00,105.21842542750227
2024-01-01 20:00:00,132.83729962134328
2024-01-01 21:00:00,166.55261548417403
2024-01-01 22:00:00,182.6618915163557
2024-01-01 23:00:00,246.58405431889912
2024-01-02 00:00:00,299.647306384732
2024-01-02 01:00:00,363.02081088482333
2024-01-02 02:00:00,475.54993577832266
2024-01-02 03:00:00,555.7337492708622
2024-01-02 04:00:00,686.9531896262425
2024-01-02 05:00:00,732.1383521614241
2024-01-02 06:00:00,791.8040940294873
2024-01-02 07:00:00,776.498531536508
2024-01-02 08:00:00,814.2957181608074
2024-01-02 09:00:00,831.801336246461
2024-01-02 10:00:00,919.7018111132546
2024-01-02 11:00:00,976.0869571174644
2024-01-02 12:00:00,989.99545912654
2024-01-02 13:00:00,957.2806955301412
2024-01-02 14:00:00,953.6864914311155
2024-01-02 15:00:00,769.7207992562642
2024-01-02 16:00:00,732.8710268339892
2024-01-02 17:00:00,726.3351680560041
2024-01-02 18:00:00,759.9332181304031
2024-01-02 19:00:00,763.9750044642306
2024-01-02 20:00:00,676.2317214109181
2024-01-02 21:00:00,780.3985412122117
2024-01-02 22:00:00,727.3021155273391
2024-01-02 23:00:00,794.37798472313
2024-01-03 00:00:00,826.1500201050715
2024-01-03 01:00:00,850.1203176468314
2024-01-03 02:00:00,855.6227586813836
2024-01-03 03:00:00,864.6907224961473
2024-01-03 04:00:00,827.4273010601329
2024-01-03 05:00:00,771.9436119068947
2024-01-03 06:00:00,712.1593884258907
2024-01-03 07:00:00,652.6276805718871
2024-01-03 08:00:00,589.9709069470546
2024-01-03 09:00:00,537.289970812569
2024-01-03 10:00:00,568.8502279461242
2024-01-03 11:00:00,466.7652215765307
2024-01-03 12:00:00,402.0597867106513
2024-01-03 13:00:00,328.1726204738787
2024-01-03 14:00:00,231.35543405303858
2024-01-03 15:00:00,112.92926766364502
2024-01-03 16:00:00,108.79040270374493
2024-01-03 17:00:00,116.19235483785268
2024-01-03 18:00:00,150.86967513071238
2024-01-03 19:00:00,155.0078075000327
2024-01-03 20:00:00,173.88635583451452
2024-01-03 21:00:00,253.48251483684348
2024-01-03 22:00:00,318.8679800865325
2024-01-03 23:00:00,360.32947638762533
2024-01-04 00:00:00,368.9463136788236
2024-01-04 01:00:00,408.28925671325254
2024-01-04 02:00:00,414.7965869311308
2024-01-04 03:00:00,418.55368221197415
2024-01-04 04:00:00,405.6213139517965
2024-01-04 05:00:00,358.5215004528041
2024-01-04 06:00:00,348.8798873053943
2024-01-04 07:00:00,318.3965558520247
2024-01-04 08:00:00,305.4985841144582
2024-01-04 09:00:00,338.2770308060228
2024-01-04 10:00:00,308.11016494341504
2024-01-04 11:00:00,362.08143561292593
2024-01-04 12:00:00,330.98146504862746
2024-01-04 13:00:00,617.4461541364808
2024-01-04 14:00:00,615.3197166134286
2024-01-04 15:00:00,559.3346384723467
2024-01-04 16:00:00,573.9527423554208
2024-01-04 17:00:00,723.5020860995162
2024-01-04 18:00:00,725.7291303587473
2024-01-04 19:00:00,702.3779474600476
2024-01-04 20:00:00,792.5806613809348
2024-01-04 21:00:00,1149.8320133795394
2024-01-04 22:00:00,1173.9225671754334
2024-01-04 23:00:00,1049.5205344881786
2024-01-05 00:00:00,1100.13161050229
2024-01-05 01:00:00,1288.781719054043
2024-01-05 02:00:00,1183.8454771660754
2024-01-05 03:00:00,1162.9426172397016
2024-01-05 04:00:00,1161.479774893488
2024-01-05 05:00:00,1080.5664239452565
2024-01-05 06:00:00,1015.1620899000736
2024-01-05 07:00:00,953.9583270698627
2024-01-05 08:00:00,945.9768527544674
2024-01-05 09:00:00,915.6112242459526
2024-01-05 10:00:00,695.1775892740341
2024-01-05 11:00:00,736.9194293509508
2024-01-05 12:00:00,686.050111136618
2024-01-05 13:00:00,605.1459327752664
2024-01-05 14:00:00,506.84631629156297
2024-01-05 15:00:00,515.1673936244492
2024-01-05 16:00:00,492.7995323473201
2024-01-05 17:00:00,485.91102272947586
2024-01-05 18:00:00,493.10875240455346
2024-01-05 19:00:00,514.3434176985937
2024-01-05 20:00:00,470.6820240213121
2024-01-05 21:00:00,470.11547721870437
2024-01-05 22:00:00,415.6444153786206
2024-01-05 23:00:00,507.9826335623616
2024-01-06 00:00:00,594.4226732553376
2024-01-06 01:00:00,650.322839377617
2024-01-06 02:00:00,733.189999652631
2024-01-06 03:00:00,753.2163538020352
2024-01-06 04:00:00,738.9718794405156
2024-01-06 05:00:00,785.5517870677207
2024-01-06 06:00:00,858.9850717730185
2024-01-06 07:00:00,811.7816342179926
2024-01-06 08:00:00,725.5954786681324
2024-01-06 09:00:00,611.4548234624958
2024-01-06 10:00:00,516.933531367439
2024-01-06 11:00:00,507.70166053036866
2024-01-06 12:00:00,488.20442552983326
2024-01-06 13:00:00,402.87772392606826
2024-01-06 14:00:00,274.06332629330825
2024-01-06 15:00:00,217.2480710862763
2024-01-06 16:00:00,206.79277069502572
2024-01-06 17:00:00,205.62587876650775
2024-01-06 18:00:00,184.14253188273898
2024-01-06 19:00:00,181.91060552845366
2024-01-06 20:00:00,173.26455854205398
2024-01-06 21:00:00,204.58344707887346
2024-01-06 22:00:00,192.77920535699135
2024-01-06 23:00:00,218.02075710102096
2024-01-07 00:00:00,328.37558041298234
2024-01-07 01:00:00,315.98826917062587
2024-01-07 02:00:00,307.80414846843763
2024-01-07 03:00:00,453.6744508214485
2024-01-07 04:00:00,317.66896854063043
2024-01-07 05:00:00,286.5954167235455
2024-01-07 06:00:00,269.6856456700177
2024-01-07 07:00:00,273.661751606243
2024-01-07 08:00:00,304.7131119418539
2024-01-07 09:00:00,301.27056907814773
2024-01-07 10:00:00,243.33018096936345
2024-01-07 11:00:00,235.30012124162351
2024-01-07 12:00:00,266.6444937498525
2024-01-07 13:00:00,279.89360130992617
2024-01-07 14:00:00,274.0328144852362
2024-01-07 15:00:00,180.3726865119704
2024-01-07 16:00:00,159.609916077862
2024-01-07 17:00:00,136.0138151234654
2024-01-07 18:00:00,135.6672100233695
2024-01-07 19:00:00,115.22738433266093
2024-01-07 20:00:00,96.64641570406017
2024-01-07 21:00:00,139.37016175221035
2024-01-07 22:00:00,219.53640286122481
2024-01-07 23:00:00,206.97311766595723
2024-01-08 00:00:00,180.63925336183095
2024-01-08 01:00:00,159.02919291944625
2024-01-08 02:00:00,154.890122612583
2024-01-08 03:00:00,151.95924215805033
2024-01-08 04:00:00,159.0658748042392
2024-01-08 05:00:00,178.66954083561154
2024-01-08 06:00:00,205.7965324277367
2024-01-08 07:00:00,238.99141360065624
2024-01-08 08:00:00,286.7244387067156
2024-01-08 09:00:00,323.1790888989689
2024-01-08 10:00:00,412.54068450888036
2024-01-08 11:00:00,409.09355276740763
2024-01-08 12:00:00,429.70156690319294
2024-01-08 13:00:00,469.4476117004926
2024-01-08 14:00:00,482.9532726544093
2024-01-08 15:00:00,427.14871708422396
2024-01-08 16:00:00,526.6029829017075
2024-01-08 17:00:00,545.9775103402022
2024-01-08 18:00:00,611.8121021992292
2024-01-08 19:00:00,674.6658526125726
2024-01-08 20:00:00,694.1186440253122
2024-01-08 21:00:00,725.8173500076003
2024-01-08 22:00:00,915.2001172873736
2024-01-08 23:00:00,1040.5251536474968
2024-01-09 00:00:00,1090.9051097239535
2024-01-09 01:00:00,1111.6477984574653
2024-01-09 02:00:00,1098.4831694936029
2024-01-09 03:00:00,1036.0184659898548
2024-01-09 04:00:00,798.8875985432541
2024-01-09 05:00:00,742.0814023027691
2024-01-09 06:00:00,675.5863641831097
2024-01-09 07:00:00,673.3780511146006
2024-01-09 08:00:00,689.2426574150205
2024-01-09 09:00:00,665.2552220588028
2024-01-09 10:00:00,613.4527048259985
2024-01-09 11:00:00,594.2747462210749
2024-01-09 12:00:00,544.4925430934522
2024-01-09 13:00:00,420.06264528966057
2024-01-09 14:00:00,381.4225707095631
2024-01-09 15:00:00,247.32271944178194
2024-01-09 16:00:00,144.4875565664463
2024-01-09 17:00:00,133.29114495123085
2024-01-09 18:00:00,121.73773872732563
2024-01-09 19:00:00,150.52679951702368
2024-01-09 20:00:00,191.03770366944252
2024-01-09 21:00:00,366.93315396077793
2024-01-09 22:00:00,583.9524831249762
2024-01-09 23:00:00,725.1114934489191
2024-01-10 00:00:00,946.075577096345
2024-01-10 01:00:00,1161.436372790339
2024-01-10 02:00:00,1321.562739926107
2024-01-10 03:00:00,1471.850794304911
2024-01-10 04:00:00,1657.9107935239547
2024-01-10 05:00:00,2098.5229508186258
2024-01-10 06:00:00,2308.0801539736153
2024-01-10 07:00:00,2446.4181468929864
2024-01-10 08:00:00,2511.3295839461375
2024-01-10 09:00:00,2724.3945014598958
2024-01-10 10:00:00,2898.734161927895
2024-01-10 11:00:00,3058.3737703880247
2024-01-10 12:00:00,2924.730862428908
2024-01-10 13:00:00,2511.2034175431727
2024-01-10 14:00:00,2454.1369633259287
2024-01-10 15:00:00,2440.3024613652888
2024-01-10 16:00:00,2290.7602983661805
2024-01-10 17:00:00,2289.2891135901755
2024-01-10 18:00:00,2432.3950950237745
2024-01-10 19:00:00,2256.9765358971595
2024-01-10 20:00:00,2479.2255265222484
2024-01-10 21:00:00,2373.5481038029047
2024-01-10 22:00:00,1898.4198665319702
2024-01-10 23:00:00,1525.3942060005113
2024-01-11 00:00:00,1487.4611632397161
2024-01-11 01:00:00,1682.2459101966454
2024-01-11 02:00:00,1769.0542944835122
2024-01-11 03:00:00,1837.7292569337587
2024-01-11 04:00:00,1824.8743700183913
2024-01-11 05:00:00,1816.9641692965422
2024-01-11 06:00:00,1857.818673664178
2024-01-11 07:00:00,1616.3871686962323
2024-01-11 08:00:00,1536.6759335120864
2024-01-11 09:00:00,1378.235742910141
2024-01-11 10:00:00,1196.7270896511095
2024-01-11 11:00:00,1161.1680874854653
2024-01-11 12:00:00,1099.2052450462313
2024-01-11 13:00:00,1015.5811134078753
2024-01-11 14:00:00,929.0685461507662
2024-01-11 15:00:00,928.2919062358741
2024-01-11 16:00:00,792.765978024418
2024-01-11 17:00:00,763.2051101837093
2024-01-11 18:00:00,697.5135572575971
2024-01-11 19:00:00,615.4514736617047
2024-01-11 20:00:00,507.7140634887163
2024-01-11 21:00:00,481.3290756620472
2024-01-11 22:00:00,445.24482115039376
2024-01-11 23:00:00,473.60457050277324
2024-01-12 00:00:00,497.1571811568645
2024-01-12 01:00:00,494.14634690644573
2024-01-12 02:00:00,514.5388236551042
2024-01-12 03:00:00,535.9768540464453
2024-01-12 04:00:00,526.905616251874
2024-01-12 05:00:00,475.63255156704156
2024-01-12 06:00:00,492.5091341742009
2024-01-12 07:00:00,491.5252997609264
2024-01-12 08:00:00,519.1581165947973
2024-01-12 09:00:00,519.5916463226384
2024-01-12 10:00:00,476.77190632106993
2024-01-12 11:00:00,523.2433557560815
2024-01-12 12:00:00,588.3883834947717
2024-01-12 13:00:00,566.4021227229197
2024-01-12 14:00:00,513.6986732141644
2024-01-12 15:00:00,464.88243525348855
2024-01-12 16:00:00,749.4099757909693
2024-01-12 17:00:00,830.7743367690576
2024-01-12 18:00:00,706.7512828804182
2024-01-12 19:00:00,589.1238204027128
2024-01-12 20:00:00,447.67439555951097
2024-01-12 21:00:00,348.7302336785664
2024-01-12 22:00:00,386.0142564790582
2024-01-12 23:00:00,383.9527249076873
2024-01-13 00:00:00,449.1909185731916
2024-01-13 01:00:00,495.0527809293681
2024-01-13 02:00:00,472.4189595519458
2024-01-13 03:00:00,386.95796416256945
2024-01-13 04:00:00,408.6157724355476
2024-01-13 05:00:00,518.0453202016123
2024-01-13 06:00:00,597.4267039931956
2024-01-13 07:00:00,749.7383467225106
2024-01-13 08:00:00,980.6018224370138
2024-01-13 09:00:00,1296.1153874287213
2024-01-13 10:00:00,1412.4146881505112
2024-01-13 11:00:00,1578.3401869094773
2024-01-13 12:00:00,1760.2835432867407
2024-01-13 13:00:00,1798.2518360957226
2024-01-13 14:00:00,1821.5030279335408
2024-01-13 15:00:00,1816.0875071233274
2024-01-13 16:00:00,1748.0072686534866
2024-01-13 17:00:00,1621.9367285794842
2024-01-13 18:00:00,1901.969608955256
2024-01-13 19:00:00,2216.389272402447
2024-01-13 20:00:00,2452.509237231517
2024-01-13 21:00:00,2379.9308054823596
2024-01-13 22:00:00,2258.3811318717217
2024-01-13 23:00:00,2369.184559792137
2024-01-14 00:00:00,2581.4130555173992
2024-01-14 01:00:00,2399.708014113323
2024-01-14 02:00:00,2359.302559459774
2024-01-14 03:00:00,2330.205459745679
2024-01-14 04:00:00,1811.1400598315806
2024-01-14 05:00:00,2208.59349308998
2024-01-14 06:00:00,2316.109544449514
2024-01-14 07:00:00,2453.405940609091
2024-01-14 08:00:00,2307.1796532773374
2024-01-14 09:00:00,2373.4929137750887
2024-01-14 10:00:00,2460.632439624138
2024-01-14 11:00:00,2466.544728797715
2024-01-14 12:00:00,2353.5012359986017
2024-01-14 13:00:00,2138.712287470637
2024-01-14 14:00:00,1876.4031995213957
2024-01-14 15:00:00,1997.783073949282
2024-01-14 16:00:00,2469.102457144852
2024-01-14 17:00:00,2247.092795345955
2024-01-14 18:00:00,2003.247837903598
2024-01-14 19:00:00,1429.825729057997
2024-01-14 20:00:00,910.9252818707423
2024-01-14 21:00:00,917.707422847792
2024-01-14 22:00:00,1036.8150042123737
2024-01-14 23:00:00,1112.7913887704715
2024-01-15 00:00:00,1156.0811512705282
2024-01-15 01:00:00,1243.2163645316552
2024-01-15 02:00:00,1268.547182648759
2024-01-15 03:00:00,1276.699245012046
2024-01-15 04:00:00,1229.4915599378921
2024-01-15 05:00:00,1146.4250312104548
2024-01-15 06:00:00,1055.1210077244455
2024-01-15 07:00:00,915.9929586133171
2024-01-15 08:00:00,711.9163834326462
2024-01-15 09:00:00,643.2386645438876
2024-01-15 10:00:00,585.8532306454766
2024-01-15 11:00:00,611.8991229035817
2024-01-15 12:00:00,636.9281325198779
2024-01-15 13:00:00,653.5242880800188
2024-01-15 14:00:00,664.8773931350177
2024-01-15 15:00:00,665.5017712785227
2024-01-15 16:00:00,693.4176075954607
2024-01-15 17:00:00,937.4564188217325
2024-01-15 18:00:00,1087.3316184266619
2024-01-15 19:00:00,1134.2208899934553
2024-01-15 20:00:00,885.2688609474511
2024-01-15 21:00:00,603.2816183136969
2024-01-15 22:00:00,537.8286879177675
2024-01-15 23:00:00,506.51362055777645
2024-01-16 00:00:00,539.7125888431405
2024-01-16 01:00:00,537.1592861284929
2024-01-16 02:00:00,508.33598240597945
2024-01-16 03:00:00,519.4831352145627
2024-01-16 04:00:00,477.40395996282064
2024-01-16 05:00:00,427.202151015326
2024-01-16 06:00:00,375.26346531023944
2024-01-16 07:00:00,313.5128279090735
2024-01-16 08:00:00,259.7202716506654
2024-01-16 09:00:00,207.16684788835659
2024-01-16 10:00:00,193.16485457931435
2024-01-16 11:00:00,133.60334100704884
2024-01-16 12:00:00,132.0749611982481
2024-01-16 13:00:00,161.79416086884913
2024-01-16 14:00:00,178.3199323431941
2024-01-16 15:00:00,125.52183387262016
2024-01-16 16:00:00,91.2374125355001
2024-01-16 17:00:00,106.6650644167389
2024-01-16 18:00:00,125.83115070615834
2024-01-16 19:00:00,101.46397861762192
2024-01-16 20:00:00,132.14749840060017
2024-01-16 21:00:00,210.71633517679126
2024-01-16 22:00:00,316.7668315456037
2024-01-16 23:00:00,310.90560460162476
2024-01-17 00:00:00,323.07608082306314
2024-01-17 01:00:00,476.90755937917146
2024-01-17 02:00:00,643.1619060662874
2024-01-17 03:00:00,757.7114797070773
2024-01-17 04:00:00,827.3738518217787
2024-01-17 05:00:00,892.2164066636028
2024-01-17 06:00:00,1042.6106921847213
2024-01-17 07:00:00,1203.6963424954572
2024-01-17 08:00:00,1322.4566323961753
2024-01-17 09:00:00,1465.0391117581105
2024-01-17 10:00:00,1413.5593379906343
2024-01-17 11:00:00,1404.7159507914646
2024-01-17 12:00:00,1458.407727922836
2024-01-17 13:00:00,1398.4823942891978
2024-01-17 14:00:00,1319.930329369171
2024-01-17 15:00:00,1353.2466366052504
2024-01-17 16:00:00,1285.8593574198298
2024-01-17 17:00:00,1281.975711653421
2024-01-17 18:00:00,1367.4630862659938
2024-01-17 19:00:00,1479.1348947900185
2024-01-17 20:00:00,1407.2046319135054
2024-01-17 21:00:00,1297.0058162979728
2024-01-17 22:00:00,1109.2289676477974
2024-01-17 23:00:00,1028.6571052108382
2024-01-18 00:00:00,1072.2399236606345
2024-01-18 01:00:00,1159.6379184655054
2024-01-18 02:00:00,1173.1976581925765
2024-01-18 03:00:00,1197.6470713096705
2024-01-18 04:00:00,1217.3316080886136
2024-01-18 05:00:00,1248.7368460369826
2024-01-18 06:00:00,1287.5648717922968
2024-01-18 07:00:00,1279.2188061721145
2024-01-18 08:00:00,1241.9008368254263
2024-01-18 09:00:00,1237.5776641859386
2024-01-18 10:00:00,1165.1210728679002
2024-01-18 11:00:00,1170.8224869623343
2024-01-18 12:00:00,1190.5960119809479
2024-01-18 13:00:00,1153.2037654203855
2024-01-18 14:00:00,1084.9544324560202
2024-01-18 15:00:00,1450.2265906184414
2024-01-18 16:00:00,1658.2883946989407
2024-01-18 17:00:00,1782.1221512254915
2024-01-18 18:00:00,1804.3636020702027
2024-01-18 19:00:00,1691.146808834791
2024-01-18 20:00:00,1372.6818946545634
2024-01-18 21:00:00,1249.9117161133286
2024-01-18 22:00:00,1302.3778666543349
2024-01-18 23:00:00,1334.854018712875
2024-01-19 00:00:00,1350.7677863687784
2024-01-19 01:00:00,1339.2761010823958
2024-01-19 02:00:00,1275.962454310777
2024-01-19 03:00:00,1266.3135023102627
2024-01-19 04:00:00,1246.268402986791
2024-01-19 05:00:00,1212.5886082691109
2024-01-19 06:00:00,1184.0570042433962
2024-01-19 07:00:00,1177.9229192967778
2024-01-19 08:00:00,1165.5870906869447
2024-01-19 09:00:00,1156.9559400425562
2024-01-19 10:00:00,1182.0541456212043
2024-01-19 11:00:00,1199.7887687799544
2024-01-19 12:00:00,1210.348726177119
2024-01-19 13:00:00,1174.6548955948822
2024-01-19 14:00:00,1128.5323474455379
2024-01-19 15:00:00,1040.47225121044
2024-01-19 16:00:00,979.6393198342574
2024-01-19 17:00:00,878.6677258593279
2024-01-19 18:00:00,780.2707851627921
2024-01-19 19:00:00,724.7075932578541
2024-01-19 20:00:00,637.0750082619226
2024-01-19 21:00:00,676.4220741916555
2024-01-19 22:00:00,540.9337257811111
2024-01-19 23:00:00,673.382297970307
2024-01-20 00:00:00,712.5272885319279
2024-01-20 01:00:00,762.3513878890419
2024-01-20 02:00:00,773.9706383320017
2024-01-20 03:00:00,733.2939301335845
2024-01-20 04:00:00,710.5838841067613
2024-01-20 05:00:00,695.107362989466
2024-01-20 06:00:00,651.7721189536971
2024-01-20 07:00:00,564.4835831956557
2024-01-20 08:00:00,512.5930602374527
2024-01-20 09:00:00,476.46023974963373
2024-01-20 10:00:00,350.2846191709833
2024-01-20 11:00:00,435.3431132001761
2024-01-20 12:00:00,447.26437266856476
2024-01-20 13:00:00,426.02397926404075
2024-01-20 14:00:00,384.89810335800576
2024-01-20 15:00:00,274.42555344649975
2024-01-20 16:00:00,251.22438753804946
2024-01-20 17:00:00,256.51589327152794
2024-01-20 18:00:00,255.47440195727566
2024-01-20 19:00:00,268.79560938153344
2024-01-20 20:00:00,271.4853562664699
2024-01-20 21:00:00,325.32750176764625
2024-01-20 22:00:00,338.19946455397917
2024-01-20 23:00:00,445.4793129527189
2024-01-21 00:00:00,514.5781529931403
2024-01-21 01:00:00,555.343322560829
2024-01-21 02:00:00,572.1656607697437
2024-01-21 03:00:00,531.7821499713684
2024-01-21 04:00:00,486.5210526747472
2024-01-21 05:00:00,476.1883136411962
2024-01-21 06:00:00,463.2991620333587
2024-01-21 07:00:00,475.2713285411909
2024-01-21 08:00:00,468.9015036285344
2024-01-21 09:00:00,505.4282094670643
2024-01-21 10:00:00,444.3789885808073
2024-01-21 11:00:00,495.19444787421406
2024-01-21 12:00:00,486.4150719103354
2024-01-21 13:00:00,496.46912690947505
2024-01-21 14:00:00,482.5946347637516
2024-01-21 15:00:00,461.2283515130844
2024-01-21 16:00:00,488.9601415351838
2024-01-21 17:00:00,534.5854951358762
2024-01-21 18:00:00,570.198575219241
2024-01-21 19:00:00,662.1598375258166
2024-01-21 20:00:00,675.0946713723197
2024-01-21 21:00:00,592.9252173645069
2024-01-21 22:00:00,625.4617782720485
2024-01-21 23:00:00,758.7487316878321
2024-01-22 00:00:00,804.0103574834932
2024-01-22 01:00:00,758.5534256483467
2024-01-22 02:00:00,723.8532923093738
2024-01-22 03:00:00,739.0149774195401
2024-01-22 04:00:00,741.4151019678345
2024-01-22 05:00:00,796.4328584793642
2024-01-22 06:00:00,820.759024471417
2024-01-22 07:00:00,890.6022852405399
2024-01-22 08:00:00,949.0169398958179
2024-01-22 09:00:00,1013.6945278001942
2024-01-22 10:00:00,1063.089435963477
2024-01-22 11:00:00,1117.9659009276124
2024-01-22 12:00:00,1263.5649521912967
2024-01-22 13:00:00,1280.7096198417319
2024-01-22 14:00:00,1295.2348878229602
2024-01-22 15:00:00,975.2865782296394
2024-01-22 16:00:00,1319.0145858686
2024-01-22 17:00:00,1340.6766039579593
2024-01-22 18:00:00,1502.6765722703208
2024-01-22 19:00:00,1410.9861018239794
2024-01-22 20:00:00,1596.2544916291768
2024-01-22 21:00:00,1905.3408421057582
2024-01-22 22:00:00,1795.566645987318
2024-01-22 23:00:00,2015.6294592349388
2024-01-23 00:00:00,2110.352903387332
2024-01-23 01:00:00,2084.0404621219545
2024-01-23 02:00:00,2086.776095565522
2024-01-23 03:00:00,2077.7015257176045
2024-01-23 04:00:00,1999.8928459264675
2024-01-23 05:00:00,1916.4354497332931
2024-01-23 06:00:00,1870.0870984887574
2024-01-23 07:00:00,1889.2126980449812
2024-01-23 08:00:00,1877.1932045508256
2024-01-23 09:00:00,1875.514685685601
2024-01-23 10:00:00,1731.4694705558254
2024-01-23 11:00:00,1938.2033821232922
2024-01-23 12:00:00,2012.2020785783939
2024-01-23 13:00:00,1809.3162283427177
2024-01-23 14:00:00,1719.8886071646077
2024-01-23 15:00:00,1391.9232933082542
2024-01-23 16:00:00,1198.0486464514977
2024-01-23 17:00:00,1034.5959324662658
2024-01-23 18:00:00,883.7496074100494
2024-01-23 19:00:00,727.7905481449056
2024-01-23 20:00:00,563.6666630892563
2024-01-23 21:00:00,557.6657649172862
2024-01-23 22:00:00,602.8320089703342
2024-01-23 23:00:00,612.5774455409555
2024-01-24 00:00:00,560.4867168630207
2024-01-24 01:00:00,488.01715307939713
2024-01-24 02:00:00,432.6367919378537
2024-01-24 03:00:00,368.2358065432981
2024-01-24 04:00:00,292.35867646058756
2024-01-24 05:00:00,249.39248056633252
2024-01-24 06:00:00,213.12393236653367
2024-01-24 07:00:00,173.38101808801784
2024-01-24 08:00:00,152.56755193239164
2024-01-24 09:00:00,146.02549514653356
2024-01-24 10:00:00,141.38259508758972
2024-01-24 11:00:00,135.99228375943812
2024-01-24 12:00:00,165.3087685644528
2024-01-24 13:00:00,184.00064259816435
2024-01-24 14:00:00,160.66900607354077
2024-01-24 15:00:00,119.34547635287628
2024-01-24 16:00:00,92.96493029808882
2024-01-24 17:00:00,114.08393437557154
2024-01-24 18:00:00,158.65682256038903
2024-01-24 19:00:00,180.81246067708196
2024-01-24 20:00:00,287.7440892246627
2024-01-24 21:00:00,416.91577527074287
2024-01-24 22:00:00,440.88633698998245
2024-01-24 23:00:00,581.6423244977943
2024-01-25 00:00:00,765.3993222552315
2024-01-25 01:00:00,771.2925960263834
2024-01-25 02:00:00,743.7324499532277
2024-01-25 03:00:00,750.2139910919149
2024-01-25 04:00:00,727.6423208700345
2024-01-25 05:00:00,726.49350485094
2024-01-25 06:00:00,647.0771868075823
2024-01-25 07:00:00,531.8515268974003
2024-01-25 08:00:00,451.1162670494281
2024-01-25 09:00:00,403.90340315360646
2024-01-25 10:00:00,316.8279036698463
2024-01-25 11:00:00,282.77447670519024
2024-01-25 12:00:00,331.22186309859285
2024-01-25 13:00:00,416.4589375521546
2024-01-25 14:00:00,418.5975139034986
2024-01-25 15:00:00,424.0643327305613
2024-01-25 16:00:00,486.1765151360126
2024-01-25 17:00:00,478.2727550535737
2024-01-25 18:00:00,415.50117111340467
2024-01-25 19:00:00,350.1521596314824
2024-01-25 20:00:00,266.55848456917903
2024-01-25 21:00:00,249.59043409435236
2024-01-25 22:00:00,204.99390693023378
2024-01-25 23:00:00,168.51605542523558
2024-01-26 00:00:00,153.72479895622567
2024-01-26 01:00:00,171.95005190505236
2024-01-26 02:00:00,175.08913067161728
2024-01-26 03:00:00,136.6748808213906
2024-01-26 04:00:00,188.13522271020602
2024-01-26 05:00:00,236.20517738328175
2024-01-26 06:00:00,298.35728557518775
2024-01-26 07:00:00,310.4703433042465
2024-01-26 08:00:00,331.34839747313094
2024-01-26 09:00:00,338.2340418475789
2024-01-26 10:00:00,274.3829035233068
2024-01-26 11:00:00,288.5026348769628
2024-01-26 12:00:00,282.50368621610386
2024-01-26 13:00:00,320.5471499602938
2024-01-26 14:00:00,355.9260885732736
2024-01-26 15:00:00,285.9589486735146
2024-01-26 16:00:00,143.05511492789503
2024-01-26 17:00:00,63.20364597826196
2024-01-26 18:00:00,34.18900196413498
2024-01-26 19:00:00,16.869483111317983
2024-01-26 20:00:00,16.008340003546493
2024-01-26 21:00:00,31.346284530536735
2024-01-26 22:00:00,47.136462074575114
2024-01-26 23:00:00,50.06420152670327
2024-01-27 00:00:00,78.34503235722948
2024-01-27 01:00:00,95.15234013242068
2024-01-27 02:00:00,60.5792918549552
2024-01-27 03:00:00,55.75698338215768
2024-01-27 04:00:00,73.90114590094197
2024-01-27 05:00:00,70.81649391650073
2024-01-27 06:00:00,74.88187709199732
2024-01-27 07:00:00,64.55402456717685
2024-01-27 08:00:00,64.59716552785181
2024-01-27 09:00:00,101.53511277210447
2024-01-27 10:00:00,95.3698997031109
2024-01-27 11:00:00,78.49688287178937
2024-01-27 12:00:00,47.125113994005474
2024-01-27 13:00:00,18.673210143002184
2024-01-27 14:00:00,3.9248353743987345
2024-01-27 15:00:00,0.9548438667089513
2024-01-27 16:00:00,1.1727449263673173
2024-01-27 17:00:00,3.536133023765337
2024-01-27 18:00:00,8.426733313748015
2024-01-27 19:00:00,22.297400471247002
2024-01-27 20:00:00,31.939230430953067
2024-01-27 21:00:00,44.684133223020375
2024-01-27 22:00:00,120.47852234572586
2024-01-27 23:00:00,207.64526220382126
2024-01-28 00:00:00,282.53308619349065
2024-01-28 01:00:00,341.2892723984889
2024-01-28 02:00:00,396.5160158539473
2024-01-28 03:00:00,513.6189532742278
2024-01-28 04:00:00,535.4508950665268
2024-01-28 05:00:00,497.00656254377157
2024-01-28 06:00:00,465.9609327972878
2024-01-28 07:00:00,470.18797411857895
2024-01-28 08:00:00,468.71047498332365
2024-01-28 09:00:00,434.4550595606295
2024-01-28 10:00:00,422.9003572548935
2024-01-28 11:00:00,387.41426492677647
2024-01-28 12:00:00,352.7657874036843
2024-01-28 13:00:00,352.20384534218954
2024-01-28 14:00:00,208.41318265969997
2024-01-28 15:00:00,149.1986053346378
2024-01-28 16:00:00,147.2746418236104
2024-01-28 17:00:00,152.9371585256797
2024-01-28 18:00:00,105.30157292925443
2024-01-28 19:00:00,86.65339972740288
2024-01-28 20:00:00,65.60801197835632
2024-01-28 21:00:00,66.1461615366624
2024-01-28 22:00:00,117.0542926033498
2024-01-28 23:00:00,119.62768019904298
2024-01-29 00:00:00,145.03228266484788
2024-01-29 01:00:00,167.12942171510417
2024-01-29 02:00:00,251.6109162760041
2024-01-29 03:00:00,332.7864220004956
2024-01-29 04:00:00,365.0124048614589
2024-01-29 05:00:00,461.0134147532884
2024-01-29 06:00:00,631.8596876058838
2024-01-29 07:00:00,681.9639425773919
2024-01-29 08:00:00,747.4174109453256
2024-01-29 09:00:00,850.4288915034188
2024-01-29 10:00:00,713.9297131016591
2024-01-29 11:00:00,875.3376129494492
2024-01-29 12:00:00,891.0622382566244
2024-01-29 13:00:00,903.4642305915562
2024-01-29 14:00:00,879.2053299214247
2024-01-29 15:00:00,820.7036879463919
2024-01-29 16:00:00,715.3442712355919
2024-01-29 17:00:00,631.1804722426679
2024-01-29 18:00:00,582.2875058173296
2024-01-29 19:00:00,552.1253711427179
2024-01-29 20:00:00,512.6309526253003
2024-01-29 21:00:00,479.52005956794596
2024-01-29 22:00:00,393.3966960550206
2024-01-29 23:00:00,476.41174374278734
2024-01-30 00:00:00,494.082304507327
2024-01-30 01:00:00,465.27011441229945
2024-01-30 02:00:00,435.03370264299895
2024-01-30 03:00:00,404.4509539387509
2024-01-30 04:00:00,369.0924215433542
2024-01-30 05:00:00,336.610533963596
2024-01-30 06:00:00,274.4386909004717
2024-01-30 07:00:00,250.81575348422314
2024-01-30 08:00:00,222.10276303045845
2024-01-30 09:00:00,218.8662242237279
2024-01-30 10:00:00,173.77259973221643
2024-01-30 11:00:00,161.15585372252838
2024-01-30 12:00:00,139.69715661500027
2024-01-30 13:00:00,120.16979172018218
2024-01-30 14:00:00,66.42831163979102
2024-01-30 15:00:00,19.128181682628878
2024-01-30 16:00:00,10.702646368743231
2024-01-30 17:00:00,8.653197279776887
2024-01-30 18:00:00,7.111288357803584
2024-01-30 19:00:00,4.819723721447207
2024-01-30 20:00:00,4.140416313420823
2024-01-30 21:00:00,16.20413060384744
2024-01-30 22:00:00,65.27846423423337
2024-01-30 23:00:00,99.31837895075773
2024-01-31 00:00:00,137.25771554582778
2024-01-31 01:00:00,171.37401403749013
2024-01-31 02:00:00,203.33683827774573
2024-01-31 03:00:00,246.06176567322788
2024-01-31 04:00:00,284.78660266918587
2024-01-31 05:00:00,306.85153518002056
2024-01-31 06:00:00,330.13366767431336
2024-01-31 07:00:00,339.3647164933566
2024-01-31 08:00:00,389.37586107423795
2024-01-31 09:00:00,403.90493775574816
2024-01-31 10:00:00,469.60669414239925
2024-01-31 11:00:00,418.2856922276509
2024-01-31 12:00:00,407.08902362680476
2024-01-31 13:00:00,394.29642710188983
2024-01-31 14:00:00,379.877728281823
2024-01-31 15:00:00,230.64692440853122
2024-01-31 16:00:00,255.30248809082954
2024-01-31 17:00:00,285.7635369257867
2024-01-31 18:00:00,326.2868348017561
2024-01-31 19:00:00,345.9770780632
2024-01-31 20:00:00,403.74210769196566
2024-01-31 21:00:00,520.1413997170552
2024-01-31 22:00:00,603.0266468132173
2024-01-31 23:00:00,665.3442045277624
2024-02-01 00:00:00,681.9380372764005
2024-02-01 01:00:00,696.6892662370775
2024-02-01 02:00:00,683.5937043765207
2024-02-01 03:00:00,623.2165505627253
2024-02-01 04:00:00,573.3635699190133
2024-02-01 05:00:00,496.08190522763925
2024-02-01 06:00:00,427.56316216633513
2024-02-01 07:00:00,376.1450639922758
2024-02-01 08:00:00,348.11438163372407
2024-02-01 09:00:00,338.70457107788343
2024-02-01 10:00:00,309.7358122085886
2024-02-01 11:00:00,334.42547571862536
2024-02-01 12:00:00,340.08320198653246
2024-02-01 13:00:00,358.7852008777856
2024-02-01 14:00:00,352.22479170581585
2024-02-01 15:00:00,319.37840623531906
2024-02-01 16:00:00,281.82277471593284
2024-02-01 17:00:00,276.2382992298735
2024-02-01 18:00:00,296.92771611199004
2024-02-01 19:00:00,296.0681586585262
2024-02-01 20:00:00,289.1944036507842
2024-02-01 21:00:00,298.17487101940526
2024-02-01 22:00:00,245.39990143878893
2024-02-01 23:00:00,264.5087482280286
2024-02-02 00:00:00,270.67637896847197
2024-02-02 01:00:00,279.54077183658865
2024-02-02 02:00:00,285.96240286459056
2024-02-02 03:00:00,276.9065203146548
2024-02-02 04:00:00,279.0628354463426
2024-02-02 05:00:00,247.6740435890163
2024-02-02 06:00:00,254.46804975164665
2024-02-02 07:00:00,264.27418850204157
2024-02-02 08:00:00,289.12456489324893
2024-02-02 09:00:00,351.7425350140322
2024-02-02 10:00:00,313.0083019080278
2024-02-02 11:00:00,425.04839450611246
2024-02-02 12:00:00,533.4648987886824
2024-02-02 13:00:00,565.8823226335327
2024-02-02 14:00:00,534.9376355770919
2024-02-02 15:00:00,523.8533484252349
2024-02-02 16:00:00,557.304435442489
2024-02-02 17:00:00,597.4416969747554
2024-02-02 18:00:00,637.8853427216052
2024-02-02 19:00:00,660.0474731686892
2024-02-02 20:00:00,629.9044655468709
2024-02-02 21:00:00,553.6026507507244
2024-02-02 22:00:00,475.531754348332
2024-02-02 23:00:00,577.3119480210809
2024-02-03 00:00:00,587.2335890725433
2024-02-03 01:00:00,589.7499587567253
2024-02-03 02:00:00,549.0303289133725
2024-02-03 03:00:00,505.4834904944297
2024-02-03 04:00:00,436.14904322980533
2024-02-03 05:00:00,376.93789080334466
2024-02-03 06:00:00,327.7935965094891
2024-02-03 07:00:00,321.758156291635
2024-02-03 08:00:00,319.27123719372963
2024-02-03 09:00:00,323.96161206156654
2024-02-03 10:00:00,304.3691398756929
2024-02-03 11:00:00,331.21761007290286
2024-02-03 12:00:00,330.08892183168376
2024-02-03 13:00:00,289.46148833600125
2024-02-03 14:00:00,187.099307969286
2024-02-03 15:00:00,205.7922390609116
2024-02-03 16:00:00,224.6209898708993
2024-02-03 17:00:00,247.35432416494908
2024-02-03 18:00:00,287.4329247223116
2024-02-03 19:00:00,320.98596975390905
2024-02-03 20:00:00,322.66437359152565
2024-02-03 21:00:00,344.13324757433264
2024-02-03 22:00:00,457.7025251986027
2024-02-03 23:00:00,456.56706577202254
2024-02-04 00:00:00,445.96567010799174
2024-02-04 01:00:00,427.89288607419087
2024-02-04 02:00:00,439.96717091695285
2024-02-04 03:00:00,444.27689308272915
2024-02-04 04:00:00,450.3879020578737
2024-02-04 05:00:00,442.9023904073587
2024-02-04 06:00:00,435.6301392374871
2024-02-04 07:00:00,458.09234668927104
2024-02-04 08:00:00,512.5056715028672
2024-02-04 09:00:00,584.2734313520384
2024-02-04 10:00:00,616.7274847617233
2024-02-04 11:00:00,560.5829090656663
2024-02-04 12:00:00,558.3238286064143
2024-02-04 13:00:00,527.6642544094072
2024-02-04 14:00:00,448.6327665153589
2024-02-04 15:00:00,415.374201823371
2024-02-04 16:00:00,445.47111339458286
2024-02-04 17:00:00,537.4572947344091
2024-02-04 18:00:00,549.7709086964958
2024-02-04 19:00:00,630.5910677056795
2024-02-04 20:00:00,685.6016484136572
2024-02-04 21:00:00,921.8154907314915
2024-02-04 22:00:00,999.9736842227804
2024-02-04 23:00:00,968.3384089173304
2024-02-05 00:00:00,943.0869028230678
2024-02-05 01:00:00,930.177268427884
2024-02-05 02:00:00,943.0907287863737
2024-02-05 03:00:00,943.3250459234583
2024-02-05 04:00:00,965.8599194438431
2024-02-05 05:00:00,989.7295609361347
2024-02-05 06:00:00,1024.9168767461013
2024-02-05 07:00:00,1037.712908400688
2024-02-05 08:00:00,1041.88880894648
2024-02-05 09:00:00,1092.3340134534415
2024-02-05 10:00:00,1039.9177255632992
2024-02-05 11:00:00,1027.461752789534
2024-02-05 12:00:00,1067.6037825861074
2024-02-05 13:00:00,1170.0013676737258
2024-02-05 14:00:00,1146.502876793868
2024-02-05 15:00:00,1268.5547201004717
2024-02-05 16:00:00,1113.4718883093135
2024-02-05 17:00:00,1062.714188168376
2024-02-05 18:00:00,1096.8651813601853
2024-02-05 19:00:00,1197.592497370183
2024-02-05 20:00:00,1017.6592842561782
2024-02-05 21:00:00,1043.4788802186583
2024-02-05 22:00:00,941.8515103794141
2024-02-05 23:00:00,1116.0378429105353
2024-02-06 00:00:00,1169.4621251608503
2024-02-06 01:00:00,1043.8018277935303
2024-02-06 02:00:00,966.8449612946789
2024-02-06 03:00:00,891.1755154537633
2024-02-06 04:00:00,846.6216913050602
2024-02-06 05:00:00,798.3137627364694
2024-02-06 06:00:00,734.0770449315943
2024-02-06 07:00:00,697.1837048847046
2024-02-06 08:00:00,657.9415008322297
2024-02-06 09:00:00,603.5752965605988
2024-02-06 10:00:00,567.8107800362839
2024-02-06 11:00:00,502.64913929087544
2024-02-06 12:00:00,469.47393467917624
2024-02-06 13:00:00,384.616733766267
2024-02-06 14:00:00,269.81023213407366
2024-02-06 15:00:00,143.23738565708797
2024-02-06 16:00:00,88.51208911201475
2024-02-06 17:00:00,69.17404739264836
2024-02-06 18:00:00,66.17810594602929
2024-02-06 19:00:00,70.47125041783066
2024-02-06 20:00:00,76.10571255485738
2024-02-06 21:00:00,80.13099144613342
2024-02-06 22:00:00,170.39648805480505
2024-02-06 23:00:00,206.13440444168165
2024-02-07 00:00:00,177.82983613633212
2024-02-07 01:00:00,126.11900679662676
2024-02-07 02:00:00,64.58251738515385
2024-02-07 03:00:00,35.3029488522309
2024-02-07 04:00:00,16.78539120130996
2024-02-07 05:00:00,10.966868255649725
2024-02-07 06:00:00,11.374136255332942
2024-02-07 07:00:00,12.62134620470003
2024-02-07 08:00:00,13.48998647526971
2024-02-07 09:00:00,10.445684483765957
2024-02-07 10:00:00,7.89532686722008
2024-02-07 11:00:00,6.802467236369381
2024-02-07 12:00:00,5.100713312418707
2024-02-07 13:00:00,4.685410959734365
2024-02-07 14:00:00,4.125038680748208
2024-02-07 15:00:00,3.3698945254187174
2024-02-07 16:00:00,2.9394377229662987
2024-02-07 17:00:00,3.023126371667959
2024-02-07 18:00:00,3.022579423502437
2024-02-07 19:00:00,3.6893054908570804
2024-02-07 20:00:00,3.409415744869936
2024-02-07 21:00:00,2.6161308972525337
2024-02-07 22:00:00,2.9252090820399888
2024-02-07 23:00:00,2.3216733448104026
2024-02-08 00:00:00,2.04900552178943
2024-02-08 01:00:00,1.509076679172317
2024-02-08 02:00:00,2.4929543486992056
2024-02-08 03:00:00,2.2589617087457796
2024-02-08 04:00:00,0.7545779765374294
2024-02-08 05:00:00,0.7079340689654599
2024-02-08 06:00:00,0.7717958281235073
2024-02-08 07:00:00,0.9714451065737875
2024-02-08 08:00:00,1.0918652049162751
2024-02-08 09:00:00,1.184208205732095
2024-02-08 10:00:00,0.8741569791395982
2024-02-08 11:00:00,1.4005680462563928
2024-02-08 12:00:00,3.084761395951129
2024-02-08 13:00:00,3.441377609328434
2024-02-08 14:00:00,2.9670301036767395
2024-02-08 15:00:00,0.2893199059387014
2024-02-08 16:00:00,0.1668243793343393
2024-02-08 17:00:00,0.1820093424643626
2024-02-08 18:00:00,0.3736848766213597
2024-02-08 19:00:00,0.666616950696918
2024-02-08 20:00:00,2.8648160171531303
2024-02-08 21:00:00,5.851561466563617
2024-02-08 22:00:00,46.04541595753805
2024-02-08 23:00:00,85.6197949913487
2024-02-09 00:00:00,145.40290772972003
2024-02-09 01:00:00,178.3685031978189
2024-02-09 02:00:00,288.92593429984987
2024-02-09 03:00:00,365.4273666253045
2024-02-09 04:00:00,412.0713513623111
2024-02-09 05:00:00,473.4427057085871
2024-02-09 06:00:00,490.4014243494467
2024-02-09 07:00:00,577.8386721551769
2024-02-09 08:00:00,525.0694129171793
2024-02-09 09:00:00,541.9973203414576
2024-02-09 10:00:00,429.3440843779637
2024-02-09 11:00:00,583.0346659686488
2024-02-09 12:00:00,648.1377684344479
2024-02-09 13:00:00,689.4115211107838
2024-02-09 14:00:00,605.4763885261314
2024-02-09 15:00:00,465.09810211023756
2024-02-09 16:00:00,449.88700099418566
2024-02-09 17:00:00,331.9070833606297
2024-02-09 18:00:00,329.6872263405593
2024-02-09 19:00:00,307.42750073227126
2024-02-09 20:00:00,386.78775872053274
2024-02-09 21:00:00,575.3057529346098
2024-02-09 22:00:00,701.8788548788183
2024-02-09 23:00:00,926.028075139213
2024-02-10 00:00:00,1058.1164987948284
2024-02-10 01:00:00,1151.7351217306618
2024-02-10 02:00:00,1150.5600621516123
2024-02-10 03:00:00,1084.4835408515924
2024-02-10 04:00:00,1029.9051754235963
2024-02-10 05:00:00,928.4624810942116
2024-02-10 06:00:00,985.6327566923846
2024-02-10 07:00:00,988.9149543399905
2024-02-10 08:00:00,956.4794155839081
2024-02-10 09:00:00,961.4681166147587
2024-02-10 10:00:00,970.5634711692599
2024-02-10 11:00:00,1119.2256729307423
2024-02-10 12:00:00,1167.7271461401158
2024-02-10 13:00:00,1133.3744310099255
2024-02-10 14:00:00,1022.3406351559403
2024-02-10 15:00:00,974.3299785510638
2024-02-10 16:00:00,865.6371788352482
2024-02-10 17:00:00,902.3604567259031
2024-02-10 18:00:00,889.4879056709873
2024-02-10 19:00:00,733.1719799856157
2024-02-10 20:00:00,913.9458055096374
2024-02-10 21:00:00,947.1156161408145
2024-02-10 22:00:00,749.8763514058626
2024-02-10 23:00:00,816.8651762266201
2024-02-11 00:00:00,778.6553673015002
2024-02-11 01:00:00,691.8695142003957
2024-02-11 02:00:00,611.9805848287642
2024-02-11 03:00:00,619.9304904805373
2024-02-11 04:00:00,628.1382820323322
2024-02-11 05:00:00,661.5527484673014
2024-02-11 06:00:00,623.595252098768
2024-02-11 07:00:00,655.4476264455648
2024-02-11 08:00:00,723.2301516637564
2024-02-11 09:00:00,697.6659506672983
2024-02-11 10:00:00,790.1881872692395
2024-02-11 11:00:00,852.8310850152939
2024-02-11 12:00:00,916.451838495874
2024-02-11 13:00:00,923.3774289522447
2024-02-11 14:00:00,974.8791113086708
2024-02-11 15:00:00,992.5998667255574
2024-02-11 16:00:00,1112.3507686327127
2024-02-11 17:00:00,1127.0264669216153
2024-02-11 18:00:00,1165.144044599992
2024-02-11 19:00:00,1061.7014163864167
2024-02-11 20:00:00,947.776085977103
2024-02-11 21:00:00,846.316247981896
2024-02-11 22:00:00,789.2958621035639
2024-02-11 23:00:00,860.6180694127166
2024-02-12 00:00:00,918.3218327617993
2024-02-12 01:00:00,948.302619076224
2024-02-12 02:00:00,870.8986652525546
2024-02-12 03:00:00,834.2921895019596
2024-02-12 04:00:00,717.9595459342678
2024-02-12 05:00:00,728.0326815905715
2024-02-12 06:00:00,731.9885312880838
2024-02-12 07:00:00,712.7899423613646
2024-02-12 08:00:00,696.6320267206345
2024-02-12 09:00:00,587.7133815999904
2024-02-12 10:00:00,452.6087715388123
2024-02-12 11:00:00,401.9500979147302
2024-02-12 12:00:00,375.56858064976154
2024-02-12 13:00:00,372.8354329749922
2024-02-12 14:00:00,314.9015339637241
2024-02-12 15:00:00,276.02273333979974
2024-02-12 16:00:00,297.85333763505867
2024-02-12 17:00:00,339.316390182325
2024-02-12 18:00:00,382.5485795731634
2024-02-12 19:00:00,389.41636091809136
2024-02-12 20:00:00,384.69069536398354
2024-02-12 21:00:00,301.7794294971033
2024-02-12 22:00:00,147.4911623218241
2024-02-12 23:00:00,231.26550106304185
2024-02-13 00:00:00,256.96931628548793
2024-02-13 01:00:00,274.775905981544
2024-02-13 02:00:00,326.4764831625317
2024-02-13 03:00:00,324.68738261819124
2024-02-13 04:00:00,294.42749007152855
2024-02-13 05:00:00,243.08189358246773
2024-02-13 06:00:00,192.03737529331255
2024-02-13 07:00:00,160.00211665533672
2024-02-13 08:00:00,179.9265212646994
2024-02-13 09:00:00,200.04447628953577
2024-02-13 10:00:00,203.56101911560927
2024-02-13 11:00:00,199.37421592046394
2024-02-13 12:00:00,190.59014740201974
2024-02-13 13:00:00,168.44597881173877
2024-02-13 14:00:00,81.54609044988997
2024-02-13 15:00:00,79.9926365034501
2024-02-13 16:00:00,97.75102866827167
2024-02-13 17:00:00,95.411602447463
2024-02-13 18:00:00,172.48427455077632
2024-02-13 19:00:00,222.2902140463821
2024-02-13 20:00:00,290.22116728023354
2024-02-13 21:00:00,305.4257467878819
2024-02-13 22:00:00,326.4355007029095
2024-02-13 23:00:00,434.52592003978316
2024-02-14 00:00:00,553.2209948044139
2024-02-14 01:00:00,615.9637629639254
2024-02-14 02:00:00,695.3738137489379
2024-02-14 03:00:00,770.6919089433626
2024-02-14 04:00:00,872.8552375688923
2024-02-14 05:00:00,856.0428750099776
2024-02-14 06:00:00,891.6600871786253
2024-02-14 07:00:00,971.6268180585898
2024-02-14 08:00:00,1003.1030227600043
2024-02-14 09:00:00,1042.468366340569
2024-02-14 10:00:00,1064.9218376100469
2024-02-14 11:00:00,1163.4312672309932
2024-02-14 12:00:00,1123.912509966
2024-02-14 13:00:00,1207.9942035444803
2024-02-14 14:00:00,1401.8496067495225
2024-02-14 15:00:00,1369.6373570343071
2024-02-14 16:00:00,1489.129672582687
2024-02-14 17:00:00,1662.5777520702914
2024-02-14 18:00:00,1677.3130723861027
2024-02-14 19:00:00,1732.9411923093814
2024-02-14 20:00:00,1838.1576396934793
2024-02-14 21:00:00,1800.3948185002348
2024-02-14 22:00:00,1363.4605904090063
2024-02-14 23:00:00,1572.5161805941723
2024-02-15 00:00:00,1736.550224044631
2024-02-15 01:00:00,1736.6243349345077
2024-02-15 02:00:00,1733.8843110551475
2024-02-15 03:00:00,1716.889536926373
2024-02-15 04:00:00,1727.6686812986463
2024-02-15 05:00:00,1713.8468747054296
2024-02-15 06:00:00,1706.9486591002199
2024-02-15 07:00:00,1566.4976128143594
2024-02-15 08:00:00,1535.9995704165
2024-02-15 09:00:00,1484.9933478735543
2024-02-15 10:00:00,1267.1736952496803
2024-02-15 11:00:00,1313.83857873195
2024-02-15 12:00:00,1266.620605299639
2024-02-15 13:00:00,1160.111679268016
2024-02-15 14:00:00,1064.4211529418699
2024-02-15 15:00:00,979.4795808384197
2024-02-15 16:00:00,837.118707565148
2024-02-15 17:00:00,788.6689227857515
2024-02-15 18:00:00,843.7474303985266
2024-02-15 19:00:00,829.497609514383
2024-02-15 20:00:00,713.9583420754318
2024-02-15 21:00:00,551.5082289917369
2024-02-15 22:00:00,499.27371553305295
2024-02-15 23:00:00,501.97536858331256
2024-02-16 00:00:00,522.6369918600345
2024-02-16 01:00:00,472.4360672135753
2024-02-16 02:00:00,458.60683414824575
2024-02-16 03:00:00,402.2714438313255
2024-02-16 04:00:00,350.3552243104978
2024-02-16 05:00:00,345.7682088909211
2024-02-16 06:00:00,339.6934646810171
2024-02-16 07:00:00,360.3467108221494
2024-02-16 08:00:00,363.93316169366915
2024-02-16 09:00:00,372.12319874415334
2024-02-16 10:00:00,371.3422469968268
2024-02-16 11:00:00,370.2618364135962
2024-02-16 12:00:00,369.98777739214756
2024-02-16 13:00:00,341.7890210382301
2024-02-16 14:00:00,276.37465847671166
2024-02-16 15:00:00,348.31359042632266
2024-02-16 16:00:00,430.357009892765
2024-02-16 17:00:00,535.601668213945
2024-02-16 18:00:00,663.8838433115202
2024-02-16 19:00:00,791.8370515929416
2024-02-16 20:00:00,880.2667010279507
2024-02-16 21:00:00,827.0960093693392
2024-02-16 22:00:00,736.664836209849
2024-02-16 23:00:00,778.598546670674
2024-02-17 00:00:00,813.0514105457618
2024-02-17 01:00:00,838.159979271037
2024-02-17 02:00:00,779.7239633857055
2024-02-17 03:00:00,636.6397095673718
2024-02-17 04:00:00,525.392205916049
2024-02-17 05:00:00,450.46423418075096
2024-02-17 06:00:00,421.94517135068446
2024-02-17 07:00:00,412.5753855474036
2024-02-17 08:00:00,386.3330396504145
2024-02-17 09:00:00,327.0836332350074
2024-02-17 10:00:00,354.5872009012964
2024-02-17 11:00:00,364.2194420732257
2024-02-17 12:00:00,325.78737398367895
2024-02-17 13:00:00,268.8506016479745
2024-02-17 14:00:00,184.82173187977855
2024-02-17 15:00:00,191.25464690045408
2024-02-17 16:00:00,204.65359600950666
2024-02-17 17:00:00,284.4932506536499
2024-02-17 18:00:00,397.14235738352403
2024-02-17 19:00:00,568.1270446976422
2024-02-17 20:00:00,701.7449543918018
2024-02-17 21:00:00,663.7340995655695
2024-02-17 22:00:00,501.43984191780413
2024-02-17 23:00:00,487.5834542647558
2024-02-18 00:00:00,475.2666758873333
2024-02-18 01:00:00,468.4323135482136
2024-02-18 02:00:00,418.0397812836076
2024-02-18 03:00:00,399.08449205540643
2024-02-18 04:00:00,416.3385355357493
2024-02-18 05:00:00,455.86073453916816
2024-02-18 06:00:00,480.55915412746117
2024-02-18 07:00:00,506.8933848325127
2024-02-18 08:00:00,542.9084605343968
2024-02-18 09:00:00,565.1170192121706
2024-02-18 10:00:00,449.572346083085
2024-02-18 11:00:00,494.54403595706043
2024-02-18 12:00:00,512.3097215065384
2024-02-18 13:00:00,499.19854025749487
2024-02-18 14:00:00,494.67240097966084
2024-02-18 15:00:00,515.8048602498718
2024-02-18 16:00:00,695.7238190731665
2024-02-18 17:00:00,840.8967964966803
2024-02-18 18:00:00,952.298568211083
2024-02-18 19:00:00,922.3167262585744
2024-02-18 20:00:00,871.6092318659317
2024-02-18 21:00:00,652.1623308535973
2024-02-18 22:00:00,581.9424241692009
2024-02-18 23:00:00,626.2162605957658
2024-02-19 00:00:00,709.1846948562774
2024-02-19 01:00:00,714.7951526176784
2024-02-19 02:00:00,690.1010986353891
2024-02-19 03:00:00,693.6698052380954
2024-02-19 04:00:00,764.2071071229896
2024-02-19 05:00:00,724.98773173758
2024-02-19 06:00:00,667.0126429933813
2024-02-19 07:00:00,619.4286098278411
2024-02-19 08:00:00,586.9077386037497
2024-02-19 09:00:00,629.0001959020173
2024-02-19 10:00:00,703.0257022315958
2024-02-19 11:00:00,645.1779034675936
2024-02-19 12:00:00,680.5609805866642
2024-02-19 13:00:00,739.5304454695955
2024-02-19 14:00:00,847.0178573681715
2024-02-19 15:00:00,992.1077808651767
2024-02-19 16:00:00,933.6124043640692
2024-02-19 17:00:00,1032.882977501039
2024-02-19 18:00:00,994.6280364633575
2024-02-19 19:00:00,1021.5186750315772
2024-02-19 20:00:00,1029.7704696416163
2024-02-19 21:00:00,959.1118760121358
2024-02-19 22:00:00,538.4839240802809
2024-02-19 23:00:00,629.6875128709577
2024-02-20 00:00:00,707.2859741612905
2024-02-20 01:00:00,747.138519046963
2024-02-20 02:00:00,731.5721401925682
2024-02-20 03:00:00,705.1670333335384
2024-02-20 04:00:00,663.1627836445683
2024-02-20 05:00:00,604.3619192063888
2024-02-20 06:00:00,546.0622079540334
2024-02-20 07:00:00,503.35290935318005
2024-02-20 08:00:00,479.5954945556723
2024-02-20 09:00:00,469.4406298675019
2024-02-20 10:00:00,488.1897164331737
2024-02-20 11:00:00,472.74868357085046
2024-02-20 12:00:00,475.4261687312884
2024-02-20 13:00:00,478.7804356156941
2024-02-20 14:00:00,464.29450315997343
2024-02-20 15:00:00,428.2740094369933
2024-02-20 16:00:00,419.9853041522334
2024-02-20 17:00:00,459.0922670158803
2024-02-20 18:00:00,515.4076949455919
2024-02-20 19:00:00,559.7668364933617
2024-02-20 20:00:00,562.0676153494956
2024-02-20 21:00:00,459.9563912515192
2024-02-20 22:00:00,365.36239309027474
2024-02-20 23:00:00,353.6290292173489
2024-02-21 00:00:00,378.85532256175827
2024-02-21 01:00:00,340.8411169112952
2024-02-21 02:00:00,297.0231823228484
2024-02-21 03:00:00,257.95532760796334
2024-02-21 04:00:00,234.00138447997247
2024-02-21 05:00:00,203.9284256591427
2024-02-21 06:00:00,191.57460789994596
2024-02-21 07:00:00,201.64823982778364
2024-02-21 08:00:00,210.52055680976883
2024-02-21 09:00:00,225.19369657325322
2024-02-21 10:00:00,213.9318332659642
2024-02-21 11:00:00,318.8092886763232
2024-02-21 12:00:00,418.38737115278457
2024-02-21 13:00:00,491.48710460092764
2024-02-21 14:00:00,432.4889317294956
2024-02-21 15:00:00,421.27963123512484
2024-02-21 16:00:00,596.9332561737727
2024-02-21 17:00:00,665.7120391824411
2024-02-21 18:00:00,622.9011017735688
2024-02-21 19:00:00,566.4724930303424
2024-02-21 20:00:00,511.43859838344207
2024-02-21 21:00:00,527.7474767884388
2024-02-21 22:00:00,737.5004634361596
2024-02-21 23:00:00,1210.541618047906
2024-02-22 00:00:00,1570.2326115367405
2024-02-22 01:00:00,1715.4638845862892
2024-02-22 02:00:00,1785.4196862768201
2024-02-22 03:00:00,1777.4202403331124
2024-02-22 04:00:00,1703.6634470053364
2024-02-22 05:00:00,1601.1046560272925
2024-02-22 06:00:00,1456.7489082833338
2024-02-22 07:00:00,1330.0314431111676
2024-02-22 08:00:00,1205.6713103300945
2024-02-22 09:00:00,1109.392267192875
2024-02-22 10:00:00,952.0043858643446
2024-02-22 11:00:00,1015.3735213508752
2024-02-22 12:00:00,1058.3404948671257
2024-02-22 13:00:00,1175.7328348987164
2024-02-22 14:00:00,781.3954648664297
2024-02-22 15:00:00,617.591544968075
2024-02-22 16:00:00,540.2316261246463
2024-02-22 17:00:00,476.46739689559996
2024-02-22 18:00:00,419.0702973088102
2024-02-22 19:00:00,387.6266683812075
2024-02-22 20:00:00,368.59157956587103
2024-02-22 21:00:00,394.19790739939555
2024-02-22 22:00:00,345.2098023226314
2024-02-22 23:00:00,474.7201732703945
2024-02-23 00:00:00,518.3507704553588
2024-02-23 01:00:00,542.3763537996541
2024-02-23 02:00:00,499.7855646337357
2024-02-23 03:00:00,492.1422292812572
2024-02-23 04:00:00,520.4642792250473
2024-02-23 05:00:00,509.3488852536308
2024-02-23 06:00:00,495.9273981293398
2024-02-23 07:00:00,449.9472615161449
2024-02-23 08:00:00,375.3484698408354
2024-02-23 09:00:00,362.59228981430255
2024-02-23 10:00:00,379.55723294708923
2024-02-23 11:00:00,435.34238764941085
2024-02-23 12:00:00,469.1709434110221
2024-02-23 13:00:00,482.8452255699634
2024-02-23 14:00:00,350.23021732771474
2024-02-23 15:00:00,390.97436889868555
2024-02-23 16:00:00,514.0201490815305
2024-02-23 17:00:00,629.9434205849184
2024-02-23 18:00:00,575.8648304963865
2024-02-23 19:00:00,603.9918295132866
2024-02-23 20:00:00,585.3889185820344
2024-02-23 21:00:00,509.4403982487073
2024-02-23 22:00:00,552.0257987650899
2024-02-23 23:00:00,609.7626000775115
2024-02-24 00:00:00,729.5407429479199
2024-02-24 01:00:00,835.7280401240323
2024-02-24 02:00:00,709.594080689629
2024-02-24 03:00:00,601.9192618496654
2024-02-24 04:00:00,645.7494491743722
2024-02-24 05:00:00,831.0659339172311
2024-02-24 06:00:00,861.1697147663854
2024-02-24 07:00:00,996.421181078845
2024-02-24 08:00:00,1039.869033100572
2024-02-24 09:00:00,999.5270796393154
2024-02-24 10:00:00,774.376556343708
2024-02-24 11:00:00,878.3071210562256
2024-02-24 12:00:00,908.7460061460298
2024-02-24 13:00:00,900.2462693135328
2024-02-24 14:00:00,856.3588838299995
2024-02-24 15:00:00,745.5999524965191
2024-02-24 16:00:00,759.8578236351539
2024-02-24 17:00:00,872.194230609799
2024-02-24 18:00:00,953.7511174465634
2024-02-24 19:00:00,972.4209153521094
2024-02-24 20:00:00,1039.7179966303204
2024-02-24 21:00:00,1048.660901387538
2024-02-24 22:00:00,818.285637257232
2024-02-24 23:00:00,952.7222704763718
2024-02-25 00:00:00,1013.2310902149895
2024-02-25 01:00:00,994.1200272752013
2024-02-25 02:00:00,939.4763210092915
2024-02-25 03:00:00,884.805621742341
2024-02-25 04:00:00,798.3377445076297
2024-02-25 05:00:00,720.5682950348172
2024-02-25 06:00:00,679.0190552651935
2024-02-25 07:00:00,665.3673356369482
2024-02-25 08:00:00,648.0187333708845
2024-02-25 09:00:00,605.0146086891154
2024-02-25 10:00:00,562.7909548405444
2024-02-25 11:00:00,556.3582993120604
2024-02-25 12:00:00,546.774183308684
2024-02-25 13:00:00,434.71884297226677
2024-02-25 14:00:00,307.70409314254783
2024-02-25 15:00:00,290.6889066238624
2024-02-25 16:00:00,328.29282063745705
2024-02-25 17:00:00,407.76794948055135
2024-02-25 18:00:00,455.2424465855518
2024-02-25 19:00:00,488.21983538783
2024-02-25 20:00:00,519.142230648065
2024-02-25 21:00:00,468.72278466404333
2024-02-25 22:00:00,448.31876894122917
2024-02-25 23:00:00,587.2715744581712
2024-02-26 00:00:00,744.1157363001566
2024-02-26 01:00:00,894.4558376764438
2024-02-26 02:00:00,1006.3212923566127
2024-02-26 03:00:00,1053.8253270967514
2024-02-26 04:00:00,1006.50240699668
2024-02-26 05:00:00,998.8664061199886
2024-02-26 06:00:00,1001.0004258271706
2024-02-26 07:00:00,1015.8292918150814
2024-02-26 08:00:00,1015.7187215363506
2024-02-26 09:00:00,988.2644092099841
2024-02-26 10:00:00,913.298446734149
2024-02-26 11:00:00,860.132639321846
2024-02-26 12:00:00,886.8718732099286
2024-02-26 13:00:00,1018.1295822896432
2024-02-26 14:00:00,666.3964837626507
2024-02-26 15:00:00,953.5185272496406
2024-02-26 16:00:00,1156.4222718494975
2024-02-26 17:00:00,1414.1619453149915
2024-02-26 18:00:00,1704.9702583678045
2024-02-26 19:00:00,1727.1816831688789
2024-02-26 20:00:00,1347.7545105833026
2024-02-26 21:00:00,1004.8856190070967
2024-02-26 22:00:00,856.433286993176
2024-02-26 23:00:00,872.0933533968597
2024-02-27 00:00:00,921.0684544397626
2024-02-27 01:00:00,840.7571079705837
2024-02-27 02:00:00,730.969270389921
2024-02-27 03:00:00,648.815704508452
2024-02-27 04:00:00,688.0117556317014
2024-02-27 05:00:00,596.5102128620523
2024-02-27 06:00:00,476.59492081033113
2024-02-27 07:00:00,503.7913283612496
2024-02-27 08:00:00,518.2087988624282
2024-02-27 09:00:00,513.4537228374024
2024-02-27 10:00:00,599.9624779091614
2024-02-27 11:00:00,738.8335883034496
2024-02-27 12:00:00,859.1670770538387
2024-02-27 13:00:00,831.428066867366
2024-02-27 14:00:00,680.2858453119346
2024-02-27 15:00:00,437.04035641526934
2024-02-27 16:00:00,558.5415829410956
2024-02-27 17:00:00,797.5301610050573
2024-02-27 18:00:00,934.8526246349301
2024-02-27 19:00:00,948.0632831722027
2024-02-27 20:00:00,945.9570939912458
2024-02-27 21:00:00,1497.5229370704553
2024-02-27 22:00:00,1402.3254654975888
2024-02-27 23:00:00,1926.3291985637609
2024-02-28 00:00:00,2255.4597803752367
2024-02-28 01:00:00,2395.460042740567
2024-02-28 02:00:00,2374.8123939695033
2024-02-28 03:00:00,2357.8692746530623
2024-02-28 04:00:00,2273.2728689558276
2024-02-28 05:00:00,2401.237605307856
2024-02-28 06:00:00,2199.4411875333244
2024-02-28 07:00:00,2028.3882064115335
2024-02-28 08:00:00,2082.77426568073
2024-02-28 09:00:00,2010.318575926446
2024-02-28 10:00:00,2015.0821764548823
2024-02-28 11:00:00,2308.525015633425
2024-02-28 12:00:00,2455.5848059146992
2024-02-28 13:00:00,2538.6423274719778
2024-02-28 14:00:00,2659.0874123296967
2024-02-28 15:00:00,2591.0635605975544
2024-02-28 16:00:00,2920.876010223045
2024-02-28 17:00:00,3013.963755464509
2024-02-28 18:00:00,3050.997663326644
2024-02-28 19:00:00,3137.54462087416
2024-02-28 20:00:00,3170.1882836775108
2024-02-28 21:00:00,3288.182664865416
2024-02-28 22:00:00,3252.5388258897606
2024-02-28 23:00:00,3340.3313717388664
2024-02-29 00:00:00,3427.457080392673
2024-02-29 01:00:00,3578.3461215757065
2024-02-29 02:00:00,3543.0371125127126
2024-02-29 03:00:00,3520.71147534112
2024-02-29 04:00:00,3437.3842032755965
2024-02-29 05:00:00,3251.034835715321
2024-02-29 06:00:00,3229.486582830733
2024-02-29 07:00:00,2923.898890272629
2024-02-29 08:00:00,2613.814653110108
2024-02-29 09:00:00,2606.73427238508
2024-02-29 10:00:00,2131.4764356269734
2024-02-29 11:00:00,2203.573480974792
2024-02-29 12:00:00,2023.9734252136795
2024-02-29 13:00:00,2101.4166236583237
2024-02-29 14:00:00,2068.257689576388
2024-02-29 15:00:00,2120.7123633193182
2024-02-29 16:00:00,2117.908511534569
2024-02-29 17:00:00,2189.0573958331865
2024-02-29 18:00:00,2369.1907083265182
2024-02-29 19:00:00,2319.957022416685
2024-02-29 20:00:00,2326.130290343894
2024-02-29 21:00:00,2196.302167064367
2024-02-29 22:00:00,1927.0390274118574
2024-02-29 23:00:00,1726.2583641468923
2024-03-01 00:00:00,1627.8129062296032
2024-03-01 01:00:00,1618.8427786478846
2024-03-01 02:00:00,1586.3708032085103
2024-03-01 03:00:00,1515.5583999235855
2024-03-01 04:00:00,1440.106542131402
2024-03-01 05:00:00,1367.9906136216848
2024-03-01 06:00:00,1269.4923257104736
2024-03-01 07:00:00,1209.0653133298908
2024-03-01 08:00:00,1173.1055622519784
2024-03-01 09:00:00,1114.1576087435797
2024-03-01 10:00:00,1132.6564439433755
2024-03-01 11:00:00,1103.4425013821397
2024-03-01 12:00:00,1013.1614523619176
2024-03-01 13:00:00,1126.7555178529296
2024-03-01 14:00:00,1253.7287328524678
2024-03-01 15:00:00,1361.6411188006048
2024-03-01 16:00:00,1464.1617246025728
2024-03-01 17:00:00,1507.2727292747581
2024-03-01 18:00:00,1664.1555408730674
2024-03-01 19:00:00,1730.5191918294213
2024-03-01 20:00:00,1677.9298721669954
2024-03-01 21:00:00,1730.0350887934392
2024-03-01 22:00:00,1057.959091222991
2024-03-01 23:00:00,1029.447948941465
2024-03-02 00:00:00,1002.6768169250031
2024-03-02 01:00:00,962.7407487927838
2024-03-02 02:00:00,885.3385642969199
2024-03-02 03:00:00,833.9954505834835
2024-03-02 04:00:00,745.2333408437491
2024-03-02 05:00:00,668.763508456531
2024-03-02 06:00:00,620.7810810080905
2024-03-02 07:00:00,642.8560718771555
2024-03-02 08:00:00,705.0329717145728
2024-03-02 09:00:00,779.7205884229218
2024-03-02 10:00:00,795.0843748945971
2024-03-02 11:00:00,866.4339579904075
2024-03-02 12:00:00,867.5202257627677
2024-03-02 13:00:00,811.3055620625041
2024-03-02 14:00:00,470.4508592550814
2024-03-02 15:00:00,504.2444012234303
2024-03-02 16:00:00,646.3061284037882
2024-03-02 17:00:00,779.8976793110929
2024-03-02 18:00:00,1024.5313053156476
2024-03-02 19:00:00,1107.81039085025
2024-03-02 20:00:00,1079.6469007454627
2024-03-02 21:00:00,1110.0757114798587
2024-03-02 22:00:00,1029.1797638583334
2024-03-02 23:00:00,1268.1250779414897
2024-03-03 00:00:00,1397.2673009255407
2024-03-03 01:00:00,1498.5723582937992
2024-03-03 02:00:00,1337.0236963834502
2024-03-03 03:00:00,1202.9304809593186
2024-03-03 04:00:00,1054.4668455509272
2024-03-03 05:00:00,915.0725350528386
2024-03-03 06:00:00,793.0942818336488
2024-03-03 07:00:00,630.911853236815
2024-03-03 08:00:00,549.114258920847
2024-03-03 09:00:00,497.7121248589237
2024-03-03 10:00:00,313.0479944774038
2024-03-03 11:00:00,280.0341432715637
2024-03-03 12:00:00,217.99403818433322
2024-03-03 13:00:00,143.14577783203254
2024-03-03 14:00:00,105.36341046840664
2024-03-03 15:00:00,61.87922366301165
2024-03-03 16:00:00,43.35159429414338
2024-03-03 17:00:00,30.252813210702534
2024-03-03 18:00:00,29.329655083428516
2024-03-03 19:00:00,26.762382841967572
2024-03-03 20:00:00,21.096676178719772
2024-03-03 21:00:00,33.623707291046365
2024-03-03 22:00:00,83.32904712149255
2024-03-03 23:00:00,270.04406139762483
2024-03-04 00:00:00,398.30988977500965
2024-03-04 01:00:00,435.39339493505537
2024-03-04 02:00:00,473.1599573718615
2024-03-04 03:00:00,515.1214486663844
2024-03-04 04:00:00,519.033984216638
2024-03-04 05:00:00,565.9474030220769
2024-03-04 06:00:00,675.1774027554679
2024-03-04 07:00:00,605.1887552684616
2024-03-04 08:00:00,570.5974394507716
2024-03-04 09:00:00,592.4246652030424
2024-03-04 10:00:00,623.093742686494
2024-03-04 11:00:00,675.9413153349949
2024-03-04 12:00:00,641.9995823828497
2024-03-04 13:00:00,478.23958650043215
2024-03-04 14:00:00,346.3408003421344
2024-03-04 15:00:00,274.3892913347726
2024-03-04 16:00:00,254.4137238181366
2024-03-04 17:00:00,248.7900277996732
2024-03-04 18:00:00,305.05287880016465
2024-03-04 19:00:00,340.39882010300033
2024-03-04 20:00:00,392.2577157210515
2024-03-04 21:00:00,550.362896094525
2024-03-04 22:00:00,677.6140566581945
2024-03-04 23:00:00,1154.7431697171921
2024-03-05 00:00:00,1212.7129517726771
2024-03-05 01:00:00,1251.5983975677866
2024-03-05 02:00:00,1297.2407587799848
2024-03-05 03:00:00,1284.5939984123672
2024-03-05 04:00:00,1321.6215514911028
2024-03-05 05:00:00,1344.1215536476507
2024-03-05 06:00:00,1352.4071229706635
2024-03-05 07:00:00,1310.7147456823864
2024-03-05 08:00:00,1371.2206906201047
2024-03-05 09:00:00,1416.4162490259957
2024-03-05 10:00:00,1329.5469916301595
2024-03-05 11:00:00,1586.9922705669062
2024-03-05 12:00:00,1572.240822782374
2024-03-05 13:00:00,1462.922306947231
2024-03-05 14:00:00,1095.5559071092139
2024-03-05 15:00:00,1105.5918649454334
2024-03-05 16:00:00,1193.7813029706338
2024-03-05 17:00:00,1344.963945413205
2024-03-05 18:00:00,1421.3126321891361
2024-03-05 19:00:00,1362.029847836991
2024-03-05 20:00:00,1233.8760506624521
2024-03-05 21:00:00,1366.42067298686
2024-03-05 22:00:00,1272.2314416438799
2024-03-05 23:00:00,1515.4132423894052
2024-03-06 00:00:00,1524.9976972970733
2024-03-06 01:00:00,1195.9866258459474
2024-03-06 02:00:00,975.5087134981692
2024-03-06 03:00:00,833.1087139684183
2024-03-06 04:00:00,589.5635256946921
2024-03-06 05:00:00,433.14791732100423
2024-03-06 06:00:00,342.1920494724396
2024-03-06 07:00:00,291.8908347788601
2024-03-06 08:00:00,327.96265032171937
2024-03-06 09:00:00,343.2262830917771
2024-03-06 10:00:00,503.98976344837155
2024-03-06 11:00:00,504.4190680337083
2024-03-06 12:00:00,546.0805089864564
2024-03-06 13:00:00,618.8263426410451
2024-03-06 14:00:00,584.8008299292648
2024-03-06 15:00:00,558.8164248378567
2024-03-06 16:00:00,432.7256373635144
2024-03-06 17:00:00,368.9262078197574
2024-03-06 18:00:00,371.58743877985495
2024-03-06 19:00:00,400.1332121654334
2024-03-06 20:00:00,408.1263401021837
2024-03-06 21:00:00,391.87256536016974
2024-03-06 22:00:00,576.6568231982959
2024-03-06 23:00:00,756.8775768663859
2024-03-07 00:00:00,856.2132290316283
2024-03-07 01:00:00,877.0970085508147
2024-03-07 02:00:00,781.4431607417268
2024-03-07 03:00:00,729.6925894545308
2024-03-07 04:00:00,716.5666066204528
2024-03-07 05:00:00,695.0742319398894
2024-03-07 06:00:00,702.4185034751067
2024-03-07 07:00:00,732.1435208178057
2024-03-07 08:00:00,777.6631994218059
2024-03-07 09:00:00,864.430786195478
2024-03-07 10:00:00,866.2718136142544
2024-03-07 11:00:00,857.0438465695635
2024-03-07 12:00:00,899.9006708154158
2024-03-07 13:00:00,777.8537466785968
2024-03-07 14:00:00,804.0879655511937
2024-03-07 15:00:00,811.096954904856
2024-03-07 16:00:00,713.5069128171838
2024-03-07 17:00:00,614.0141737387139
2024-03-07 18:00:00,570.7958288250509
2024-03-07 19:00:00,591.1218491387142
2024-03-07 20:00:00,506.51493885471814
2024-03-07 21:00:00,441.5194815266215
2024-03-07 22:00:00,353.9771494703875
2024-03-07 23:00:00,498.37098140807285
2024-03-08 00:00:00,588.0833753771269
2024-03-08 01:00:00,597.4916926953389
2024-03-08 02:00:00,598.0577693529667
2024-03-08 03:00:00,553.4801112212197
2024-03-08 04:00:00,499.30091307119716
2024-03-08 05:00:00,466.3128340485614
2024-03-08 06:00:00,436.2502979590371
2024-03-08 07:00:00,432.540942223233
2024-03-08 08:00:00,408.94736289307957
2024-03-08 09:00:00,437.94864923415895
2024-03-08 10:00:00,304.8592141255574
2024-03-08 11:00:00,291.0469111682067
2024-03-08 12:00:00,250.3904584019986
2024-03-08 13:00:00,172.89623769016399
2024-03-08 14:00:00,143.2323720594254
2024-03-08 15:00:00,139.34214098258153
2024-03-08 16:00:00,107.10612569919097
2024-03-08 17:00:00,58.064486260142516
2024-03-08 18:00:00,33.878092599541276
2024-03-08 19:00:00,40.08099227689045
2024-03-08 20:00:00,40.70022352707765
2024-03-08 21:00:00,36.84388555016345
2024-03-08 22:00:00,108.96190118393677
2024-03-08 23:00:00,270.12055484334934
2024-03-09 00:00:00,355.919703561038
2024-03-09 01:00:00,389.06030690465144
2024-03-09 02:00:00,389.4196019613837
2024-03-09 03:00:00,390.39292492794306
2024-03-09 04:00:00,457.0168986251447
2024-03-09 05:00:00,619.8317178135095
2024-03-09 06:00:00,782.5813504945322
2024-03-09 07:00:00,868.8483470105485
2024-03-09 08:00:00,882.8907825748963
2024-03-09 09:00:00,887.7080593913565
2024-03-09 10:00:00,787.2604964183051
2024-03-09 11:00:00,928.0227171824337
2024-03-09 12:00:00,1006.0830480109189
2024-03-09 13:00:00,882.5764497790466
2024-03-09 14:00:00,787.2583900703821
2024-03-09 15:00:00,893.7426219183541
2024-03-09 16:00:00,1010.9224951477295
2024-03-09 17:00:00,1158.8710495017547
2024-03-09 18:00:00,1334.47394263161
2024-03-09 19:00:00,1510.6631022283768
2024-03-09 20:00:00,1589.9253099478271
2024-03-09 21:00:00,1734.6231225763652
2024-03-09 22:00:00,1808.9435638352913
2024-03-09 23:00:00,1994.8280370223843
2024-03-10 00:00:00,2125.245429725405
2024-03-10 01:00:00,2223.123660360133
2024-03-10 02:00:00,2118.7368470814554
2024-03-10 03:00:00,2043.7449074645713
2024-03-10 04:00:00,1855.9354644973537
2024-03-10 05:00:00,1710.3380315982222
2024-03-10 06:00:00,1530.5689983319132
2024-03-10 07:00:00,1298.7642910989646
2024-03-10 08:00:00,1197.6143061861153
2024-03-10 09:00:00,1200.1596823163475
2024-03-10 10:00:00,911.5089775600634
2024-03-10 11:00:00,936.4622034252963
2024-03-10 12:00:00,1059.585489692287
2024-03-10 13:00:00,1159.9497590191072
2024-03-10 14:00:00,1182.1691674269598
2024-03-10 15:00:00,1262.742182505106
2024-03-10 16:00:00,1343.5107021932756
2024-03-10 17:00:00,1347.5667930149834
2024-03-10 18:00:00,1500.927061132036
2024-03-10 19:00:00,1396.6671699310104
2024-03-10 20:00:00,1542.2277268507307
2024-03-10 21:00:00,1679.1636300047005
2024-03-10 22:00:00,1232.8975105189254
2024-03-10 23:00:00,1329.140816587168
2024-03-11 00:00:00,1368.018424528151
2024-03-11 01:00:00,1367.1589653079975
2024-03-11 02:00:00,1397.7815192032344
2024-03-11 03:00:00,1502.179369540638
2024-03-11 04:00:00,1520.720791417258
2024-03-11 05:00:00,1474.3716267291302
2024-03-11 06:00:00,1380.3120470864735
2024-03-11 07:00:00,1321.6176448201415
2024-03-11 08:00:00,1275.733741954733
2024-03-11 09:00:00,1258.7552718637671
2024-03-11 10:00:00,1062.5439472913165
2024-03-11 11:00:00,1165.2565593983127
2024-03-11 12:00:00,1388.7992129060847
2024-03-11 13:00:00,1554.464352707075
2024-03-11 14:00:00,1729.6051992056578
2024-03-11 15:00:00,1902.7533900227463
2024-03-11 16:00:00,1861.5045256922149
2024-03-11 17:00:00,2058.5036501134505
2024-03-11 18:00:00,2066.049017282837
2024-03-11 19:00:00,2348.242317546828
2024-03-11 20:00:00,2529.180943594458
2024-03-11 21:00:00,2481.2009056628294
2024-03-11 22:00:00,2031.325544966562
2024-03-11 23:00:00,2054.8723959285658
2024-03-12 00:00:00,1926.7922447413828
2024-03-12 01:00:00,1790.4236369414061
2024-03-12 02:00:00,1755.862253909088
2024-03-12 03:00:00,1704.1259104543287
2024-03-12 04:00:00,1743.820506897219
2024-03-12 05:00:00,1769.855357952647
2024-03-12 06:00:00,1691.899048282587
2024-03-12 07:00:00,1609.3871051050767
2024-03-12 08:00:00,1562.109507066578
2024-03-12 09:00:00,1523.3053489112121
2024-03-12 10:00:00,1268.2021157061288
2024-03-12 11:00:00,1327.8124950572699
2024-03-12 12:00:00,1256.9260467447473
2024-03-12 13:00:00,1252.3981050196417
2024-03-12 14:00:00,1427.6896109713527
2024-03-12 15:00:00,1706.5855895555333
2024-03-12 16:00:00,1789.6483907772817
2024-03-12 17:00:00,2069.083856777951
2024-03-12 18:00:00,2170.3561649687654
2024-03-12 19:00:00,2193.065522779078
2024-03-12 20:00:00,2038.3148124666636
2024-03-12 21:00:00,1777.3703277883214
2024-03-12 22:00:00,1651.0003648596485
2024-03-12 23:00:00,1581.7510176519127
2024-03-13 00:00:00,1565.487223350344
2024-03-13 01:00:00,1521.6952989182269
2024-03-13 02:00:00,1433.8121826912247
2024-03-13 03:00:00,1329.3150330609567
2024-03-13 04:00:00,1148.0461082470927
2024-03-13 05:00:00,947.7824501031386
2024-03-13 06:00:00,787.4491570597604
2024-03-13 07:00:00,609.3185943532609
2024-03-13 08:00:00,542.7057445518416
2024-03-13 09:00:00,483.2999046625803
2024-03-13 10:00:00,393.8491209771071
2024-03-13 11:00:00,355.5336994634629
2024-03-13 12:00:00,285.1616086906967
2024-03-13 13:00:00,158.3589179261269
2024-03-13 14:00:00,123.94953293890477
2024-03-13 15:00:00,95.3738971241654
2024-03-13 16:00:00,79.68858399764403
2024-03-13 17:00:00,53.21099061287223
2024-03-13 18:00:00,34.909807103060245
2024-03-13 19:00:00,25.10079874285708
2024-03-13 20:00:00,23.88453742505692
2024-03-13 21:00:00,49.85419870511807
2024-03-13 22:00:00,102.29901797626394
2024-03-13 23:00:00,186.53305425863502
2024-03-14 00:00:00,237.14810985286465
2024-03-14 01:00:00,239.90864704393886
2024-03-14 02:00:00,200.0416880929689
2024-03-14 03:00:00,200.39731125444746
2024-03-14 04:00:00,242.04694623143362
2024-03-14 05:00:00,249.6949922389906
2024-03-14 06:00:00,247.75387476879584
2024-03-14 07:00:00,201.84257229399972
2024-03-14 08:00:00,196.90368543507475
2024-03-14 09:00:00,187.3219484951492
2024-03-14 10:00:00,169.38515788156414
2024-03-14 11:00:00,169.7585673352467
2024-03-14 12:00:00,191.7060617426732
2024-03-14 13:00:00,113.6034113477925
2024-03-14 14:00:00,105.24599960302547
2024-03-14 15:00:00,185.5669965822739
2024-03-14 16:00:00,231.39906603381584
2024-03-14 17:00:00,258.95298182649964
2024-03-14 18:00:00,298.0361836753457
2024-03-14 19:00:00,260.195919903808
2024-03-14 20:00:00,197.60987972702068
2024-03-14 21:00:00,70.9704099325391
2024-03-14 22:00:00,37.55487469448862
2024-03-14 23:00:00,64.43460764589527
2024-03-15 00:00:00,81.82130706174176
2024-03-15 01:00:00,154.5531581370414
2024-03-15 02:00:00,250.44718165349272
2024-03-15 03:00:00,252.2632498042666
2024-03-15 04:00:00,176.0313842432817
2024-03-15 05:00:00,164.1909622851074
2024-03-15 06:00:00,204.94657981640486
2024-03-15 07:00:00,204.58955751729764
2024-03-15 08:00:00,171.24492985890942
2024-03-15 09:00:00,140.92749506116292
2024-03-15 10:00:00,196.05492055177888
2024-03-15 11:00:00,132.80243546619718
2024-03-15 12:00:00,112.16378189426048
2024-03-15 13:00:00,54.602419872817066
2024-03-15 14:00:00,27.927186817131542
2024-03-15 15:00:00,57.38178645811333
2024-03-15 16:00:00,64.62550300893557
2024-03-15 17:00:00,92.10843993706317
2024-03-15 18:00:00,123.16219559547072
2024-03-15 19:00:00,183.00287092709343
2024-03-15 20:00:00,226.65275778217
2024-03-15 21:00:00,207.75967370899744
2024-03-15 22:00:00,159.74076203310378
2024-03-15 23:00:00,297.97118197959986
2024-03-16 00:00:00,278.59205290027353
2024-03-16 01:00:00,243.30630529391956
2024-03-16 02:00:00,254.84780725194562
2024-03-16 03:00:00,260.00039350694146
2024-03-16 04:00:00,268.6423585288933
2024-03-16 05:00:00,284.61444975761015
2024-03-16 06:00:00,299.5473235161014
2024-03-16 07:00:00,255.050164727555
2024-03-16 08:00:00,209.21284956727948
2024-03-16 09:00:00,171.20778435986472
2024-03-16 10:00:00,174.08487381831767
2024-03-16 11:00:00,144.31101556515705
2024-03-16 12:00:00,123.47936040400384
2024-03-16 13:00:00,56.757828931923825
2024-03-16 14:00:00,39.36078597572288
2024-03-16 15:00:00,42.94174350838232
2024-03-16 16:00:00,46.87442869843191
2024-03-16 17:00:00,48.168864320346536
2024-03-16 18:00:00,65.07537095722371
2024-03-16 19:00:00,66.24301064682261
2024-03-16 20:00:00,63.338637597924055
2024-03-16 21:00:00,50.92635150136746
2024-03-16 22:00:00,17.46335163292293
2024-03-16 23:00:00,45.91605743949295
2024-03-17 00:00:00,54.2113344762374
2024-03-17 01:00:00,81.55441644085337
2024-03-17 02:00:00,110.847606799776
2024-03-17 03:00:00,177.7956919903874
2024-03-17 04:00:00,239.7371655601684
2024-03-17 05:00:00,305.4857686700872
2024-03-17 06:00:00,361.5913174293411
2024-03-17 07:00:00,428.56909663226287
2024-03-17 08:00:00,424.0441082246487
2024-03-17 09:00:00,462.59665294347036
2024-03-17 10:00:00,539.769349142594
2024-03-17 11:00:00,587.8737181495193
2024-03-17 12:00:00,567.4096220898806
2024-03-17 13:00:00,513.2174134972869
2024-03-17 14:00:00,587.6892205996932
2024-03-17 15:00:00,810.0844574355514
2024-03-17 16:00:00,847.052193179243
2024-03-17 17:00:00,987.1064904236287
2024-03-17 18:00:00,1159.497687198534
2024-03-17 19:00:00,1072.4945912775315
2024-03-17 20:00:00,1050.8724605544887
2024-03-17 21:00:00,1020.0246770212649
2024-03-17 22:00:00,939.1673753773659
2024-03-17 23:00:00,869.78741971851
2024-03-18 00:00:00,815.5229856297373
2024-03-18 01:00:00,821.6948886954324
2024-03-18 02:00:00,771.6820649852201
2024-03-18 03:00:00,744.8876058559131
2024-03-18 04:00:00,674.7778831076114
2024-03-18 05:00:00,622.5233220983855
2024-03-18 06:00:00,651.9400687267499
2024-03-18 07:00:00,682.9177649776976
2024-03-18 08:00:00,713.5193955473743
2024-03-18 09:00:00,725.6456397897207
2024-03-18 10:00:00,621.7800921819064
2024-03-18 11:00:00,613.2419357261282
2024-03-18 12:00:00,631.9432558773146
2024-03-18 13:00:00,815.0158688958035
2024-03-18 14:00:00,983.1674477208893
2024-03-18 15:00:00,1122.1095482903363
2024-03-18 16:00:00,1305.7396374129557
2024-03-18 17:00:00,1284.0553498006145
2024-03-18 18:00:00,1260.4713862932783
2024-03-18 19:00:00,1299.5668281149538
2024-03-18 20:00:00,1193.8011657048467
2024-03-18 21:00:00,1029.094913239425
2024-03-18 22:00:00,576.1425520362415
2024-03-18 23:00:00,582.116748934133
2024-03-19 00:00:00,589.3306021658179
2024-03-19 01:00:00,585.2926187595524
2024-03-19 02:00:00,552.729578405159
2024-03-19 03:00:00,542.724032295367
2024-03-19 04:00:00,529.6072477313066
2024-03-19 05:00:00,456.3652256707173
2024-03-19 06:00:00,437.38190375853543
2024-03-19 07:00:00,411.8929400568353
2024-03-19 08:00:00,394.8805874813687
2024-03-19 09:00:00,378.1494080034782
2024-03-19 10:00:00,406.15372314504685
2024-03-19 11:00:00,432.20800188135615
2024-03-19 12:00:00,510.88254941706583
2024-03-19 13:00:00,531.556915921765
2024-03-19 14:00:00,664.0861160759098
2024-03-19 15:00:00,729.8431527353275
2024-03-19 16:00:00,782.5058301920869
2024-03-19 17:00:00,792.6117714643341
2024-03-19 18:00:00,786.6060135568954
2024-03-19 19:00:00,740.443401652901
2024-03-19 20:00:00,683.1066636955271
2024-03-19 21:00:00,685.3606827278995
2024-03-19 22:00:00,306.0785567140845
2024-03-19 23:00:00,322.7117401592892
2024-03-20 00:00:00,336.03965561730627
2024-03-20 01:00:00,313.23971216103706
2024-03-20 02:00:00,310.1202065991396
2024-03-20 03:00:00,310.6970748103196
2024-03-20 04:00:00,305.76038155697495
2024-03-20 05:00:00,261.16259494887083
2024-03-20 06:00:00,221.9999320659064
2024-03-20 07:00:00,221.93108919448497
2024-03-20 08:00:00,224.6074762128404
2024-03-20 09:00:00,242.3289695213699
2024-03-20 10:00:00,285.1990603887096
2024-03-20 11:00:00,302.14979313736694
2024-03-20 12:00:00,296.55057781985266
2024-03-20 13:00:00,306.7426958661085
2024-03-20 14:00:00,407.15651998472066
2024-03-20 15:00:00,536.8887623454191
2024-03-20 16:00:00,676.6554384287585
2024-03-20 17:00:00,613.4095105363809
2024-03-20 18:00:00,606.0922279611697
2024-03-20 19:00:00,612.6197464178751
2024-03-20 20:00:00,725.7692635992632
2024-03-20 21:00:00,579.146770915882
2024-03-20 22:00:00,327.25113380791123
2024-03-20 23:00:00,376.7401491965716
2024-03-21 00:00:00,387.8648384691138
2024-03-21 01:00:00,393.2107374015024
2024-03-21 02:00:00,455.0177474177844
2024-03-21 03:00:00,513.1391580427296
2024-03-21 04:00:00,661.0253828724389
2024-03-21 05:00:00,674.7247077477865
2024-03-21 06:00:00,699.0077135493033
2024-03-21 07:00:00,890.2032851811832
2024-03-21 08:00:00,1140.2120263743989
2024-03-21 09:00:00,1467.313898021974
2024-03-21 10:00:00,1624.1003249555945
2024-03-21 11:00:00,2005.276139572118
2024-03-21 12:00:00,2129.023746883791
2024-03-21 13:00:00,2014.1951638210014
2024-03-21 14:00:00,1818.8934929232942
2024-03-21 15:00:00,1864.0932238648347
2024-03-21 16:00:00,1887.8363776024387
2024-03-21 17:00:00,1879.8663101594416
2024-03-21 18:00:00,1856.359567104566
2024-03-21 19:00:00,1816.1364502395709
2024-03-21 20:00:00,1795.9621130581704
2024-03-21 21:00:00,1906.3792025350103
2024-03-21 22:00:00,1982.7316932973642
2024-03-21 23:00:00,2187.7519002049544
2024-03-22 00:00:00,2304.9177532709323
2024-03-22 01:00:00,2346.964099829009
2024-03-22 02:00:00,2336.120794907675
2024-03-22 03:00:00,2260.543681737005
2024-03-22 04:00:00,2170.8595982941806
2024-03-22 05:00:00,2158.7944502085797
2024-03-22 06:00:00,2123.208510359809
2024-03-22 07:00:00,2074.291793940971
2024-03-22 08:00:00,1854.713681289127
2024-03-22 09:00:00,1862.2235927587071
2024-03-22 10:00:00,1646.018137159093
2024-03-22 11:00:00,1748.841372491049
2024-03-22 12:00:00,1758.5284100663184
2024-03-22 13:00:00,1729.835652887439
2024-03-22 14:00:00,1622.989785737258
2024-03-22 15:00:00,1678.7894261549786
2024-03-22 16:00:00,1976.5520724772755
2024-03-22 17:00:00,1988.2630641389003
2024-03-22 18:00:00,2036.5416384906002
2024-03-22 19:00:00,2065.4152996389435
2024-03-22 20:00:00,2001.4155398720993
2024-03-22 21:00:00,1906.2810337245462
2024-03-22 22:00:00,1461.677000095163
2024-03-22 23:00:00,1462.8706644245322
2024-03-23 00:00:00,1486.0661912435694
2024-03-23 01:00:00,1118.324294339088
2024-03-23 02:00:00,1010.0300675976043
2024-03-23 03:00:00,862.1527689754455
2024-03-23 04:00:00,713.5471789280925
2024-03-23 05:00:00,614.3665051660057
2024-03-23 06:00:00,548.7616974584172
2024-03-23 07:00:00,514.7915890576697
2024-03-23 08:00:00,467.67889436977083
2024-03-23 09:00:00,382.0214942527884
2024-03-23 10:00:00,339.8005527695841
2024-03-23 11:00:00,277.69877318585486
2024-03-23 12:00:00,186.39907818079203
2024-03-23 13:00:00,148.0601803162894
2024-03-23 14:00:00,132.783766957328
2024-03-23 15:00:00,123.13383284356864
2024-03-23 16:00:00,117.78647710538777
2024-03-23 17:00:00,135.9278648078425
2024-03-23 18:00:00,131.92841714945422
2024-03-23 19:00:00,121.98751843740574
2024-03-23 20:00:00,108.82184740364411
2024-03-23 21:00:00,115.12846460214121
2024-03-23 22:00:00,125.79020498970411
2024-03-23 23:00:00,159.1984660896143
2024-03-24 00:00:00,232.74112565338845
2024-03-24 01:00:00,328.2263981341842
2024-03-24 02:00:00,502.7176005783556
2024-03-24 03:00:00,587.1675684469044
2024-03-24 04:00:00,752.6183404428814
2024-03-24 05:00:00,880.5905512379171
2024-03-24 06:00:00,984.0466246043866
2024-03-24 07:00:00,1134.6187111485726
2024-03-24 08:00:00,1205.9926185021825
2024-03-24 09:00:00,1268.2372996113338
2024-03-24 10:00:00,1173.9535965779412
2024-03-24 11:00:00,1278.212916067061
2024-03-24 12:00:00,1342.3655688077574
2024-03-24 13:00:00,1326.8645645613847
2024-03-24 14:00:00,1272.3553157147087
2024-03-24 15:00:00,1346.7129018112778
2024-03-24 16:00:00,1305.2323533662368
2024-03-24 17:00:00,1219.7006131105936
2024-03-24 18:00:00,1108.0171557623135
2024-03-24 19:00:00,1004.6789740491673
2024-03-24 20:00:00,826.6753714391604
2024-03-24 21:00:00,671.7288409258564
2024-03-24 22:00:00,462.65581521037444
2024-03-24 23:00:00,393.88603781325446
2024-03-25 00:00:00,411.3222752453499
2024-03-25 01:00:00,351.35976865870384
2024-03-25 02:00:00,311.52844447479
2024-03-25 03:00:00,232.7012517133166
2024-03-25 04:00:00,217.67437483304843
2024-03-25 05:00:00,187.90127475712202
2024-03-25 06:00:00,177.97405484316135
2024-03-25 07:00:00,173.83814144227657
2024-03-25 08:00:00,170.43961300805458
2024-03-25 09:00:00,170.5959806284092
2024-03-25 10:00:00,196.34681521120592
2024-03-25 11:00:00,212.80489189683126
2024-03-25 12:00:00,269.6108521390203
2024-03-25 13:00:00,115.25054312132602
2024-03-25 14:00:00,101.48787232164666
2024-03-25 15:00:00,136.2437432510519
2024-03-25 16:00:00,121.05680258928649
2024-03-25 17:00:00,94.36494596084367
2024-03-25 18:00:00,96.82780469341566
2024-03-25 19:00:00,119.69476812335832
2024-03-25 20:00:00,182.2130095991348
2024-03-25 21:00:00,292.02140697073844
2024-03-25 22:00:00,201.9527809533546
2024-03-25 23:00:00,321.7107490551976
2024-03-26 00:00:00,506.979607683885
2024-03-26 01:00:00,717.0109795625833
2024-03-26 02:00:00,884.7268132917404
2024-03-26 03:00:00,884.6881059306786
2024-03-26 04:00:00,705.0860553443273
2024-03-26 05:00:00,572.8111864960892
2024-03-26 06:00:00,551.7833780076216
2024-03-26 07:00:00,609.2484226937469
2024-03-26 08:00:00,647.6129723780706
2024-03-26 09:00:00,711.7381884697946
2024-03-26 10:00:00,627.7957545142314
2024-03-26 11:00:00,763.3019803540781
2024-03-26 12:00:00,821.099102150358
2024-03-26 13:00:00,509.14471989609825
2024-03-26 14:00:00,426.2172342038884
2024-03-26 15:00:00,497.0965471400295
2024-03-26 16:00:00,529.7783563890957
2024-03-26 17:00:00,468.77905632033963
2024-03-26 18:00:00,490.10421680726625
2024-03-26 19:00:00,590.0534065688513
2024-03-26 20:00:00,592.1478977284238
2024-03-26 21:00:00,672.8400158252301
2024-03-26 22:00:00,781.9058565451446
2024-03-26 23:00:00,1319.7783828010267
2024-03-27 00:00:00,1439.4872581766858
2024-03-27 01:00:00,1435.2978363211648
2024-03-27 02:00:00,1438.1941623848916
2024-03-27 03:00:00,1377.6354922050193
2024-03-27 04:00:00,1342.6175065970767
2024-03-27 05:00:00,1222.2325398229884
2024-03-27 06:00:00,992.332553698016
2024-03-27 07:00:00,933.7994869937288
2024-03-27 08:00:00,962.5796673689456
2024-03-27 09:00:00,879.5517070785794
2024-03-27 10:00:00,518.0680186222341
2024-03-27 11:00:00,654.3969823199993
2024-03-27 12:00:00,631.404713258128
2024-03-27 13:00:00,611.3262457549426
2024-03-27 14:00:00,634.4543260980939
2024-03-27 15:00:00,612.1186655929089
2024-03-27 16:00:00,500.7271568096262
2024-03-27 17:00:00,400.67386937498526
2024-03-27 18:00:00,373.97824304607707
2024-03-27 19:00:00,307.20294309265347
2024-03-27 20:00:00,351.0228631564981
2024-03-27 21:00:00,372.84473108814603
2024-03-27 22:00:00,210.86746915131968
2024-03-27 23:00:00,314.47833501252103
2024-03-28 00:00:00,426.6800772393996
2024-03-28 01:00:00,466.85114518475825
2024-03-28 02:00:00,406.61407553656767
2024-03-28 03:00:00,356.32044235218353
2024-03-28 04:00:00,314.66470615847066
2024-03-28 05:00:00,281.72990195158764
2024-03-28 06:00:00,272.6263225077998
2024-03-28 07:00:00,282.11575615040215
2024-03-28 08:00:00,207.42918986625457
2024-03-28 09:00:00,194.7466055868862
2024-03-28 10:00:00,144.2528141724474
2024-03-28 11:00:00,113.27222587682867
2024-03-28 12:00:00,75.65809144417365
2024-03-28 13:00:00,82.55278300103923
2024-03-28 14:00:00,59.313059756052525
2024-03-28 15:00:00,55.02963960842278
2024-03-28 16:00:00,72.8292802218025
2024-03-28 17:00:00,64.87856587238025
2024-03-28 18:00:00,52.5681288588033
2024-03-28 19:00:00,60.93287845358209
2024-03-28 20:00:00,49.07928261713012
2024-03-28 21:00:00,61.93131297959511
2024-03-28 22:00:00,48.71449598941688
2024-03-28 23:00:00,84.69899842119355
2024-03-29 00:00:00,129.4847248703977
2024-03-29 01:00:00,188.1511940117648
2024-03-29 02:00:00,252.70329240897203
2024-03-29 03:00:00,246.20986958458408
2024-03-29 04:00:00,297.87376914756777
2024-03-29 05:00:00,360.44856810919237
2024-03-29 06:00:00,431.01617040327335
2024-03-29 07:00:00,519.8915987956675
2024-03-29 08:00:00,605.8905513515356
2024-03-29 09:00:00,597.6385507936762
2024-03-29 10:00:00,637.3705695417003
2024-03-29 11:00:00,705.9933951940886
2024-03-29 12:00:00,859.4253202286197
2024-03-29 13:00:00,867.1870903810936
2024-03-29 14:00:00,951.3559695321499
2024-03-29 15:00:00,1065.5021092049283
2024-03-29 16:00:00,1152.6661745359424
2024-03-29 17:00:00,1301.2627811476652
2024-03-29 18:00:00,1589.7870971758352
2024-03-29 19:00:00,1701.291223992932
2024-03-29 20:00:00,1997.1385157352945
2024-03-29 21:00:00,2343.3108814175434
2024-03-29 22:00:00,2459.8656315805715
2024-03-29 23:00:00,2554.6447921511376
2024-03-30 00:00:00,2720.0625938270027
2024-03-30 01:00:00,2839.984677888973
2024-03-30 02:00:00,2949.75930158686
2024-03-30 03:00:00,2967.8173513722027
2024-03-30 04:00:00,2915.087808326268
2024-03-30 05:00:00,2849.6557078886112
2024-03-30 06:00:00,2855.4150593172885
2024-03-30 07:00:00,2703.2921134965327
2024-03-30 08:00:00,2773.7451551024674
2024-03-30 09:00:00,2812.2580267087774
2024-03-30 10:00:00,2456.5072045989905
2024-03-30 11:00:00,2501.987552651139
2024-03-30 12:00:00,2549.6036633485223
2024-03-30 13:00:00,2460.011927129581
2024-03-30 14:00:00,2449.5991867301136
2024-03-30 15:00:00,2524.697402183993
2024-03-30 16:00:00,2597.310726405862
2024-03-30 17:00:00,2603.661659223082
2024-03-30 18:00:00,2730.6622811484895
2024-03-30 19:00:00,2740.1784148406227
2024-03-30 20:00:00,2722.4903343871915
2024-03-30 21:00:00,2630.9271148082075
2024-03-30 22:00:00,1642.055183325459
2024-03-30 23:00:00,2071.3229354328682
2024-03-31 00:00:00,2183.371279460568
2024-03-31 01:00:00,2155.4578314720034
2024-03-31 02:00:00,2089.931769695697
2024-03-31 03:00:00,1987.318574001743
2024-03-31 04:00:00,1883.6924908569256
2024-03-31 05:00:00,1717.0572069965206
2024-03-31 06:00:00,1549.468490669884
2024-03-31 07:00:00,1381.3613755693336
2024-03-31 08:00:00,1211.329007593108
2024-03-31 09:00:00,1117.1158116098081
2024-03-31 10:00:00,967.2491458341568
2024-03-31 11:00:00,1017.5778856051804
2024-03-31 12:00:00,1018.460742462376
2024-03-31 13:00:00,1272.3064426277351
2024-03-31 14:00:00,1340.6488655520013
2024-03-31 15:00:00,1408.0501752744449
2024-03-31 16:00:00,1538.2147543627195
2024-03-31 17:00:00,1695.13732613012
2024-03-31 18:00:00,1972.7759156744505
2024-03-31 19:00:00,2053.1562060142605
2024-03-31 20:00:00,2066.3784034322143
2024-03-31 21:00:00,1875.8477591241985
2024-03-31 22:00:00,791.8051318740147
2024-03-31 23:00:00,664.1773318277749
2024-04-01 00:00:00,630.6860151386742
2024-04-01 01:00:00,596.9919632418179
2024-04-01 02:00:00,615.5214642427376
2024-04-01 03:00:00,615.0189674662524
2024-04-01 04:00:00,567.4265213797379
2024-04-01 05:00:00,527.3627912071735
2024-04-01 06:00:00,470.0844855411538
2024-04-01 07:00:00,386.58073124284914
2024-04-01 08:00:00,314.9264999425071
2024-04-01 09:00:00,260.3702484078611
2024-04-01 10:00:00,259.9087869136547
2024-04-01 11:00:00,212.3215480026815
2024-04-01 12:00:00,148.54365025441345
2024-04-01 13:00:00,76.0666622522644
2024-04-01 14:00:00,131.8582146935601
2024-04-01 15:00:00,175.31695638051664
2024-04-01 16:00:00,206.45145310822596
2024-04-01 17:00:00,233.06517985879628
2024-04-01 18:00:00,350.17377302936376
2024-04-01 19:00:00,404.81870988964494
2024-04-01 20:00:00,412.2781469332298
2024-04-01 21:00:00,318.0199536367269
2024-04-01 22:00:00,298.5595904342365
2024-04-01 23:00:00,362.73832280719444
2024-04-02 00:00:00,343.55575569425577
2024-04-02 01:00:00,292.03987705329087
2024-04-02 02:00:00,242.01611176683198
2024-04-02 03:00:00,235.89853095984756
2024-04-02 04:00:00,252.92624214416733
2024-04-02 05:00:00,250.36331636745223
2024-04-02 06:00:00,254.03823810340884
2024-04-02 07:00:00,285.3233202830763
2024-04-02 08:00:00,324.93936795466436
2024-04-02 09:00:00,347.594292138895
2024-04-02 10:00:00,275.9992961933189
2024-04-02 11:00:00,264.2735906070658
2024-04-02 12:00:00,172.3182375192529
2024-04-02 13:00:00,61.174167405920635
2024-04-02 14:00:00,96.77262449547985
2024-04-02 15:00:00,148.66001307232744
2024-04-02 16:00:00,192.77072613427634
2024-04-02 17:00:00,202.2530573366033
2024-04-02 18:00:00,182.61394219472217
2024-04-02 19:00:00,183.92047805442377
2024-04-02 20:00:00,200.07726406442802
2024-04-02 21:00:00,270.9540452474128
2024-04-02 22:00:00,404.56279511246703
2024-04-02 23:00:00,628.0523247346024
2024-04-03 00:00:00,849.0934229883953
2024-04-03 01:00:00,874.5766628819346
2024-04-03 02:00:00,955.5846159587018
2024-04-03 03:00:00,836.0576585414725
2024-04-03 04:00:00,725.5423775691526
2024-04-03 05:00:00,841.8181478856677
2024-04-03 06:00:00,730.56805149001
2024-04-03 07:00:00,834.3878971976271
2024-04-03 08:00:00,830.5683068524046
2024-04-03 09:00:00,932.1317227475937
2024-04-03 10:00:00,892.9749976690462
2024-04-03 11:00:00,944.4735551291213
2024-04-03 12:00:00,773.8761812402818
2024-04-03 13:00:00,871.8018778790594
2024-04-03 14:00:00,1124.7296193740644
2024-04-03 15:00:00,1227.880587322963
2024-04-03 16:00:00,1343.070396686831
2024-04-03 17:00:00,1400.2795250347033
2024-04-03 18:00:00,1472.896582919685
2024-04-03 19:00:00,1632.511110768361
2024-04-03 20:00:00,1717.5525800508894
2024-04-03 21:00:00,1731.235573491588
2024-04-03 22:00:00,1060.230658605577
2024-04-03 23:00:00,1409.920991058905
2024-04-04 00:00:00,1647.3171480326544
2024-04-04 01:00:00,1743.2349396283596
2024-04-04 02:00:00,1876.2001935051844
2024-04-04 03:00:00,1856.1148344185199
2024-04-04 04:00:00,1845.4601451641358
2024-04-04 05:00:00,1803.6876881283551
2024-04-04 06:00:00,1827.148660257064
2024-04-04 07:00:00,1772.2746340442086
2024-04-04 08:00:00,1722.8429680342604
2024-04-04 09:00:00,1810.8248623732306
2024-04-04 10:00:00,1617.408087887344
2024-04-04 11:00:00,1824.5785408207155
2024-04-04 12:00:00,1743.0728340391483
2024-04-04 13:00:00,2184.8737611206093
2024-04-04 14:00:00,2824.692424437175
2024-04-04 15:00:00,3236.6492842065413
2024-04-04 16:00:00,3396.513100190188
2024-04-04 17:00:00,3141.865996092006
2024-04-04 18:00:00,3218.6669927402054
2024-04-04 19:00:00,3016.6909579513876
2024-04-04 20:00:00,2975.6984042527497
2024-04-04 21:00:00,2302.0641223761186
2024-04-04 22:00:00,2226.4257607334926
2024-04-04 23:00:00,2641.7305496982194
2024-04-05 00:00:00,2516.9949599459906
2024-04-05 01:00:00,2523.8466769896236
2024-04-05 02:00:00,2684.402496468666
2024-04-05 03:00:00,2774.455996833726
2024-04-05 04:00:00,2706.231578905456
2024-04-05 05:00:00,2642.861363445546
2024-04-05 06:00:00,2599.3001005579545
2024-04-05 07:00:00,2592.4672175314195
2024-04-05 08:00:00,2570.7346854261828
2024-04-05 09:00:00,2562.7219876178847
2024-04-05 10:00:00,2358.5410803892737
2024-04-05 11:00:00,2426.9249971299073
2024-04-05 12:00:00,2423.6594134270536
2024-04-05 13:00:00,2547.5221731541906
2024-04-05 14:00:00,2977.649126102496
2024-04-05 15:00:00,3176.934106580488
2024-04-05 16:00:00,3254.048266492485
2024-04-05 17:00:00,3180.833651071231
2024-04-05 18:00:00,3138.5121727488417
2024-04-05 19:00:00,2934.9445678105385
2024-04-05 20:00:00,2847.9907374077984
2024-04-05 21:00:00,2625.9515008449202
2024-04-05 22:00:00,2054.829237194564
2024-04-05 23:00:00,2239.9316432986952
2024-04-06 00:00:00,2045.4710587849188
2024-04-06 01:00:00,1945.0585515691625
2024-04-06 02:00:00,1818.2738593106385
2024-04-06 03:00:00,1696.9239632116191
2024-04-06 04:00:00,1567.3776962058619
2024-04-06 05:00:00,1442.4900593936115
2024-04-06 06:00:00,1341.5178629269633
2024-04-06 07:00:00,1274.372941404808
2024-04-06 08:00:00,1290.0950145283052
2024-04-06 09:00:00,1336.0116297602005
2024-04-06 10:00:00,1337.3167902389014
2024-04-06 11:00:00,1401.1653163838466
2024-04-06 12:00:00,1692.1390800812803
2024-04-06 13:00:00,1985.1632145017984
2024-04-06 14:00:00,2238.6772517526438
2024-04-06 15:00:00,2176.9200871929725
2024-04-06 16:00:00,2116.2980680007736
2024-04-06 17:00:00,2021.9886498511407
2024-04-06 18:00:00,1945.1845343237808
2024-04-06 19:00:00,1833.897814411638
2024-04-06 20:00:00,1664.637641350249
2024-04-06 21:00:00,1234.6277074319996
2024-04-06 22:00:00,592.7821157632058
2024-04-06 23:00:00,558.9830358546899
2024-04-07 00:00:00,550.878987025605
2024-04-07 01:00:00,592.1167496739945
2024-04-07 02:00:00,591.6310092911018
2024-04-07 03:00:00,589.2956529405575
2024-04-07 04:00:00,579.4387535184951
2024-04-07 05:00:00,560.9495194656027
2024-04-07 06:00:00,537.5335228212109
2024-04-07 07:00:00,522.6055762106022
2024-04-07 08:00:00,531.9085090800718
2024-04-07 09:00:00,509.2840952012142
2024-04-07 10:00:00,512.9374734675026
2024-04-07 11:00:00,473.3546904390005
2024-04-07 12:00:00,243.23686751282597
2024-04-07 13:00:00,267.7060559770558
2024-04-07 14:00:00,353.2321319809529
2024-04-07 15:00:00,387.67261586534806
2024-04-07 16:00:00,384.1680189967838
2024-04-07 17:00:00,382.47010180023017
2024-04-07 18:00:00,373.6859096767322
2024-04-07 19:00:00,365.3710712620534
2024-04-07 20:00:00,358.8867291035048
2024-04-07 21:00:00,302.00018415567666
2024-04-07 22:00:00,275.9094021301344
2024-04-07 23:00:00,470.7797268846649
2024-04-08 00:00:00,509.2082294328183
2024-04-08 01:00:00,429.3699996515
2024-04-08 02:00:00,324.66366132289613
2024-04-08 03:00:00,276.9517451259699
2024-04-08 04:00:00,234.42302720411558
2024-04-08 05:00:00,227.77242259337885
2024-04-08 06:00:00,260.9523692334535
2024-04-08 07:00:00,294.87962763665564
2024-04-08 08:00:00,304.82673667200464
2024-04-08 09:00:00,376.1877485613782
2024-04-08 10:00:00,431.8936842145375
2024-04-08 11:00:00,511.90672163399125
2024-04-08 12:00:00,510.0340756377122
2024-04-08 13:00:00,315.70568270537365
2024-04-08 14:00:00,323.5107526338054
2024-04-08 15:00:00,523.4416906140797
2024-04-08 16:00:00,803.6580988761151
2024-04-08 17:00:00,1026.7844367855848
2024-04-08 18:00:00,1201.9478018525758
2024-04-08 19:00:00,1374.9031110751857
2024-04-08 20:00:00,1430.951845295431
2024-04-08 21:00:00,1293.6425178385675
2024-04-08 22:00:00,1090.7196373973502
2024-04-08 23:00:00,1110.2841343972018
2024-04-09 00:00:00,1212.5656544661956
2024-04-09 01:00:00,1166.4966225563053
2024-04-09 02:00:00,1078.4420472906133
2024-04-09 03:00:00,967.9609753439548
2024-04-09 04:00:00,878.9219329130658
2024-04-09 05:00:00,671.6299815067077
2024-04-09 06:00:00,576.4182511878115
2024-04-09 07:00:00,459.65393432461866
2024-04-09 08:00:00,403.3341351100693
2024-04-09 09:00:00,412.0228561469858
2024-04-09 10:00:00,439.1964193593814
2024-04-09 11:00:00,335.10272121942944
2024-04-09 12:00:00,288.8376191773872
2024-04-09 13:00:00,235.74887570423195
2024-04-09 14:00:00,178.56324771403447
2024-04-09 15:00:00,140.846298210307
2024-04-09 16:00:00,119.48188301464823
2024-04-09 17:00:00,126.72304728917896
2024-04-09 18:00:00,132.55842819750418
2024-04-09 19:00:00,115.18996429265384
2024-04-09 20:00:00,104.57547777695959
2024-04-09 21:00:00,88.9489107573387
2024-04-09 22:00:00,121.57008547734172
2024-04-09 23:00:00,353.9890190807892
2024-04-10 00:00:00,517.6185634640659
2024-04-10 01:00:00,619.3559774616364
2024-04-10 02:00:00,685.8907633923903
2024-04-10 03:00:00,641.4126029777266
2024-04-10 04:00:00,667.2732628735574
2024-04-10 05:00:00,681.1355227725231
2024-04-10 06:00:00,672.6914884882103
2024-04-10 07:00:00,686.0744156860968
2024-04-10 08:00:00,662.7819219405321
2024-04-10 09:00:00,623.6357843603022
2024-04-10 10:00:00,458.991841887371
2024-04-10 11:00:00,491.4233978404651
2024-04-10 12:00:00,487.3475182086825
2024-04-10 13:00:00,236.96882210664546
2024-04-10 14:00:00,216.10969911756115
2024-04-10 15:00:00,238.7251357190183
2024-04-10 16:00:00,244.76685696329133
2024-04-10 17:00:00,298.2797571814735
2024-04-10 18:00:00,367.92888637834596
2024-04-10 19:00:00,475.8622742927001
2024-04-10 20:00:00,537.0211542489669
2024-04-10 21:00:00,583.576554937609
2024-04-10 22:00:00,519.6950888122701
2024-04-10 23:00:00,940.6032671275198
2024-04-11 00:00:00,1104.6711447321359
2024-04-11 01:00:00,1025.6289771716936
2024-04-11 02:00:00,890.7583371417177
2024-04-11 03:00:00,788.5529516010063
2024-04-11 04:00:00,780.775048389926
2024-04-11 05:00:00,779.2571852654787
2024-04-11 06:00:00,761.13943205075
2024-04-11 07:00:00,738.1463889239167
2024-04-11 08:00:00,713.3193307492099
2024-04-11 09:00:00,692.3759665973336
2024-04-11 10:00:00,563.6716344796915
2024-04-11 11:00:00,643.4451103102131
2024-04-11 12:00:00,710.4233648728674
2024-04-11 13:00:00,611.0900251857059
2024-04-11 14:00:00,599.4235463565279
2024-04-11 15:00:00,590.6035641446543
2024-04-11 16:00:00,710.9378134156769
2024-04-11 17:00:00,870.9243876080295
2024-04-11 18:00:00,1018.5244907048824
2024-04-11 19:00:00,1154.722101962945
2024-04-11 20:00:00,1388.6926561233988
2024-04-11 21:00:00,1555.010752733993
2024-04-11 22:00:00,1518.679027332714
2024-04-11 23:00:00,1858.4831833414653
2024-04-12 00:00:00,2116.5986847764816
2024-04-12 01:00:00,2342.2059443983594
2024-04-12 02:00:00,2446.249675753507
2024-04-12 03:00:00,2470.5652772893413
2024-04-12 04:00:00,2444.709129737714
2024-04-12 05:00:00,2456.1810618802515
2024-04-12 06:00:00,2449.344350214046
2024-04-12 07:00:00,2497.493670460179
2024-04-12 08:00:00,2509.662573137267
2024-04-12 09:00:00,2436.7449933187163
2024-04-12 10:00:00,2290.9557676483664
2024-04-12 11:00:00,2429.405684735224
2024-04-12 12:00:00,2536.875173734608
2024-04-12 13:00:00,2721.970402801814
2024-04-12 14:00:00,2775.7124626503464
2024-04-12 15:00:00,2779.482138270203
2024-04-12 16:00:00,2811.1595834796435
2024-04-12 17:00:00,2975.2098906921397
2024-04-12 18:00:00,2898.820211065052
2024-04-12 19:00:00,2999.2503799942224
2024-04-12 20:00:00,3134.4165033551603
2024-04-12 21:00:00,3232.4053478028904
2024-04-12 22:00:00,3074.042456709134
2024-04-12 23:00:00,3240.826357658993
2024-04-13 00:00:00,3006.6035423302437
2024-04-13 01:00:00,2981.8727674378424
2024-04-13 02:00:00,2790.5564420467426
2024-04-13 03:00:00,2350.2838138706056
2024-04-13 04:00:00,2090.4300566404745
2024-04-13 05:00:00,2067.8358673249395
2024-04-13 06:00:00,2019.0913899195948
2024-04-13 07:00:00,1991.966578828046
2024-04-13 08:00:00,1952.5754807461178
2024-04-13 09:00:00,1847.9469581647536
2024-04-13 10:00:00,1584.1444562846905
2024-04-13 11:00:00,1542.5650089430576
2024-04-13 12:00:00,1458.4044203826747
2024-04-13 13:00:00,1703.7289132710016
2024-04-13 14:00:00,1945.926532830215
2024-04-13 15:00:00,1435.3076901127777
2024-04-13 16:00:00,1654.6347708305686
2024-04-13 17:00:00,1800.0635669938242
2024-04-13 18:00:00,1457.3116046265595
2024-04-13 19:00:00,1310.242637038116
2024-04-13 20:00:00,1140.7780208291103
2024-04-13 21:00:00,973.1503130933164
2024-04-13 22:00:00,499.28945026459866
2024-04-13 23:00:00,651.5315010463302
2024-04-14 00:00:00,874.4465639593683
2024-04-14 01:00:00,1141.052947257721
2024-04-14 02:00:00,1163.186140953689
2024-04-14 03:00:00,1145.0360665327405
2024-04-14 04:00:00,1081.4091219689117
2024-04-14 05:00:00,1089.3774826824715
2024-04-14 06:00:00,1114.8423491785838
2024-04-14 07:00:00,1200.601742812987
2024-04-14 08:00:00,1288.882752630668
2024-04-14 09:00:00,1356.6188344396453
2024-04-14 10:00:00,1242.8337476724016
2024-04-14 11:00:00,1331.7978887903882
2024-04-14 12:00:00,1275.5844712053665
2024-04-14 13:00:00,1283.6808115854442
2024-04-14 14:00:00,1243.6398745096028
2024-04-14 15:00:00,1323.8776321154462
2024-04-14 16:00:00,1411.1887245342396
2024-04-14 17:00:00,1395.8876565347034
2024-04-14 18:00:00,1333.8978596078387
2024-04-14 19:00:00,1386.4596146302802
2024-04-14 20:00:00,1275.2336077359778
2024-04-14 21:00:00,1033.4863070556341
2024-04-14 22:00:00,463.4554173962149
2024-04-14 23:00:00,417.22984807334876
2024-04-15 00:00:00,375.00310014975327
2024-04-15 01:00:00,271.65357866790845
2024-04-15 02:00:00,242.18639866342497
2024-04-15 03:00:00,275.3674418973243
2024-04-15 04:00:00,283.8524875781322
2024-04-15 05:00:00,331.3501682105787
2024-04-15 06:00:00,345.90185649836855
2024-04-15 07:00:00,314.29377276868513
2024-04-15 08:00:00,229.43472468815855
2024-04-15 09:00:00,151.68619291103315
2024-04-15 10:00:00,137.8578838545978
2024-04-15 11:00:00,112.6139698857387
2024-04-15 12:00:00,48.695456608506625
2024-04-15 13:00:00,47.079432317686454
2024-04-15 14:00:00,74.96360586566874
2024-04-15 15:00:00,140.50420016188906
2024-04-15 16:00:00,171.6857850469288
2024-04-15 17:00:00,191.5333144456899
2024-04-15 18:00:00,249.7941325996289
2024-04-15 19:00:00,328.7878185981199
2024-04-15 20:00:00,401.48498138400316
2024-04-15 21:00:00,407.5674259048469
2024-04-15 22:00:00,344.8105186564119
2024-04-15 23:00:00,284.7701692973604
2024-04-16 00:00:00,381.49528737482365
2024-04-16 01:00:00,536.9797255590233
2024-04-16 02:00:00,666.1860570558914
2024-04-16 03:00:00,720.5691135866617
2024-04-16 04:00:00,658.7985424781168
2024-04-16 05:00:00,605.3100465419849
2024-04-16 06:00:00,568.3909514060091
2024-04-16 07:00:00,496.91084761747175
2024-04-16 08:00:00,478.98081972742045
2024-04-16 09:00:00,490.6290367265682
2024-04-16 10:00:00,448.94952004436703
2024-04-16 11:00:00,424.2630216012924
2024-04-16 12:00:00,390.0247398352126
2024-04-16 13:00:00,458.53784571499915
2024-04-16 14:00:00,461.9368507848881
2024-04-16 15:00:00,543.4391700012861
2024-04-16 16:00:00,691.8963135242284
2024-04-16 17:00:00,850.2129389991442
2024-04-16 18:00:00,1020.6076254809585
2024-04-16 19:00:00,1124.3602018109498
2024-04-16 20:00:00,1149.759646547749
2024-04-16 21:00:00,1149.253105045629
2024-04-16 22:00:00,988.651286323174
2024-04-16 23:00:00,823.7269567962428
2024-04-17 00:00:00,872.5660730032903
2024-04-17 01:00:00,947.4007702175238
2024-04-17 02:00:00,987.6639412977469
2024-04-17 03:00:00,1029.4779091958112
2024-04-17 04:00:00,980.3702999673898
2024-04-17 05:00:00,879.0501973210473
2024-04-17 06:00:00,819.0898419175866
2024-04-17 07:00:00,790.9307236283748
2024-04-17 08:00:00,640.7732684928244
2024-04-17 09:00:00,582.6595710866357
2024-04-17 10:00:00,853.0974162924927
2024-04-17 11:00:00,697.2615835715518
2024-04-17 12:00:00,724.5172522707614
2024-04-17 13:00:00,553.7387551533352
2024-04-17 14:00:00,498.44753513481004
2024-04-17 15:00:00,431.5043271941489
2024-04-17 16:00:00,373.03751739609856
2024-04-17 17:00:00,334.5759288433625
2024-04-17 18:00:00,360.1382664105897
2024-04-17 19:00:00,396.6990976146659
2024-04-17 20:00:00,434.52052022759335
2024-04-17 21:00:00,465.84136215952435
2024-04-17 22:00:00,280.75155601138874
2024-04-17 23:00:00,297.44653276343587
2024-04-18 00:00:00,455.6939499116517
2024-04-18 01:00:00,594.4119737104816
2024-04-18 02:00:00,630.336484962594
2024-04-18 03:00:00,668.5977058915117
2024-04-18 04:00:00,720.3784745411667
2024-04-18 05:00:00,768.677940404545
2024-04-18 06:00:00,742.1217794014282
2024-04-18 07:00:00,716.9912183151539
2024-04-18 08:00:00,674.680908819116
2024-04-18 09:00:00,641.3468047885475
2024-04-18 10:00:00,601.4561693364162
2024-04-18 11:00:00,605.7784067255728
2024-04-18 12:00:00,445.1763835100955
2024-04-18 13:00:00,413.68172119860714
2024-04-18 14:00:00,360.8338926726155
2024-04-18 15:00:00,304.4599196995058
2024-04-18 16:00:00,265.3045703492078
2024-04-18 17:00:00,231.19037571075575
2024-04-18 18:00:00,208.112721456887
2024-04-18 19:00:00,177.22853892395014
2024-04-18 20:00:00,153.13378414653533
2024-04-18 21:00:00,198.08503900158422
2024-04-18 22:00:00,223.0420224791178
2024-04-18 23:00:00,251.89359822481416
2024-04-19 00:00:00,347.99040004816175
2024-04-19 01:00:00,350.6216675270598
2024-04-19 02:00:00,343.82984270992574
2024-04-19 03:00:00,352.5409524469575
2024-04-19 04:00:00,371.42561921386937
2024-04-19 05:00:00,386.27869010147526
2024-04-19 06:00:00,358.13168689110535
2024-04-19 07:00:00,330.87081415356005
2024-04-19 08:00:00,344.4141876694763
2024-04-19 09:00:00,381.034108653063
2024-04-19 10:00:00,330.4028296071007
2024-04-19 11:00:00,391.9322072575051
2024-04-19 12:00:00,331.54601910801654
2024-04-19 13:00:00,388.7732934528696
2024-04-19 14:00:00,464.2210025622341
2024-04-19 15:00:00,592.3912423252009
2024-04-19 16:00:00,676.128917328112
2024-04-19 17:00:00,784.1215242461599
2024-04-19 18:00:00,932.3638413357444
2024-04-19 19:00:00,1136.425031470214
2024-04-19 20:00:00,1452.433565771067
2024-04-19 21:00:00,1616.700920092102
2024-04-19 22:00:00,1282.0935603334317
2024-04-19 23:00:00,1830.6030013462414
2024-04-20 00:00:00,2367.216616579843
2024-04-20 01:00:00,2666.6450942812417
2024-04-20 02:00:00,2802.910144334954
2024-04-20 03:00:00,2819.7706200334324
2024-04-20 04:00:00,2752.474222741512
2024-04-20 05:00:00,2783.2558662589527
2024-04-20 06:00:00,2643.92687292897
2024-04-20 07:00:00,2255.24463666589
2024-04-20 08:00:00,2076.158092244345
2024-04-20 09:00:00,1939.5012867322177
2024-04-20 10:00:00,1717.3078013171237
2024-04-20 11:00:00,1848.0001023592024
2024-04-20 12:00:00,1645.0751181323922
2024-04-20 13:00:00,1602.594646327097
2024-04-20 14:00:00,1671.8272488212865
2024-04-20 15:00:00,2001.5850561097411
2024-04-20 16:00:00,2274.1115474878
2024-04-20 17:00:00,2039.3356910742605
2024-04-20 18:00:00,1663.803244165297
2024-04-20 19:00:00,1528.361914872044
2024-04-20 20:00:00,1414.4345108454056
2024-04-20 21:00:00,1136.1405325016483
2024-04-20 22:00:00,698.767872473836
2024-04-20 23:00:00,648.0090445578451
2024-04-21 00:00:00,659.6115767693311
2024-04-21 01:00:00,800.676050352446
2024-04-21 02:00:00,968.845924071165
2024-04-21 03:00:00,1015.4468576160447
2024-04-21 04:00:00,1022.1510066776708
2024-04-21 05:00:00,1000.8971298022207
2024-04-21 06:00:00,964.1759204833238
2024-04-21 07:00:00,824.7689178592834
2024-04-21 08:00:00,723.5932865472824
2024-04-21 09:00:00,648.6865645222736
2024-04-21 10:00:00,569.1830064826985
2024-04-21 11:00:00,493.09398074199004
2024-04-21 12:00:00,468.64919536388595
2024-04-21 13:00:00,646.4052490266779
2024-04-21 14:00:00,778.9357972863878
2024-04-21 15:00:00,911.5861884849503
2024-04-21 16:00:00,1136.9463966077058
2024-04-21 17:00:00,1116.646458886089
2024-04-21 18:00:00,1160.6509569140032
2024-04-21 19:00:00,1139.854484183904
2024-04-21 20:00:00,1092.1880371346133
2024-04-21 21:00:00,1052.577896432682
2024-04-21 22:00:00,781.8442469424105
2024-04-21 23:00:00,662.7265149227303
2024-04-22 00:00:00,637.2905791236597
2024-04-22 01:00:00,789.1523556031029
2024-04-22 02:00:00,971.1087299995753
2024-04-22 03:00:00,985.0420543985413
2024-04-22 04:00:00,1111.3411083019876
2024-04-22 05:00:00,1064.6092310457145
2024-04-22 06:00:00,1020.00235058694
2024-04-22 07:00:00,1017.238112679816
2024-04-22 08:00:00,1065.0905620728972
2024-04-22 09:00:00,1390.274378380584
2024-04-22 10:00:00,1386.2782573517284
2024-04-22 11:00:00,1496.154487892587
2024-04-22 12:00:00,1625.674161333967
2024-04-22 13:00:00,1851.300575946183
2024-04-22 14:00:00,1912.9996937392032
2024-04-22 15:00:00,2057.8259235334663
2024-04-22 16:00:00,2108.676743782965
2024-04-22 17:00:00,2272.6888481750243
2024-04-22 18:00:00,2278.4154583138666
2024-04-22 19:00:00,2274.3879177898875
2024-04-22 20:00:00,2323.706327464697
2024-04-22 21:00:00,2255.4797599067383
2024-04-22 22:00:00,1347.073278096226
2024-04-22 23:00:00,906.6320320938095
2024-04-23 00:00:00,724.8092266444615
2024-04-23 01:00:00,660.8733725331664
2024-04-23 02:00:00,596.8140536853489
2024-04-23 03:00:00,589.792162759809
2024-04-23 04:00:00,690.1610661631097
2024-04-23 05:00:00,878.9285153951747
2024-04-23 06:00:00,1013.476220232078
2024-04-23 07:00:00,1087.019173116073
2024-04-23 08:00:00,1208.8953885962899
2024-04-23 09:00:00,1352.965809170481
2024-04-23 10:00:00,1415.8603492285656
2024-04-23 11:00:00,1733.695385785097
2024-04-23 12:00:00,1675.9351325069595
2024-04-23 13:00:00,1827.8032594564106
2024-04-23 14:00:00,2142.506206249439
2024-04-23 15:00:00,2439.0382161697526
2024-04-23 16:00:00,2627.96280446985
2024-04-23 17:00:00,2834.7914466521665
2024-04-23 18:00:00,2897.319576039485
2024-04-23 19:00:00,2940.973203521624
2024-04-23 20:00:00,2840.8226623292508
2024-04-23 21:00:00,2613.6065881119266
2024-04-23 22:00:00,1887.6205578461072
2024-04-23 23:00:00,1952.9388001328005
2024-04-24 00:00:00,2316.4523944055136
2024-04-24 01:00:00,2375.6324240487756
2024-04-24 02:00:00,2326.35356669901
2024-04-24 03:00:00,2238.2535242451036
2024-04-24 04:00:00,2014.4912327303084
2024-04-24 05:00:00,1855.125097114067
2024-04-24 06:00:00,1727.1955687504503
2024-04-24 07:00:00,1523.1180996772976
2024-04-24 08:00:00,1326.3228590894187
2024-04-24 09:00:00,1268.4634097540725
2024-04-24 10:00:00,1093.9995848958536
2024-04-24 11:00:00,981.6834353150875
2024-04-24 12:00:00,597.1046014291443
2024-04-24 13:00:00,493.35694663504813
2024-04-24 14:00:00,839.2897043645494
2024-04-24 15:00:00,962.6082905054009
2024-04-24 16:00:00,1048.8963397846214
2024-04-24 17:00:00,1089.519690703234
2024-04-24 18:00:00,1077.4514437905516
2024-04-24 19:00:00,1165.547182621608
2024-04-24 20:00:00,1384.2015680202373
2024-04-24 21:00:00,1917.5878400995095
2024-04-24 22:00:00,1558.6629909807027
2024-04-24 23:00:00,1761.59187335551
2024-04-25 00:00:00,1862.3498961246542
2024-04-25 01:00:00,1931.2513349414219
2024-04-25 02:00:00,2032.2610979699389
2024-04-25 03:00:00,2070.2024824430437
2024-04-25 04:00:00,2061.957778635361
2024-04-25 05:00:00,2053.0125192798832
2024-04-25 06:00:00,2097.6646631368626
2024-04-25 07:00:00,2092.115525373811
2024-04-25 08:00:00,2067.497198173067
2024-04-25 09:00:00,2024.2146318688185
2024-04-25 10:00:00,2036.116180607961
2024-04-25 11:00:00,2052.2447573615464
2024-04-25 12:00:00,2029.6308172203524
2024-04-25 13:00:00,1952.4706781918958
2024-04-25 14:00:00,1906.571385264596
2024-04-25 15:00:00,1897.8306278067269
2024-04-25 16:00:00,2019.7029407410175
2024-04-25 17:00:00,2375.0580357070194
2024-04-25 18:00:00,2377.913377671088
2024-04-25 19:00:00,2320.862093726602
2024-04-25 20:00:00,2268.688677997282
2024-04-25 21:00:00,2073.693061592931
2024-04-25 22:00:00,1588.2737118622663
2024-04-25 23:00:00,1009.4224916816225
2024-04-26 00:00:00,964.2835535494653
2024-04-26 01:00:00,769.972405459784
2024-04-26 02:00:00,659.5022868110377
2024-04-26 03:00:00,552.3775382699371
2024-04-26 04:00:00,493.43395509968826
2024-04-26 05:00:00,395.2086354628351
2024-04-26 06:00:00,304.781294373264
2024-04-26 07:00:00,229.08375587060803
2024-04-26 08:00:00,201.7879677917855
2024-04-26 09:00:00,209.09528622377775
2024-04-26 10:00:00,280.2727440923506
2024-04-26 11:00:00,142.3749425164157
2024-04-26 12:00:00,267.93894831261326
2024-04-26 13:00:00,286.3976630576391
2024-04-26 14:00:00,311.5254765077794
2024-04-26 15:00:00,332.3219058964851
2024-04-26 16:00:00,336.22189350370644
2024-04-26 17:00:00,321.5045972948732
2024-04-26 18:00:00,314.4239179885774
2024-04-26 19:00:00,331.22845873547635
2024-04-26 20:00:00,356.6397527514715
2024-04-26 21:00:00,293.16563897922583
2024-04-26 22:00:00,119.27755541437708
2024-04-26 23:00:00,95.14166686295775
2024-04-27 00:00:00,110.87375330307911
2024-04-27 01:00:00,163.8985582894032
2024-04-27 02:00:00,189.83237363470448
2024-04-27 03:00:00,162.95942073990904
2024-04-27 04:00:00,165.26367539680274
2024-04-27 05:00:00,182.4165798446149
2024-04-27 06:00:00,163.76695826547578
2024-04-27 07:00:00,154.206927061521
2024-04-27 08:00:00,129.6568323123781
2024-04-27 09:00:00,122.06525876865005
2024-04-27 10:00:00,89.288717978087
2024-04-27 11:00:00,141.29335960428483
2024-04-27 12:00:00,115.14798015117718
2024-04-27 13:00:00,42.98755231722136
2024-04-27 14:00:00,103.94934091124696
2024-04-27 15:00:00,162.093745597401
2024-04-27 16:00:00,185.64276384536086
2024-04-27 17:00:00,207.0289529791609
2024-04-27 18:00:00,221.16703434216288
2024-04-27 19:00:00,234.3497314940278
2024-04-27 20:00:00,246.60456575636383
2024-04-27 21:00:00,266.40887787661075
2024-04-27 22:00:00,234.5440618494302
2024-04-27 23:00:00,466.6742715865263
2024-04-28 00:00:00,740.9493029972637
2024-04-28 01:00:00,943.3190924002188
2024-04-28 02:00:00,1131.2645100596858
2024-04-28 03:00:00,1266.2465474004441
2024-04-28 04:00:00,1244.5631742420187
2024-04-28 05:00:00,1167.030805212046
2024-04-28 06:00:00,1195.6735374082364
2024-04-28 07:00:00,1182.3367265053002
2024-04-28 08:00:00,1189.6601912746783
2024-04-28 09:00:00,1201.912905256284
2024-04-28 10:00:00,1200.7413921626378
2024-04-28 11:00:00,1294.7898841384635
2024-04-28 12:00:00,1174.3824612242768
2024-04-28 13:00:00,1070.594410065132
2024-04-28 14:00:00,1040.6415727665044
2024-04-28 15:00:00,1014.6970010322711
2024-04-28 16:00:00,926.523761152528
2024-04-28 17:00:00,926.8469843076751
2024-04-28 18:00:00,1061.9138563890842
2024-04-28 19:00:00,935.5422535208644
2024-04-28 20:00:00,795.5587816371807
2024-04-28 21:00:00,753.0123130080497
2024-04-28 22:00:00,604.975846441629
2024-04-28 23:00:00,658.711337889275
2024-04-29 00:00:00,659.5098236202001
2024-04-29 01:00:00,1004.27176785061
2024-04-29 02:00:00,1201.486115465679
2024-04-29 03:00:00,1174.3637258611166
2024-04-29 04:00:00,1331.1143429363963
2024-04-29 05:00:00,1473.0524889057072
2024-04-29 06:00:00,1425.5182776113209
2024-04-29 07:00:00,1421.8792096771033
2024-04-29 08:00:00,1384.2484899377569
2024-04-29 09:00:00,1335.0698464656414
2024-04-29 10:00:00,983.2548672663725
2024-04-29 11:00:00,1067.1053595804974
2024-04-29 12:00:00,1135.2282846023563
2024-04-29 13:00:00,995.7668524026693
2024-04-29 14:00:00,908.2189397885577
2024-04-29 15:00:00,924.649925793058
2024-04-29 16:00:00,985.3413122061206
2024-04-29 17:00:00,1026.095573530931
2024-04-29 18:00:00,1136.8786913347567
2024-04-29 19:00:00,1227.7824065986274
2024-04-29 20:00:00,1261.4245327091367
2024-04-29 21:00:00,1178.8192500017935
2024-04-29 22:00:00,652.2535922550172
2024-04-29 23:00:00,657.2424405141621
2024-04-30 00:00:00,932.7687527619792
2024-04-30 01:00:00,1123.6138436823303
2024-04-30 02:00:00,1235.0407516721878
2024-04-30 03:00:00,1288.4127156434313
2024-04-30 04:00:00,1250.8219986414204
2024-04-30 05:00:00,1176.0707464178006
2024-04-30 06:00:00,1076.188416191372
2024-04-30 07:00:00,941.4982387668937
2024-04-30 08:00:00,864.058917691676
2024-04-30 09:00:00,774.1649250410063
2024-04-30 10:00:00,666.5664365752125
2024-04-30 11:00:00,750.3092536625397
2024-04-30 12:00:00,707.2799093696135
2024-04-30 13:00:00,602.764667915623
2024-04-30 14:00:00,529.074304517372
2024-04-30 15:00:00,445.8822439947377
2024-04-30 16:00:00,412.2068377864481
2024-04-30 17:00:00,386.08987605326973
2024-04-30 18:00:00,394.5494697519959
2024-04-30 19:00:00,416.8778815813362
2024-04-30 20:00:00,415.62209588428425
2024-04-30 21:00:00,423.3051927157676
2024-04-30 22:00:00,444.6161902873949
2024-04-30 23:00:00,424.11590083716607
2024-05-01 00:00:00,371.9570656373187
2024-05-01 01:00:00,319.318624278711
2024-05-01 02:00:00,274.6339701060177
2024-05-01 03:00:00,273.7939410515791
2024-05-01 04:00:00,284.44239882227913
2024-05-01 05:00:00,256.39523233443924
2024-05-01 06:00:00,204.45773664856247
2024-05-01 07:00:00,187.8779778252295
2024-05-01 08:00:00,173.33870792946792
2024-05-01 09:00:00,199.45062320496004
2024-05-01 10:00:00,248.63620867047626
2024-05-01 11:00:00,117.21984298019296
2024-05-01 12:00:00,46.90495267368416
2024-05-01 13:00:00,35.70919091641917
2024-05-01 14:00:00,18.656319582439323
2024-05-01 15:00:00,18.12444690114433
2024-05-01 16:00:00,19.473299900700763
2024-05-01 17:00:00,18.15111817801316
2024-05-01 18:00:00,19.455025271694755
2024-05-01 19:00:00,22.356104121885014
2024-05-01 20:00:00,30.146955820469678
2024-05-01 21:00:00,53.54671032390197
2024-05-01 22:00:00,107.36175211203539
2024-05-01 23:00:00,180.40156454858808
2024-05-02 00:00:00,264.86677196930924
2024-05-02 01:00:00,301.3977653549661
2024-05-02 02:00:00,246.4979424812964
2024-05-02 03:00:00,196.41129628271645
2024-05-02 04:00:00,197.27856005142974
2024-05-02 05:00:00,211.9462407383952
2024-05-02 06:00:00,230.7287442351137
2024-05-02 07:00:00,267.6293693651508
2024-05-02 08:00:00,291.83309415958956
2024-05-02 09:00:00,260.48641842959813
2024-05-02 10:00:00,201.73921945838273
2024-05-02 11:00:00,196.46063057660567
2024-05-02 12:00:00,136.51004730946678
2024-05-02 13:00:00,100.82452435160175
2024-05-02 14:00:00,130.2381016554966
2024-05-02 15:00:00,159.34609187306313
2024-05-02 16:00:00,191.01900468043524
2024-05-02 17:00:00,272.0625155501973
2024-05-02 18:00:00,331.03081224641005
2024-05-02 19:00:00,353.268672630258
2024-05-02 20:00:00,421.3095330883228
2024-05-02 21:00:00,480.9022914316659
2024-05-02 22:00:00,288.89600558143525
2024-05-02 23:00:00,373.20994157434455
2024-05-03 00:00:00,461.071353910247
2024-05-03 01:00:00,436.2453385377339
2024-05-03 02:00:00,428.1160466974859
2024-05-03 03:00:00,364.1106783313958
2024-05-03 04:00:00,282.53578719575324
2024-05-03 05:00:00,259.31889963225586
2024-05-03 06:00:00,252.9691262950713
2024-05-03 07:00:00,259.81943420844146
2024-05-03 08:00:00,274.9126406034963
2024-05-03 09:00:00,266.26887619997285
2024-05-03 10:00:00,189.14420217831653
2024-05-03 11:00:00,148.265677449329
2024-05-03 12:00:00,107.4219074185128
2024-05-03 13:00:00,117.25543782471557
2024-05-03 14:00:00,150.4335309233368
2024-05-03 15:00:00,168.458915868934
2024-05-03 16:00:00,179.3350931392233
2024-05-03 17:00:00,192.27939029314896
2024-05-03 18:00:00,217.47246987882104
2024-05-03 19:00:00,237.40793895821918
2024-05-03 20:00:00,268.3563875359184
2024-05-03 21:00:00,309.0799285626648
2024-05-03 22:00:00,335.02442745756116
2024-05-03 23:00:00,531.2600582296475
2024-05-04 00:00:00,785.0209469535445
2024-05-04 01:00:00,913.573614715722
2024-05-04 02:00:00,850.1402238898845
2024-05-04 03:00:00,742.3171995168303
2024-05-04 04:00:00,673.7122320239405
2024-05-04 05:00:00,620.42612718289
2024-05-04 06:00:00,538.4406004920329
2024-05-04 07:00:00,462.71719412998345
2024-05-04 08:00:00,397.598646295663
2024-05-04 09:00:00,386.84273266872
2024-05-04 10:00:00,308.71273209335334
2024-05-04 11:00:00,302.0679385592076
2024-05-04 12:00:00,247.7861684029134
2024-05-04 13:00:00,198.45646522264607
2024-05-04 14:00:00,174.28360357155904
2024-05-04 15:00:00,160.61771720147053
2024-05-04 16:00:00,157.7874102780593
2024-05-04 17:00:00,183.4122375637489
2024-05-04 18:00:00,149.53027990052541
2024-05-04 19:00:00,120.17854245736687
2024-05-04 20:00:00,119.75111834107167
2024-05-04 21:00:00,127.96008490152441
2024-05-04 22:00:00,157.60127792112144
2024-05-04 23:00:00,270.8287413432452
2024-05-05 00:00:00,460.9512810981079
2024-05-05 01:00:00,611.5000475572863
2024-05-05 02:00:00,711.0304131915304
2024-05-05 03:00:00,736.5554987686266
2024-05-05 04:00:00,717.2075641351944
2024-05-05 05:00:00,732.2379732479769
2024-05-05 06:00:00,714.9013374016042
2024-05-05 07:00:00,708.980985396189
2024-05-05 08:00:00,700.0875749480858
2024-05-05 09:00:00,713.5987088314328
2024-05-05 10:00:00,623.5191107055607
2024-05-05 11:00:00,639.77171210295
2024-05-05 12:00:00,549.621617966047
2024-05-05 13:00:00,638.4666777930288
2024-05-05 14:00:00,732.6180300875246
2024-05-05 15:00:00,906.0906742477658
2024-05-05 16:00:00,1060.841355309015
2024-05-05 17:00:00,1265.4274725314053
2024-05-05 18:00:00,1689.1220563333413
2024-05-05 19:00:00,1751.0804127752647
2024-05-05 20:00:00,1619.066691803718
2024-05-05 21:00:00,1514.1579939160054
2024-05-05 22:00:00,1138.0165648561967
2024-05-05 23:00:00,1224.4200136332856
2024-05-06 00:00:00,1208.243985910531
2024-05-06 01:00:00,1193.887610366623
2024-05-06 02:00:00,1157.1716041749792
2024-05-06 03:00:00,1128.4346795379786
2024-05-06 04:00:00,1111.7426883736214
2024-05-06 05:00:00,1044.1857918629155
2024-05-06 06:00:00,910.1619498868782
2024-05-06 07:00:00,759.6280125454864
2024-05-06 08:00:00,685.101892890987
2024-05-06 09:00:00,639.5782147993649
2024-05-06 10:00:00,344.2147749818289
2024-05-06 11:00:00,360.2574844091569
2024-05-06 12:00:00,370.3850067305378
2024-05-06 13:00:00,374.2095469602468
2024-05-06 14:00:00,362.8488718151987
2024-05-06 15:00:00,331.5822501524644
2024-05-06 16:00:00,361.54263366749046
2024-05-06 17:00:00,504.8882625867285
2024-05-06 18:00:00,635.117354225749
2024-05-06 19:00:00,815.1975587621828
2024-05-06 20:00:00,940.4191274524918
2024-05-06 21:00:00,973.5428583051611
2024-05-06 22:00:00,1011.7043661784337
2024-05-06 23:00:00,1103.8200051533015
2024-05-07 00:00:00,1287.4299212660178
2024-05-07 01:00:00,1249.7746491676032
2024-05-07 02:00:00,1024.0692925577962
2024-05-07 03:00:00,973.4867708270701
2024-05-07 04:00:00,912.8949302388047
2024-05-07 05:00:00,950.8618992927728
2024-05-07 06:00:00,964.1385475717249
2024-05-07 07:00:00,949.9178090067946
2024-05-07 08:00:00,877.9782786250571
2024-05-07 09:00:00,811.9034424320402
2024-05-07 10:00:00,638.2914542685478
2024-05-07 11:00:00,575.9029631259251
2024-05-07 12:00:00,991.6710896199163
2024-05-07 13:00:00,1086.0793123841509
2024-05-07 14:00:00,1360.0536164383795
2024-05-07 15:00:00,1606.8029572335017
2024-05-07 16:00:00,1760.3770389033216
2024-05-07 17:00:00,1830.3398800103744
2024-05-07 18:00:00,1901.1708863059343
2024-05-07 19:00:00,1907.7684106605332
2024-05-07 20:00:00,1787.0558259034692
2024-05-07 21:00:00,1431.8761857896181
2024-05-07 22:00:00,1062.1891383447742
2024-05-07 23:00:00,755.5224224609711
2024-05-08 00:00:00,748.334234160413
2024-05-08 01:00:00,715.6143610866119
2024-05-08 02:00:00,639.6934290154585
2024-05-08 03:00:00,628.4182691150704
2024-05-08 04:00:00,657.8134576839165
2024-05-08 05:00:00,743.5036367733107
2024-05-08 06:00:00,712.3295851654628
2024-05-08 07:00:00,581.1197752153228
2024-05-08 08:00:00,402.41776611351423
2024-05-08 09:00:00,337.3721011755076
2024-05-08 10:00:00,248.55231777219942
2024-05-08 11:00:00,175.33489287048366
2024-05-08 12:00:00,95.01936735945159
2024-05-08 13:00:00,121.50079715232873
2024-05-08 14:00:00,153.536527414897
2024-05-08 15:00:00,170.46200586491466
2024-05-08 16:00:00,128.75432354899084
2024-05-08 17:00:00,109.11558990158908
2024-05-08 18:00:00,167.71738677537851
2024-05-08 19:00:00,275.7185603558085
2024-05-08 20:00:00,261.190634148944
2024-05-08 21:00:00,306.86998841474394
2024-05-08 22:00:00,456.9489912184661
2024-05-08 23:00:00,653.230027880843
2024-05-09 00:00:00,805.2757484932373
2024-05-09 01:00:00,861.6697592097801
2024-05-09 02:00:00,748.5758190941868
2024-05-09 03:00:00,669.1507192366887
2024-05-09 04:00:00,600.1416278772505
2024-05-09 05:00:00,549.4023591910483
2024-05-09 06:00:00,516.4714585522668
2024-05-09 07:00:00,515.0348935757667
2024-05-09 08:00:00,486.55394571669433
2024-05-09 09:00:00,455.38154691234723
2024-05-09 10:00:00,425.9121713705682
2024-05-09 11:00:00,376.7578294626482
2024-05-09 12:00:00,451.31011121907113
2024-05-09 13:00:00,498.09248762179806
2024-05-09 14:00:00,651.8014156932719
2024-05-09 15:00:00,544.4584826644647
2024-05-09 16:00:00,483.01849060777147
2024-05-09 17:00:00,360.4964948326436
2024-05-09 18:00:00,289.47382907276426
2024-05-09 19:00:00,239.07751227106442
2024-05-09 20:00:00,195.12002676560348
2024-05-09 21:00:00,184.10530015634177
2024-05-09 22:00:00,113.77805095687012
2024-05-09 23:00:00,106.38009538256087
2024-05-10 00:00:00,245.1829545475871
2024-05-10 01:00:00,384.5221048247754
2024-05-10 02:00:00,362.64019824409667
2024-05-10 03:00:00,308.48533826570457
2024-05-10 04:00:00,281.75763970939175
2024-05-10 05:00:00,240.5387691294274
2024-05-10 06:00:00,191.1753599614572
2024-05-10 07:00:00,166.27376698916723
2024-05-10 08:00:00,137.39077732460137
2024-05-10 09:00:00,106.60930739280049
2024-05-10 10:00:00,75.17711907637766
2024-05-10 11:00:00,73.18813580087311
2024-05-10 12:00:00,25.86733023525811
2024-05-10 13:00:00,63.22042350822643
2024-05-10 14:00:00,137.13981260329615
2024-05-10 15:00:00,183.479694645706
2024-05-10 16:00:00,157.6873255279334
2024-05-10 17:00:00,143.04988052491854
2024-05-10 18:00:00,127.04436261131599
2024-05-10 19:00:00,106.81098120961325
2024-05-10 20:00:00,89.64330243767532
2024-05-10 21:00:00,75.03786752294812
2024-05-10 22:00:00,36.15239424400519
2024-05-10 23:00:00,84.59039072809959
2024-05-11 00:00:00,162.12405747621017
2024-05-11 01:00:00,281.6990507911569
2024-05-11 02:00:00,458.3198989614882
2024-05-11 03:00:00,590.8697881898964
2024-05-11 04:00:00,629.5153307113917
2024-05-11 05:00:00,517.9065596149519
2024-05-11 06:00:00,432.75460827756973
2024-05-11 07:00:00,353.7765738839115
2024-05-11 08:00:00,336.47820499948244
2024-05-11 09:00:00,357.04380740913535
2024-05-11 10:00:00,350.4315732864666
2024-05-11 11:00:00,245.13662299338299
2024-05-11 12:00:00,80.1222205214327
2024-05-11 13:00:00,62.95999009480336
2024-05-11 14:00:00,57.47540912285689
2024-05-11 15:00:00,99.13477459242307
2024-05-11 16:00:00,148.33812102994116
2024-05-11 17:00:00,138.42471682977157
2024-05-11 18:00:00,144.98614239369252
2024-05-11 19:00:00,168.70996559672167
2024-05-11 20:00:00,198.54806327681982
2024-05-11 21:00:00,221.28881550193321
2024-05-11 22:00:00,135.82103720992876
2024-05-11 23:00:00,239.5229141756589
2024-05-12 00:00:00,431.67801475310534
2024-05-12 01:00:00,600.4176025043215
2024-05-12 02:00:00,664.1454751713452
2024-05-12 03:00:00,598.9516687626025
2024-05-12 04:00:00,486.00609234472694
2024-05-12 05:00:00,476.82287767264546
2024-05-12 06:00:00,419.54446021292046
2024-05-12 07:00:00,332.15318870589584
2024-05-12 08:00:00,269.0059264966754
2024-05-12 09:00:00,222.88889271417267
2024-05-12 10:00:00,161.04461308393874
2024-05-12 11:00:00,81.09985228313627
2024-05-12 12:00:00,36.29274818749639
2024-05-12 13:00:00,19.378124084353722
2024-05-12 14:00:00,25.41714103113685
2024-05-12 15:00:00,48.805987101527876
2024-05-12 16:00:00,69.01328997228447
2024-05-12 17:00:00,64.13390966054862
2024-05-12 18:00:00,53.975587936804224
2024-05-12 19:00:00,41.60196403411179
2024-05-12 20:00:00,58.42378256746906
2024-05-12 21:00:00,66.43603739140987
2024-05-12 22:00:00,109.04428331324675
2024-05-12 23:00:00,153.2805786214842
2024-05-13 00:00:00,217.54273259971612
2024-05-13 01:00:00,286.9915584337553
2024-05-13 02:00:00,225.1602820611236
2024-05-13 03:00:00,170.7511829904826
2024-05-13 04:00:00,172.23991590596515
2024-05-13 05:00:00,219.5558832583506
2024-05-13 06:00:00,235.74237254713995
2024-05-13 07:00:00,200.17990781991566
2024-05-13 08:00:00,176.06205495441915
2024-05-13 09:00:00,169.33255583442875
2024-05-13 10:00:00,186.5897996668565
2024-05-13 11:00:00,168.1376434728996
2024-05-13 12:00:00,88.9743365625097
2024-05-13 13:00:00,110.10470557209148
2024-05-13 14:00:00,161.42565971081177
2024-05-13 15:00:00,201.74688912429542
2024-05-13 16:00:00,226.71892791427683
2024-05-13 17:00:00,256.99700919847805
2024-05-13 18:00:00,335.90875353499297
2024-05-13 19:00:00,351.4137877987705
2024-05-13 20:00:00,310.6842471288191
2024-05-13 21:00:00,315.87931326441804
2024-05-13 22:00:00,235.14246374010338
2024-05-13 23:00:00,310.62665241517954
2024-05-14 00:00:00,472.447316552353
2024-05-14 01:00:00,743.6814480751467
2024-05-14 02:00:00,956.2382399562991
2024-05-14 03:00:00,1106.65097036232
2024-05-14 04:00:00,1214.8244793831016
2024-05-14 05:00:00,1209.135409366417
2024-05-14 06:00:00,1112.7035606684256
2024-05-14 07:00:00,1080.598627951125
2024-05-14 08:00:00,999.651575809712
2024-05-14 09:00:00,925.6889425675708
2024-05-14 10:00:00,817.4366363108843
2024-05-14 11:00:00,848.1080470676212
2024-05-14 12:00:00,710.2400109541912
2024-05-14 13:00:00,735.5976774700155
2024-05-14 14:00:00,760.860905010935
2024-05-14 15:00:00,836.105542699225
2024-05-14 16:00:00,833.4324137328565
2024-05-14 17:00:00,721.7065470221403
2024-05-14 18:00:00,761.7309538275573
2024-05-14 19:00:00,673.573542864114
2024-05-14 20:00:00,537.3959586175298
2024-05-14 21:00:00,399.1193789427305
2024-05-14 22:00:00,271.30689541572235
2024-05-14 23:00:00,308.50735424870675
2024-05-15 00:00:00,386.8063748814517
2024-05-15 01:00:00,473.0324614163524
2024-05-15 02:00:00,498.66624244280973
2024-05-15 03:00:00,445.7801969666923
2024-05-15 04:00:00,334.5109749621035
2024-05-15 05:00:00,255.26669822222223
2024-05-15 06:00:00,194.6540982378322
2024-05-15 07:00:00,149.75754467556442
2024-05-15 08:00:00,125.77057527301443
2024-05-15 09:00:00,148.80412018401842
2024-05-15 10:00:00,145.05844094911734
2024-05-15 11:00:00,94.56606803832156
2024-05-15 12:00:00,77.09991863483822
2024-05-15 13:00:00,56.204335212516185
2024-05-15 14:00:00,23.514217475084106
2024-05-15 15:00:00,15.607008353306949
2024-05-15 16:00:00,14.139829734898425
2024-05-15 17:00:00,15.646750450856686
2024-05-15 18:00:00,20.23566355542581
2024-05-15 19:00:00,25.944007220399605
2024-05-15 20:00:00,25.043592413377237
2024-05-15 21:00:00,27.270223223656338
2024-05-15 22:00:00,78.01580308714918
2024-05-15 23:00:00,179.16657396323006
2024-05-16 00:00:00,340.0668004582029
2024-05-16 01:00:00,465.19889806394923
2024-05-16 02:00:00,404.74026558862454
2024-05-16 03:00:00,298.907525110052
2024-05-16 04:00:00,246.90902767831454
2024-05-16 05:00:00,240.09350247546627
2024-05-16 06:00:00,271.5905896127019
2024-05-16 07:00:00,297.3325478989008
2024-05-16 08:00:00,355.9399091120942
2024-05-16 09:00:00,390.1022318222239
2024-05-16 10:00:00,288.1240151203063
2024-05-16 11:00:00,157.73412463719956
2024-05-16 12:00:00,92.62067363749692
2024-05-16 13:00:00,71.71776753110424
2024-05-16 14:00:00,57.36079441034049
2024-05-16 15:00:00,53.4262312706078
2024-05-16 16:00:00,53.59219381287064
2024-05-16 17:00:00,75.05200581084088
2024-05-16 18:00:00,72.42849509045928
2024-05-16 19:00:00,58.37535989799189
2024-05-16 20:00:00,36.57604383375815
2024-05-16 21:00:00,30.336265556385346
2024-05-16 22:00:00,22.60203490364389
2024-05-16 23:00:00,24.700626823962953
2024-05-17 00:00:00,53.57150910310594
2024-05-17 01:00:00,93.32914619086888
2024-05-17 02:00:00,125.64685073780485
2024-05-17 03:00:00,119.42418520277874
2024-05-17 04:00:00,152.575574789188
2024-05-17 05:00:00,220.64097317084878
2024-05-17 06:00:00,204.24349530589228
2024-05-17 07:00:00,192.04532556674914
2024-05-17 08:00:00,171.28976384317926
2024-05-17 09:00:00,167.254783876362
2024-05-17 10:00:00,145.46381837663947
2024-05-17 11:00:00,109.3056894899587
2024-05-17 12:00:00,72.32297242785934
2024-05-17 13:00:00,51.2933045138929
2024-05-17 14:00:00,55.85347149845037
2024-05-17 15:00:00,53.11676728321905
2024-05-17 16:00:00,50.55979504644781
2024-05-17 17:00:00,57.810030809926495
2024-05-17 18:00:00,62.29792314899631
2024-05-17 19:00:00,74.29432858057967
2024-05-17 20:00:00,101.70363202038892
2024-05-17 21:00:00,145.3688808099635
2024-05-17 22:00:00,160.1987598965201
2024-05-17 23:00:00,228.287244213816
2024-05-18 00:00:00,400.4266131416802
2024-05-18 01:00:00,584.3760101557655
2024-05-18 02:00:00,596.3939076025878
2024-05-18 03:00:00,540.9317275521274
2024-05-18 04:00:00,452.2804955063458
2024-05-18 05:00:00,386.4661857425908
2024-05-18 06:00:00,316.73191328664024
2024-05-18 07:00:00,295.10972252585645
2024-05-18 08:00:00,301.392658762897
2024-05-18 09:00:00,306.32338549028657
2024-05-18 10:00:00,269.2809080450669
2024-05-18 11:00:00,202.92978522323705
2024-05-18 12:00:00,155.88708395802104
2024-05-18 13:00:00,129.43104919857737
2024-05-18 14:00:00,100.17158145346119
2024-05-18 15:00:00,104.81417731383351
2024-05-18 16:00:00,126.35509882693985
2024-05-18 17:00:00,162.55288620091932
2024-05-18 18:00:00,218.79089507466452
2024-05-18 19:00:00,231.21894085738288
2024-05-18 20:00:00,248.82735093154136
2024-05-18 21:00:00,225.79140887042752
2024-05-18 22:00:00,148.44767684535094
2024-05-18 23:00:00,214.0132046518099
2024-05-19 00:00:00,265.35124048546857
2024-05-19 01:00:00,285.714019679589
2024-05-19 02:00:00,357.7290648230471
2024-05-19 03:00:00,434.7988797817705
2024-05-19 04:00:00,434.7834752552861
2024-05-19 05:00:00,400.97791898357275
2024-05-19 06:00:00,388.86673374779167
2024-05-19 07:00:00,363.250061290451
2024-05-19 08:00:00,272.3111122898191
2024-05-19 09:00:00,206.56433711091287
2024-05-19 10:00:00,196.515434111786
2024-05-19 11:00:00,135.81957119804522
2024-05-19 12:00:00,124.9231570530033
2024-05-19 13:00:00,90.53100372674146
2024-05-19 14:00:00,68.26663403517273
2024-05-19 15:00:00,62.97733315384329
2024-05-19 16:00:00,55.079606075295914
2024-05-19 17:00:00,61.854085275132896
2024-05-19 18:00:00,78.80358890708683
2024-05-19 19:00:00,97.1554586239614
2024-05-19 20:00:00,123.04681793464842
2024-05-19 21:00:00,130.37045128708147
2024-05-19 22:00:00,139.23856838580483
2024-05-19 23:00:00,240.72870191281714
2024-05-20 00:00:00,398.6097267536438
2024-05-20 01:00:00,560.6293153785558
2024-05-20 02:00:00,643.7298492034724
2024-05-20 03:00:00,713.7562527406559
2024-05-20 04:00:00,735.4279828566135
2024-05-20 05:00:00,743.8846395682853
2024-05-20 06:00:00,675.850884959718
2024-05-20 07:00:00,609.0039469616172
2024-05-20 08:00:00,590.1787999540753
2024-05-20 09:00:00,601.8454857437845
2024-05-20 10:00:00,546.7287977516803
2024-05-20 11:00:00,417.66545756066444
2024-05-20 12:00:00,224.54330323432512
2024-05-20 13:00:00,180.7144068983692
2024-05-20 14:00:00,183.39716879257236
2024-05-20 15:00:00,190.51853221283173
2024-05-20 16:00:00,278.47422181209737
2024-05-20 17:00:00,377.21153713076905
2024-05-20 18:00:00,437.4235816428947
2024-05-20 19:00:00,547.310644515477
2024-05-20 20:00:00,601.5648936043557
2024-05-20 21:00:00,551.1085320236717
2024-05-20 22:00:00,411.0523538935774
2024-05-20 23:00:00,540.2985451234016
2024-05-21 00:00:00,704.2672082380732
2024-05-21 01:00:00,886.4925276388399
2024-05-21 02:00:00,963.8583358969145
2024-05-21 03:00:00,916.0645630741537
2024-05-21 04:00:00,769.4912094926707
2024-05-21 05:00:00,632.0294949179271
2024-05-21 06:00:00,541.3549369187857
2024-05-21 07:00:00,431.08361047769915
2024-05-21 08:00:00,355.1048373349263
2024-05-21 09:00:00,321.55170181209337
2024-05-21 10:00:00,322.3249311268408
2024-05-21 11:00:00,256.8262318986826
2024-05-21 12:00:00,137.01898776819695
2024-05-21 13:00:00,115.67550601304376
2024-05-21 14:00:00,130.3063094448923
2024-05-21 15:00:00,141.7361825905791
2024-05-21 16:00:00,207.9658126470273
2024-05-21 17:00:00,445.12138751201934
2024-05-21 18:00:00,547.1050384839353
2024-05-21 19:00:00,542.2281913329689
2024-05-21 20:00:00,566.9599083504095
2024-05-21 21:00:00,321.44967746183767
2024-05-21 22:00:00,315.42302663130505
2024-05-21 23:00:00,186.99687292669785
2024-05-22 00:00:00,96.50152825647928
2024-05-22 01:00:00,77.7674100629422
2024-05-22 02:00:00,184.60861376210352
2024-05-22 03:00:00,402.6280071275972
2024-05-22 04:00:00,531.2337085113312
2024-05-22 05:00:00,554.205553462055
2024-05-22 06:00:00,531.5956929138438
2024-05-22 07:00:00,437.8566666533964
2024-05-22 08:00:00,337.1596695934828
2024-05-22 09:00:00,281.22514234388024
2024-05-22 10:00:00,194.64325173290246
2024-05-22 11:00:00,100.42456571891455
2024-05-22 12:00:00,33.80523294177174
2024-05-22 13:00:00,25.09396755586057
2024-05-22 14:00:00,38.339282363663976
2024-05-22 15:00:00,54.22114396037309
2024-05-22 16:00:00,49.35511932339713
2024-05-22 17:00:00,57.293620577369396
2024-05-22 18:00:00,78.26486560178502
2024-05-22 19:00:00,91.74735678030176
2024-05-22 20:00:00,81.14428230871565
2024-05-22 21:00:00,98.39435932899795
2024-05-22 22:00:00,111.53739824201935
2024-05-22 23:00:00,126.58915117991415
2024-05-23 00:00:00,332.2249293748985
2024-05-23 01:00:00,470.190683895742
2024-05-23 02:00:00,455.54422930620035
2024-05-23 03:00:00,469.79148106184834
2024-05-23 04:00:00,618.2157416716303
2024-05-23 05:00:00,743.6198554748167
2024-05-23 06:00:00,762.577692211904
2024-05-23 07:00:00,772.5015617203156
2024-05-23 08:00:00,815.8275409826434
2024-05-23 09:00:00,948.1610047498054
2024-05-23 10:00:00,491.2282690587166
2024-05-23 11:00:00,495.08654455236484
2024-05-23 12:00:00,357.1727990575005
2024-05-23 13:00:00,336.6307589120787
2024-05-23 14:00:00,621.6606241089977
2024-05-23 15:00:00,649.9868373915231
2024-05-23 16:00:00,723.6310852698136
2024-05-23 17:00:00,765.1661818644955
2024-05-23 18:00:00,901.0766643032878
2024-05-23 19:00:00,966.004029773062
2024-05-23 20:00:00,1273.7215965530436
2024-05-23 21:00:00,1239.3491270637164
2024-05-23 22:00:00,839.6617643989989
2024-05-23 23:00:00,883.2211060906218
2024-05-24 00:00:00,1079.028169627813
2024-05-24 01:00:00,1111.6821927274889
2024-05-24 02:00:00,1172.4934492991506
2024-05-24 03:00:00,1162.0676661298455
2024-05-24 04:00:00,1101.907835733003
2024-05-24 05:00:00,1100.6872178581846
2024-05-24 06:00:00,1036.1383691843319
2024-05-24 07:00:00,962.533770737876
2024-05-24 08:00:00,957.5614204967076
2024-05-24 09:00:00,958.5308038099513
2024-05-24 10:00:00,830.8634891926071
2024-05-24 11:00:00,717.7407966686807
2024-05-24 12:00:00,741.022600674334
2024-05-24 13:00:00,1359.4444494376467
2024-05-24 14:00:00,1684.6125208589497
2024-05-24 15:00:00,1750.992155313788
2024-05-24 16:00:00,1477.64558262857
2024-05-24 17:00:00,1097.740083077199
2024-05-24 18:00:00,923.7631148248005
2024-05-24 19:00:00,920.0702168070411
2024-05-24 20:00:00,943.2953628133832
2024-05-24 21:00:00,1029.0249567502285
2024-05-24 22:00:00,1168.1888202876978
2024-05-24 23:00:00,1114.0937767924465
2024-05-25 00:00:00,857.6482029822567
2024-05-25 01:00:00,744.0870381282455
2024-05-25 02:00:00,725.5476900942645
2024-05-25 03:00:00,714.6551275537164
2024-05-25 04:00:00,684.463496640067
2024-05-25 05:00:00,668.7800695144165
2024-05-25 06:00:00,667.9306045623189
2024-05-25 07:00:00,699.2968623482117
2024-05-25 08:00:00,711.5644307108795
2024-05-25 09:00:00,662.3670878459103
2024-05-25 10:00:00,429.3112097517929
2024-05-25 11:00:00,475.0370578188845
2024-05-25 12:00:00,537.4626360570846
2024-05-25 13:00:00,529.9749251246895
2024-05-25 14:00:00,482.5395245550494
2024-05-25 15:00:00,400.5234311697083
2024-05-25 16:00:00,315.4605259792358
2024-05-25 17:00:00,294.5783967805062
2024-05-25 18:00:00,272.6773349974285
2024-05-25 19:00:00,303.88417612789885
2024-05-25 20:00:00,296.66924647775613
2024-05-25 21:00:00,295.3867286513771
2024-05-25 22:00:00,177.74913386341794
2024-05-25 23:00:00,107.86176473704273
2024-05-26 00:00:00,85.9949524687021
2024-05-26 01:00:00,73.0642739174438
2024-05-26 02:00:00,89.91456453031603
2024-05-26 03:00:00,110.76931740219693
2024-05-26 04:00:00,145.11552434050384
2024-05-26 05:00:00,158.71289337051118
2024-05-26 06:00:00,100.01941965407016
2024-05-26 07:00:00,57.48181322258058
2024-05-26 08:00:00,24.904532562671122
2024-05-26 09:00:00,22.37466522628896
2024-05-26 10:00:00,15.154287219123983
2024-05-26 11:00:00,16.150742426944806
2024-05-26 12:00:00,16.075029906074178
2024-05-26 13:00:00,14.261848290804593
2024-05-26 14:00:00,11.150414965870523
2024-05-26 15:00:00,10.9650065033612
2024-05-26 16:00:00,15.368309269149426
2024-05-26 17:00:00,23.256941328801105
2024-05-26 18:00:00,33.05966679574314
2024-05-26 19:00:00,40.042929317681015
2024-05-26 20:00:00,45.02539849836409
2024-05-26 21:00:00,51.567444588289234
2024-05-26 22:00:00,60.2068656317314
2024-05-26 23:00:00,150.51461990708987
2024-05-27 00:00:00,286.0377091510395
2024-05-27 01:00:00,455.8126594683907
2024-05-27 02:00:00,591.4650169790392
2024-05-27 03:00:00,679.8547610383919
2024-05-27 04:00:00,752.2776247818468
2024-05-27 05:00:00,806.2732144792112
2024-05-27 06:00:00,911.4593248246696
2024-05-27 07:00:00,967.8457241812573
2024-05-27 08:00:00,964.1666496920494
2024-05-27 09:00:00,938.5870463779331
2024-05-27 10:00:00,759.221380071348
2024-05-27 11:00:00,1041.0566228405237
2024-05-27 12:00:00,1166.0369699505895
2024-05-27 13:00:00,1221.1313266739708
2024-05-27 14:00:00,1311.5533992956366
2024-05-27 15:00:00,1468.4154578364885
2024-05-27 16:00:00,1860.2354972725095
2024-05-27 17:00:00,2075.4047801958013
2024-05-27 18:00:00,2198.280889625488
2024-05-27 19:00:00,2245.1271443222936
2024-05-27 20:00:00,2267.246022296488
2024-05-27 21:00:00,2235.539825431556
2024-05-27 22:00:00,2071.481328397321
2024-05-27 23:00:00,2265.2526803190276
2024-05-28 00:00:00,2429.9584551665707
2024-05-28 01:00:00,2624.151599454416
2024-05-28 02:00:00,2772.975239624474
2024-05-28 03:00:00,2832.5896336429064
2024-05-28 04:00:00,2653.053478880904
2024-05-28 05:00:00,2681.3592476641743
2024-05-28 06:00:00,2764.86569584011
2024-05-28 07:00:00,2722.197387531663
2024-05-28 08:00:00,2671.6461845512727
2024-05-28 09:00:00,2675.0174381372194
2024-05-28 10:00:00,2468.0994854438263
2024-05-28 11:00:00,2344.6893083879104
2024-05-28 12:00:00,2215.3531431822084
2024-05-28 13:00:00,2433.1698225614523
2024-05-28 14:00:00,2554.6412827245263
2024-05-28 15:00:00,2326.379598221201
2024-05-28 16:00:00,2228.2614683401425
2024-05-28 17:00:00,2028.542039564303
2024-05-28 18:00:00,1948.5247296047232
2024-05-28 19:00:00,2164.2007813376827
2024-05-28 20:00:00,1801.674117584872
2024-05-28 21:00:00,1345.1822829117552
2024-05-28 22:00:00,1115.8016373840828
2024-05-28 23:00:00,1141.2037081150213
2024-05-29 00:00:00,1330.7022604889282
2024-05-29 01:00:00,1371.33692830722
2024-05-29 02:00:00,1302.2114168404978
2024-05-29 03:00:00,1247.5797175959917
2024-05-29 04:00:00,1154.6023202345725
2024-05-29 05:00:00,1059.3067278606484
2024-05-29 06:00:00,938.2855075462197
2024-05-29 07:00:00,945.2238820353675
2024-05-29 08:00:00,957.9043297361244
2024-05-29 09:00:00,984.9297664933517
2024-05-29 10:00:00,1020.7470662200715
2024-05-29 11:00:00,1108.11701738404
2024-05-29 12:00:00,1087.3286249173045
2024-05-29 13:00:00,1145.6479538067085
2024-05-29 14:00:00,1161.7659104836705
2024-05-29 15:00:00,1244.504288542248
2024-05-29 16:00:00,1253.085914171863
2024-05-29 17:00:00,1220.7101040731486
2024-05-29 18:00:00,1219.9226600104973
2024-05-29 19:00:00,1318.848409851864
2024-05-29 20:00:00,1374.7249669639455
2024-05-29 21:00:00,1378.9050140505292
2024-05-29 22:00:00,1006.6809373196775
2024-05-29 23:00:00,656.9252154585953
2024-05-30 00:00:00,636.0094677580418
2024-05-30 01:00:00,690.940471051988
2024-05-30 02:00:00,710.3785266932928
2024-05-30 03:00:00,677.447973300153
2024-05-30 04:00:00,647.1329808281265
2024-05-30 05:00:00,634.5984211363512
2024-05-30 06:00:00,579.10263678131
2024-05-30 07:00:00,505.8455253786817
2024-05-30 08:00:00,457.3276066801633
2024-05-30 09:00:00,441.3903731683451
2024-05-30 10:00:00,459.57706567075144
2024-05-30 11:00:00,323.82982922271856
2024-05-30 12:00:00,370.49629344666556
2024-05-30 13:00:00,462.9265980074646
2024-05-30 14:00:00,599.0044031679087
2024-05-30 15:00:00,609.5536085381982
2024-05-30 16:00:00,671.009910140962
2024-05-30 17:00:00,709.4276277365509
2024-05-30 18:00:00,663.4496867471352
2024-05-30 19:00:00,684.7428264297588
2024-05-30 20:00:00,704.4379593507714
2024-05-30 21:00:00,670.4736710374957
2024-05-30 22:00:00,572.078686342903
2024-05-30 23:00:00,400.0107597803322
2024-05-31 00:00:00,321.1818918905268
2024-05-31 01:00:00,247.3727643338629
2024-05-31 02:00:00,256.96035949444513
2024-05-31 03:00:00,298.31788436655245
2024-05-31 04:00:00,310.9580645416414
2024-05-31 05:00:00,304.04349793640387
2024-05-31 06:00:00,341.0537767858799
2024-05-31 07:00:00,363.2869314210407
2024-05-31 08:00:00,382.70282392330165
2024-05-31 09:00:00,355.4092793332999
2024-05-31 10:00:00,256.7724281364888
2024-05-31 11:00:00,231.76968301532497
2024-05-31 12:00:00,277.62960079220943
2024-05-31 13:00:00,307.5176418979813
2024-05-31 14:00:00,374.68521311340214
2024-05-31 15:00:00,560.5565801973083
2024-05-31 16:00:00,1107.5141047540146
2024-05-31 17:00:00,1292.0413660703518
2024-05-31 18:00:00,1156.4049824235271
2024-05-31 19:00:00,1060.176606085458
2024-05-31 20:00:00,947.3808480525578
2024-05-31 21:00:00,713.8488458231126
2024-05-31 22:00:00,411.5089445978729
2024-05-31 23:00:00,261.5741382835919
2024-06-01 00:00:00,181.07556080126966
2024-06-01 01:00:00,113.91701976519161
2024-06-01 02:00:00,134.66736289519986
2024-06-01 03:00:00,176.92094975697597
2024-06-01 04:00:00,221.32311244707597
2024-06-01 05:00:00,315.5920547570013
2024-06-01 06:00:00,382.19067172223464
2024-06-01 07:00:00,410.0522862348539
2024-06-01 08:00:00,383.57198067370103
2024-06-01 09:00:00,339.54042967623116
2024-06-01 10:00:00,302.58113392262294
2024-06-01 11:00:00,171.39194480995707
2024-06-01 12:00:00,132.14555781644887
2024-06-01 13:00:00,191.68281331401136
2024-06-01 14:00:00,280.1086377079259
2024-06-01 15:00:00,368.71154617020636
2024-06-01 16:00:00,417.18842697089315
2024-06-01 17:00:00,361.7552216235965
2024-06-01 18:00:00,294.2701280515084
2024-06-01 19:00:00,230.5926670841386
2024-06-01 20:00:00,186.86484424284248
2024-06-01 21:00:00,144.06304000789765
2024-06-01 22:00:00,148.506051917753
2024-06-01 23:00:00,163.73240722196644
2024-06-02 00:00:00,260.92469974338223
2024-06-02 01:00:00,311.03506914557533
2024-06-02 02:00:00,256.4450866563462
2024-06-02 03:00:00,250.13266531828606
2024-06-02 04:00:00,219.0582030059617
2024-06-02 05:00:00,177.2265313327463
2024-06-02 06:00:00,143.32235719188418
2024-06-02 07:00:00,138.57591268279452
2024-06-02 08:00:00,178.3115731606507
2024-06-02 09:00:00,224.5968825451584
2024-06-02 10:00:00,182.27498973579154
2024-06-02 11:00:00,102.50852753006293
2024-06-02 12:00:00,35.66795739089535
2024-06-02 13:00:00,43.35146442024262
2024-06-02 14:00:00,48.15310705005337
2024-06-02 15:00:00,56.07342072964108
2024-06-02 16:00:00,101.12469412510667
2024-06-02 17:00:00,148.5300390095495
2024-06-02 18:00:00,195.68251342159783
2024-06-02 19:00:00,187.46565669008106
2024-06-02 20:00:00,192.07418501786617
2024-06-02 21:00:00,182.19789915234958
2024-06-02 22:00:00,141.81506661554616
2024-06-02 23:00:00,235.92407624877742
2024-06-03 00:00:00,289.3323634000875
2024-06-03 01:00:00,266.60151578869505
2024-06-03 02:00:00,239.5040612683635
2024-06-03 03:00:00,214.96167214954346
2024-06-03 04:00:00,175.66207562585632
2024-06-03 05:00:00,178.64200391806588
2024-06-03 06:00:00,176.34932523922285
2024-06-03 07:00:00,146.56831695330578
2024-06-03 08:00:00,121.39593579361662
2024-06-03 09:00:00,149.3601382221234
2024-06-03 10:00:00,143.84138490193394
2024-06-03 11:00:00,59.2967008610415
2024-06-03 12:00:00,19.28318799636729
2024-06-03 13:00:00,26.692366660452947
2024-06-03 14:00:00,32.60449187359191
2024-06-03 15:00:00,39.260851797826
2024-06-03 16:00:00,55.30237649565052
2024-06-03 17:00:00,83.59695200575477
2024-06-03 18:00:00,114.19659419580346
2024-06-03 19:00:00,144.50836275719305
2024-06-03 20:00:00,179.82304058022734
2024-06-03 21:00:00,191.31965068798766
2024-06-03 22:00:00,140.00427830008866
2024-06-03 23:00:00,179.33023124073918
2024-06-04 00:00:00,192.95753931044084
2024-06-04 01:00:00,216.53701223113842
2024-06-04 02:00:00,233.09513606645416
2024-06-04 03:00:00,262.4092666654616
2024-06-04 04:00:00,245.05490938192338
2024-06-04 05:00:00,219.37174872984397
2024-06-04 06:00:00,180.39140562770933
2024-06-04 07:00:00,137.90277150447827
2024-06-04 08:00:00,112.41192703530824
2024-06-04 09:00:00,85.63573387303985
2024-06-04 10:00:00,66.17909235564571
2024-06-04 11:00:00,36.82827152786802
2024-06-04 12:00:00,9.314301522258127
2024-06-04 13:00:00,10.477731313884451
2024-06-04 14:00:00,13.234759297351685
2024-06-04 15:00:00,14.140671476370462
2024-06-04 16:00:00,14.582417649061457
2024-06-04 17:00:00,19.954798194950698
2024-06-04 18:00:00,24.016857571229465
2024-06-04 19:00:00,26.406378222518754
2024-06-04 20:00:00,25.73590536548373
2024-06-04 21:00:00,21.833723921240264
2024-06-04 22:00:00,67.59598011023833
2024-06-04 23:00:00,95.93013062454845
2024-06-05 00:00:00,167.65888061247327
2024-06-05 01:00:00,240.47877725540505
2024-06-05 02:00:00,284.19458359156374
2024-06-05 03:00:00,253.49633454847344
2024-06-05 04:00:00,206.05129197734735
2024-06-05 05:00:00,154.80480554768482
2024-06-05 06:00:00,126.73838877101467
2024-06-05 07:00:00,104.69762422810399
2024-06-05 08:00:00,86.93069541352399
2024-06-05 09:00:00,64.42980797366572
2024-06-05 10:00:00,32.88781962634028
2024-06-05 11:00:00,21.09089073661712
2024-06-05 12:00:00,15.964009900030407
2024-06-05 13:00:00,11.982224672467103
2024-06-05 14:00:00,11.547031149802164
2024-06-05 15:00:00,12.841589662526648
2024-06-05 16:00:00,15.107830209621078
2024-06-05 17:00:00,15.906796980242017
2024-06-05 18:00:00,15.932190030751265
2024-06-05 19:00:00,22.733253052922972
2024-06-05 20:00:00,21.37153154652743
2024-06-05 21:00:00,14.729709706048707
2024-06-05 22:00:00,20.963293991618883
2024-06-05 23:00:00,58.798691735924514
2024-06-06 00:00:00,182.11299980481374
2024-06-06 01:00:00,288.629560784538
2024-06-06 02:00:00,360.3583930994305
2024-06-06 03:00:00,397.1895939465523
2024-06-06 04:00:00,378.1918003984236
2024-06-06 05:00:00,353.217747887398
2024-06-06 06:00:00,365.5700648175035
2024-06-06 07:00:00,329.43347950929586
2024-06-06 08:00:00,287.27671457965556
2024-06-06 09:00:00,287.37262989503563
2024-06-06 10:00:00,281.2180138373753
2024-06-06 11:00:00,202.10017487325084
2024-06-06 12:00:00,124.88516206025324
2024-06-06 13:00:00,143.19784468093684
2024-06-06 14:00:00,169.54707252199887
2024-06-06 15:00:00,221.47046456053494
2024-06-06 16:00:00,318.395837145173
2024-06-06 17:00:00,399.1066913871051
2024-06-06 18:00:00,452.25232848573137
2024-06-06 19:00:00,526.7172214260485
2024-06-06 20:00:00,551.4431158504965
2024-06-06 21:00:00,587.1453546369528
2024-06-06 22:00:00,386.6559626918268
2024-06-06 23:00:00,464.17281972565695
2024-06-07 00:00:00,654.9367286434551
2024-06-07 01:00:00,843.3906585342271
2024-06-07 02:00:00,1030.8244542878394
2024-06-07 03:00:00,1094.094404999097
2024-06-07 04:00:00,1154.9491950931827
2024-06-07 05:00:00,1107.3796324779535
2024-06-07 06:00:00,945.8757308442546
2024-06-07 07:00:00,781.0664436224987
2024-06-07 08:00:00,636.2947660546504
2024-06-07 09:00:00,574.9759990975605
2024-06-07 10:00:00,426.66027996835226
2024-06-07 11:00:00,336.82475113970935
2024-06-07 12:00:00,274.57642397833496
2024-06-07 13:00:00,318.310244112585
2024-06-07 14:00:00,281.2418755216296
2024-06-07 15:00:00,367.1063307615095
2024-06-07 16:00:00,444.3831809811588
2024-06-07 17:00:00,458.0639093347434
2024-06-07 18:00:00,478.6450330526261
2024-06-07 19:00:00,531.3502789015369
2024-06-07 20:00:00,493.46497625813646
2024-06-07 21:00:00,421.0830103066393
2024-06-07 22:00:00,263.5232220593502
2024-06-07 23:00:00,248.42682873952555
2024-06-08 00:00:00,270.87336225242933
2024-06-08 01:00:00,343.7460892658943
2024-06-08 02:00:00,414.0021302691906
2024-06-08 03:00:00,455.4130967172897
2024-06-08 04:00:00,455.22981918838195
2024-06-08 05:00:00,446.4157458330888
2024-06-08 06:00:00,398.95640643031624
2024-06-08 07:00:00,436.1432200154538
2024-06-08 08:00:00,463.2207221439526
2024-06-08 09:00:00,547.9975156811277
2024-06-08 10:00:00,363.8876728234067
2024-06-08 11:00:00,366.3896303210465
2024-06-08 12:00:00,275.93889266449986
2024-06-08 13:00:00,282.8201236370664
2024-06-08 14:00:00,334.1734386562512
2024-06-08 15:00:00,469.11735287084804
2024-06-08 16:00:00,642.4182108692735
2024-06-08 17:00:00,401.28816405068693
2024-06-08 18:00:00,374.7063073310981
2024-06-08 19:00:00,375.28563738911237
2024-06-08 20:00:00,426.96298349644445
2024-06-08 21:00:00,310.10361219764445
2024-06-08 22:00:00,315.8449227114064
2024-06-08 23:00:00,288.6058846316696
2024-06-09 00:00:00,278.19671554211965
2024-06-09 01:00:00,370.31691311271726
2024-06-09 02:00:00,472.0932436806402
2024-06-09 03:00:00,535.9365022741305
2024-06-09 04:00:00,519.4588179968441
2024-06-09 05:00:00,551.6857600001736
2024-06-09 06:00:00,465.96606296807676
2024-06-09 07:00:00,368.4429653535594
2024-06-09 08:00:00,350.695703436076
2024-06-09 09:00:00,404.7103613258642
2024-06-09 10:00:00,310.04456527948463
2024-06-09 11:00:00,286.536997576168
2024-06-09 12:00:00,296.05633664228395
2024-06-09 13:00:00,249.290388679947
2024-06-09 14:00:00,249.38613334850618
2024-06-09 15:00:00,238.044086006132
2024-06-09 16:00:00,216.58102748487636
2024-06-09 17:00:00,226.15158999032056
2024-06-09 18:00:00,199.54508425157766
2024-06-09 19:00:00,163.63348841369552
2024-06-09 20:00:00,190.65058787920097
2024-06-09 21:00:00,225.57346254046067
2024-06-09 22:00:00,172.22085568020435
2024-06-09 23:00:00,192.2533746530577
2024-06-10 00:00:00,213.61815230269443
2024-06-10 01:00:00,214.47676258336662
2024-06-10 02:00:00,244.88174798417228
2024-06-10 03:00:00,337.662669234534
2024-06-10 04:00:00,413.3411319312181
2024-06-10 05:00:00,415.0964175901583
2024-06-10 06:00:00,353.2027225839051
2024-06-10 07:00:00,360.1837112276665
2024-06-10 08:00:00,366.4849103022376
2024-06-10 09:00:00,351.99931888541107
2024-06-10 10:00:00,402.51476874587934
2024-06-10 11:00:00,373.77307609386827
2024-06-10 12:00:00,289.097002649205
2024-06-10 13:00:00,251.77203500294564
2024-06-10 14:00:00,275.353742101118
2024-06-10 15:00:00,329.0290658443444
2024-06-10 16:00:00,382.1377619807246
2024-06-10 17:00:00,430.26228905397295
2024-06-10 18:00:00,427.0208504369387
2024-06-10 19:00:00,484.62812008426084
2024-06-10 20:00:00,396.22326628479317
2024-06-10 21:00:00,399.08023385058317
2024-06-10 22:00:00,411.84656768827546
2024-06-10 23:00:00,395.3208287843214
2024-06-11 00:00:00,362.2502592497383
2024-06-11 01:00:00,410.25929485330045
2024-06-11 02:00:00,420.6240676535088
2024-06-11 03:00:00,433.0359131982384
2024-06-11 04:00:00,397.1803500893686
2024-06-11 05:00:00,324.7738240485542
2024-06-11 06:00:00,273.1607679714287
2024-06-11 07:00:00,216.60536036766044
2024-06-11 08:00:00,179.20775943482826
2024-06-11 09:00:00,151.12958140386485
2024-06-11 10:00:00,129.05705377202364
2024-06-11 11:00:00,113.36382922633334
2024-06-11 12:00:00,106.78265265476641
2024-06-11 13:00:00,75.74888333127018
2024-06-11 14:00:00,59.81901281087112
2024-06-11 15:00:00,55.85729197181653
2024-06-11 16:00:00,48.45454027631903
2024-06-11 17:00:00,45.257807946106624
2024-06-11 18:00:00,40.312505556865226
2024-06-11 19:00:00,28.405196111238393
2024-06-11 20:00:00,13.545350918865884
2024-06-11 21:00:00,11.591680204059227
2024-06-11 22:00:00,17.242890894760187
2024-06-11 23:00:00,13.545751540210533
2024-06-12 00:00:00,35.824164257591804
2024-06-12 01:00:00,46.4418542117827
2024-06-12 02:00:00,42.89687399863775
2024-06-12 03:00:00,49.78959576785135
2024-06-12 04:00:00,45.497076231271265
2024-06-12 05:00:00,38.34519030804905
2024-06-12 06:00:00,42.666820702766074
2024-06-12 07:00:00,32.948694046534925
2024-06-12 08:00:00,24.120252765790013
2024-06-12 09:00:00,14.84624512489212
2024-06-12 10:00:00,4.9770650529739076
2024-06-12 11:00:00,2.7243278635872064
2024-06-12 12:00:00,2.398848324805396
2024-06-12 13:00:00,4.31320954539262
2024-06-12 14:00:00,21.36804876039192
2024-06-12 15:00:00,52.464316486156534
2024-06-12 16:00:00,89.51018350902287
2024-06-12 17:00:00,94.70551249026408
2024-06-12 18:00:00,99.26962548704262
2024-06-12 19:00:00,126.37837882096214
2024-06-12 20:00:00,139.6825493116601
2024-06-12 21:00:00,127.28758677540604
2024-06-12 22:00:00,151.20373352679425
2024-06-12 23:00:00,147.99450311203358
2024-06-13 00:00:00,148.65862771516456
2024-06-13 01:00:00,159.313523591928
2024-06-13 02:00:00,164.66487618542624
2024-06-13 03:00:00,173.06151987474593
2024-06-13 04:00:00,190.95763165403454
2024-06-13 05:00:00,259.1603929506317
2024-06-13 06:00:00,323.79849463257653
2024-06-13 07:00:00,287.372193457347
2024-06-13 08:00:00,280.29542535381944
2024-06-13 09:00:00,279.8599494342255
2024-06-13 10:00:00,287.7710472535435
2024-06-13 11:00:00,223.47178575512402
2024-06-13 12:00:00,155.25933621595544
2024-06-13 13:00:00,169.00435080516797
2024-06-13 14:00:00,250.59821214775462
2024-06-13 15:00:00,382.443695045852
2024-06-13 16:00:00,602.8265338066359
2024-06-13 17:00:00,891.3681415329124
2024-06-13 18:00:00,1099.7246297441118
2024-06-13 19:00:00,1102.254162502385
2024-06-13 20:00:00,1105.8129562749532
2024-06-13 21:00:00,820.1954398444576
2024-06-13 22:00:00,889.2069276441142
2024-06-13 23:00:00,916.2679480364823
2024-06-14 00:00:00,1046.359632562454
2024-06-14 01:00:00,1341.974642383478
2024-06-14 02:00:00,1532.972236548604
2024-06-14 03:00:00,1673.6993219067235
2024-06-14 04:00:00,1805.5375714417742
2024-06-14 05:00:00,1947.7005424128743
2024-06-14 06:00:00,1998.1885640038622
2024-06-14 07:00:00,2150.94726840618
2024-06-14 08:00:00,2155.882467006126
2024-06-14 09:00:00,2169.348255892405
2024-06-14 10:00:00,1754.9963976148335
2024-06-14 11:00:00,1556.2070124427255
2024-06-14 12:00:00,1339.1544978232137
2024-06-14 13:00:00,1302.1608753238866
2024-06-14 14:00:00,1478.3078211194602
2024-06-14 15:00:00,1417.656629502875
2024-06-14 16:00:00,1275.4556371102863
2024-06-14 17:00:00,1338.7287852808195
2024-06-14 18:00:00,1191.3511576019564
2024-06-14 19:00:00,1207.8387523093872
2024-06-14 20:00:00,1058.2682805118134
2024-06-14 21:00:00,905.7472608426125
2024-06-14 22:00:00,631.9779914101109
2024-06-14 23:00:00,641.7580246589523
2024-06-15 00:00:00,729.6327762892344
2024-06-15 01:00:00,817.4300163862324
2024-06-15 02:00:00,929.7348855693697
2024-06-15 03:00:00,831.7106331463474
2024-06-15 04:00:00,722.4654546830561
2024-06-15 05:00:00,643.5883050286167
2024-06-15 06:00:00,584.4585923592206
2024-06-15 07:00:00,529.3834250269404
2024-06-15 08:00:00,513.173418734307
2024-06-15 09:00:00,531.0301124445349
2024-06-15 10:00:00,556.8184071838175
2024-06-15 11:00:00,551.028564242912
2024-06-15 12:00:00,606.3806572352246
2024-06-15 13:00:00,580.5182059630126
2024-06-15 14:00:00,572.7634186872327
2024-06-15 15:00:00,625.1919443455673
2024-06-15 16:00:00,646.1388819643199
2024-06-15 17:00:00,650.9176624425558
2024-06-15 18:00:00,689.9635638195746
2024-06-15 19:00:00,742.6018143817963
2024-06-15 20:00:00,844.3301272145548
2024-06-15 21:00:00,955.4390747752273
2024-06-15 22:00:00,900.5147284909169
2024-06-15 23:00:00,808.8043507185484
2024-06-16 00:00:00,835.8281002945838
2024-06-16 01:00:00,810.611678222268
2024-06-16 02:00:00,784.5152664628488
2024-06-16 03:00:00,738.9932638035589
2024-06-16 04:00:00,675.0502544875766
2024-06-16 05:00:00,623.4412860314578
2024-06-16 06:00:00,613.1314500273775
2024-06-16 07:00:00,598.9514029613426
2024-06-16 08:00:00,553.686508551308
2024-06-16 09:00:00,566.639680605236
2024-06-16 10:00:00,440.59963695603466
2024-06-16 11:00:00,196.6358170956604
2024-06-16 12:00:00,135.2367658568331
2024-06-16 13:00:00,164.19922022593514
2024-06-16 14:00:00,253.07551485868763
2024-06-16 15:00:00,418.7899090569572
2024-06-16 16:00:00,564.4763861784811
2024-06-16 17:00:00,543.5967724351287
2024-06-16 18:00:00,451.0323657992357
2024-06-16 19:00:00,419.47828782297137
2024-06-16 20:00:00,435.3687277422503
2024-06-16 21:00:00,392.2695236810367
2024-06-16 22:00:00,274.8604640178628
2024-06-16 23:00:00,264.35241739997997
2024-06-17 00:00:00,319.3704298940105
2024-06-17 01:00:00,407.80349364036647
2024-06-17 02:00:00,453.9466563926061
2024-06-17 03:00:00,491.4457952733559
2024-06-17 04:00:00,522.5366848867616
2024-06-17 05:00:00,590.646514207826
2024-06-17 06:00:00,621.849479037759
2024-06-17 07:00:00,652.9651557079812
2024-06-17 08:00:00,688.6423236335609
2024-06-17 09:00:00,736.9306618472943
2024-06-17 10:00:00,705.4883486938697
2024-06-17 11:00:00,661.0626408703343
2024-06-17 12:00:00,504.56168063379533
2024-06-17 13:00:00,464.9585558266915
2024-06-17 14:00:00,552.1995440798948
2024-06-17 15:00:00,551.8691769210998
2024-06-17 16:00:00,680.052079373069
2024-06-17 17:00:00,970.68145604429
2024-06-17 18:00:00,1048.6500122995128
2024-06-17 19:00:00,978.3160473572345
2024-06-17 20:00:00,854.0296315652989
2024-06-17 21:00:00,687.0976456832886
2024-06-17 22:00:00,333.4109625386473
2024-06-17 23:00:00,447.4627253823845
2024-06-18 00:00:00,586.2940744347026
2024-06-18 01:00:00,750.2485098689914
2024-06-18 02:00:00,847.561424562004
2024-06-18 03:00:00,896.5379800576276
2024-06-18 04:00:00,850.9139577545433
2024-06-18 05:00:00,768.5374984226104
2024-06-18 06:00:00,671.7414558051337
2024-06-18 07:00:00,601.6179858255559
2024-06-18 08:00:00,499.98791670659284
2024-06-18 09:00:00,452.71905399456375
2024-06-18 10:00:00,285.5593529904986
2024-06-18 11:00:00,240.18513460527745
2024-06-18 12:00:00,146.96195160773388
2024-06-18 13:00:00,155.2902987794703
2024-06-18 14:00:00,173.40203534044647
2024-06-18 15:00:00,175.51030652473224
2024-06-18 16:00:00,257.610980246251
2024-06-18 17:00:00,350.3341969181908
2024-06-18 18:00:00,568.9621774993299
2024-06-18 19:00:00,638.0991881419831
2024-06-18 20:00:00,608.4112457966896
2024-06-18 21:00:00,380.3639232837375
2024-06-18 22:00:00,346.5009909264247
2024-06-18 23:00:00,216.93266969982875
2024-06-19 00:00:00,331.77599612488063
2024-06-19 01:00:00,653.2163092573783
2024-06-19 02:00:00,805.8711191570394
2024-06-19 03:00:00,912.8703160996324
2024-06-19 04:00:00,944.5108893948633
2024-06-19 05:00:00,974.8057295065348
2024-06-19 06:00:00,939.1614644481648
2024-06-19 07:00:00,924.020700363842
2024-06-19 08:00:00,898.5802172652218
2024-06-19 09:00:00,847.8302446268714
2024-06-19 10:00:00,618.1500094411143
2024-06-19 11:00:00,508.64725590965793
2024-06-19 12:00:00,297.3433854073319
2024-06-19 13:00:00,351.0073485352223
2024-06-19 14:00:00,450.99404571633323
2024-06-19 15:00:00,547.9228955345767
2024-06-19 16:00:00,790.5770084056027
2024-06-19 17:00:00,980.0793865073815
2024-06-19 18:00:00,1227.3745832786744
2024-06-19 19:00:00,1455.3005831728244
2024-06-19 20:00:00,1607.4178930669761
2024-06-19 21:00:00,1388.4853019576024
2024-06-19 22:00:00,1566.3384331989778
2024-06-19 23:00:00,1720.99248618865
2024-06-20 00:00:00,1818.0318840914497
2024-06-20 01:00:00,1965.6755515896334
2024-06-20 02:00:00,2005.4712476821044
2024-06-20 03:00:00,1986.6992500221295
2024-06-20 04:00:00,1910.249413886531
2024-06-20 05:00:00,1827.8731912434093
2024-06-20 06:00:00,1740.46013963711
2024-06-20 07:00:00,1638.8247106535873
2024-06-20 08:00:00,1465.3746472493106
2024-06-20 09:00:00,1324.6754305284096
2024-06-20 10:00:00,1115.986864008552
2024-06-20 11:00:00,990.711489778531
2024-06-20 12:00:00,1400.893161488537
2024-06-20 13:00:00,1449.2960986950072
2024-06-20 14:00:00,1099.9852327186131
2024-06-20 15:00:00,993.5768683029404
2024-06-20 16:00:00,1168.72190791301
2024-06-20 17:00:00,1386.002774224195
2024-06-20 18:00:00,1380.5722167902834
2024-06-20 19:00:00,1331.49957459857
2024-06-20 20:00:00,1205.8868667610604
2024-06-20 21:00:00,1030.7577741123728
2024-06-20 22:00:00,797.9616751704255
2024-06-20 23:00:00,926.7169044944134
2024-06-21 00:00:00,880.5788890637141
2024-06-21 01:00:00,941.8705130067333
2024-06-21 02:00:00,1013.7099890988941
2024-06-21 03:00:00,957.2186866392216
2024-06-21 04:00:00,914.1973438586722
2024-06-21 05:00:00,931.0519414975802
2024-06-21 06:00:00,908.829040420271
2024-06-21 07:00:00,761.3720630569773
2024-06-21 08:00:00,733.7608421671492
2024-06-21 09:00:00,702.337284145184
2024-06-21 10:00:00,852.063444655713
2024-06-21 11:00:00,552.7434958843003
2024-06-21 12:00:00,555.0419691936384
2024-06-21 13:00:00,511.70435522303677
2024-06-21 14:00:00,456.45230578866955
2024-06-21 15:00:00,414.2663683023065
2024-06-21 16:00:00,408.93508585865845
2024-06-21 17:00:00,454.96427132412737
2024-06-21 18:00:00,502.29742164916297
2024-06-21 19:00:00,485.1637620580132
2024-06-21 20:00:00,448.1031271889871
2024-06-21 21:00:00,439.1827944608029
2024-06-21 22:00:00,310.62667660668063
2024-06-21 23:00:00,223.87905597310592
2024-06-22 00:00:00,321.8513694233393
2024-06-22 01:00:00,364.3580266602008
2024-06-22 02:00:00,385.9131542744002
2024-06-22 03:00:00,411.6996806521793
2024-06-22 04:00:00,377.8382782587036
2024-06-22 05:00:00,364.43327104191656
2024-06-22 06:00:00,329.15609685068137
2024-06-22 07:00:00,291.61156575958466
2024-06-22 08:00:00,245.68956992679364
2024-06-22 09:00:00,212.2152598380707
2024-06-22 10:00:00,133.9712414096361
2024-06-22 11:00:00,66.12224610453492
2024-06-22 12:00:00,37.0642949333424
2024-06-22 13:00:00,71.93110574910796
2024-06-22 14:00:00,77.99902948901472
2024-06-22 15:00:00,127.12522040625998
2024-06-22 16:00:00,157.0032949228651
2024-06-22 17:00:00,188.0722696618037
2024-06-22 18:00:00,185.63442167950495
2024-06-22 19:00:00,164.56900600328532
2024-06-22 20:00:00,156.8279560690505
2024-06-22 21:00:00,146.20120494069153
2024-06-22 22:00:00,117.98004587218709
2024-06-22 23:00:00,125.92192277103665
2024-06-23 00:00:00,204.8259699269808
2024-06-23 01:00:00,276.27013213314086
2024-06-23 02:00:00,357.98501069907087
2024-06-23 03:00:00,434.53694806936824
2024-06-23 04:00:00,403.5366329470898
2024-06-23 05:00:00,382.3302214407724
2024-06-23 06:00:00,343.25880104225075
2024-06-23 07:00:00,353.5809149324615
2024-06-23 08:00:00,411.03709728406636
2024-06-23 09:00:00,473.8979674555098
2024-06-23 10:00:00,313.96408481928603
2024-06-23 11:00:00,412.89757150976595
2024-06-23 12:00:00,609.3365481098239
2024-06-23 13:00:00,759.2850091737303
2024-06-23 14:00:00,862.5633972060914
2024-06-23 15:00:00,820.3680271587713
2024-06-23 16:00:00,735.3773937234356
2024-06-23 17:00:00,614.0161211834481
2024-06-23 18:00:00,684.3754218121919
2024-06-23 19:00:00,911.4715121637313
2024-06-23 20:00:00,1095.4068726132198
2024-06-23 21:00:00,1286.5849153725192
2024-06-23 22:00:00,904.3479479196756
2024-06-23 23:00:00,887.0875881368911
2024-06-24 00:00:00,819.204664455326
2024-06-24 01:00:00,920.2372665381325
2024-06-24 02:00:00,892.8365047915901
2024-06-24 03:00:00,795.3476576742597
2024-06-24 04:00:00,736.8941247339585
2024-06-24 05:00:00,688.1297394341979
2024-06-24 06:00:00,687.9267509567866
2024-06-24 07:00:00,825.6194309584428
2024-06-24 08:00:00,933.2061545132084
2024-06-24 09:00:00,995.5009857368796
2024-06-24 10:00:00,1022.3988142980642
2024-06-24 11:00:00,802.5731860546207
2024-06-24 12:00:00,724.4791970327528
2024-06-24 13:00:00,667.2736564885032
2024-06-24 14:00:00,712.7934080100956
2024-06-24 15:00:00,853.9417840847691
2024-06-24 16:00:00,822.1167117378965
2024-06-24 17:00:00,675.8401735882643
2024-06-24 18:00:00,454.9502897300524
2024-06-24 19:00:00,386.15683963199905
2024-06-24 20:00:00,340.9188491018987
2024-06-24 21:00:00,290.7798810836457
2024-06-24 22:00:00,185.140726127165
2024-06-24 23:00:00,147.0933097548959
2024-06-25 00:00:00,118.88272927195018
2024-06-25 01:00:00,117.19525980369572
2024-06-25 02:00:00,134.95762388474543
2024-06-25 03:00:00,184.48350348341663
2024-06-25 04:00:00,231.25827552744474
2024-06-25 05:00:00,270.5396048209289
2024-06-25 06:00:00,286.7939599111046
2024-06-25 07:00:00,269.2979960080337
2024-06-25 08:00:00,276.7498596143565
2024-06-25 09:00:00,294.0777272669207
2024-06-25 10:00:00,176.0565873547373
2024-06-25 11:00:00,44.60284429527948
2024-06-25 12:00:00,28.055472081595934
2024-06-25 13:00:00,45.162437828204986
2024-06-25 14:00:00,45.73226743728326
2024-06-25 15:00:00,56.20944254037357
2024-06-25 16:00:00,69.65392657066306
2024-06-25 17:00:00,159.2066518521102
2024-06-25 18:00:00,278.05756868007927
2024-06-25 19:00:00,315.06537602901284
2024-06-25 20:00:00,497.15778137745764
2024-06-25 21:00:00,591.1048458553076
2024-06-25 22:00:00,630.9022870561063
2024-06-25 23:00:00,783.6868415580861
2024-06-26 00:00:00,1036.4674664356212
2024-06-26 01:00:00,1248.541806959829
2024-06-26 02:00:00,1257.6734060464905
2024-06-26 03:00:00,1153.8167826512201
2024-06-26 04:00:00,1057.6515184864697
2024-06-26 05:00:00,1092.6352133200812
2024-06-26 06:00:00,1128.4374055063827
2024-06-26 07:00:00,1237.1397412624385
2024-06-26 08:00:00,1347.6567342665921
2024-06-26 09:00:00,1303.8778628679524
2024-06-26 10:00:00,1575.7129550033062
2024-06-26 11:00:00,1315.0545818586943
2024-06-26 12:00:00,1114.8079885163195
2024-06-26 13:00:00,1067.2222414939167
2024-06-26 14:00:00,1381.5180300380803
2024-06-26 15:00:00,1280.167194142716
2024-06-26 16:00:00,1162.541723973853
2024-06-26 17:00:00,1251.3486105981483
2024-06-26 18:00:00,1027.2788022883406
2024-06-26 19:00:00,1006.4653741826562
2024-06-26 20:00:00,789.886288683481
2024-06-26 21:00:00,622.8432994998235
2024-06-26 22:00:00,326.06661067532747
2024-06-26 23:00:00,351.98566179606917
2024-06-27 00:00:00,352.36645840123606
2024-06-27 01:00:00,340.41307158635425
2024-06-27 02:00:00,272.227788480929
2024-06-27 03:00:00,219.33705596921058
2024-06-27 04:00:00,174.39196035636672
2024-06-27 05:00:00,164.78916877163894
2024-06-27 06:00:00,186.25631077150854
2024-06-27 07:00:00,187.2360139871346
2024-06-27 08:00:00,219.79657759046643
2024-06-27 09:00:00,292.5445123745892
2024-06-27 10:00:00,295.96167932584956
2024-06-27 11:00:00,202.25934337875375
2024-06-27 12:00:00,192.06105319429832
2024-06-27 13:00:00,177.33547774580717
2024-06-27 14:00:00,172.96467285161046
2024-06-27 15:00:00,246.22047720856
2024-06-27 16:00:00,287.1133566222961
2024-06-27 17:00:00,248.03815179840944
2024-06-27 18:00:00,294.9405885388022
2024-06-27 19:00:00,566.8269545611969
2024-06-27 20:00:00,762.1363474343485
2024-06-27 21:00:00,876.1758237222738
2024-06-27 22:00:00,614.0863849192101
2024-06-27 23:00:00,557.8759672477078
2024-06-28 00:00:00,477.2282402722588
2024-06-28 01:00:00,468.92812528066963
2024-06-28 02:00:00,499.5414784431669
2024-06-28 03:00:00,538.3878701914305
2024-06-28 04:00:00,638.9679989803411
2024-06-28 05:00:00,706.816710952152
2024-06-28 06:00:00,726.6003359878714
2024-06-28 07:00:00,746.9461473873904
2024-06-28 08:00:00,698.1582860434374
2024-06-28 09:00:00,680.3363053358736
2024-06-28 10:00:00,725.4899980796009
2024-06-28 11:00:00,930.3213683836686
2024-06-28 12:00:00,749.6376199862315
2024-06-28 13:00:00,494.42778696005996
2024-06-28 14:00:00,481.57673001925264
2024-06-28 15:00:00,559.7810648568983
2024-06-28 16:00:00,526.14845958002
2024-06-28 17:00:00,521.7383920215865
2024-06-28 18:00:00,524.8263030151421
2024-06-28 19:00:00,517.1354863255957
2024-06-28 20:00:00,459.1503427774061
2024-06-28 21:00:00,413.6029467920639
2024-06-28 22:00:00,331.65046814178146
2024-06-28 23:00:00,308.2368645971575
2024-06-29 00:00:00,342.9250263248932
2024-06-29 01:00:00,401.8667398930397
2024-06-29 02:00:00,452.6548562084634
2024-06-29 03:00:00,519.6557605437171
2024-06-29 04:00:00,570.2630130368673
2024-06-29 05:00:00,633.0703573701055
2024-06-29 06:00:00,724.4897666554554
2024-06-29 07:00:00,804.6235348093519
2024-06-29 08:00:00,898.6562508621496
2024-06-29 09:00:00,1011.6169167877014
2024-06-29 10:00:00,820.5378593785044
2024-06-29 11:00:00,942.8354349932468
2024-06-29 12:00:00,879.8396391086897
2024-06-29 13:00:00,905.7259122979716
2024-06-29 14:00:00,1011.5943323760904
2024-06-29 15:00:00,1340.0395269118774
2024-06-29 16:00:00,1627.9551524892895
2024-06-29 17:00:00,2020.2871826213297
2024-06-29 18:00:00,2166.708068440273
2024-06-29 19:00:00,2163.9704896583908
2024-06-29 20:00:00,2346.7497241418973
2024-06-29 21:00:00,2430.199673203265
2024-06-29 22:00:00,2275.9011773021216
2024-06-29 23:00:00,2315.203463023427
2024-06-30 00:00:00,2372.13000069121
2024-06-30 01:00:00,2378.4789191715245
2024-06-30 02:00:00,2358.150958056188
2024-06-30 03:00:00,2473.069019476769
2024-06-30 04:00:00,2305.342538249925
2024-06-30 05:00:00,2079.2539260368594
2024-06-30 06:00:00,1866.6239130516706
2024-06-30 07:00:00,1555.4460813484218
2024-06-30 08:00:00,1354.8568197476768
2024-06-30 09:00:00,1168.5623688336548
2024-06-30 10:00:00,964.6775923361507
2024-06-30 11:00:00,891.0056483953515
2024-06-30 12:00:00,1043.3746322911693
2024-06-30 13:00:00,934.6682190836356
2024-06-30 14:00:00,801.8957687838705
2024-06-30 15:00:00,646.0856869490202
2024-06-30 16:00:00,660.0298365785044
2024-06-30 17:00:00,587.5293971128094
2024-06-30 18:00:00,680.3399273962068
2024-06-30 19:00:00,1138.5378926889937
2024-06-30 20:00:00,1364.0737094761898
2024-06-30 21:00:00,929.0299785462171
2024-06-30 22:00:00,496.2600176773345
2024-06-30 23:00:00,490.04035920763505
2024-07-01 00:00:00,553.9631518810089
2024-07-01 01:00:00,606.7255100322028
2024-07-01 02:00:00,717.4623101547865
2024-07-01 03:00:00,862.9458007429507
2024-07-01 04:00:00,857.2847887181694
2024-07-01 05:00:00,819.6944983092231
2024-07-01 06:00:00,789.1016778003938
2024-07-01 07:00:00,777.7590362569279
2024-07-01 08:00:00,770.1452239053783
2024-07-01 09:00:00,704.3214686197042
2024-07-01 10:00:00,593.9461211338611
2024-07-01 11:00:00,355.9300722915472
2024-07-01 12:00:00,279.2518361927327
2024-07-01 13:00:00,241.23504335234026
2024-07-01 14:00:00,217.59859430285042
2024-07-01 15:00:00,312.7168666074999
2024-07-01 16:00:00,361.1721623358498
2024-07-01 17:00:00,396.75528568325086
2024-07-01 18:00:00,359.2697573636887
2024-07-01 19:00:00,366.71754322819044
2024-07-01 20:00:00,330.2183624781679
2024-07-01 21:00:00,300.62678209286685
2024-07-01 22:00:00,222.59910356266838
2024-07-01 23:00:00,209.12846858026705
2024-07-02 00:00:00,278.51089135090956
2024-07-02 01:00:00,337.68009615463546
2024-07-02 02:00:00,356.3913751148297
2024-07-02 03:00:00,403.7036744711103
2024-07-02 04:00:00,473.1717287641824
2024-07-02 05:00:00,482.13427265818797
2024-07-02 06:00:00,448.2705978043081
2024-07-02 07:00:00,339.52691975933396
2024-07-02 08:00:00,246.4621153424843
2024-07-02 09:00:00,209.68451751682554
2024-07-02 10:00:00,175.3830018326053
2024-07-02 11:00:00,93.66815331991845
2024-07-02 12:00:00,14.188051922035138
2024-07-02 13:00:00,8.81686860014098
2024-07-02 14:00:00,15.545909796481597
2024-07-02 15:00:00,34.43296585599182
2024-07-02 16:00:00,52.77388417556624
2024-07-02 17:00:00,73.53612375354362
2024-07-02 18:00:00,69.87620853122098
2024-07-02 19:00:00,58.41261858127264
2024-07-02 20:00:00,43.911636022805936
2024-07-02 21:00:00,42.202259675998036
2024-07-02 22:00:00,75.86172850363405
2024-07-02 23:00:00,79.2970384676122
2024-07-03 00:00:00,96.69077479687832
2024-07-03 01:00:00,105.12092625495654
2024-07-03 02:00:00,105.16035212987151
2024-07-03 03:00:00,112.98606974292457
2024-07-03 04:00:00,127.28367256147993
2024-07-03 05:00:00,141.2325617807584
2024-07-03 06:00:00,155.1079341197157
2024-07-03 07:00:00,184.9660185458808
2024-07-03 08:00:00,233.0755222467101
2024-07-03 09:00:00,354.4092198570429
2024-07-03 10:00:00,397.7954310645
2024-07-03 11:00:00,376.5448521650783
2024-07-03 12:00:00,327.31310350227005
2024-07-03 13:00:00,206.0740216570562
2024-07-03 14:00:00,237.13899957757
2024-07-03 15:00:00,404.3421680279028
2024-07-03 16:00:00,654.3351534421279
2024-07-03 17:00:00,916.1362680510942
2024-07-03 18:00:00,1003.8963580564671
2024-07-03 19:00:00,1100.5400707786728
2024-07-03 20:00:00,1138.7111610701563
2024-07-03 21:00:00,1029.0518110701066
2024-07-03 22:00:00,1268.3467794502017
2024-07-03 23:00:00,1385.0452662295102
2024-07-04 00:00:00,1575.653453180667
2024-07-04 01:00:00,1793.3004654890096
2024-07-04 02:00:00,1969.5025872475471
2024-07-04 03:00:00,2016.108972593438
2024-07-04 04:00:00,1999.2069335934148
2024-07-04 05:00:00,1882.057501269614
2024-07-04 06:00:00,1796.5043584640903
2024-07-04 07:00:00,1664.4934385299707
2024-07-04 08:00:00,1515.1800840877004
2024-07-04 09:00:00,1431.6497068606732
2024-07-04 10:00:00,1522.8593442350643
2024-07-04 11:00:00,1303.3474229110602
2024-07-04 12:00:00,945.1644654061822
2024-07-04 13:00:00,784.0707790943612
2024-07-04 14:00:00,791.4623169090993
2024-07-04 15:00:00,923.5022929316086
2024-07-04 16:00:00,1058.1616653555848
2024-07-04 17:00:00,1156.1522174222878
2024-07-04 18:00:00,1180.2121289686097
2024-07-04 19:00:00,1118.7101030948847
2024-07-04 20:00:00,1008.2809793410058
2024-07-04 21:00:00,805.9511541720573
2024-07-04 22:00:00,551.9545321188986
2024-07-04 23:00:00,536.4293969744256
2024-07-05 00:00:00,617.291147494086
2024-07-05 01:00:00,662.1997612785315
2024-07-05 02:00:00,621.7171864123621
2024-07-05 03:00:00,566.1764088193066
2024-07-05 04:00:00,449.88008456229045
2024-07-05 05:00:00,371.45367785111404
2024-07-05 06:00:00,325.9868720039163
2024-07-05 07:00:00,296.2003045956781
2024-07-05 08:00:00,292.7738121131633
2024-07-05 09:00:00,263.83167455514223
2024-07-05 10:00:00,212.07657592154735
2024-07-05 11:00:00,124.94366546644885
2024-07-05 12:00:00,101.84967540907803
2024-07-05 13:00:00,85.0418905135229
2024-07-05 14:00:00,109.74504589531514
2024-07-05 15:00:00,114.74453241515948
2024-07-05 16:00:00,118.05195586109659
2024-07-05 17:00:00,82.15382056061686
2024-07-05 18:00:00,77.10171805542508
2024-07-05 19:00:00,68.72439927034628
2024-07-05 20:00:00,58.96795552746527
2024-07-05 21:00:00,45.98391950034308
2024-07-05 22:00:00,38.63368407075792
2024-07-05 23:00:00,51.33108153150931
2024-07-06 00:00:00,105.75402889410587
2024-07-06 01:00:00,128.8713543261524
2024-07-06 02:00:00,136.52485932454815
2024-07-06 03:00:00,96.36200332934834
2024-07-06 04:00:00,90.54025586270828
2024-07-06 05:00:00,82.18864148458995
2024-07-06 06:00:00,84.4289606218929
2024-07-06 07:00:00,99.96299688475054
2024-07-06 08:00:00,102.43016961485108
2024-07-06 09:00:00,88.92110787035192
2024-07-06 10:00:00,97.02764092383181
2024-07-06 11:00:00,67.17207330428201
2024-07-06 12:00:00,82.32752635142829
2024-07-06 13:00:00,97.13285895188406
2024-07-06 14:00:00,84.12420936472422
2024-07-06 15:00:00,145.81991041067684
2024-07-06 16:00:00,195.0664260259109
2024-07-06 17:00:00,213.64583441027457
2024-07-06 18:00:00,131.66337735118464
2024-07-06 19:00:00,124.4665969973673
2024-07-06 20:00:00,89.78520100883958
2024-07-06 21:00:00,91.12965103037008
2024-07-06 22:00:00,29.92288715046057
2024-07-06 23:00:00,27.917446177201334
2024-07-07 00:00:00,17.60200401243768
2024-07-07 01:00:00,28.453738891078917
2024-07-07 02:00:00,20.451638336959167
2024-07-07 03:00:00,16.631514941420097
2024-07-07 04:00:00,17.89711576398154
2024-07-07 05:00:00,18.214112370348673
2024-07-07 06:00:00,24.056516117635766
2024-07-07 07:00:00,46.77988007507281
2024-07-07 08:00:00,50.292668422184526
2024-07-07 09:00:00,43.78327715111804
2024-07-07 10:00:00,23.091517637482475
2024-07-07 11:00:00,24.25753911501427
2024-07-07 12:00:00,21.50289148923275
2024-07-07 13:00:00,21.49020312550381
2024-07-07 14:00:00,18.656346391233743
2024-07-07 15:00:00,15.922817317974577
2024-07-07 16:00:00,16.60328112592935
2024-07-07 17:00:00,24.972823937430363
2024-07-07 18:00:00,35.46996115269151
2024-07-07 19:00:00,76.08314787528292
2024-07-07 20:00:00,80.15418401456739
2024-07-07 21:00:00,95.57037460917505
2024-07-07 22:00:00,73.76203646416982
2024-07-07 23:00:00,54.26821218394583
2024-07-08 00:00:00,56.9643688014069
2024-07-08 01:00:00,71.62232754499462
2024-07-08 02:00:00,116.34695536367423
2024-07-08 03:00:00,188.2736183313597
2024-07-08 04:00:00,206.7928203119135
2024-07-08 05:00:00,210.08865779642457
2024-07-08 06:00:00,237.79830801422057
2024-07-08 07:00:00,220.21337887677535
2024-07-08 08:00:00,180.88952120427655
2024-07-08 09:00:00,135.21152178017763
2024-07-08 10:00:00,134.03886583365804
2024-07-08 11:00:00,110.70365605674456
2024-07-08 12:00:00,47.398552747550795
2024-07-08 13:00:00,41.93142361422189
2024-07-08 14:00:00,42.785172564806295
2024-07-08 15:00:00,66.46313876155808
2024-07-08 16:00:00,100.39830788350542
2024-07-08 17:00:00,140.8767815433898
2024-07-08 18:00:00,176.70581371997892
2024-07-08 19:00:00,208.35350673142736
2024-07-08 20:00:00,217.90475648688545
2024-07-08 21:00:00,201.36912459250783
2024-07-08 22:00:00,230.30219865979365
2024-07-08 23:00:00,327.00493140696886
2024-07-09 00:00:00,467.88443316925145
2024-07-09 01:00:00,534.4026318159554
2024-07-09 02:00:00,549.0338246885268
2024-07-09 03:00:00,571.5195260700748
2024-07-09 04:00:00,610.9475440775691
2024-07-09 05:00:00,618.1945630213279
2024-07-09 06:00:00,634.7312575431478
2024-07-09 07:00:00,592.0075150076209
2024-07-09 08:00:00,557.6714908183644
2024-07-09 09:00:00,552.6857974961414
2024-07-09 10:00:00,510.7558382694919
2024-07-09 11:00:00,367.2156524500048
2024-07-09 12:00:00,212.40074981387264
2024-07-09 13:00:00,227.11462964263663
2024-07-09 14:00:00,300.42583193428413
2024-07-09 15:00:00,425.8352200697796
2024-07-09 16:00:00,608.1362494712934
2024-07-09 17:00:00,727.1057324290388
2024-07-09 18:00:00,873.4119433378058
2024-07-09 19:00:00,694.9475212725147
2024-07-09 20:00:00,749.4118597663899
2024-07-09 21:00:00,706.9933453436147
2024-07-09 22:00:00,684.2249403005269
2024-07-09 23:00:00,708.3454655855929
2024-07-10 00:00:00,810.0990182574827
2024-07-10 01:00:00,870.9867081710896
2024-07-10 02:00:00,852.2415451231022
2024-07-10 03:00:00,907.2340146617406
2024-07-10 04:00:00,868.7260451675941
2024-07-10 05:00:00,774.1726531060168
2024-07-10 06:00:00,668.6631128465804
2024-07-10 07:00:00,564.7100417672502
2024-07-10 08:00:00,493.86930577753157
2024-07-10 09:00:00,427.80305389667734
2024-07-10 10:00:00,261.27202851216754
2024-07-10 11:00:00,168.41107459014677
2024-07-10 12:00:00,184.06473205716014
2024-07-10 13:00:00,197.85333858973385
2024-07-10 14:00:00,176.48113700132748
2024-07-10 15:00:00,182.55465509772063
2024-07-10 16:00:00,181.66900848979066
2024-07-10 17:00:00,143.9366637019512
2024-07-10 18:00:00,151.31145162871695
2024-07-10 19:00:00,118.18922765718654
2024-07-10 20:00:00,81.3046605778063
2024-07-10 21:00:00,119.67497694501152
2024-07-10 22:00:00,97.0039836721161
2024-07-10 23:00:00,186.3886670515545
2024-07-11 00:00:00,241.3574349132893
2024-07-11 01:00:00,286.2417676393169
2024-07-11 02:00:00,326.9983186756036
2024-07-11 03:00:00,400.91040312775806
2024-07-11 04:00:00,472.9298650648232
2024-07-11 05:00:00,456.4700604892658
2024-07-11 06:00:00,459.79677827731535
2024-07-11 07:00:00,522.9718753875546
2024-07-11 08:00:00,511.30559229644723
2024-07-11 09:00:00,547.2406241116682
2024-07-11 10:00:00,466.9301193250012
2024-07-11 11:00:00,460.1093676346997
2024-07-11 12:00:00,408.73978073933677
2024-07-11 13:00:00,419.70929952796246
2024-07-11 14:00:00,475.37495255709206
2024-07-11 15:00:00,673.9859513526094
2024-07-11 16:00:00,627.0822413492626
2024-07-11 17:00:00,571.30976263158
2024-07-11 18:00:00,595.7900704210639
2024-07-11 19:00:00,507.7518154200862
2024-07-11 20:00:00,397.37868119965935
2024-07-11 21:00:00,329.80103098934813
2024-07-11 22:00:00,433.1415944119061
2024-07-11 23:00:00,369.04675418282505
2024-07-12 00:00:00,303.7288305661066
2024-07-12 01:00:00,229.13430002021596
2024-07-12 02:00:00,238.7728377104241
2024-07-12 03:00:00,207.9360554072366
2024-07-12 04:00:00,134.75325778687414
2024-07-12 05:00:00,76.11876386806296
2024-07-12 06:00:00,44.652643113172104
2024-07-12 07:00:00,44.086408327840815
2024-07-12 08:00:00,56.88389264088987
2024-07-12 09:00:00,43.479582884563555
2024-07-12 10:00:00,17.172207634461518
2024-07-12 11:00:00,9.725561725221835
2024-07-12 12:00:00,9.77396152959542
2024-07-12 13:00:00,28.30230834717384
2024-07-12 14:00:00,48.02501804247672
2024-07-12 15:00:00,42.72383670686726
2024-07-12 16:00:00,45.04409477392093
2024-07-12 17:00:00,60.73510297846262
2024-07-12 18:00:00,94.31932267024075
2024-07-12 19:00:00,148.7354469027509
2024-07-12 20:00:00,169.41091464038595
2024-07-12 21:00:00,209.58053917937622
2024-07-12 22:00:00,173.76602750726022
2024-07-12 23:00:00,240.77147077008595
2024-07-13 00:00:00,408.72862949145946
2024-07-13 01:00:00,602.5962139722208
2024-07-13 02:00:00,710.0638780231671
2024-07-13 03:00:00,742.0725193783321
2024-07-13 04:00:00,743.2156845388683
2024-07-13 05:00:00,705.6938377626337
2024-07-13 06:00:00,655.6025506529336
2024-07-13 07:00:00,604.8159281133585
2024-07-13 08:00:00,545.7566121708413
2024-07-13 09:00:00,520.8996743883777
2024-07-13 10:00:00,400.04866263508535
2024-07-13 11:00:00,272.9062168726661
2024-07-13 12:00:00,119.8508666910433
2024-07-13 13:00:00,88.58892671937542
2024-07-13 14:00:00,99.07830047622217
2024-07-13 15:00:00,109.1458015291526
2024-07-13 16:00:00,144.57132604629794
2024-07-13 17:00:00,207.092422117975
2024-07-13 18:00:00,263.08772364567113
2024-07-13 19:00:00,249.40230740733531
2024-07-13 20:00:00,279.7142800812795
2024-07-13 21:00:00,243.88436673756866
2024-07-13 22:00:00,137.72319894873928
2024-07-13 23:00:00,134.21854556074757
2024-07-14 00:00:00,244.33303028988058
2024-07-14 01:00:00,386.927742422241
2024-07-14 02:00:00,441.1863056975974
2024-07-14 03:00:00,510.0518453826627
2024-07-14 04:00:00,524.3768553942404
2024-07-14 05:00:00,549.4444630457103
2024-07-14 06:00:00,521.3470949069178
2024-07-14 07:00:00,494.4160306354267
2024-07-14 08:00:00,463.47222454784753
2024-07-14 09:00:00,424.2418399026492
2024-07-14 10:00:00,313.04895391305314
2024-07-14 11:00:00,207.2312124576858
2024-07-14 12:00:00,88.93079370137275
2024-07-14 13:00:00,90.32654467734386
2024-07-14 14:00:00,102.42630000878262
2024-07-14 15:00:00,150.8153368617469
2024-07-14 16:00:00,256.46500940886136
2024-07-14 17:00:00,379.19506229097743
2024-07-14 18:00:00,441.7879402075592
2024-07-14 19:00:00,454.5422962335779
2024-07-14 20:00:00,558.4992381507641
2024-07-14 21:00:00,545.2398523788127
2024-07-14 22:00:00,392.5113247930544
2024-07-14 23:00:00,485.88647465886015
2024-07-15 00:00:00,631.0777830559643
2024-07-15 01:00:00,688.4007455139797
2024-07-15 02:00:00,690.8963383890117
2024-07-15 03:00:00,677.1700284769919
2024-07-15 04:00:00,690.4143290277117
2024-07-15 05:00:00,718.2804544125263
2024-07-15 06:00:00,715.3359870422267
2024-07-15 07:00:00,674.0353197642053
2024-07-15 08:00:00,662.48735338871
2024-07-15 09:00:00,697.887788850047
2024-07-15 10:00:00,704.7449865220331
2024-07-15 11:00:00,602.765880245617
2024-07-15 12:00:00,408.9478629947134
2024-07-15 13:00:00,469.54876807679847
2024-07-15 14:00:00,502.7162523777371
2024-07-15 15:00:00,569.4195475342366
2024-07-15 16:00:00,579.5706627429822
2024-07-15 17:00:00,604.565695170478
2024-07-15 18:00:00,666.1631660079746
2024-07-15 19:00:00,633.2050732877366
2024-07-15 20:00:00,482.161356923703
2024-07-15 21:00:00,291.63130243199726
2024-07-15 22:00:00,173.46071156532335
2024-07-15 23:00:00,176.2974801359777
2024-07-16 00:00:00,285.6612618393303
2024-07-16 01:00:00,379.581514201396
2024-07-16 02:00:00,437.0835056875208
2024-07-16 03:00:00,438.30749671330074
2024-07-16 04:00:00,423.65541578133747
2024-07-16 05:00:00,442.96071235495396
2024-07-16 06:00:00,370.80437430810844
2024-07-16 07:00:00,297.5020528939392
2024-07-16 08:00:00,245.49814246562588
2024-07-16 09:00:00,215.88409775259717
2024-07-16 10:00:00,114.17376414196325
2024-07-16 11:00:00,70.41120289300555
2024-07-16 12:00:00,51.61213994359118
2024-07-16 13:00:00,48.81133588230114
2024-07-16 14:00:00,72.9127572050413
2024-07-16 15:00:00,105.54089321702065
2024-07-16 16:00:00,112.30754972260475
2024-07-16 17:00:00,138.9474071654964
2024-07-16 18:00:00,139.89793724751675
2024-07-16 19:00:00,156.0390544883382
2024-07-16 20:00:00,156.94935793975083
2024-07-16 21:00:00,141.88458207956646
2024-07-16 22:00:00,92.06260305894212
2024-07-16 23:00:00,94.07998996942555
2024-07-17 00:00:00,108.761133044172
2024-07-17 01:00:00,85.91622634563825
2024-07-17 02:00:00,96.44284349910393
2024-07-17 03:00:00,151.64986557997415
2024-07-17 04:00:00,213.38561098037331
2024-07-17 05:00:00,297.43486739464925
2024-07-17 06:00:00,364.9668369441493
2024-07-17 07:00:00,407.5614551399735
2024-07-17 08:00:00,439.2296550405399
2024-07-17 09:00:00,476.0507093918364
2024-07-17 10:00:00,464.4492002516992
2024-07-17 11:00:00,404.37886023067
2024-07-17 12:00:00,471.7589726388866
2024-07-17 13:00:00,562.0834239642195
2024-07-17 14:00:00,580.9601983898557
2024-07-17 15:00:00,539.8841953600477
2024-07-17 16:00:00,593.6714892726199
2024-07-17 17:00:00,676.3499762386936
2024-07-17 18:00:00,767.9881733778122
2024-07-17 19:00:00,758.920196004008
2024-07-17 20:00:00,690.0303232148473
2024-07-17 21:00:00,644.8852404367822
2024-07-17 22:00:00,380.5627772916555
2024-07-17 23:00:00,371.36157945468807
2024-07-18 00:00:00,494.9304502304575
2024-07-18 01:00:00,661.8012958352587
2024-07-18 02:00:00,741.3055802150517
2024-07-18 03:00:00,759.125465155749
2024-07-18 04:00:00,697.1078776149137
2024-07-18 05:00:00,670.5718801140899
2024-07-18 06:00:00,593.9074823187782
2024-07-18 07:00:00,471.43969082849895
2024-07-18 08:00:00,378.9071628536536
2024-07-18 09:00:00,313.141776588298
2024-07-18 10:00:00,342.66275501894273
2024-07-18 11:00:00,279.9092536217043
2024-07-18 12:00:00,195.62103819412718
2024-07-18 13:00:00,347.6870998251294
2024-07-18 14:00:00,575.2448329813661
2024-07-18 15:00:00,723.7460964912749
2024-07-18 16:00:00,864.907019275768
2024-07-18 17:00:00,984.1960459106239
2024-07-18 18:00:00,1165.3799877921772
2024-07-18 19:00:00,1378.1245809056013
2024-07-18 20:00:00,1318.614021709942
2024-07-18 21:00:00,1229.5457190573181
2024-07-18 22:00:00,1187.421039911402
2024-07-18 23:00:00,1130.8883728382598
2024-07-19 00:00:00,929.0659337412313
2024-07-19 01:00:00,808.2138930777148
2024-07-19 02:00:00,778.2674559710097
2024-07-19 03:00:00,816.605984827017
2024-07-19 04:00:00,856.3583653972602
2024-07-19 05:00:00,835.7126510541917
2024-07-19 06:00:00,821.7800038829334
2024-07-19 07:00:00,800.975832710473
2024-07-19 08:00:00,766.7152009256174
2024-07-19 09:00:00,732.8811398794614
2024-07-19 10:00:00,726.1936866175203
2024-07-19 11:00:00,442.8250237876406
2024-07-19 12:00:00,392.6241890082991
2024-07-19 13:00:00,352.6943526830826
2024-07-19 14:00:00,383.69615864784544
2024-07-19 15:00:00,467.22388496558085
2024-07-19 16:00:00,554.8370336624145
2024-07-19 17:00:00,603.6988883494301
2024-07-19 18:00:00,653.5323375714069
2024-07-19 19:00:00,696.0202534984116
2024-07-19 20:00:00,716.5026405905397
2024-07-19 21:00:00,695.7326378371079
2024-07-19 22:00:00,516.7662570329675
2024-07-19 23:00:00,467.2382845048738
2024-07-20 00:00:00,533.6077243397013
2024-07-20 01:00:00,679.2142804610966
2024-07-20 02:00:00,793.3078281833845
2024-07-20 03:00:00,801.2001724249402
2024-07-20 04:00:00,816.4624965031182
2024-07-20 05:00:00,858.7485946907897
2024-07-20 06:00:00,888.4622609731442
2024-07-20 07:00:00,913.8473986634626
2024-07-20 08:00:00,942.7269979586365
2024-07-20 09:00:00,987.3495270448312
2024-07-20 10:00:00,972.5832598129539
2024-07-20 11:00:00,907.8257943327458
2024-07-20 12:00:00,719.7655374256442
2024-07-20 13:00:00,855.9264640900008
2024-07-20 14:00:00,1017.2107006815681
2024-07-20 15:00:00,1430.3493749907325
2024-07-20 16:00:00,1691.4316459769555
2024-07-20 17:00:00,1773.6820776680395
2024-07-20 18:00:00,1941.8693000116925
2024-07-20 19:00:00,1961.7840617976296
2024-07-20 20:00:00,1805.8201087064417
2024-07-20 21:00:00,1514.7029564986203
2024-07-20 22:00:00,1107.6969001771276
2024-07-20 23:00:00,781.2890705631808
2024-07-21 00:00:00,599.5855993937253
2024-07-21 01:00:00,638.4493224278208
2024-07-21 02:00:00,592.2502881360094
2024-07-21 03:00:00,604.6704923040112
2024-07-21 04:00:00,533.0402303666178
2024-07-21 05:00:00,551.2223052029574
2024-07-21 06:00:00,552.9666278796188
2024-07-21 07:00:00,527.9857051908117
2024-07-21 08:00:00,513.5076652102864
2024-07-21 09:00:00,460.72454504984137
2024-07-21 10:00:00,401.95616092237935
2024-07-21 11:00:00,257.6501663260852
2024-07-21 12:00:00,350.06633708551544
2024-07-21 13:00:00,602.3363633378356
2024-07-21 14:00:00,758.4358781217632
2024-07-21 15:00:00,1006.3468721953885
2024-07-21 16:00:00,1310.4756744638632
2024-07-21 17:00:00,1563.3148194982302
2024-07-21 18:00:00,1715.4121553581497
2024-07-21 19:00:00,1478.9236044333702
2024-07-21 20:00:00,1468.1731697304165
2024-07-21 21:00:00,1452.4544780365902
2024-07-21 22:00:00,1096.249893914036
2024-07-21 23:00:00,1012.9880322503334
2024-07-22 00:00:00,913.7537953877127
2024-07-22 01:00:00,956.0732815202688
2024-07-22 02:00:00,1040.4528966820892
2024-07-22 03:00:00,1073.0216540700533
2024-07-22 04:00:00,1008.2084070923154
2024-07-22 05:00:00,1026.3317585630568
2024-07-22 06:00:00,1042.0465150582656
2024-07-22 07:00:00,1029.398852633841
2024-07-22 08:00:00,993.1288461679302
2024-07-22 09:00:00,948.0799778149774
2024-07-22 10:00:00,1017.14595507607
2024-07-22 11:00:00,728.4235697855315
2024-07-22 12:00:00,787.4302003246576
2024-07-22 13:00:00,971.8402655137298
2024-07-22 14:00:00,1265.8336849273487
2024-07-22 15:00:00,1507.0844658125654
2024-07-22 16:00:00,1416.3757766440503
2024-07-22 17:00:00,1383.9859860081983
2024-07-22 18:00:00,1230.8155065090493
2024-07-22 19:00:00,1147.6255975109862
2024-07-22 20:00:00,1000.7768108078623
2024-07-22 21:00:00,692.4055983082899
2024-07-22 22:00:00,323.16375426251494
2024-07-22 23:00:00,269.3975467385562
2024-07-23 00:00:00,222.43894712253694
2024-07-23 01:00:00,242.0253229148988
2024-07-23 02:00:00,247.32125349029843
2024-07-23 03:00:00,256.97143324980897
2024-07-23 04:00:00,251.942159831431
2024-07-23 05:00:00,190.0194785019183
2024-07-23 06:00:00,165.15983442902743
2024-07-23 07:00:00,131.11235301625837
2024-07-23 08:00:00,80.9601996212542
2024-07-23 09:00:00,59.85725374718542
2024-07-23 10:00:00,55.40720479782138
2024-07-23 11:00:00,37.87698261890274
2024-07-23 12:00:00,17.59927051693383
2024-07-23 13:00:00,2.9836282129982137
2024-07-23 14:00:00,3.5583770181462637
2024-07-23 15:00:00,2.6183038969046644
2024-07-23 16:00:00,4.9153401774461365
2024-07-23 17:00:00,10.718498239950451
2024-07-23 18:00:00,12.984149916119662
2024-07-23 19:00:00,9.557506193259451
2024-07-23 20:00:00,23.25011550683293
2024-07-23 21:00:00,42.26670801221949
2024-07-23 22:00:00,48.55302558609639
2024-07-23 23:00:00,55.7325858808405
2024-07-24 00:00:00,91.68036579580834
2024-07-24 01:00:00,97.26679501221928
2024-07-24 02:00:00,114.1692513276604
2024-07-24 03:00:00,106.13579396835212
2024-07-24 04:00:00,79.81601611904311
2024-07-24 05:00:00,67.48203478032174
2024-07-24 06:00:00,61.60427378444611
2024-07-24 07:00:00,62.65220284433763
2024-07-24 08:00:00,62.972434008410175
2024-07-24 09:00:00,98.12759697659399
2024-07-24 10:00:00,126.85421398105915
2024-07-24 11:00:00,109.17104668259758
2024-07-24 12:00:00,41.1511973400268
2024-07-24 13:00:00,36.70786659546515
2024-07-24 14:00:00,52.373509579871616
2024-07-24 15:00:00,62.84860880155341
2024-07-24 16:00:00,68.52537046852399
2024-07-24 17:00:00,85.65826961347902
2024-07-24 18:00:00,108.61523881468084
2024-07-24 19:00:00,132.04087004130008
2024-07-24 20:00:00,176.37115149562206
2024-07-24 21:00:00,320.11225983391495
2024-07-24 22:00:00,215.38456046883522
2024-07-24 23:00:00,381.41925564912646
2024-07-25 00:00:00,611.4108595423853
2024-07-25 01:00:00,712.2706807812507
2024-07-25 02:00:00,848.8107174577223
2024-07-25 03:00:00,897.0145487887444
2024-07-25 04:00:00,847.5126547825948
2024-07-25 05:00:00,833.6497080319471
2024-07-25 06:00:00,812.4795942341574
2024-07-25 07:00:00,834.097717310662
2024-07-25 08:00:00,875.4027174530921
2024-07-25 09:00:00,845.1892966484321
2024-07-25 10:00:00,749.2046366392829
2024-07-25 11:00:00,795.2792893861638
2024-07-25 12:00:00,835.2236857360282
2024-07-25 13:00:00,1125.9136155255756
2024-07-25 14:00:00,1052.3931797968683
2024-07-25 15:00:00,1048.2387443195776
2024-07-25 16:00:00,1162.8516700186394
2024-07-25 17:00:00,1473.2280877650483
2024-07-25 18:00:00,1641.0395293673578
2024-07-25 19:00:00,1535.1534134667402
2024-07-25 20:00:00,1169.0252669686754
2024-07-25 21:00:00,1010.1432871190348
2024-07-25 22:00:00,662.2624022354853
2024-07-25 23:00:00,833.3767347989427
2024-07-26 00:00:00,818.706166278282
2024-07-26 01:00:00,771.6040183481232
2024-07-26 02:00:00,774.3159228039327
2024-07-26 03:00:00,712.6368185304402
2024-07-26 04:00:00,648.6239174821567
2024-07-26 05:00:00,623.5603683177584
2024-07-26 06:00:00,654.5851965371631
2024-07-26 07:00:00,728.5623551614594
2024-07-26 08:00:00,768.3604240307582
2024-07-26 09:00:00,770.1015378734733
2024-07-26 10:00:00,807.1038330971816
2024-07-26 11:00:00,708.5268954890353
2024-07-26 12:00:00,600.4939329538502
2024-07-26 13:00:00,524.7050200025052
2024-07-26 14:00:00,463.5579081771316
2024-07-26 15:00:00,434.038900843877
2024-07-26 16:00:00,600.32264247568
2024-07-26 17:00:00,642.5786551621334
2024-07-26 18:00:00,584.5125758002176
2024-07-26 19:00:00,491.9830934381128
2024-07-26 20:00:00,441.36013899399535
2024-07-26 21:00:00,368.01055151106306
2024-07-26 22:00:00,253.01820436088647
2024-07-26 23:00:00,186.24401252251783
2024-07-27 00:00:00,189.89193368059736
2024-07-27 01:00:00,189.62434648621095
2024-07-27 02:00:00,165.18789818881692
2024-07-27 03:00:00,120.94069737420932
2024-07-27 04:00:00,91.77389698311988
2024-07-27 05:00:00,70.07112833939148
2024-07-27 06:00:00,58.44185437682255
2024-07-27 07:00:00,42.19054347890897
2024-07-27 08:00:00,30.917449313693478
2024-07-27 09:00:00,22.924616882733172
2024-07-27 10:00:00,33.66617148915443
2024-07-27 11:00:00,35.016309580307805
2024-07-27 12:00:00,10.753087097460824
2024-07-27 13:00:00,13.823220233434544
2024-07-27 14:00:00,25.624266434960425
2024-07-27 15:00:00,42.71490150415218
2024-07-27 16:00:00,56.842129316385396
2024-07-27 17:00:00,96.16587277666072
2024-07-27 18:00:00,157.04568283374658
2024-07-27 19:00:00,216.7094765485328
2024-07-27 20:00:00,283.052461253227
2024-07-27 21:00:00,345.61185571076174
2024-07-27 22:00:00,372.1767537696839
2024-07-27 23:00:00,521.7987531785637
2024-07-28 00:00:00,721.0283224538421
2024-07-28 01:00:00,951.7383492927356
2024-07-28 02:00:00,965.0554350822475
2024-07-28 03:00:00,960.5624673550448
2024-07-28 04:00:00,949.869021591318
2024-07-28 05:00:00,931.2635388904844
2024-07-28 06:00:00,891.942578542346
2024-07-28 07:00:00,848.1684580569149
2024-07-28 08:00:00,791.0083435097284
2024-07-28 09:00:00,704.478077241805
2024-07-28 10:00:00,699.5151935840547
2024-07-28 11:00:00,459.73758097489497
2024-07-28 12:00:00,206.67163453617383
2024-07-28 13:00:00,165.68479283229232
2024-07-28 14:00:00,156.19968393530706
2024-07-28 15:00:00,207.78217356832252
2024-07-28 16:00:00,316.3321116509985
2024-07-28 17:00:00,403.0359551197362
2024-07-28 18:00:00,460.8159942158104
2024-07-28 19:00:00,459.5763439178931
2024-07-28 20:00:00,457.4285820559149
2024-07-28 21:00:00,445.1235769821958
2024-07-28 22:00:00,380.4642315178603
2024-07-28 23:00:00,493.2344038570877
2024-07-29 00:00:00,634.5064133088213
2024-07-29 01:00:00,671.2294652102535
2024-07-29 02:00:00,687.2161566024279
2024-07-29 03:00:00,682.2435570333205
2024-07-29 04:00:00,608.340956870398
2024-07-29 05:00:00,532.4035684557693
2024-07-29 06:00:00,489.7151579037203
2024-07-29 07:00:00,408.56614974958956
2024-07-29 08:00:00,307.5984189342845
2024-07-29 09:00:00,317.68313927537827
2024-07-29 10:00:00,259.05243164693
2024-07-29 11:00:00,164.88722769515581
2024-07-29 12:00:00,100.99088602823524
2024-07-29 13:00:00,68.19101931586972
2024-07-29 14:00:00,73.55902409256655
2024-07-29 15:00:00,97.41284924261473
2024-07-29 16:00:00,164.4970318186914
2024-07-29 17:00:00,216.94219765636643
2024-07-29 18:00:00,287.50071569964416
2024-07-29 19:00:00,380.79371761652953
2024-07-29 20:00:00,365.0107770488642
2024-07-29 21:00:00,332.226793986943
2024-07-29 22:00:00,267.1850759844047
2024-07-29 23:00:00,370.12207402853943
2024-07-30 00:00:00,501.03392800495897
2024-07-30 01:00:00,659.1238988502043
2024-07-30 02:00:00,640.5961037912864
2024-07-30 03:00:00,570.3877732374845
2024-07-30 04:00:00,679.5871791065789
2024-07-30 05:00:00,793.3506140494868
2024-07-30 06:00:00,829.6099254396235
2024-07-30 07:00:00,797.8780204402173
2024-07-30 08:00:00,699.7530256069967
2024-07-30 09:00:00,633.9856119951208
2024-07-30 10:00:00,553.0056598912608
2024-07-30 11:00:00,575.4967501419842
2024-07-30 12:00:00,644.4265621024969
2024-07-30 13:00:00,719.7384704256668
2024-07-30 14:00:00,654.6098743916775
2024-07-30 15:00:00,767.5713423964479
2024-07-30 16:00:00,623.8998175288309
2024-07-30 17:00:00,552.2182772266381
2024-07-30 18:00:00,586.9915621344405
2024-07-30 19:00:00,635.6838725201129
2024-07-30 20:00:00,528.8058550026207
2024-07-30 21:00:00,577.6724943152694
2024-07-30 22:00:00,422.9057111699666
2024-07-30 23:00:00,545.0242395811393
2024-07-31 00:00:00,689.7945779358972
2024-07-31 01:00:00,784.9378781648587
2024-07-31 02:00:00,951.7773158877
2024-07-31 03:00:00,904.7404348487943
2024-07-31 04:00:00,814.6919200676964
2024-07-31 05:00:00,800.3317701098321
2024-07-31 06:00:00,690.3333780493391
2024-07-31 07:00:00,646.9790901233296
2024-07-31 08:00:00,580.4077878096582
2024-07-31 09:00:00,527.6580138302921
2024-07-31 10:00:00,442.01134374732766
2024-07-31 11:00:00,557.763762605907
2024-07-31 12:00:00,640.8832902291031
2024-07-31 13:00:00,548.0782969685447
2024-07-31 14:00:00,490.7015532993187
2024-07-31 15:00:00,512.0693564253028
2024-07-31 16:00:00,525.6169323699322
2024-07-31 17:00:00,478.28445756553606
2024-07-31 18:00:00,478.6722099764698
2024-07-31 19:00:00,436.2443640955577
2024-07-31 20:00:00,616.3048429990009
2024-07-31 21:00:00,548.2963766179173
2024-07-31 22:00:00,446.06452780515457
2024-07-31 23:00:00,465.9699734915193
2024-08-01 00:00:00,551.8644383251967
2024-08-01 01:00:00,661.4943267169211
2024-08-01 02:00:00,632.3129267002544
2024-08-01 03:00:00,611.6966334602505
2024-08-01 04:00:00,458.036186303022
2024-08-01 05:00:00,453.4092092582965
2024-08-01 06:00:00,489.4857996836486
2024-08-01 07:00:00,483.4235969658623
2024-08-01 08:00:00,403.4542649485091
2024-08-01 09:00:00,317.4107676385515
2024-08-01 10:00:00,318.7714796407114
2024-08-01 11:00:00,263.94768088083765
2024-08-01 12:00:00,221.9120241271634
2024-08-01 13:00:00,226.26755565589994
2024-08-01 14:00:00,258.8767387450305
2024-08-01 15:00:00,201.41122817726955
2024-08-01 16:00:00,202.35079240997234
2024-08-01 17:00:00,187.62302618971913
2024-08-01 18:00:00,118.11277157847486
2024-08-01 19:00:00,102.45883414481892
2024-08-01 20:00:00,126.88288554735912
2024-08-01 21:00:00,150.81992015051466
2024-08-01 22:00:00,131.4013369422514
2024-08-01 23:00:00,114.81210920439752
2024-08-02 00:00:00,167.21272452155006
2024-08-02 01:00:00,225.936319992229
2024-08-02 02:00:00,287.5312457264624
2024-08-02 03:00:00,285.5182245054384
2024-08-02 04:00:00,334.1829385350295
2024-08-02 05:00:00,408.98177128408724
2024-08-02 06:00:00,403.12191898076003
2024-08-02 07:00:00,356.8019041458505
2024-08-02 08:00:00,340.43659546635456
2024-08-02 09:00:00,288.89867226352237
2024-08-02 10:00:00,238.3386753882443
2024-08-02 11:00:00,152.45521688789594
2024-08-02 12:00:00,47.618736114322495
2024-08-02 13:00:00,36.81116801624627
2024-08-02 14:00:00,44.57532000541938
2024-08-02 15:00:00,49.61334717115837
2024-08-02 16:00:00,57.999906207565054
2024-08-02 17:00:00,97.21277829420437
2024-08-02 18:00:00,118.09751284348802
2024-08-02 19:00:00,151.9121426481691
2024-08-02 20:00:00,134.18815254671614
2024-08-02 21:00:00,97.80364397975903
2024-08-02 22:00:00,104.19577274763465
2024-08-02 23:00:00,89.31809652649224
2024-08-03 00:00:00,183.4495115138569
2024-08-03 01:00:00,312.7496726594698
2024-08-03 02:00:00,433.43156105364807
2024-08-03 03:00:00,488.7529277979829
2024-08-03 04:00:00,512.697229491793
2024-08-03 05:00:00,502.6076698616621
2024-08-03 06:00:00,483.18324928763985
2024-08-03 07:00:00,447.23252127916135
2024-08-03 08:00:00,392.00002107687277
2024-08-03 09:00:00,367.8136641351923
2024-08-03 10:00:00,334.79984387600507
2024-08-03 11:00:00,194.19028668699153
2024-08-03 12:00:00,74.00090793047163
2024-08-03 13:00:00,59.52889246342229
2024-08-03 14:00:00,45.995850400609406
2024-08-03 15:00:00,56.302985163532206
2024-08-03 16:00:00,72.97610589551385
2024-08-03 17:00:00,141.1535336069577
2024-08-03 18:00:00,223.55159492969833
2024-08-03 19:00:00,350.2375552771153
2024-08-03 20:00:00,344.577654612266
2024-08-03 21:00:00,222.40694772669335
2024-08-03 22:00:00,174.70972837227131
2024-08-03 23:00:00,196.741075294549
2024-08-04 00:00:00,187.50089108113727
2024-08-04 01:00:00,229.11942161286237
2024-08-04 02:00:00,280.7886793887384
2024-08-04 03:00:00,340.2976993450157
2024-08-04 04:00:00,386.96924107882376
2024-08-04 05:00:00,423.8918798415644
2024-08-04 06:00:00,451.0752173241739
2024-08-04 07:00:00,468.66130250565385
2024-08-04 08:00:00,451.3518220201214
2024-08-04 09:00:00,368.591696307956
2024-08-04 10:00:00,276.34740051792676
2024-08-04 11:00:00,168.33794536751935
2024-08-04 12:00:00,49.36757938910315
2024-08-04 13:00:00,32.49368838924994
2024-08-04 14:00:00,16.64000907605239
2024-08-04 15:00:00,29.643304479114043
2024-08-04 16:00:00,48.26505301371861
2024-08-04 17:00:00,83.26211330383752
2024-08-04 18:00:00,66.75424732527472
2024-08-04 19:00:00,53.05785912876751
2024-08-04 20:00:00,40.08914496401531
2024-08-04 21:00:00,35.217824728515836
2024-08-04 22:00:00,63.31821761785167
2024-08-04 23:00:00,76.65691307660575
2024-08-05 00:00:00,94.42541726490172
2024-08-05 01:00:00,95.27976732634599
2024-08-05 02:00:00,104.52117012260898
2024-08-05 03:00:00,155.33984560492658
2024-08-05 04:00:00,265.6636912966452
2024-08-05 05:00:00,296.88786050251247
2024-08-05 06:00:00,310.28156824128916
2024-08-05 07:00:00,316.6455377886661
2024-08-05 08:00:00,345.912894445057
2024-08-05 09:00:00,341.0113084184088
2024-08-05 10:00:00,439.03351169734094
2024-08-05 11:00:00,308.2212355723439
2024-08-05 12:00:00,251.34714747109697
2024-08-05 13:00:00,256.35646810113434
2024-08-05 14:00:00,269.4124470435528
2024-08-05 15:00:00,304.0481300061894
2024-08-05 16:00:00,453.04501346778204
2024-08-05 17:00:00,535.034928496075
2024-08-05 18:00:00,628.267670354141
2024-08-05 19:00:00,681.9548817963847
2024-08-05 20:00:00,663.5879638756238
2024-08-05 21:00:00,463.89277901189
2024-08-05 22:00:00,372.68794962174616
2024-08-05 23:00:00,234.47572892065074
2024-08-06 00:00:00,132.88309765459087
2024-08-06 01:00:00,106.79832977634585
2024-08-06 02:00:00,117.9257562939155
2024-08-06 03:00:00,179.6202652642229
2024-08-06 04:00:00,197.63915126426718
2024-08-06 05:00:00,168.06244731621953
2024-08-06 06:00:00,180.22269561546878
2024-08-06 07:00:00,227.2749378919486
2024-08-06 08:00:00,305.17812231575834
2024-08-06 09:00:00,382.41743349419954
2024-08-06 10:00:00,375.7138004415688
2024-08-06 11:00:00,263.32678846194585
2024-08-06 12:00:00,213.08092905778128
2024-08-06 13:00:00,299.355621035776
2024-08-06 14:00:00,452.69614493048283
2024-08-06 15:00:00,516.3829800140716
2024-08-06 16:00:00,594.1303167943247
2024-08-06 17:00:00,781.032579864427
2024-08-06 18:00:00,885.5867381157207
2024-08-06 19:00:00,901.7642866557158
2024-08-06 20:00:00,929.8988280668593
2024-08-06 21:00:00,766.2948301222625
2024-08-06 22:00:00,603.2583421792777
2024-08-06 23:00:00,435.65005550640336
2024-08-07 00:00:00,351.49507562420723
2024-08-07 01:00:00,346.68803777972715
2024-08-07 02:00:00,400.94239780126406
2024-08-07 03:00:00,405.74557257674144
2024-08-07 04:00:00,380.54680093168383
2024-08-07 05:00:00,379.3055563967458
2024-08-07 06:00:00,369.62160167279785
2024-08-07 07:00:00,355.25304285123957
2024-08-07 08:00:00,352.68628329848116
2024-08-07 09:00:00,356.6987639229972
2024-08-07 10:00:00,475.22185640006063
2024-08-07 11:00:00,336.6517647778925
2024-08-07 12:00:00,240.45276496119436
2024-08-07 13:00:00,309.6498230055653
2024-08-07 14:00:00,378.0269541987375
2024-08-07 15:00:00,541.3532598217063
2024-08-07 16:00:00,766.8495093929745
2024-08-07 17:00:00,936.9138483569432
2024-08-07 18:00:00,947.5453320690352
2024-08-07 19:00:00,974.1864230651305
2024-08-07 20:00:00,898.2760174672825
2024-08-07 21:00:00,835.2187804884807
2024-08-07 22:00:00,657.5565903692801
2024-08-07 23:00:00,543.9635658368235
2024-08-08 00:00:00,421.78476220816583
2024-08-08 01:00:00,288.12929347732916
2024-08-08 02:00:00,232.69491133528513
2024-08-08 03:00:00,224.35955000101393
2024-08-08 04:00:00,240.2924609636689
2024-08-08 05:00:00,249.2714395144426
2024-08-08 06:00:00,243.13655409526865
2024-08-08 07:00:00,229.20335964942572
2024-08-08 08:00:00,206.9547040986508
2024-08-08 09:00:00,217.28663575990495
2024-08-08 10:00:00,136.62903336854853
2024-08-08 11:00:00,111.72131084101359
2024-08-08 12:00:00,81.96377108268533
2024-08-08 13:00:00,79.9138891673522
2024-08-08 14:00:00,110.01881459180146
2024-08-08 15:00:00,146.68411003014583
2024-08-08 16:00:00,180.7356027072979
2024-08-08 17:00:00,213.90302744218218
2024-08-08 18:00:00,187.14614184230737
2024-08-08 19:00:00,183.83199313082156
2024-08-08 20:00:00,132.25861192284907
2024-08-08 21:00:00,115.73798258062489
2024-08-08 22:00:00,130.33747477212566
2024-08-08 23:00:00,165.18668487068004
2024-08-09 00:00:00,325.43312397101784
2024-08-09 01:00:00,538.8919430034401
2024-08-09 02:00:00,706.8682063321916
2024-08-09 03:00:00,686.7501099262169
2024-08-09 04:00:00,751.5613021272565
2024-08-09 05:00:00,719.5138388284763
2024-08-09 06:00:00,631.6259931909773
2024-08-09 07:00:00,572.7195293897935
2024-08-09 08:00:00,503.5966175844907
2024-08-09 09:00:00,500.15061217746586
2024-08-09 10:00:00,395.3969976343521
2024-08-09 11:00:00,442.87728243456877
2024-08-09 12:00:00,448.32563496871944
2024-08-09 13:00:00,499.0686753902149
2024-08-09 14:00:00,512.9975410791138
2024-08-09 15:00:00,749.6554847800951
2024-08-09 16:00:00,736.0890103812977
2024-08-09 17:00:00,773.4987229408897
2024-08-09 18:00:00,834.9423645828917
2024-08-09 19:00:00,859.7705792690724
2024-08-09 20:00:00,994.7951149971332
2024-08-09 21:00:00,1149.508633264013
2024-08-09 22:00:00,1280.4060041016064
2024-08-09 23:00:00,1464.5572460182848
2024-08-10 00:00:00,1323.9162923378367
2024-08-10 01:00:00,1335.388199427966
2024-08-10 02:00:00,1541.456511578734
2024-08-10 03:00:00,1922.4127842460962
2024-08-10 04:00:00,2261.646048148651
2024-08-10 05:00:00,2385.1472579792603
2024-08-10 06:00:00,2209.3998973853254
2024-08-10 07:00:00,2131.042168201295
2024-08-10 08:00:00,2134.0475066465383
2024-08-10 09:00:00,1942.4729785700347
2024-08-10 10:00:00,1522.1293430858543
2024-08-10 11:00:00,1336.3850532891724
2024-08-10 12:00:00,1163.932736664743
2024-08-10 13:00:00,1291.6581607556268
2024-08-10 14:00:00,1151.4124928446136
2024-08-10 15:00:00,955.9762211611483
2024-08-10 16:00:00,851.693290053051
2024-08-10 17:00:00,881.0768160047587
2024-08-10 18:00:00,907.0439715525715
2024-08-10 19:00:00,978.4294308924409
2024-08-10 20:00:00,856.2196227569858
2024-08-10 21:00:00,836.996395948287
2024-08-10 22:00:00,540.1009932073513
2024-08-10 23:00:00,670.074260391311
2024-08-11 00:00:00,832.6816328323597
2024-08-11 01:00:00,925.1425998261608
2024-08-11 02:00:00,934.0507482329295
2024-08-11 03:00:00,941.4442629139422
2024-08-11 04:00:00,867.0877056989042
2024-08-11 05:00:00,844.939377523955
2024-08-11 06:00:00,849.4381675688708
2024-08-11 07:00:00,840.9525832972046
2024-08-11 08:00:00,758.804116769462
2024-08-11 09:00:00,763.9100846566
2024-08-11 10:00:00,559.5225926843324
2024-08-11 11:00:00,456.1680531287461
2024-08-11 12:00:00,245.15000427095066
2024-08-11 13:00:00,200.9671924660024
2024-08-11 14:00:00,253.73471672819372
2024-08-11 15:00:00,343.82852546016636
2024-08-11 16:00:00,451.35350886479466
2024-08-11 17:00:00,587.2191442111861
2024-08-11 18:00:00,682.3804849834604
2024-08-11 19:00:00,699.0998553552055
2024-08-11 20:00:00,596.178805894903
2024-08-11 21:00:00,567.6111377483209
2024-08-11 22:00:00,458.83787682842234
2024-08-11 23:00:00,324.63445536540974
2024-08-12 00:00:00,471.97187658235845
2024-08-12 01:00:00,576.2873040092536
2024-08-12 02:00:00,630.4428833672098
2024-08-12 03:00:00,592.9895892297313
2024-08-12 04:00:00,566.7051203773809
2024-08-12 05:00:00,555.3933469951577
2024-08-12 06:00:00,545.8071486334964
2024-08-12 07:00:00,492.1250464245272
2024-08-12 08:00:00,482.6303207392817
2024-08-12 09:00:00,457.52236696720314
2024-08-12 10:00:00,293.18173802666496
2024-08-12 11:00:00,269.37432090768283
2024-08-12 12:00:00,226.19240368513607
2024-08-12 13:00:00,182.46248334200297
2024-08-12 14:00:00,199.82965231788208
2024-08-12 15:00:00,216.85254272784405
2024-08-12 16:00:00,230.99098838419226
2024-08-12 17:00:00,280.3550072936778
2024-08-12 18:00:00,279.60259973439184
2024-08-12 19:00:00,356.8896122696563
2024-08-12 20:00:00,347.0789233211796
2024-08-12 21:00:00,346.5670553878239
2024-08-12 22:00:00,176.81053459719476
2024-08-12 23:00:00,246.84908177073706
2024-08-13 00:00:00,399.32670518043267
2024-08-13 01:00:00,485.4663640417964
2024-08-13 02:00:00,574.9259248628923
2024-08-13 03:00:00,662.8526306870576
2024-08-13 04:00:00,672.3699570207884
2024-08-13 05:00:00,663.4993227305957
2024-08-13 06:00:00,605.5953148324163
2024-08-13 07:00:00,573.0888709209287
2024-08-13 08:00:00,558.4033225104251
2024-08-13 09:00:00,527.7052953794782
2024-08-13 10:00:00,428.2739129949754
2024-08-13 11:00:00,359.8966674536237
2024-08-13 12:00:00,228.6601146668345
2024-08-13 13:00:00,225.6080659490518
2024-08-13 14:00:00,239.92516411962228
2024-08-13 15:00:00,285.969549495435
2024-08-13 16:00:00,372.08034143286176
2024-08-13 17:00:00,469.7614957140382
2024-08-13 18:00:00,543.5826288316804
2024-08-13 19:00:00,550.8375271830336
2024-08-13 20:00:00,465.1324462077709
2024-08-13 21:00:00,386.4839067069324
2024-08-13 22:00:00,260.4173399467049
2024-08-13 23:00:00,198.91339907544258
2024-08-14 00:00:00,180.665483414968
2024-08-14 01:00:00,203.3323992541903
2024-08-14 02:00:00,205.599271622707
2024-08-14 03:00:00,182.4334056978108
2024-08-14 04:00:00,144.3478150398158
2024-08-14 05:00:00,115.21754838947363
2024-08-14 06:00:00,85.9502744588898
2024-08-14 07:00:00,68.91198382327369
2024-08-14 08:00:00,64.2310665121332
2024-08-14 09:00:00,43.946825023100395
2024-08-14 10:00:00,28.77495938227681
2024-08-14 11:00:00,15.45783820064564
2024-08-14 12:00:00,10.242945106879484
2024-08-14 13:00:00,4.85613137049843
2024-08-14 14:00:00,3.439675370869263
2024-08-14 15:00:00,2.366360849409085
2024-08-14 16:00:00,3.876962640609281
2024-08-14 17:00:00,6.9622174502655385
2024-08-14 18:00:00,10.104368055115879
2024-08-14 19:00:00,16.47453260286498
2024-08-14 20:00:00,11.680308779006339
2024-08-14 21:00:00,9.87492945031458
2024-08-14 22:00:00,54.752600734302355
2024-08-14 23:00:00,14.524501751515691
2024-08-15 00:00:00,28.288705895405357
2024-08-15 01:00:00,39.10141375415676
2024-08-15 02:00:00,81.13636607885188
2024-08-15 03:00:00,97.13263621861267
2024-08-15 04:00:00,90.09872281642582
2024-08-15 05:00:00,87.6729936693153
2024-08-15 06:00:00,91.53260711822249
2024-08-15 07:00:00,102.88010543470475
2024-08-15 08:00:00,106.91049608676913
2024-08-15 09:00:00,81.78126851348577
2024-08-15 10:00:00,62.931327368128855
2024-08-15 11:00:00,35.643181644298906
2024-08-15 12:00:00,8.225029704178576
2024-08-15 13:00:00,2.3337299346636535
2024-08-15 14:00:00,2.846487115734212
2024-08-15 15:00:00,3.8737943560209858
2024-08-15 16:00:00,4.510976571106086
2024-08-15 17:00:00,6.893110372839644
2024-08-15 18:00:00,11.629628688755313
2024-08-15 19:00:00,18.229667653925258
2024-08-15 20:00:00,23.702416080447605
2024-08-15 21:00:00,1.9897326310563472
2024-08-15 22:00:00,1.2439576070963179
2024-08-15 23:00:00,1.6500816257285054
2024-08-16 00:00:00,6.561927423338675
2024-08-16 01:00:00,29.6093760182993
2024-08-16 02:00:00,27.702053849011754
2024-08-16 03:00:00,19.102761947456237
2024-08-16 04:00:00,9.086859351278004
2024-08-16 05:00:00,6.752482383887093
2024-08-16 06:00:00,12.756079270545746
2024-08-16 07:00:00,20.093409840568718
2024-08-16 08:00:00,13.667156405841986
2024-08-16 09:00:00,17.400194308870518
2024-08-16 10:00:00,15.038935908075098
2024-08-16 11:00:00,22.788981231244442
2024-08-16 12:00:00,8.845694296144462
2024-08-16 13:00:00,3.269166127074077
2024-08-16 14:00:00,3.6711089675330717
2024-08-16 15:00:00,4.965161551712032
2024-08-16 16:00:00,6.642691417439664
2024-08-16 17:00:00,8.159014138574175
2024-08-16 18:00:00,10.487868291786782
2024-08-16 19:00:00,16.369058023189016
2024-08-16 20:00:00,29.129587448826804
2024-08-16 21:00:00,22.15276099221558
2024-08-16 22:00:00,18.331773831808334
2024-08-16 23:00:00,23.651545063660226
2024-08-17 00:00:00,112.74997931163013
2024-08-17 01:00:00,244.04828290229935
2024-08-17 02:00:00,337.9774284423725
2024-08-17 03:00:00,428.7994263644374
2024-08-17 04:00:00,514.4258773638115
2024-08-17 05:00:00,553.0838875793195
2024-08-17 06:00:00,589.4218013064386
2024-08-17 07:00:00,567.1866675478518
2024-08-17 08:00:00,535.3188934655263
2024-08-17 09:00:00,510.100331513667
2024-08-17 10:00:00,442.49866660897777
2024-08-17 11:00:00,353.2492920643521
2024-08-17 12:00:00,225.31568656476122
2024-08-17 13:00:00,156.63288703148012
2024-08-17 14:00:00,101.9374374202169
2024-08-17 15:00:00,124.9830386384666
2024-08-17 16:00:00,149.33609638660073
2024-08-17 17:00:00,215.4487904150275
2024-08-17 18:00:00,265.4467556839324
2024-08-17 19:00:00,304.23513509614054
2024-08-17 20:00:00,274.3049944129275
2024-08-17 21:00:00,283.44025027155374
2024-08-17 22:00:00,189.45039602468387
2024-08-17 23:00:00,363.43406774406304
2024-08-18 00:00:00,545.5870666021467
2024-08-18 01:00:00,687.6472482023448
2024-08-18 02:00:00,759.6694235281523
2024-08-18 03:00:00,838.3036543208286
2024-08-18 04:00:00,821.0297437234151
2024-08-18 05:00:00,751.3866835921718
2024-08-18 06:00:00,680.849807815041
2024-08-18 07:00:00,652.9730690919844
2024-08-18 08:00:00,648.3312834228561
2024-08-18 09:00:00,637.8570659245385
2024-08-18 10:00:00,548.7073664353475
2024-08-18 11:00:00,594.2336202917605
2024-08-18 12:00:00,537.248644641582
2024-08-18 13:00:00,554.7973772127682
2024-08-18 14:00:00,650.3051503266739
2024-08-18 15:00:00,717.6421992018741
2024-08-18 16:00:00,757.8958081044927
2024-08-18 17:00:00,782.95115421885
2024-08-18 18:00:00,898.0775983744769
2024-08-18 19:00:00,948.2292222259923
2024-08-18 20:00:00,884.0347475218713
2024-08-18 21:00:00,725.0364691985773
2024-08-18 22:00:00,588.0056769700134
2024-08-18 23:00:00,697.3631839803985
2024-08-19 00:00:00,855.4077050580618
2024-08-19 01:00:00,1000.89680859825
2024-08-19 02:00:00,1113.5383714877846
2024-08-19 03:00:00,1143.4194169004777
2024-08-19 04:00:00,1066.5882182646508
2024-08-19 05:00:00,969.1438465066647
2024-08-19 06:00:00,919.4967045437274
2024-08-19 07:00:00,888.658555337524
2024-08-19 08:00:00,878.1937213384697
2024-08-19 09:00:00,801.3487945027308
2024-08-19 10:00:00,750.7860571248468
2024-08-19 11:00:00,781.4547156834063
2024-08-19 12:00:00,918.7492401250518
2024-08-19 13:00:00,831.2032358336852
2024-08-19 14:00:00,624.3924714096557
2024-08-19 15:00:00,541.5276525949423
2024-08-19 16:00:00,454.21118979111816
2024-08-19 17:00:00,660.0591907934289
2024-08-19 18:00:00,871.1483991780626
2024-08-19 19:00:00,881.5407131317397
2024-08-19 20:00:00,1019.994821008841
2024-08-19 21:00:00,1088.5774362239745
2024-08-19 22:00:00,1055.8594788640507
2024-08-19 23:00:00,1059.0400240747604
2024-08-20 00:00:00,1046.0030449981448
2024-08-20 01:00:00,1202.3964913356772
2024-08-20 02:00:00,1441.78612942024
2024-08-20 03:00:00,1382.9216778769585
2024-08-20 04:00:00,1220.701679139689
2024-08-20 05:00:00,1095.4658370950217
2024-08-20 06:00:00,958.5036313159745
2024-08-20 07:00:00,952.7817388745286
2024-08-20 08:00:00,969.2580306241044
2024-08-20 09:00:00,995.1512978011466
2024-08-20 10:00:00,1184.6335899425762
2024-08-20 11:00:00,918.367989571804
2024-08-20 12:00:00,936.3867009497222
2024-08-20 13:00:00,1078.9170527026756
2024-08-20 14:00:00,1414.9891229697814
2024-08-20 15:00:00,1510.0465964334949
2024-08-20 16:00:00,1482.590688277708
2024-08-20 17:00:00,1362.5585893168504
2024-08-20 18:00:00,1312.3880629920177
2024-08-20 19:00:00,1332.7863101774872
2024-08-20 20:00:00,1389.394721873058
2024-08-20 21:00:00,1446.0743250015646
2024-08-20 22:00:00,963.9396057901681
2024-08-20 23:00:00,996.0550761938707
2024-08-21 00:00:00,933.3391391101904
2024-08-21 01:00:00,852.7727692910829
2024-08-21 02:00:00,739.820275838952
2024-08-21 03:00:00,652.6120460051527
2024-08-21 04:00:00,570.8624784150505
2024-08-21 05:00:00,550.5853149146305
2024-08-21 06:00:00,512.4227501337105
2024-08-21 07:00:00,483.3267496060686
2024-08-21 08:00:00,465.7442207921961
2024-08-21 09:00:00,488.7923377261568
2024-08-21 10:00:00,496.5182736067533
2024-08-21 11:00:00,518.5606926269754
2024-08-21 12:00:00,528.4012622015789
2024-08-21 13:00:00,655.8688656292429
2024-08-21 14:00:00,699.7469417305017
2024-08-21 15:00:00,792.4493938276092
2024-08-21 16:00:00,825.0970410039359
2024-08-21 17:00:00,827.9675252146668
2024-08-21 18:00:00,849.0672861010681
2024-08-21 19:00:00,695.8379732893736
2024-08-21 20:00:00,584.1254145908006
2024-08-21 21:00:00,429.49218685558236
2024-08-21 22:00:00,519.5396184814755
2024-08-21 23:00:00,560.443976208838
2024-08-22 00:00:00,673.8927809199738
2024-08-22 01:00:00,678.4073839564426
2024-08-22 02:00:00,636.6316446530803
2024-08-22 03:00:00,610.8340371428241
2024-08-22 04:00:00,564.1301556420352
2024-08-22 05:00:00,534.3450587622465
2024-08-22 06:00:00,472.633453965196
2024-08-22 07:00:00,449.83492513464734
2024-08-22 08:00:00,418.3130395515928
2024-08-22 09:00:00,380.15365651904153
2024-08-22 10:00:00,293.6799120999428
2024-08-22 11:00:00,298.5582538915218
2024-08-22 12:00:00,269.37022788227415
2024-08-22 13:00:00,188.59311164636392
2024-08-22 14:00:00,109.87036513856
2024-08-22 15:00:00,76.86939015055538
2024-08-22 16:00:00,53.848398513748805
2024-08-22 17:00:00,99.47281753313061
2024-08-22 18:00:00,134.48395235506672
2024-08-22 19:00:00,123.1090343590676
2024-08-22 20:00:00,140.19587465833396
2024-08-22 21:00:00,120.18670535888447
2024-08-22 22:00:00,63.82546209606575
2024-08-22 23:00:00,45.959128041847016
2024-08-23 00:00:00,100.14213794061259
2024-08-23 01:00:00,89.35918357561894
2024-08-23 02:00:00,77.51505677165562
2024-08-23 03:00:00,69.12639539357771
2024-08-23 04:00:00,71.66343018860739
2024-08-23 05:00:00,81.47290622853382
2024-08-23 06:00:00,100.63563009618993
2024-08-23 07:00:00,104.67996261652242
2024-08-23 08:00:00,92.97487099507396
2024-08-23 09:00:00,81.5993393224841
2024-08-23 10:00:00,89.27108892341758
2024-08-23 11:00:00,69.34968380414556
2024-08-23 12:00:00,59.91167032827669
2024-08-23 13:00:00,124.18447385095745
2024-08-23 14:00:00,158.48160933686665
2024-08-23 15:00:00,195.4559724091397
2024-08-23 16:00:00,196.5706533446565
2024-08-23 17:00:00,239.70364100093218
2024-08-23 18:00:00,281.0106603578931
2024-08-23 19:00:00,343.2532474344683
2024-08-23 20:00:00,395.8840485933799
2024-08-23 21:00:00,384.21465398620603
2024-08-23 22:00:00,371.8088296199146
2024-08-23 23:00:00,470.35236824192384
2024-08-24 00:00:00,625.7657012993478
2024-08-24 01:00:00,767.698257687197
2024-08-24 02:00:00,858.3721576544712
2024-08-24 03:00:00,891.9028281466502
2024-08-24 04:00:00,886.5010770944535
2024-08-24 05:00:00,841.5196897181706
2024-08-24 06:00:00,814.9838672959804
2024-08-24 07:00:00,767.4755091511308
2024-08-24 08:00:00,751.2198709473988
2024-08-24 09:00:00,688.0061906073627
2024-08-24 10:00:00,661.667668583379
2024-08-24 11:00:00,522.8568171298218
2024-08-24 12:00:00,316.49381570820134
2024-08-24 13:00:00,209.5826516042414
2024-08-24 14:00:00,185.13767964268573
2024-08-24 15:00:00,212.975072928865
2024-08-24 16:00:00,322.5995538815085
2024-08-24 17:00:00,439.1215611307292
2024-08-24 18:00:00,461.1652361956846
2024-08-24 19:00:00,462.9193035321964
2024-08-24 20:00:00,443.26161655654136
2024-08-24 21:00:00,374.2053458829997
2024-08-24 22:00:00,317.8880691628825
2024-08-24 23:00:00,387.21762483722796
2024-08-25 00:00:00,523.325201357381
2024-08-25 01:00:00,543.7030114586122
2024-08-25 02:00:00,510.2620925254713
2024-08-25 03:00:00,467.87394534365217
2024-08-25 04:00:00,394.7940527350082
2024-08-25 05:00:00,321.22231528085507
2024-08-25 06:00:00,249.9938316729809
2024-08-25 07:00:00,193.48203815667807
2024-08-25 08:00:00,161.64004808053085
2024-08-25 09:00:00,127.85050666785602
2024-08-25 10:00:00,136.5718537109519
2024-08-25 11:00:00,114.69599247104489
2024-08-25 12:00:00,63.65042354717547
2024-08-25 13:00:00,18.18382575247831
2024-08-25 14:00:00,11.144425117646547
2024-08-25 15:00:00,17.42602055898952
2024-08-25 16:00:00,25.581791029323146
2024-08-25 17:00:00,49.30035351441846
2024-08-25 18:00:00,82.67568743736715
2024-08-25 19:00:00,56.146540472733804
2024-08-25 20:00:00,37.840704742418076
2024-08-25 21:00:00,47.28269318922929
2024-08-25 22:00:00,49.46376540411153
2024-08-25 23:00:00,21.06362479027551
2024-08-26 00:00:00,10.869261656443378
2024-08-26 01:00:00,5.55464086837138
2024-08-26 02:00:00,8.344499496892244
2024-08-26 03:00:00,21.22354703988419
2024-08-26 04:00:00,32.44186247088031
2024-08-26 05:00:00,31.789439298079984
2024-08-26 06:00:00,26.774415071278387
2024-08-26 07:00:00,16.885628140362808
2024-08-26 08:00:00,8.493080873576906
2024-08-26 09:00:00,5.1871796895723135
2024-08-26 10:00:00,6.522145674614259
2024-08-26 11:00:00,4.158505227989706
2024-08-26 12:00:00,4.110026393369944
2024-08-26 13:00:00,2.6761027365198236
2024-08-26 14:00:00,4.059892421512595
2024-08-26 15:00:00,5.768173310663563
2024-08-26 16:00:00,7.429938863915699
2024-08-26 17:00:00,7.806752307423075
2024-08-26 18:00:00,8.214298401175787
2024-08-26 19:00:00,8.210344992899943
2024-08-26 20:00:00,10.70209341319838
2024-08-26 21:00:00,15.376476516764354
2024-08-26 22:00:00,17.34620386323364
2024-08-26 23:00:00,47.77172810647374
2024-08-27 00:00:00,38.38032828619454
2024-08-27 01:00:00,66.9339949971495
2024-08-27 02:00:00,91.65631060092157
2024-08-27 03:00:00,144.25340561450614
2024-08-27 04:00:00,196.9663923408625
2024-08-27 05:00:00,246.06045422251842
2024-08-27 06:00:00,251.27373358861632
2024-08-27 07:00:00,252.87417922437308
2024-08-27 08:00:00,240.99255765854036
2024-08-27 09:00:00,279.1237874405912
2024-08-27 10:00:00,274.0147065909713
2024-08-27 11:00:00,291.8889760289106
2024-08-27 12:00:00,245.04068967563373
2024-08-27 13:00:00,141.7481307175293
2024-08-27 14:00:00,210.19504630759857
2024-08-27 15:00:00,337.7328860913544
2024-08-27 16:00:00,500.2008003374002
2024-08-27 17:00:00,675.6518524790788
2024-08-27 18:00:00,778.0904006213375
2024-08-27 19:00:00,900.3976467615462
2024-08-27 20:00:00,894.2414050773699
2024-08-27 21:00:00,861.2479587852051
2024-08-27 22:00:00,1037.0257068650164
2024-08-27 23:00:00,1205.5261560956694
2024-08-28 00:00:00,1322.5656011433548
2024-08-28 01:00:00,1442.3068224590343
2024-08-28 02:00:00,1647.8630755691374
2024-08-28 03:00:00,1679.3742908071729
2024-08-28 04:00:00,1594.142762097355
2024-08-28 05:00:00,1517.0971121469881
2024-08-28 06:00:00,1527.7895180393887
2024-08-28 07:00:00,1630.1423110791627
2024-08-28 08:00:00,1477.162273294951
2024-08-28 09:00:00,1402.2057121326507
2024-08-28 10:00:00,1815.248884183448
2024-08-28 11:00:00,1850.7281387554044
2024-08-28 12:00:00,1933.8159524943376
2024-08-28 13:00:00,1779.7008257875
2024-08-28 14:00:00,1637.8602698674802
2024-08-28 15:00:00,1610.064184774647
2024-08-28 16:00:00,1709.5423457410488
2024-08-28 17:00:00,1838.2154645650173
2024-08-28 18:00:00,1916.3961803569637
2024-08-28 19:00:00,1884.642276239651
2024-08-28 20:00:00,1805.5415842439754
2024-08-28 21:00:00,1763.5437022145525
2024-08-28 22:00:00,896.5864312626059
2024-08-28 23:00:00,1101.0675278176668
2024-08-29 00:00:00,1246.1489293934326
2024-08-29 01:00:00,1256.2103408376875
2024-08-29 02:00:00,1227.4536657640183
2024-08-29 03:00:00,1182.1450236057915
2024-08-29 04:00:00,1070.6366901834797
2024-08-29 05:00:00,984.3436981407667
2024-08-29 06:00:00,884.3895925794895
2024-08-29 07:00:00,841.3391820170883
2024-08-29 08:00:00,810.0238096280855
2024-08-29 09:00:00,744.479280507677
2024-08-29 10:00:00,709.2178107415998
2024-08-29 11:00:00,575.3719520777502
2024-08-29 12:00:00,422.5933784689631
2024-08-29 13:00:00,354.7567220515973
2024-08-29 14:00:00,242.0313471202355
2024-08-29 15:00:00,185.51052641668173
2024-08-29 16:00:00,167.69362699522821
2024-08-29 17:00:00,155.69156422031224
2024-08-29 18:00:00,145.04245955383487
2024-08-29 19:00:00,129.0347455713504
2024-08-29 20:00:00,104.41481241193372
2024-08-29 21:00:00,81.2317554543546
2024-08-29 22:00:00,90.28830546936777
2024-08-29 23:00:00,164.65196746018538
2024-08-30 00:00:00,211.0190777662286
2024-08-30 01:00:00,192.44692259502855
2024-08-30 02:00:00,183.49363227889498
2024-08-30 03:00:00,157.56128191996285
2024-08-30 04:00:00,181.8577081014178
2024-08-30 05:00:00,223.16903199464176
2024-08-30 06:00:00,258.8466493979968
2024-08-30 07:00:00,290.94924387794276
2024-08-30 08:00:00,278.18395544047274
2024-08-30 09:00:00,251.13084099421377
2024-08-30 10:00:00,245.57936781775086
2024-08-30 11:00:00,280.43591350588247
2024-08-30 12:00:00,222.20229843247915
2024-08-30 13:00:00,68.31814980456916
2024-08-30 14:00:00,94.5787065401712
2024-08-30 15:00:00,111.32386281074844
2024-08-30 16:00:00,131.65481194399376
2024-08-30 17:00:00,197.83451602273968
2024-08-30 18:00:00,285.099888517889
2024-08-30 19:00:00,400.8702191404221
2024-08-30 20:00:00,509.3009192609966
2024-08-30 21:00:00,522.3730542972484
2024-08-30 22:00:00,484.9476443295775
2024-08-30 23:00:00,753.1375036765849
2024-08-31 00:00:00,1130.5664696319282
2024-08-31 01:00:00,1450.6352000412978
2024-08-31 02:00:00,1625.869733447553
2024-08-31 03:00:00,1690.012185513733
2024-08-31 04:00:00,1679.5322341328865
2024-08-31 05:00:00,1639.6234621857172
2024-08-31 06:00:00,1562.2184647693434
2024-08-31 07:00:00,1559.430347145946
2024-08-31 08:00:00,1574.514343333414
2024-08-31 09:00:00,1608.897007128914
2024-08-31 10:00:00,1481.0851027854094
2024-08-31 11:00:00,1450.0465655015616
2024-08-31 12:00:00,1370.29305187313
2024-08-31 13:00:00,1304.4624308403088
2024-08-31 14:00:00,1240.1957955531461
2024-08-31 15:00:00,1429.2572284655844
2024-08-31 16:00:00,1549.8532688790685
2024-08-31 17:00:00,1815.4327701063644
2024-08-31 18:00:00,1836.403819015181
2024-08-31 19:00:00,1721.2569247433157
2024-08-31 20:00:00,1740.6673042901293
2024-08-31 21:00:00,1556.2031197476963
2024-08-31 22:00:00,1230.7186072575803
2024-08-31 23:00:00,1236.5710925839023
2024-09-01 00:00:00,1198.968920034429
2024-09-01 01:00:00,1211.2618501325617
2024-09-01 02:00:00,1159.6991811869675
2024-09-01 03:00:00,1081.4610522043486
2024-09-01 04:00:00,952.1830134754473
2024-09-01 05:00:00,872.033839681168
2024-09-01 06:00:00,809.9679695444269
2024-09-01 07:00:00,760.3440531181183
2024-09-01 08:00:00,720.2767629538976
2024-09-01 09:00:00,704.3429756708823
2024-09-01 10:00:00,689.5150406649743
2024-09-01 11:00:00,713.921812838956
2024-09-01 12:00:00,824.4349446078058
2024-09-01 13:00:00,907.4781206733497
2024-09-01 14:00:00,1033.6821789425005
2024-09-01 15:00:00,1006.6138183418861
2024-09-01 16:00:00,1257.2683146690242
2024-09-01 17:00:00,1676.1535248351402
2024-09-01 18:00:00,2185.65771844112
2024-09-01 19:00:00,2333.461546161217
2024-09-01 20:00:00,1839.0910277076005
2024-09-01 21:00:00,1542.841832356477
2024-09-01 22:00:00,1346.0101611153868
2024-09-01 23:00:00,1247.751729106615
2024-09-02 00:00:00,1129.3296203502457
2024-09-02 01:00:00,1142.503297857118
2024-09-02 02:00:00,941.8017074395925
2024-09-02 03:00:00,823.9092358364657
2024-09-02 04:00:00,727.287485227254
2024-09-02 05:00:00,638.6997085836208
2024-09-02 06:00:00,565.438606068704
2024-09-02 07:00:00,507.61047867095925
2024-09-02 08:00:00,494.97235720741156
2024-09-02 09:00:00,508.6313656132305
2024-09-02 10:00:00,474.07537943091876
2024-09-02 11:00:00,412.9735240863412
2024-09-02 12:00:00,469.55028109487876
2024-09-02 13:00:00,544.1964447706933
2024-09-02 14:00:00,544.3953261394767
2024-09-02 15:00:00,563.469695586687
2024-09-02 16:00:00,655.518578002383
2024-09-02 17:00:00,785.5060959428654
2024-09-02 18:00:00,940.0056091225767
2024-09-02 19:00:00,1083.0875501737062
2024-09-02 20:00:00,1049.3453923541751
2024-09-02 21:00:00,939.2500575419156
2024-09-02 22:00:00,818.1254543379742
2024-09-02 23:00:00,846.584154476337
2024-09-03 00:00:00,831.2828828797079
2024-09-03 01:00:00,820.0902058908673
2024-09-03 02:00:00,859.8670622365137
2024-09-03 03:00:00,892.8785974270521
2024-09-03 04:00:00,913.1713405638477
2024-09-03 05:00:00,920.3284787196668
2024-09-03 06:00:00,937.1810311898956
2024-09-03 07:00:00,976.4441799552544
2024-09-03 08:00:00,1005.3116052573574
2024-09-03 09:00:00,981.0909161987053
2024-09-03 10:00:00,1046.7869170337792
2024-09-03 11:00:00,939.3706707479433
2024-09-03 12:00:00,964.1639667925645
2024-09-03 13:00:00,1285.0333513005762
2024-09-03 14:00:00,1310.9599216161507
2024-09-03 15:00:00,1269.0954334293629
2024-09-03 16:00:00,1528.7904177828314
2024-09-03 17:00:00,2197.092893031855
2024-09-03 18:00:00,2164.393141875708
2024-09-03 19:00:00,2020.9873073576107
2024-09-03 20:00:00,1777.912571594267
2024-09-03 21:00:00,1242.885241289351
2024-09-03 22:00:00,1070.9034414648165
2024-09-03 23:00:00,814.3788497400193
2024-09-04 00:00:00,751.0843039550814
2024-09-04 01:00:00,807.5075912083781
2024-09-04 02:00:00,861.846271715893
2024-09-04 03:00:00,870.2946273206754
2024-09-04 04:00:00,837.6905598520191
2024-09-04 05:00:00,804.7945012167073
2024-09-04 06:00:00,730.4995153683551
2024-09-04 07:00:00,637.9508322054025
2024-09-04 08:00:00,561.8549483290983
2024-09-04 09:00:00,515.2273668966833
2024-09-04 10:00:00,467.4298661473409
2024-09-04 11:00:00,371.2698014239492
2024-09-04 12:00:00,196.68752845415432
2024-09-04 13:00:00,123.8210192621635
2024-09-04 14:00:00,137.76147648731146
2024-09-04 15:00:00,160.83667005891022
2024-09-04 16:00:00,241.9360783066448
2024-09-04 17:00:00,353.57449759541873
2024-09-04 18:00:00,427.7728686855406
2024-09-04 19:00:00,453.94331431980766
2024-09-04 20:00:00,471.89960920018535
2024-09-04 21:00:00,478.68917690521005
2024-09-04 22:00:00,540.9007772127206
2024-09-04 23:00:00,807.4808037374214
2024-09-05 00:00:00,986.01653077622
2024-09-05 01:00:00,1030.9866391862936
2024-09-05 02:00:00,1068.1532899216863
2024-09-05 03:00:00,1065.106810712427
2024-09-05 04:00:00,1050.78023833954
2024-09-05 05:00:00,990.8506943278913
2024-09-05 06:00:00,976.89644199489
2024-09-05 07:00:00,1021.0492832367902
2024-09-05 08:00:00,1026.452032175512
2024-09-05 09:00:00,1011.5498932698106
2024-09-05 10:00:00,1037.8960963119769
2024-09-05 11:00:00,990.8189470831772
2024-09-05 12:00:00,813.2582575304588
2024-09-05 13:00:00,581.4278279028475
2024-09-05 14:00:00,619.5583763638111
2024-09-05 15:00:00,627.740472092166
2024-09-05 16:00:00,599.4857273159826
2024-09-05 17:00:00,593.3810136907287
2024-09-05 18:00:00,624.2622569943593
2024-09-05 19:00:00,654.8041689887267
2024-09-05 20:00:00,702.646680032105
2024-09-05 21:00:00,633.8735910820715
2024-09-05 22:00:00,660.6935834904774
2024-09-05 23:00:00,719.5273039303001
2024-09-06 00:00:00,758.497225050818
2024-09-06 01:00:00,823.4846107538627
2024-09-06 02:00:00,913.8976742008098
2024-09-06 03:00:00,1058.5508066917246
2024-09-06 04:00:00,1177.2761072914027
2024-09-06 05:00:00,1137.658421788597
2024-09-06 06:00:00,995.3837605893438
2024-09-06 07:00:00,946.2692329998414
2024-09-06 08:00:00,928.9613905866258
2024-09-06 09:00:00,831.2565158015503
2024-09-06 10:00:00,800.2955984212797
2024-09-06 11:00:00,742.1166714177439
2024-09-06 12:00:00,531.1782262921255
2024-09-06 13:00:00,355.7734939453667
2024-09-06 14:00:00,355.57353916734525
2024-09-06 15:00:00,401.1805060829152
2024-09-06 16:00:00,476.60062276079475
2024-09-06 17:00:00,554.8730665840636
2024-09-06 18:00:00,572.6546964528385
2024-09-06 19:00:00,664.0030479381016
2024-09-06 20:00:00,832.4483530832213
2024-09-06 21:00:00,743.329319594372
2024-09-06 22:00:00,501.5385090872711
2024-09-06 23:00:00,690.9364846035309
2024-09-07 00:00:00,944.1783201972432
2024-09-07 01:00:00,1073.127060187756
2024-09-07 02:00:00,1015.0103004032734
2024-09-07 03:00:00,959.7813791175678
2024-09-07 04:00:00,899.7426390740959
2024-09-07 05:00:00,847.5341511278781
2024-09-07 06:00:00,700.3877828328995
2024-09-07 07:00:00,621.955831296026
2024-09-07 08:00:00,631.4934587223503
2024-09-07 09:00:00,683.7770346470505
2024-09-07 10:00:00,650.9572178944161
2024-09-07 11:00:00,626.0005235554167
2024-09-07 12:00:00,488.32259598078423
2024-09-07 13:00:00,494.4784746170075
2024-09-07 14:00:00,650.5572173258482
2024-09-07 15:00:00,878.796592568693
2024-09-07 16:00:00,844.4542003708152
2024-09-07 17:00:00,914.4947515004026
2024-09-07 18:00:00,1039.6140971703517
2024-09-07 19:00:00,1076.9549556632624
2024-09-07 20:00:00,1081.6463823490267
2024-09-07 21:00:00,1111.9213250747398
2024-09-07 22:00:00,778.8310684478262
2024-09-07 23:00:00,980.2674875182089
2024-09-08 00:00:00,1162.0841840812204
2024-09-08 01:00:00,933.4590362919436
2024-09-08 02:00:00,667.0820275966402
2024-09-08 03:00:00,591.8632198642879
2024-09-08 04:00:00,590.083716970954
2024-09-08 05:00:00,434.5287387666542
2024-09-08 06:00:00,603.0106485076346
2024-09-08 07:00:00,596.6928497910199
2024-09-08 08:00:00,622.570646848644
2024-09-08 09:00:00,773.8988473394166
2024-09-08 10:00:00,915.1236209282132
2024-09-08 11:00:00,1053.3647664389887
2024-09-08 12:00:00,1226.4914914841959
2024-09-08 13:00:00,1131.8761090945914
2024-09-08 14:00:00,1253.3390324841737
2024-09-08 15:00:00,1437.5861270264593
2024-09-08 16:00:00,1509.4826484382352
2024-09-08 17:00:00,1691.2352757308563
2024-09-08 18:00:00,1698.3032479461938
2024-09-08 19:00:00,1532.9981181014425
2024-09-08 20:00:00,1474.597114216771
2024-09-08 21:00:00,1374.8613983836694
2024-09-08 22:00:00,1141.4048963023447
2024-09-08 23:00:00,1471.0715878608987
2024-09-09 00:00:00,1534.5669244088483
2024-09-09 01:00:00,1527.5365338776837
2024-09-09 02:00:00,1588.4301142449608
2024-09-09 03:00:00,1807.2087523340037
2024-09-09 04:00:00,1810.3065194330184
2024-09-09 05:00:00,1842.4400462071787
2024-09-09 06:00:00,1821.1912976402537
2024-09-09 07:00:00,1657.8633057300028
2024-09-09 08:00:00,1605.3159006283117
2024-09-09 09:00:00,1555.5487319110641
2024-09-09 10:00:00,1263.4003795242443
2024-09-09 11:00:00,1328.2024673558312
2024-09-09 12:00:00,1384.4495876918825
2024-09-09 13:00:00,1312.7111646723868
2024-09-09 14:00:00,1309.4192293093906
2024-09-09 15:00:00,1230.2906768761031
2024-09-09 16:00:00,1145.9368055510172
2024-09-09 17:00:00,1135.054420878518
2024-09-09 18:00:00,1053.286649451047
2024-09-09 19:00:00,973.1450744649661
2024-09-09 20:00:00,828.5789773824381
2024-09-09 21:00:00,714.2419505680579
2024-09-09 22:00:00,394.7841938539814
2024-09-09 23:00:00,468.1464001806993
2024-09-10 00:00:00,569.0203064699708
2024-09-10 01:00:00,600.0699437091105
2024-09-10 02:00:00,588.0102696268715
2024-09-10 03:00:00,574.1460449160243
2024-09-10 04:00:00,525.8516816523062
2024-09-10 05:00:00,472.99543084397123
2024-09-10 06:00:00,449.30812159440944
2024-09-10 07:00:00,452.7599871025599
2024-09-10 08:00:00,481.13506080708163
2024-09-10 09:00:00,481.67919743790543
2024-09-10 10:00:00,494.49346236013855
2024-09-10 11:00:00,502.524627347833
2024-09-10 12:00:00,549.2540816008564
2024-09-10 13:00:00,560.4139308488535
2024-09-10 14:00:00,555.4618954593532
2024-09-10 15:00:00,535.5009757075225
2024-09-10 16:00:00,547.7882331577104
2024-09-10 17:00:00,553.1206242796765
2024-09-10 18:00:00,568.2789239336133
2024-09-10 19:00:00,608.1953646841814
2024-09-10 20:00:00,566.8748254272433
2024-09-10 21:00:00,472.2057010700501
2024-09-10 22:00:00,351.4910636151533
2024-09-10 23:00:00,419.9613257392907
2024-09-11 00:00:00,504.4940131163019
2024-09-11 01:00:00,507.8451657552194
2024-09-11 02:00:00,451.45160170742673
2024-09-11 03:00:00,416.46994955117856
2024-09-11 04:00:00,380.27188450256756
2024-09-11 05:00:00,366.9870676397235
2024-09-11 06:00:00,389.8579338873164
2024-09-11 07:00:00,411.5019702017526
2024-09-11 08:00:00,442.30373431342775
2024-09-11 09:00:00,457.71725139177045
2024-09-11 10:00:00,464.99926022703806
2024-09-11 11:00:00,407.8755255497475
2024-09-11 12:00:00,251.82094220929937
2024-09-11 13:00:00,156.5402131207972
2024-09-11 14:00:00,186.549103282539
2024-09-11 15:00:00,192.98633881558618
2024-09-11 16:00:00,188.46469120451076
2024-09-11 17:00:00,189.95161408604255
2024-09-11 18:00:00,233.1734561565592
2024-09-11 19:00:00,227.02810870926018
2024-09-11 20:00:00,194.852424221337
2024-09-11 21:00:00,146.77339976376223
2024-09-11 22:00:00,178.48193416477076
2024-09-11 23:00:00,230.06983894666925
2024-09-12 00:00:00,259.4522392567891
2024-09-12 01:00:00,289.5613627736814
2024-09-12 02:00:00,285.2036411273611
2024-09-12 03:00:00,251.6067405495799
2024-09-12 04:00:00,220.09154265702227
2024-09-12 05:00:00,198.3739245149008
2024-09-12 06:00:00,175.63637333397605
2024-09-12 07:00:00,166.17686524895797
2024-09-12 08:00:00,157.36711857114176
2024-09-12 09:00:00,140.7525497494563
2024-09-12 10:00:00,108.07014449051036
2024-09-12 11:00:00,111.57051416608236
2024-09-12 12:00:00,87.099537465705
2024-09-12 13:00:00,44.35617186847412
2024-09-12 14:00:00,14.364572266332999
2024-09-12 15:00:00,12.767274667998084
2024-09-12 16:00:00,26.728533982527495
2024-09-12 17:00:00,46.16808809151377
2024-09-12 18:00:00,60.922188902199565
2024-09-12 19:00:00,88.73893761180042
2024-09-12 20:00:00,70.22429412306265
2024-09-12 21:00:00,51.96672056222254
2024-09-12 22:00:00,137.94043109317826
2024-09-12 23:00:00,211.56391673407725
2024-09-13 00:00:00,253.62386790292007
2024-09-13 01:00:00,298.1666687289063
2024-09-13 02:00:00,289.4141607025403
2024-09-13 03:00:00,286.200348217224
2024-09-13 04:00:00,260.37343015052204
2024-09-13 05:00:00,231.3495934306229
2024-09-13 06:00:00,211.7800171201098
2024-09-13 07:00:00,167.35008581221993
2024-09-13 08:00:00,154.87379529268972
2024-09-13 09:00:00,165.28814443576294
2024-09-13 10:00:00,126.98107235565506
2024-09-13 11:00:00,127.19641804954988
2024-09-13 12:00:00,79.33275825591865
2024-09-13 13:00:00,30.85549654896639
2024-09-13 14:00:00,41.48747829899075
2024-09-13 15:00:00,64.06489506177468
2024-09-13 16:00:00,137.62516533730985
2024-09-13 17:00:00,177.33195047293324
2024-09-13 18:00:00,211.5743940087958
2024-09-13 19:00:00,223.6677387696723
2024-09-13 20:00:00,211.31785018152615
2024-09-13 21:00:00,219.75900811339469
2024-09-13 22:00:00,343.3275139546602
2024-09-13 23:00:00,454.45304354910024
2024-09-14 00:00:00,488.31267480690656
2024-09-14 01:00:00,497.89656325243476
2024-09-14 02:00:00,474.11113233326034
2024-09-14 03:00:00,423.6216956839846
2024-09-14 04:00:00,347.4137148575451
2024-09-14 05:00:00,284.44447251886
2024-09-14 06:00:00,240.57748295675302
2024-09-14 07:00:00,239.5506695696774
2024-09-14 08:00:00,210.58651891541265
2024-09-14 09:00:00,222.36742216829458
2024-09-14 10:00:00,165.58872655201287
2024-09-14 11:00:00,118.77921070629677
2024-09-14 12:00:00,48.08725928975173
2024-09-14 13:00:00,26.721603597857065
2024-09-14 14:00:00,22.171356347722774
2024-09-14 15:00:00,22.24804147806912
2024-09-14 16:00:00,24.978689543988203
2024-09-14 17:00:00,25.90173889983742
2024-09-14 18:00:00,28.432658142233954
2024-09-14 19:00:00,24.116719889997807
2024-09-14 20:00:00,25.291511133880412
2024-09-14 21:00:00,19.27607421574943
2024-09-14 22:00:00,44.45144388717044
2024-09-14 23:00:00,84.47485591952723
2024-09-15 00:00:00,132.41405053811658
2024-09-15 01:00:00,122.11658123764242
2024-09-15 02:00:00,76.62804066470972
2024-09-15 03:00:00,69.28848089928027
2024-09-15 04:00:00,79.56279209618566
2024-09-15 05:00:00,88.11765767045225
2024-09-15 06:00:00,102.80174033160053
2024-09-15 07:00:00,103.62817503420153
2024-09-15 08:00:00,101.50584106056883
2024-09-15 09:00:00,95.82072394425221
2024-09-15 10:00:00,106.09201688499029
2024-09-15 11:00:00,87.59509042337504
2024-09-15 12:00:00,63.096906176022536
2024-09-15 13:00:00,21.227992526792615
2024-09-15 14:00:00,13.630401692132256
2024-09-15 15:00:00,20.052785456299834
2024-09-15 16:00:00,32.996990688101995
2024-09-15 17:00:00,62.7875850060867
2024-09-15 18:00:00,83.49393394869074
2024-09-15 19:00:00,94.33373350452307
2024-09-15 20:00:00,103.79925711093107
2024-09-15 21:00:00,132.71513025347838
2024-09-15 22:00:00,314.57379081529336
2024-09-15 23:00:00,497.7147107042004
2024-09-16 00:00:00,680.9916107124
2024-09-16 01:00:00,820.1359972602787
2024-09-16 02:00:00,883.1682930720768
2024-09-16 03:00:00,891.4316755843536
2024-09-16 04:00:00,868.6362635963425
2024-09-16 05:00:00,823.0984829256878
2024-09-16 06:00:00,809.5350756876779
2024-09-16 07:00:00,796.8108652225842
2024-09-16 08:00:00,819.2121343029519
2024-09-16 09:00:00,853.5402623441507
2024-09-16 10:00:00,879.3312810223895
2024-09-16 11:00:00,859.4718609780925
2024-09-16 12:00:00,787.806304117302
2024-09-16 13:00:00,509.3134788220725
2024-09-16 14:00:00,545.0393251252042
2024-09-16 15:00:00,688.1349370539485
2024-09-16 16:00:00,869.6231314021782
2024-09-16 17:00:00,987.9822875210995
2024-09-16 18:00:00,1082.5925232173959
2024-09-16 19:00:00,1213.3395617629872
2024-09-16 20:00:00,1160.7561861022327
2024-09-16 21:00:00,1206.2622769180086
2024-09-16 22:00:00,1266.6301262507718
2024-09-16 23:00:00,1422.1991213072567
2024-09-17 00:00:00,1478.6774267072537
2024-09-17 01:00:00,1431.168427060388
2024-09-17 02:00:00,1298.8318298253382
2024-09-17 03:00:00,1184.953168457602
2024-09-17 04:00:00,1116.1923626217206
2024-09-17 05:00:00,1036.9216705195527
2024-09-17 06:00:00,992.0324580184855
2024-09-17 07:00:00,917.3112898247279
2024-09-17 08:00:00,880.2308077208514
2024-09-17 09:00:00,870.0417889314185
2024-09-17 10:00:00,878.2659959734915
2024-09-17 11:00:00,812.5284579338107
2024-09-17 12:00:00,689.746041803406
2024-09-17 13:00:00,435.85669209047757
2024-09-17 14:00:00,458.4970053392479
2024-09-17 15:00:00,523.8025749226417
2024-09-17 16:00:00,588.0029646133121
2024-09-17 17:00:00,611.7455565392619
2024-09-17 18:00:00,577.7951044323045
2024-09-17 19:00:00,598.6675001038519
2024-09-17 20:00:00,583.9339593905013
2024-09-17 21:00:00,494.80653249249775
2024-09-17 22:00:00,648.1466557635497
2024-09-17 23:00:00,697.3065428645714
2024-09-18 00:00:00,663.275785763312
2024-09-18 01:00:00,621.164519321587
2024-09-18 02:00:00,593.9402771654336
2024-09-18 03:00:00,510.56001574490193
2024-09-18 04:00:00,459.8288676514542
2024-09-18 05:00:00,380.68747670025414
2024-09-18 06:00:00,292.189235772026
2024-09-18 07:00:00,218.76023545315863
2024-09-18 08:00:00,178.85979051931375
2024-09-18 09:00:00,155.83249936298407
2024-09-18 10:00:00,152.49910472124313
2024-09-18 11:00:00,113.31713062240216
2024-09-18 12:00:00,63.93009839978452
2024-09-18 13:00:00,14.723439096332216
2024-09-18 14:00:00,20.017374854176502
2024-09-18 15:00:00,47.61978308907303
2024-09-18 16:00:00,86.06710097760964
2024-09-18 17:00:00,143.7147978940857
2024-09-18 18:00:00,200.6380399759536
2024-09-18 19:00:00,203.47299046625804
2024-09-18 20:00:00,171.378217570135
2024-09-18 21:00:00,158.65717755275045
2024-09-18 22:00:00,312.6870181642164
2024-09-18 23:00:00,304.074981524986
2024-09-19 00:00:00,300.86631803816204
2024-09-19 01:00:00,299.90996966664545
2024-09-19 02:00:00,300.46957546171154
2024-09-19 03:00:00,281.50225321974193
2024-09-19 04:00:00,257.592873982128
2024-09-19 05:00:00,194.94009921176973
2024-09-19 06:00:00,150.12228401870232
2024-09-19 07:00:00,127.23261725153249
2024-09-19 08:00:00,107.01787256723073
2024-09-19 09:00:00,78.99984103761906
2024-09-19 10:00:00,96.48095372544095
2024-09-19 11:00:00,124.15365137233727
2024-09-19 12:00:00,120.64735568656562
2024-09-19 13:00:00,105.54261207183673
2024-09-19 14:00:00,118.52109393133543
2024-09-19 15:00:00,137.5018830339558
2024-09-19 16:00:00,164.72407730200925
2024-09-19 17:00:00,160.12089335735226
2024-09-19 18:00:00,217.42920192665147
2024-09-19 19:00:00,257.733402931265
2024-09-19 20:00:00,267.47502572341745
2024-09-19 21:00:00,262.17499381820807
2024-09-19 22:00:00,334.4773325363087
2024-09-19 23:00:00,454.18374485116277
2024-09-20 00:00:00,514.9305706275451
2024-09-20 01:00:00,514.8210175632597
2024-09-20 02:00:00,520.3367073276405
2024-09-20 03:00:00,513.4522272057351
2024-09-20 04:00:00,445.59704827200136
2024-09-20 05:00:00,384.1525374050334
2024-09-20 06:00:00,344.43154331121843
2024-09-20 07:00:00,336.72326103559
2024-09-20 08:00:00,323.0698199383016
2024-09-20 09:00:00,308.5509256262371
2024-09-20 10:00:00,250.33372457461084
2024-09-20 11:00:00,263.7280199820513
2024-09-20 12:00:00,188.26780088698322
2024-09-20 13:00:00,165.86554046475177
2024-09-20 14:00:00,220.04380065043688
2024-09-20 15:00:00,276.1326969105812
2024-09-20 16:00:00,261.23014839353687
2024-09-20 17:00:00,251.99199690664398
2024-09-20 18:00:00,225.98410935754782
2024-09-20 19:00:00,193.4491675709605
2024-09-20 20:00:00,198.88923161094291
2024-09-20 21:00:00,184.05636478036686
2024-09-20 22:00:00,250.20665167968113
2024-09-20 23:00:00,354.0084965566112
2024-09-21 00:00:00,427.42902528409445
2024-09-21 01:00:00,426.4128544998779
2024-09-21 02:00:00,426.7100003877163
2024-09-21 03:00:00,452.7003450371056
2024-09-21 04:00:00,382.61054077423324
2024-09-21 05:00:00,340.7230662556581
2024-09-21 06:00:00,270.26221214238916
2024-09-21 07:00:00,240.05954957688488
2024-09-21 08:00:00,237.78085089843898
2024-09-21 09:00:00,225.2095709636486
2024-09-21 10:00:00,191.758785989866
2024-09-21 11:00:00,183.30173859755885
2024-09-21 12:00:00,136.12002643723943
2024-09-21 13:00:00,60.017539982619844
2024-09-21 14:00:00,51.263070173431736
2024-09-21 15:00:00,72.93118865634673
2024-09-21 16:00:00,68.14684372568229
2024-09-21 17:00:00,44.8712759507051
2024-09-21 18:00:00,29.072212211724985
2024-09-21 19:00:00,30.190139400253088
2024-09-21 20:00:00,36.39982365175564
2024-09-21 21:00:00,46.33837472610489
2024-09-21 22:00:00,66.8902204822092
2024-09-21 23:00:00,166.63008378915845
2024-09-22 00:00:00,248.55996316947534
2024-09-22 01:00:00,268.88091517081557
2024-09-22 02:00:00,235.43019465849272
2024-09-22 03:00:00,228.02846854094722
2024-09-22 04:00:00,220.31933713939188
2024-09-22 05:00:00,201.6219994442098
2024-09-22 06:00:00,205.42882082295037
2024-09-22 07:00:00,244.3611034671589
2024-09-22 08:00:00,286.67208876234184
2024-09-22 09:00:00,314.3956611956898
2024-09-22 10:00:00,295.7675216770197
2024-09-22 11:00:00,253.8442864738052
2024-09-22 12:00:00,191.33761326888524
2024-09-22 13:00:00,108.16832877995176
2024-09-22 14:00:00,129.2278898136046
2024-09-22 15:00:00,141.5725118874687
2024-09-22 16:00:00,153.7888965161775
2024-09-22 17:00:00,173.1437067114384
2024-09-22 18:00:00,198.46824381285234
2024-09-22 19:00:00,199.90258702684451
2024-09-22 20:00:00,228.68671920940866
2024-09-22 21:00:00,244.15345778357022
2024-09-22 22:00:00,208.30685717219646
2024-09-22 23:00:00,320.6889877949134
2024-09-23 00:00:00,393.485773654901
2024-09-23 01:00:00,431.70117845149315
2024-09-23 02:00:00,510.80690654579234
2024-09-23 03:00:00,557.5123889799331
2024-09-23 04:00:00,497.19572490005964
2024-09-23 05:00:00,499.0640266308664
2024-09-23 06:00:00,481.1810396209962
2024-09-23 07:00:00,473.31528252721967
2024-09-23 08:00:00,438.9190069897225
2024-09-23 09:00:00,417.9181722223883
2024-09-23 10:00:00,371.6662364931244
2024-09-23 11:00:00,298.5527096961431
2024-09-23 12:00:00,260.5342506955285
2024-09-23 13:00:00,205.6302811932484
2024-09-23 14:00:00,208.0115630450058
2024-09-23 15:00:00,224.21034053101525
2024-09-23 16:00:00,191.47147391938108
2024-09-23 17:00:00,172.42578546923406
2024-09-23 18:00:00,141.8317609158154
2024-09-23 19:00:00,117.67050458363761
2024-09-23 20:00:00,90.16829892305161
2024-09-23 21:00:00,70.65257782119546
2024-09-23 22:00:00,75.83507725264536
2024-09-23 23:00:00,102.36193944986377
2024-09-24 00:00:00,142.9997171748332
2024-09-24 01:00:00,165.8314294290248
2024-09-24 02:00:00,179.38939749769042
2024-09-24 03:00:00,176.9307577784013
2024-09-24 04:00:00,186.87302395654268
2024-09-24 05:00:00,169.95442433759268
2024-09-24 06:00:00,143.55055509537272
2024-09-24 07:00:00,130.98276916414582
2024-09-24 08:00:00,126.2411707493078
2024-09-24 09:00:00,128.2589548285156
2024-09-24 10:00:00,113.00896018454974
2024-09-24 11:00:00,117.46730978685768
2024-09-24 12:00:00,99.36394305493071
2024-09-24 13:00:00,55.67040561965472
2024-09-24 14:00:00,41.3231100022254
2024-09-24 15:00:00,52.34160750495182
2024-09-24 16:00:00,85.23972466006279
2024-09-24 17:00:00,108.47339580791837
2024-09-24 18:00:00,99.10844238138533
2024-09-24 19:00:00,103.9561193033687
2024-09-24 20:00:00,113.57915462239316
2024-09-24 21:00:00,149.44079393218607
2024-09-24 22:00:00,165.0499781732105
2024-09-24 23:00:00,320.53084199568497
2024-09-25 00:00:00,464.57845790080313
2024-09-25 01:00:00,527.8836958416788
2024-09-25 02:00:00,593.0200063738596
2024-09-25 03:00:00,585.2980867171271
2024-09-25 04:00:00,580.7194175215391
2024-09-25 05:00:00,524.1616505090674
2024-09-25 06:00:00,485.5565182323311
2024-09-25 07:00:00,476.6028192941166
2024-09-25 08:00:00,461.15547775026937
2024-09-25 09:00:00,455.55278425114216
2024-09-25 10:00:00,447.384210925766
2024-09-25 11:00:00,520.70646904803
2024-09-25 12:00:00,526.4640439012031
2024-09-25 13:00:00,552.8324353300158
2024-09-25 14:00:00,486.6830839063878
2024-09-25 15:00:00,400.5116002742265
2024-09-25 16:00:00,418.76227862730997
2024-09-25 17:00:00,470.8200047803168
2024-09-25 18:00:00,492.189887538908
2024-09-25 19:00:00,498.19693738246633
2024-09-25 20:00:00,486.02557119269204
2024-09-25 21:00:00,574.8633934866866
2024-09-25 22:00:00,579.7624773932537
2024-09-25 23:00:00,690.5920481288642
2024-09-26 00:00:00,768.6826931718059
2024-09-26 01:00:00,832.0799804018436
2024-09-26 02:00:00,861.127626885451
2024-09-26 03:00:00,905.9311572624731
2024-09-26 04:00:00,884.1551360424331
2024-09-26 05:00:00,901.4839266540868
2024-09-26 06:00:00,938.0035320979712
2024-09-26 07:00:00,1001.8153321491753
2024-09-26 08:00:00,1044.3176695096267
2024-09-26 09:00:00,1091.1709385334766
2024-09-26 10:00:00,932.7084819451405
2024-09-26 11:00:00,972.384968242165
2024-09-26 12:00:00,982.0123361627686
2024-09-26 13:00:00,1068.284697192313
2024-09-26 14:00:00,1309.408873970072
2024-09-26 15:00:00,1548.4902749830712
2024-09-26 16:00:00,1528.1733043052932
2024-09-26 17:00:00,1487.9588619744586
2024-09-26 18:00:00,1280.2151751026208
2024-09-26 19:00:00,1235.0353179322908
2024-09-26 20:00:00,1107.8964009676542
2024-09-26 21:00:00,970.0059725083481
2024-09-26 22:00:00,888.2710349668528
2024-09-26 23:00:00,937.6039571935353
2024-09-27 00:00:00,949.7082228135279
2024-09-27 01:00:00,884.6505503399724
2024-09-27 02:00:00,892.5909398873556
2024-09-27 03:00:00,816.2334899510998
2024-09-27 04:00:00,739.518416903883
2024-09-27 05:00:00,645.2097384273291
2024-09-27 06:00:00,530.3220943849598
2024-09-27 07:00:00,443.53921692887246
2024-09-27 08:00:00,305.1386115300227
2024-09-27 09:00:00,221.9338948216595
2024-09-27 10:00:00,147.09021388112686
2024-09-27 11:00:00,141.85276839247896
2024-09-27 12:00:00,112.39557914205524
2024-09-27 13:00:00,86.25909748478121
2024-09-27 14:00:00,64.451353527661
2024-09-27 15:00:00,87.82130733177694
2024-09-27 16:00:00,124.45888574616895
2024-09-27 17:00:00,135.22829233728342
2024-09-27 18:00:00,137.97617269061783
2024-09-27 19:00:00,124.30315853583978
2024-09-27 20:00:00,123.5599166785867
2024-09-27 21:00:00,123.03835023364769
2024-09-27 22:00:00,92.29860641866881
2024-09-27 23:00:00,129.26396109101566
2024-09-28 00:00:00,132.29324269979045
2024-09-28 01:00:00,98.7105813966
2024-09-28 02:00:00,84.05248396845907
2024-09-28 03:00:00,92.09087335898275
2024-09-28 04:00:00,98.80900889663903
2024-09-28 05:00:00,105.64188119485085
2024-09-28 06:00:00,72.2213739936341
2024-09-28 07:00:00,47.190370743595174
2024-09-28 08:00:00,46.64525223033455
2024-09-28 09:00:00,36.02725534055132
2024-09-28 10:00:00,16.57072747343761
2024-09-28 11:00:00,16.788755274398625
2024-09-28 12:00:00,17.48676690954083
2024-09-28 13:00:00,15.145698271295117
2024-09-28 14:00:00,11.824337851377601
2024-09-28 15:00:00,12.01067563290583
2024-09-28 16:00:00,10.37739335900797
2024-09-28 17:00:00,10.56582192825842
2024-09-28 18:00:00,10.202280679506588
2024-09-28 19:00:00,10.791249514647907
2024-09-28 20:00:00,16.69299435786822
2024-09-28 21:00:00,20.933082842627606
2024-09-28 22:00:00,63.05632351451599
2024-09-28 23:00:00,95.74817960450042
2024-09-29 00:00:00,95.0917352451749
2024-09-29 01:00:00,79.32881512564063
2024-09-29 02:00:00,70.29082289419327
2024-09-29 03:00:00,61.573011419421476
2024-09-29 04:00:00,52.05627538368248
2024-09-29 05:00:00,50.07082317184218
2024-09-29 06:00:00,65.16056847839158
2024-09-29 07:00:00,97.59413704548919
2024-09-29 08:00:00,95.93493901319117
2024-09-29 09:00:00,90.28035807445039
2024-09-29 10:00:00,83.04580409376628
2024-09-29 11:00:00,93.58059625286045
2024-09-29 12:00:00,68.8483777127175
2024-09-29 13:00:00,24.761067526755557
2024-09-29 14:00:00,49.41317051889019
2024-09-29 15:00:00,35.57818036463189
2024-09-29 16:00:00,61.21622781491895
2024-09-29 17:00:00,84.35750718410802
2024-09-29 18:00:00,93.64301381444479
2024-09-29 19:00:00,64.44869211261665
2024-09-29 20:00:00,49.15662053092144
2024-09-29 21:00:00,87.98560906350087
2024-09-29 22:00:00,140.6552187200844
2024-09-29 23:00:00,257.4550832084404
2024-09-30 00:00:00,358.28255458437235
2024-09-30 01:00:00,382.53036111626784
2024-09-30 02:00:00,391.80852712392976
2024-09-30 03:00:00,387.69867978248027
2024-09-30 04:00:00,443.31309664050616
2024-09-30 05:00:00,528.3289832816467
2024-09-30 06:00:00,568.2013343269379
2024-09-30 07:00:00,565.8412578621819
2024-09-30 08:00:00,587.6767171915938
2024-09-30 09:00:00,605.2917902981083
2024-09-30 10:00:00,538.0417090351709
2024-09-30 11:00:00,517.2604035088981
2024-09-30 12:00:00,433.36262490062285
2024-09-30 13:00:00,286.9658294415447
2024-09-30 14:00:00,213.43958710961573
2024-09-30 15:00:00,195.89743934602518
2024-09-30 16:00:00,190.90052527628907
2024-09-30 17:00:00,186.319211496948
2024-09-30 18:00:00,176.17052211331017
2024-09-30 19:00:00,156.88881684526532
2024-09-30 20:00:00,144.40132695372844
2024-09-30 21:00:00,143.58589601240715
2024-09-30 22:00:00,292.09638549413165
2024-09-30 23:00:00,415.8375288718029
2024-10-01 00:00:00,440.6353023914946
2024-10-01 01:00:00,448.9286375540502
2024-10-01 02:00:00,451.98667615243556
2024-10-01 03:00:00,438.70504437619013
2024-10-01 04:00:00,391.8463150392121
2024-10-01 05:00:00,349.99979222785464
2024-10-01 06:00:00,319.8457273146173
2024-10-01 07:00:00,294.83743707343797
2024-10-01 08:00:00,276.6281157584897
2024-10-01 09:00:00,279.55678609543025
2024-10-01 10:00:00,239.6001832107801
2024-10-01 11:00:00,253.3901884170357
2024-10-01 12:00:00,223.3920271892321
2024-10-01 13:00:00,127.65124691830393
2024-10-01 14:00:00,85.76981329128114
2024-10-01 15:00:00,95.22165995772326
2024-10-01 16:00:00,108.09850395843391
2024-10-01 17:00:00,122.9911420660131
2024-10-01 18:00:00,155.52049360470812
2024-10-01 19:00:00,175.42166109451452
2024-10-01 20:00:00,179.83830374756283
2024-10-01 21:00:00,183.3092709076692
2024-10-01 22:00:00,206.3628581187019
2024-10-01 23:00:00,352.4900361666985
2024-10-02 00:00:00,535.5293426358347
2024-10-02 01:00:00,676.0609132671381
2024-10-02 02:00:00,728.0980727598472
2024-10-02 03:00:00,746.9518004975818
2024-10-02 04:00:00,706.5919589960694
2024-10-02 05:00:00,662.413686537609
2024-10-02 06:00:00,626.6971005627488
2024-10-02 07:00:00,606.9709696687426
2024-10-02 08:00:00,572.8393682027836
2024-10-02 09:00:00,554.7430628971251
2024-10-02 10:00:00,546.5477871109623
2024-10-02 11:00:00,500.2516433560739
2024-10-02 12:00:00,446.1304786138221
2024-10-02 13:00:00,388.94635158323143
2024-10-02 14:00:00,348.20115751283265
2024-10-02 15:00:00,296.2982377624163
2024-10-02 16:00:00,266.90877821515704
2024-10-02 17:00:00,261.7680333494878
2024-10-02 18:00:00,272.89968117735197
2024-10-02 19:00:00,297.7989444674573
2024-10-02 20:00:00,332.7302698017972
2024-10-02 21:00:00,314.53427489436064
2024-10-02 22:00:00,443.16318797001884
2024-10-02 23:00:00,538.8383647711825
2024-10-03 00:00:00,625.4843145195064
2024-10-03 01:00:00,651.6651221118492
2024-10-03 02:00:00,616.4037202300091
2024-10-03 03:00:00,544.4921770380356
2024-10-03 04:00:00,525.4969494345262
2024-10-03 05:00:00,501.35031341414526
2024-10-03 06:00:00,474.78110189867795
2024-10-03 07:00:00,442.39004632357484
2024-10-03 08:00:00,430.5851782250635
2024-10-03 09:00:00,418.3303127971515
2024-10-03 10:00:00,348.12847182159226
2024-10-03 11:00:00,356.6435989073722
2024-10-03 12:00:00,342.06022780507726
2024-10-03 13:00:00,249.02943195155655
2024-10-03 14:00:00,285.35891563093844
2024-10-03 15:00:00,314.35631007987166
2024-10-03 16:00:00,394.8257706406332
2024-10-03 17:00:00,486.69073891717886
2024-10-03 18:00:00,526.2525703594033
2024-10-03 19:00:00,475.3858214783664
2024-10-03 20:00:00,528.9394220741942
2024-10-03 21:00:00,418.00957393424244
2024-10-03 22:00:00,433.0481849226693
2024-10-03 23:00:00,508.6977034661933
2024-10-04 00:00:00,593.9777947499831
2024-10-04 01:00:00,658.7637610809267
2024-10-04 02:00:00,690.435695920692
2024-10-04 03:00:00,719.5048522903936
2024-10-04 04:00:00,746.466156585383
2024-10-04 05:00:00,697.3887404616421
2024-10-04 06:00:00,632.1980049648301
2024-10-04 07:00:00,565.1370869181613
2024-10-04 08:00:00,489.9190518682175
2024-10-04 09:00:00,422.30311634639315
2024-10-04 10:00:00,338.39094597489924
2024-10-04 11:00:00,307.8206077965785
2024-10-04 12:00:00,241.9459145891275
2024-10-04 13:00:00,89.63488262151198
2024-10-04 14:00:00,70.82276144413159
2024-10-04 15:00:00,76.82410780851707
2024-10-04 16:00:00,83.67285582865722
2024-10-04 17:00:00,109.56310483484667
2024-10-04 18:00:00,88.29279453488448
2024-10-04 19:00:00,59.29924155162334
2024-10-04 20:00:00,38.760004989735336
2024-10-04 21:00:00,31.48272206036205
2024-10-04 22:00:00,63.41907627853058
2024-10-04 23:00:00,121.45152686658923
2024-10-05 00:00:00,148.550458428826
2024-10-05 01:00:00,172.25271025923445
2024-10-05 02:00:00,163.44913194368945
2024-10-05 03:00:00,146.03011658680322
2024-10-05 04:00:00,160.24468773723254
2024-10-05 05:00:00,161.23215891695003
2024-10-05 06:00:00,183.8689984831646
2024-10-05 07:00:00,219.40337997141344
2024-10-05 08:00:00,247.30534757034204
2024-10-05 09:00:00,273.28794176568164
2024-10-05 10:00:00,389.452021339133
2024-10-05 11:00:00,448.775659066872
2024-10-05 12:00:00,520.9020983885415
2024-10-05 13:00:00,641.0237551501748
2024-10-05 14:00:00,775.9074472303772
2024-10-05 15:00:00,896.3710319345579
2024-10-05 16:00:00,978.4062151279885
2024-10-05 17:00:00,978.4536199489429
2024-10-05 18:00:00,866.1311420690904
2024-10-05 19:00:00,722.7102906707826
2024-10-05 20:00:00,689.8791862837296
2024-10-05 21:00:00,670.1343333699696
2024-10-05 22:00:00,482.0115415849279
2024-10-05 23:00:00,468.66406044009597
2024-10-06 00:00:00,447.23377808323806
2024-10-06 01:00:00,421.84638583338426
2024-10-06 02:00:00,372.39125293065734
2024-10-06 03:00:00,343.41616120758647
2024-10-06 04:00:00,312.8000958452731
2024-10-06 05:00:00,256.5611403705188
2024-10-06 06:00:00,211.11740614014425
2024-10-06 07:00:00,172.82178820048338
2024-10-06 08:00:00,169.3376586002292
2024-10-06 09:00:00,168.2756787084045
2024-10-06 10:00:00,181.71652914590416
2024-10-06 11:00:00,131.30494031317215
2024-10-06 12:00:00,90.40030168861432
2024-10-06 13:00:00,85.97963974770926
2024-10-06 14:00:00,119.35112286943955
2024-10-06 15:00:00,163.19856253820447
2024-10-06 16:00:00,237.91727726642077
2024-10-06 17:00:00,265.00494587513
2024-10-06 18:00:00,289.8226431292019
2024-10-06 19:00:00,348.29646590335966
2024-10-06 20:00:00,492.369765214232
2024-10-06 21:00:00,577.2820442950565
2024-10-06 22:00:00,531.8609234266837
2024-10-06 23:00:00,727.2046528816495
2024-10-07 00:00:00,858.0714219679752
2024-10-07 01:00:00,1159.8185190224417
2024-10-07 02:00:00,1234.680401619316
2024-10-07 03:00:00,1298.585933407063
2024-10-07 04:00:00,1277.630785706348
2024-10-07 05:00:00,1218.764330725607
2024-10-07 06:00:00,1280.3874096269822
2024-10-07 07:00:00,1189.6484012036744
2024-10-07 08:00:00,1201.6785799686638
2024-10-07 09:00:00,1189.9869492870075
2024-10-07 10:00:00,1123.7883750531244
2024-10-07 11:00:00,1011.9028097858411
2024-10-07 12:00:00,1139.5604542807619
2024-10-07 13:00:00,1080.3999517277357
2024-10-07 14:00:00,1036.4936526692084
2024-10-07 15:00:00,1055.5915796028896
2024-10-07 16:00:00,963.128066182092
2024-10-07 17:00:00,862.8896894209533
2024-10-07 18:00:00,809.9395628605902
2024-10-07 19:00:00,788.1343593385318
2024-10-07 20:00:00,782.1298711539188
2024-10-07 21:00:00,788.6087451892372
2024-10-07 22:00:00,800.1748577502185
2024-10-07 23:00:00,861.1656780392839
2024-10-08 00:00:00,796.6274743690137
2024-10-08 01:00:00,752.9349154742597
2024-10-08 02:00:00,758.7488110071379
2024-10-08 03:00:00,726.8759300851827
2024-10-08 04:00:00,673.5826162451821
2024-10-08 05:00:00,679.747112256746
2024-10-08 06:00:00,598.5199538886606
2024-10-08 07:00:00,573.4551538128862
2024-10-08 08:00:00,540.0627495113906
2024-10-08 09:00:00,562.9094346540666
2024-10-08 10:00:00,496.08147958601467
2024-10-08 11:00:00,403.48280385547406
2024-10-08 12:00:00,315.00733687115934
2024-10-08 13:00:00,303.2643734230483
2024-10-08 14:00:00,396.65639231154074
2024-10-08 15:00:00,454.6393999305295
2024-10-08 16:00:00,442.1813667210924
2024-10-08 17:00:00,283.4310398639311
2024-10-08 18:00:00,247.30153443904484
2024-10-08 19:00:00,308.30413730204265
2024-10-08 20:00:00,323.0930420718282
2024-10-08 21:00:00,283.8098157391561
2024-10-08 22:00:00,271.9336047222306
2024-10-08 23:00:00,263.92137972053916
2024-10-09 00:00:00,254.71492828356932
2024-10-09 01:00:00,294.44895804031836
2024-10-09 02:00:00,341.57615678065065
2024-10-09 03:00:00,380.51775028781935
2024-10-09 04:00:00,397.26625836728726
2024-10-09 05:00:00,404.0960696461038
2024-10-09 06:00:00,383.0110852788981
2024-10-09 07:00:00,343.2891383964971
2024-10-09 08:00:00,322.0587030763991
2024-10-09 09:00:00,308.1171772767935
2024-10-09 10:00:00,355.0694879634835
2024-10-09 11:00:00,379.2410427475501
2024-10-09 12:00:00,442.9405067692042
2024-10-09 13:00:00,262.87631960599094
2024-10-09 14:00:00,356.2700512964431
2024-10-09 15:00:00,396.1763955924092
2024-10-09 16:00:00,391.82915129433457
2024-10-09 17:00:00,386.6967103554319
2024-10-09 18:00:00,367.74569966129064
2024-10-09 19:00:00,345.1903555700876
2024-10-09 20:00:00,250.5873550041498
2024-10-09 21:00:00,133.36461136579214
2024-10-09 22:00:00,126.26526850174648
2024-10-09 23:00:00,118.30186588935014
2024-10-10 00:00:00,121.91721894798296
2024-10-10 01:00:00,125.59783625139995
2024-10-10 02:00:00,150.92458233854836
2024-10-10 03:00:00,184.26560406707824
2024-10-10 04:00:00,228.12613886474466
2024-10-10 05:00:00,303.8294512935998
2024-10-10 06:00:00,361.1936492695664
2024-10-10 07:00:00,398.0873206185541
2024-10-10 08:00:00,433.8146243787215
2024-10-10 09:00:00,468.01917962896687
2024-10-10 10:00:00,498.23185396398475
2024-10-10 11:00:00,620.415727360235
2024-10-10 12:00:00,650.3135319781815
2024-10-10 13:00:00,642.7799247426952
2024-10-10 14:00:00,960.3153198932652
2024-10-10 15:00:00,994.9681595500738
2024-10-10 16:00:00,1057.0339119996395
2024-10-10 17:00:00,918.3482158845032
2024-10-10 18:00:00,1002.4456436967375
2024-10-10 19:00:00,1156.3473629172722
2024-10-10 20:00:00,1222.1941325968603
2024-10-10 21:00:00,1165.8806609173218
2024-10-10 22:00:00,1330.835515633223
2024-10-10 23:00:00,1424.4007460184155
2024-10-11 00:00:00,1605.4001741838424
2024-10-11 01:00:00,1654.498309020675
2024-10-11 02:00:00,1700.6022880686075
2024-10-11 03:00:00,1711.952931333303
2024-10-11 04:00:00,1778.4268628409247
2024-10-11 05:00:00,1804.342144572089
2024-10-11 06:00:00,1867.2695368829864
2024-10-11 07:00:00,1909.4583897095997
2024-10-11 08:00:00,1928.98808770437
2024-10-11 09:00:00,1970.3342440324832
2024-10-11 10:00:00,2217.5997720371042
2024-10-11 11:00:00,2162.1237426550883
2024-10-11 12:00:00,1898.93877500615
2024-10-11 13:00:00,2443.9878391556413
2024-10-11 14:00:00,2683.693588751335
2024-10-11 15:00:00,2558.061663842786
2024-10-11 16:00:00,2512.91983008503
2024-10-11 17:00:00,2553.655751345956
2024-10-11 18:00:00,2674.700458275687
2024-10-11 19:00:00,2733.423257922188
2024-10-11 20:00:00,2512.4304271453916
2024-10-11 21:00:00,2102.9558503052754
2024-10-11 22:00:00,1746.1158875361527
2024-10-11 23:00:00,1802.4701242717408
2024-10-12 00:00:00,1828.127453968704
2024-10-12 01:00:00,1886.5600707561389
2024-10-12 02:00:00,1987.926935162138
2024-10-12 03:00:00,1912.1091641181602
2024-10-12 04:00:00,1735.4929971030356
2024-10-12 05:00:00,1683.8096458991538
2024-10-12 06:00:00,1832.7613674662457
2024-10-12 07:00:00,1944.897305462074
2024-10-12 08:00:00,1945.9506169862461
2024-10-12 09:00:00,2084.7900711944567
2024-10-12 10:00:00,2342.5138962131255
2024-10-12 11:00:00,2642.7071689169243
2024-10-12 12:00:00,2637.366923168422
2024-10-12 13:00:00,2749.2273753488535
2024-10-12 14:00:00,2965.921075275929
2024-10-12 15:00:00,3133.846883983718
2024-10-12 16:00:00,3336.3657033390054
2024-10-12 17:00:00,3424.1249201262017
2024-10-12 18:00:00,3528.0458140196206
2024-10-12 19:00:00,3467.5925356409202
2024-10-12 20:00:00,3436.0248113501307
2024-10-12 21:00:00,3252.8065427625293
2024-10-12 22:00:00,2744.320597047156
2024-10-12 23:00:00,2802.0419363570736
2024-10-13 00:00:00,2785.6945460100924
2024-10-13 01:00:00,2757.213677764344
2024-10-13 02:00:00,2595.0700033556964
2024-10-13 03:00:00,2464.8267901931013
2024-10-13 04:00:00,2349.1771413286783
2024-10-13 05:00:00,2222.910256227954
2024-10-13 06:00:00,2098.5080669223375
2024-10-13 07:00:00,1970.510820100892
2024-10-13 08:00:00,1813.3855535715786
2024-10-13 09:00:00,1639.1027111533285
2024-10-13 10:00:00,1349.1565538772743
2024-10-13 11:00:00,1136.5238994751437
2024-10-13 12:00:00,1182.6587008287336
2024-10-13 13:00:00,1273.1358764808444
2024-10-13 14:00:00,1076.9786292163585
2024-10-13 15:00:00,854.8194326242165
2024-10-13 16:00:00,838.9859667084817
2024-10-13 17:00:00,803.3563576667274
2024-10-13 18:00:00,769.0844491886967
2024-10-13 19:00:00,605.6354992875038
2024-10-13 20:00:00,440.07403867030473
2024-10-13 21:00:00,239.32466423118004
2024-10-13 22:00:00,132.5412475207117
2024-10-13 23:00:00,160.50494783593626
2024-10-14 00:00:00,191.1950942382762
2024-10-14 01:00:00,313.5691594104828
2024-10-14 02:00:00,273.23603873145953
2024-10-14 03:00:00,240.33483354151934
2024-10-14 04:00:00,246.69637940865042
2024-10-14 05:00:00,227.2364224132073
2024-10-14 06:00:00,204.11702052604252
2024-10-14 07:00:00,222.02830354079575
2024-10-14 08:00:00,255.4037930204133
2024-10-14 09:00:00,307.3790664301144
2024-10-14 10:00:00,397.12912327121006
2024-10-14 11:00:00,382.5587786548724
2024-10-14 12:00:00,404.1148304715141
2024-10-14 13:00:00,354.06486304503926
2024-10-14 14:00:00,384.1981325085122
2024-10-14 15:00:00,538.7873257043324
2024-10-14 16:00:00,774.4070619468523
2024-10-14 17:00:00,1054.2735612186384
2024-10-14 18:00:00,1339.3541672513695
2024-10-14 19:00:00,1433.7973248590456
2024-10-14 20:00:00,1508.8152391819667
2024-10-14 21:00:00,1601.0906044875062
2024-10-14 22:00:00,1690.3004203270373
2024-10-14 23:00:00,1670.6880964243212
2024-10-15 00:00:00,1724.2437098870234
2024-10-15 01:00:00,1735.799948370067
2024-10-15 02:00:00,1685.7507400772192
2024-10-15 03:00:00,1607.950574503067
2024-10-15 04:00:00,1524.3241632057743
2024-10-15 05:00:00,1479.0918730835635
2024-10-15 06:00:00,1555.688462352599
2024-10-15 07:00:00,1682.6795619302711
2024-10-15 08:00:00,1723.9904463476971
2024-10-15 09:00:00,1882.3442097662137
2024-10-15 10:00:00,1552.7556542244279
2024-10-15 11:00:00,1441.3301684709454
2024-10-15 12:00:00,1477.3645598702403
2024-10-15 13:00:00,1600.5681491935281
2024-10-15 14:00:00,1642.4065244648907
2024-10-15 15:00:00,1567.943856265458
2024-10-15 16:00:00,1572.291589966899
2024-10-15 17:00:00,1476.949375798061
2024-10-15 18:00:00,1450.91992859011
2024-10-15 19:00:00,1457.1525507730441
2024-10-15 20:00:00,1166.8114565182061
2024-10-15 21:00:00,889.337480581021
2024-10-15 22:00:00,697.8791854791046
2024-10-15 23:00:00,706.7049901470551
2024-10-16 00:00:00,723.7729316789026
2024-10-16 01:00:00,702.1767014299269
2024-10-16 02:00:00,774.6112837142686
2024-10-16 03:00:00,824.9802479685527
2024-10-16 04:00:00,858.841491326665
2024-10-16 05:00:00,887.2815634251125
2024-10-16 06:00:00,1036.242806740723
2024-10-16 07:00:00,1135.4872263353975
2024-10-16 08:00:00,1372.5229479439004
2024-10-16 09:00:00,1449.9664718295771
2024-10-16 10:00:00,1274.6779301821548
2024-10-16 11:00:00,1548.594108164234
2024-10-16 12:00:00,1681.568025998685
2024-10-16 13:00:00,2283.1170606332116
2024-10-16 14:00:00,2713.8620021637803
2024-10-16 15:00:00,2443.5563897462503
2024-10-16 16:00:00,2359.4697998074657
2024-10-16 17:00:00,2190.48508667397
2024-10-16 18:00:00,2031.4768108450464
2024-10-16 19:00:00,1717.8176819852556
2024-10-16 20:00:00,1518.494577054574
2024-10-16 21:00:00,1136.289225265561
2024-10-16 22:00:00,947.5368794360719
2024-10-16 23:00:00,990.9101281612482
2024-10-17 00:00:00,944.761320291622
2024-10-17 01:00:00,815.2701667465215
2024-10-17 02:00:00,692.2953578089014
2024-10-17 03:00:00,605.1180144408561
2024-10-17 04:00:00,490.9882367237241
2024-10-17 05:00:00,456.54695952177525
2024-10-17 06:00:00,459.1745969108608
2024-10-17 07:00:00,470.8966223813149
2024-10-17 08:00:00,454.51559645201525
2024-10-17 09:00:00,454.46599710533656
2024-10-17 10:00:00,522.5052071014989
2024-10-17 11:00:00,496.46811670697366
2024-10-17 12:00:00,529.1602324260895
2024-10-17 13:00:00,337.12580099501656
2024-10-17 14:00:00,321.85088760221197
2024-10-17 15:00:00,397.7617036164578
2024-10-17 16:00:00,452.1353553323766
2024-10-17 17:00:00,460.89640276798764
2024-10-17 18:00:00,475.2124761104119
2024-10-17 19:00:00,444.2729761910131
2024-10-17 20:00:00,364.5716356324144
2024-10-17 21:00:00,337.9652412772205
2024-10-17 22:00:00,439.05860641120506
2024-10-17 23:00:00,582.9888107680954
2024-10-18 00:00:00,643.7224503716441
2024-10-18 01:00:00,604.1831447507589
2024-10-18 02:00:00,545.0051914589246
2024-10-18 03:00:00,504.3365874453548
2024-10-18 04:00:00,439.66867542740727
2024-10-18 05:00:00,337.5357208446232
2024-10-18 06:00:00,292.211168459066
2024-10-18 07:00:00,246.7681321296638
2024-10-18 08:00:00,241.1732120281906
2024-10-18 09:00:00,249.09261740156742
2024-10-18 10:00:00,246.3532973625242
2024-10-18 11:00:00,256.2463582254315
2024-10-18 12:00:00,208.80635181873578
2024-10-18 13:00:00,106.2125698144078
2024-10-18 14:00:00,44.34042979165758
2024-10-18 15:00:00,37.22779025598763
2024-10-18 16:00:00,29.737194459047203
2024-10-18 17:00:00,30.858485474885306
2024-10-18 18:00:00,55.76712707387551
2024-10-18 19:00:00,88.79092446900566
2024-10-18 20:00:00,144.58508308611417
2024-10-18 21:00:00,261.8421577838649
2024-10-18 22:00:00,516.4537605864326
2024-10-18 23:00:00,680.2439150953436
2024-10-19 00:00:00,815.5887871393983
2024-10-19 01:00:00,877.3070182341336
2024-10-19 02:00:00,914.6278568137554
2024-10-19 03:00:00,934.2752321763168
2024-10-19 04:00:00,932.1866179234944
2024-10-19 05:00:00,915.9379088313732
2024-10-19 06:00:00,914.2794308935927
2024-10-19 07:00:00,928.3814782580998
2024-10-19 08:00:00,977.2241569886443
2024-10-19 09:00:00,1005.858900037656
2024-10-19 10:00:00,1062.1278946426937
2024-10-19 11:00:00,1078.1578674610814
2024-10-19 12:00:00,1019.7024851507334
2024-10-19 13:00:00,846.2851718773268
2024-10-19 14:00:00,478.58637001576795
2024-10-19 15:00:00,418.08682621894013
2024-10-19 16:00:00,430.0609999345196
2024-10-19 17:00:00,484.3780493804116
2024-10-19 18:00:00,539.1026541038898
2024-10-19 19:00:00,644.0743769902839
2024-10-19 20:00:00,833.8355033064838
2024-10-19 21:00:00,1216.3296506697386
2024-10-19 22:00:00,1564.1984298562581
2024-10-19 23:00:00,1801.72068549599
2024-10-20 00:00:00,1859.2468754845527
2024-10-20 01:00:00,1829.0264285742505
2024-10-20 02:00:00,1753.2395156396753
2024-10-20 03:00:00,1648.0421435116468
2024-10-20 04:00:00,1557.6050207558762
2024-10-20 05:00:00,1420.1465661788839
2024-10-20 06:00:00,1298.2249854028578
2024-10-20 07:00:00,1188.4783191182412
2024-10-20 08:00:00,1068.5364609765695
2024-10-20 09:00:00,977.1712224459021
2024-10-20 10:00:00,913.0241917246249
2024-10-20 11:00:00,915.9578792572308
2024-10-20 12:00:00,898.634271402006
2024-10-20 13:00:00,900.6099535065091
2024-10-20 14:00:00,614.8323594689366
2024-10-20 15:00:00,690.5828028100474
2024-10-20 16:00:00,854.8733978225778
2024-10-20 17:00:00,941.7461564958935
2024-10-20 18:00:00,1149.568269863569
2024-10-20 19:00:00,1251.7808339558708
2024-10-20 20:00:00,1438.766996238453
2024-10-20 21:00:00,1723.8558256071642
2024-10-20 22:00:00,1900.4589002983682
2024-10-20 23:00:00,2000.1792942397244
2024-10-21 00:00:00,2148.8527932726365
2024-10-21 01:00:00,2100.799911996026
2024-10-21 02:00:00,2096.5009433583823
2024-10-21 03:00:00,1975.1835297311904
2024-10-21 04:00:00,1816.8196570574937
2024-10-21 05:00:00,1681.067134303177
2024-10-21 06:00:00,1488.9898941590145
2024-10-21 07:00:00,1306.8444697875357
2024-10-21 08:00:00,1160.4297961396658
2024-10-21 09:00:00,1039.6427056047028
2024-10-21 10:00:00,981.4706146056573
2024-10-21 11:00:00,976.4571509913983
2024-10-21 12:00:00,902.910914700495
2024-10-21 13:00:00,748.8669850865094
2024-10-21 14:00:00,673.810642440253
2024-10-21 15:00:00,763.23771412015
2024-10-21 16:00:00,870.5032587814076
2024-10-21 17:00:00,1021.940837986917
2024-10-21 18:00:00,1427.711567208636
2024-10-21 19:00:00,1343.9041453197365
2024-10-21 20:00:00,946.9341926127531
2024-10-21 21:00:00,979.3233312547479
2024-10-21 22:00:00,1357.5407923142614
2024-10-21 23:00:00,1314.20199051198
2024-10-22 00:00:00,1358.8358351153465
2024-10-22 01:00:00,1215.245913055313
2024-10-22 02:00:00,986.3567792244758
2024-10-22 03:00:00,735.6591694509713
2024-10-22 04:00:00,609.7067437913861
2024-10-22 05:00:00,515.5573936614006
2024-10-22 06:00:00,452.50598002210734
2024-10-22 07:00:00,422.0485917790411
2024-10-22 08:00:00,372.0674678076917
2024-10-22 09:00:00,297.3075303522736
2024-10-22 10:00:00,237.94676366136525
2024-10-22 11:00:00,185.90233818159868
2024-10-22 12:00:00,118.31885561655673
2024-10-22 13:00:00,59.442317062308106
2024-10-22 14:00:00,24.227072076978246
2024-10-22 15:00:00,33.13187236482018
2024-10-22 16:00:00,45.86459906062305
2024-10-22 17:00:00,65.61069801784029
2024-10-22 18:00:00,120.50558583261322
2024-10-22 19:00:00,167.14875207990286
2024-10-22 20:00:00,194.37540817708157
2024-10-22 21:00:00,328.47929406927653
2024-10-22 22:00:00,539.2784215651617
2024-10-22 23:00:00,850.65533740315
2024-10-23 00:00:00,1196.162890797672
2024-10-23 01:00:00,1470.8171799470208
2024-10-23 02:00:00,1703.0517776524773
2024-10-23 03:00:00,1890.6575224076878
2024-10-23 04:00:00,2017.398001455107
2024-10-23 05:00:00,2105.9858826247178
2024-10-23 06:00:00,2158.5591743008126
2024-10-23 07:00:00,2143.9200318839125
2024-10-23 08:00:00,2149.1245141933814
2024-10-23 09:00:00,2122.2882402102387
2024-10-23 10:00:00,2013.8099681164642
2024-10-23 11:00:00,2081.0622316183253
2024-10-23 12:00:00,2060.3380290483506
2024-10-23 13:00:00,1868.8629319964018
2024-10-23 14:00:00,1746.5215787285913
2024-10-23 15:00:00,1648.1055886751026
2024-10-23 16:00:00,1840.4717201525912
2024-10-23 17:00:00,2047.7942185138902
2024-10-23 18:00:00,2021.9824101672737
2024-10-23 19:00:00,2032.1191162133043
2024-10-23 20:00:00,2459.470965671503
2024-10-23 21:00:00,2392.0667171938594
2024-10-23 22:00:00,2154.247453430432
2024-10-23 23:00:00,2290.6187725759246
2024-10-24 00:00:00,2376.597519763336
2024-10-24 01:00:00,2190.120439390985
2024-10-24 02:00:00,2029.62981574363
2024-10-24 03:00:00,1651.0326697370754
2024-10-24 04:00:00,1427.912740064621
2024-10-24 05:00:00,1195.9561507602214
2024-10-24 06:00:00,1028.4236571507754
2024-10-24 07:00:00,911.4606973029157
2024-10-24 08:00:00,900.3652235854695
2024-10-24 09:00:00,775.7911279055253
2024-10-24 10:00:00,526.608724037607
2024-10-24 11:00:00,642.2736909328165
2024-10-24 12:00:00,617.1984421703934
2024-10-24 13:00:00,605.9077004613746
2024-10-24 14:00:00,457.68589240230637
2024-10-24 15:00:00,338.8251469074451
2024-10-24 16:00:00,235.93402420244107
2024-10-24 17:00:00,195.4648206052022
2024-10-24 18:00:00,170.36642578116704
2024-10-24 19:00:00,180.4790329822366
2024-10-24 20:00:00,224.94860719532986
2024-10-24 21:00:00,230.64432723398886
2024-10-24 22:00:00,314.211803868228
2024-10-24 23:00:00,494.48889403909277
2024-10-25 00:00:00,513.6670085526938
2024-10-25 01:00:00,463.73612360152293
2024-10-25 02:00:00,442.3850873214575
2024-10-25 03:00:00,408.0637466227206
2024-10-25 04:00:00,384.7120591981288
2024-10-25 05:00:00,413.1740995225557
2024-10-25 06:00:00,436.4019859838027
2024-10-25 07:00:00,450.48001471888745
2024-10-25 08:00:00,375.0422501401742
2024-10-25 09:00:00,364.3742641493272
2024-10-25 10:00:00,378.71416744533326
2024-10-25 11:00:00,389.8377629483028
2024-10-25 12:00:00,346.6472425056197
2024-10-25 13:00:00,190.64008526005944
2024-10-25 14:00:00,168.43620094387092
2024-10-25 15:00:00,144.09977020787244
2024-10-25 16:00:00,91.40227606146578
2024-10-25 17:00:00,47.21862058014022
2024-10-25 18:00:00,38.75416701688855
2024-10-25 19:00:00,31.224217620334418
2024-10-25 20:00:00,26.82005699622674
2024-10-25 21:00:00,30.96141199428137
2024-10-25 22:00:00,64.07511230608254
2024-10-25 23:00:00,80.53633205787752
2024-10-26 00:00:00,86.66132479677303
2024-10-26 01:00:00,64.20041052271904
2024-10-26 02:00:00,52.61606263306941
2024-10-26 03:00:00,125.84796633652616
2024-10-26 04:00:00,203.63454314539194
2024-10-26 05:00:00,264.3819235881634
2024-10-26 06:00:00,344.0777457097594
2024-10-26 07:00:00,449.40412168614955
2024-10-26 08:00:00,505.46244173147
2024-10-26 09:00:00,616.395339752586
2024-10-26 10:00:00,703.0226179247632
2024-10-26 11:00:00,897.97377726268
2024-10-26 12:00:00,1095.285782520301
2024-10-26 13:00:00,1161.8594984886258
2024-10-26 14:00:00,1362.046013684302
2024-10-26 15:00:00,1467.899602723607
2024-10-26 16:00:00,1656.708268676688
2024-10-26 17:00:00,1681.5535334744607
2024-10-26 18:00:00,1833.04577488595
2024-10-26 19:00:00,2070.8054107626745
2024-10-26 20:00:00,2137.3334123338013
2024-10-26 21:00:00,1841.1055382382538
2024-10-26 22:00:00,1761.1863602658636
2024-10-26 23:00:00,1911.9111103407724
2024-10-27 00:00:00,2093.999891460038
2024-10-27 01:00:00,2154.0092151194403
2024-10-27 02:00:00,2192.3767672582276
2024-10-27 03:00:00,2234.5807307524783
2024-10-27 04:00:00,2136.9277074605448
2024-10-27 05:00:00,2064.719922286471
2024-10-27 06:00:00,1997.1979806341828
2024-10-27 07:00:00,1955.6037193228779
2024-10-27 08:00:00,1808.3920030484187
2024-10-27 09:00:00,1748.4355075645153
2024-10-27 10:00:00,1608.6616517900518
2024-10-27 11:00:00,1587.8230073930083
2024-10-27 12:00:00,1363.0562402785456
2024-10-27 13:00:00,1844.0600596349477
2024-10-27 14:00:00,1922.7242528294134
2024-10-27 15:00:00,2137.9075141947055
2024-10-27 16:00:00,2234.943820738466
2024-10-27 17:00:00,2194.491694434173
2024-10-27 18:00:00,2108.55306494921
2024-10-27 19:00:00,2037.0252877819453
2024-10-27 20:00:00,1883.0507471956623
2024-10-27 21:00:00,1605.7764396892999
2024-10-27 22:00:00,780.4848061485225
2024-10-27 23:00:00,885.70536730442
2024-10-28 00:00:00,1148.1102751966691
2024-10-28 01:00:00,1120.3311580365562
2024-10-28 02:00:00,1085.3874129633336
2024-10-28 03:00:00,1007.2934325328036
2024-10-28 04:00:00,1019.58484398778
2024-10-28 05:00:00,1093.4798910133518
2024-10-28 06:00:00,1138.9390679478481
2024-10-28 07:00:00,1137.792396019169
2024-10-28 08:00:00,1187.5352134845916
2024-10-28 09:00:00,1137.003797368183
2024-10-28 10:00:00,1257.557568935462
2024-10-28 11:00:00,1204.6409046898502
2024-10-28 12:00:00,925.4464194127961
2024-10-28 13:00:00,1159.5243792269134
2024-10-28 14:00:00,1784.9277490070624
2024-10-28 15:00:00,1694.6076162390448
2024-10-28 16:00:00,1490.3027665256784
2024-10-28 17:00:00,1401.6974901406636
2024-10-28 18:00:00,1417.8494417814793
2024-10-28 19:00:00,1282.5354063106422
2024-10-28 20:00:00,869.1529563464724
2024-10-28 21:00:00,655.8288741670254
2024-10-28 22:00:00,515.0894980023179
2024-10-28 23:00:00,511.27776493189873
2024-10-29 00:00:00,501.74573787471303
2024-10-29 01:00:00,399.9736813852259
2024-10-29 02:00:00,338.8469613617335
2024-10-29 03:00:00,319.3731074654707
2024-10-29 04:00:00,305.52517832882666
2024-10-29 05:00:00,315.39864475757616
2024-10-29 06:00:00,310.1869554517576
2024-10-29 07:00:00,308.84416062148244
2024-10-29 08:00:00,315.319621442534
2024-10-29 09:00:00,306.51284221101537
2024-10-29 10:00:00,364.22233571852337
2024-10-29 11:00:00,374.2371929404563
2024-10-29 12:00:00,429.7818638719377
2024-10-29 13:00:00,427.3034586210454
2024-10-29 14:00:00,300.3698071457759
2024-10-29 15:00:00,206.7323337012227
2024-10-29 16:00:00,220.23941504785546
2024-10-29 17:00:00,235.73699602236243
2024-10-29 18:00:00,260.2494940096335
2024-10-29 19:00:00,339.2709009509148
2024-10-29 20:00:00,437.6853084147023
2024-10-29 21:00:00,665.2698830250922
2024-10-29 22:00:00,800.8652716029625
2024-10-29 23:00:00,1063.8163992394266
2024-10-30 00:00:00,1127.2862393225398
2024-10-30 01:00:00,1186.070876893389
2024-10-30 02:00:00,1205.219308203178
2024-10-30 03:00:00,1274.8013732838492
2024-10-30 04:00:00,1341.1185227424965
2024-10-30 05:00:00,1440.17966334851
2024-10-30 06:00:00,1541.8063695663668
2024-10-30 07:00:00,1517.4353919664104
2024-10-30 08:00:00,1485.3590411902883
2024-10-30 09:00:00,1534.8187052762923
2024-10-30 10:00:00,1174.5271625512776
2024-10-30 11:00:00,1332.7764086639065
2024-10-30 12:00:00,1486.883886108877
2024-10-30 13:00:00,1630.9698907206875
2024-10-30 14:00:00,1703.7732906382228
2024-10-30 15:00:00,1726.9962964352364
2024-10-30 16:00:00,1848.62157914271
2024-10-30 17:00:00,1899.3314263255722
2024-10-30 18:00:00,2050.4887845893522
2024-10-30 19:00:00,2183.713701707658
2024-10-30 20:00:00,2236.8017504014547
2024-10-30 21:00:00,2336.0692467380036
2024-10-30 22:00:00,2246.8993210791823
2024-10-30 23:00:00,2496.390202109452
2024-10-31 00:00:00,2562.783467090581
2024-10-31 01:00:00,2688.9555321791886
2024-10-31 02:00:00,2691.404616343216
2024-10-31 03:00:00,2706.9060317680983
2024-10-31 04:00:00,2638.839477160815
2024-10-31 05:00:00,2534.96672954032
2024-10-31 06:00:00,2505.459700008943
2024-10-31 07:00:00,2376.996002803921
2024-10-31 08:00:00,2182.011426204228
2024-10-31 09:00:00,1970.070535314744
2024-10-31 10:00:00,1787.0377031892708
2024-10-31 11:00:00,1827.0168798919547
2024-10-31 12:00:00,1684.262791021733
2024-10-31 13:00:00,1367.7411642528475
2024-10-31 14:00:00,1017.4465079886694
2024-10-31 15:00:00,747.2352212552313
2024-10-31 16:00:00,703.4841911865008
2024-10-31 17:00:00,559.9271402098452
2024-10-31 18:00:00,546.1820179797244
2024-10-31 19:00:00,465.9377849405649
2024-10-31 20:00:00,557.2380601739984
2024-10-31 21:00:00,579.8367212000378
2024-10-31 22:00:00,590.147349831498
2024-10-31 23:00:00,705.8907643482491
2024-11-01 00:00:00,798.0309035171534
2024-11-01 01:00:00,833.0226202307734
2024-11-01 02:00:00,752.8673191158675
2024-11-01 03:00:00,878.4494559331803
2024-11-01 04:00:00,1139.737124401679
2024-11-01 05:00:00,1138.5515691298422
2024-11-01 06:00:00,1011.0486200700934
2024-11-01 07:00:00,812.5538831028913
2024-11-01 08:00:00,735.6710357481393
2024-11-01 09:00:00,762.1330208586841
2024-11-01 10:00:00,560.7930455933732
2024-11-01 11:00:00,448.04984869066385
2024-11-01 12:00:00,301.7411538883544
2024-11-01 13:00:00,300.6726335045221
2024-11-01 14:00:00,341.218586247038
2024-11-01 15:00:00,349.6017997227384
2024-11-01 16:00:00,441.8233549836083
2024-11-01 17:00:00,491.2833488294316
2024-11-01 18:00:00,605.5505763811904
2024-11-01 19:00:00,994.5618765213065
2024-11-01 20:00:00,944.8087104812092
2024-11-01 21:00:00,1023.4696804163701
2024-11-01 22:00:00,705.7999019464567
2024-11-01 23:00:00,802.823299367082
2024-11-02 00:00:00,905.1397709998197
2024-11-02 01:00:00,868.9247041181321
2024-11-02 02:00:00,755.0983923603529
2024-11-02 03:00:00,636.7546626776096
2024-11-02 04:00:00,509.1292658857134
2024-11-02 05:00:00,504.25703158240606
2024-11-02 06:00:00,537.2255718939413
2024-11-02 07:00:00,542.2334633834853
2024-11-02 08:00:00,499.51261110388447
2024-11-02 09:00:00,434.3347247126572
2024-11-02 10:00:00,422.5845293208108
2024-11-02 11:00:00,411.38292799711485
2024-11-02 12:00:00,371.0276534919325
2024-11-02 13:00:00,454.3484698982548
2024-11-02 14:00:00,394.56529191240276
2024-11-02 15:00:00,322.154323393075
2024-11-02 16:00:00,340.2821514240783
2024-11-02 17:00:00,404.1474378818478
2024-11-02 18:00:00,475.89856028253496
2024-11-02 19:00:00,511.7619949713987
2024-11-02 20:00:00,477.14387343353957
2024-11-02 21:00:00,407.8115852956023
2024-11-02 22:00:00,388.45917287276563
2024-11-02 23:00:00,448.4247699802642
2024-11-03 00:00:00,529.678747710222
2024-11-03 01:00:00,546.0897251690134
2024-11-03 02:00:00,542.4214006107741
2024-11-03 03:00:00,545.0545891750713
2024-11-03 04:00:00,544.8669481026038
2024-11-03 05:00:00,520.0880685665516
2024-11-03 06:00:00,507.94574440376533
2024-11-03 07:00:00,510.1355619550891
2024-11-03 08:00:00,501.0214105010454
2024-11-03 09:00:00,487.3504943868188
2024-11-03 10:00:00,507.2607812613577
2024-11-03 11:00:00,474.94805865142325
2024-11-03 12:00:00,443.22506991992105
2024-11-03 13:00:00,536.6158290351536
2024-11-03 14:00:00,642.5058846344212
2024-11-03 15:00:00,585.1906979073913
2024-11-03 16:00:00,587.7916704100872
2024-11-03 17:00:00,646.0096616234755
2024-11-03 18:00:00,727.6072030313234
2024-11-03 19:00:00,829.8685754404729
2024-11-03 20:00:00,664.4354615754522
2024-11-03 21:00:00,507.63560356626573
2024-11-03 22:00:00,503.65755158408285
2024-11-03 23:00:00,445.51972658939036
2024-11-04 00:00:00,471.11225339350455
2024-11-04 01:00:00,390.09552435812907
2024-11-04 02:00:00,319.27957776250224
2024-11-04 03:00:00,279.73539926902595
2024-11-04 04:00:00,250.2476237966042
2024-11-04 05:00:00,196.38684287017693
2024-11-04 06:00:00,172.46917099127933
2024-11-04 07:00:00,166.51373710127805
2024-11-04 08:00:00,181.24638710904767
2024-11-04 09:00:00,206.6235562993913
2024-11-04 10:00:00,282.0275053489424
2024-11-04 11:00:00,253.8694634804062
2024-11-04 12:00:00,218.99909987931568
2024-11-04 13:00:00,242.8844317769015
2024-11-04 14:00:00,259.171861155769
2024-11-04 15:00:00,175.6675139676045
2024-11-04 16:00:00,187.29830142125195
2024-11-04 17:00:00,188.61739228345124
2024-11-04 18:00:00,279.0871348026843
2024-11-04 19:00:00,378.7752903315743
2024-11-04 20:00:00,520.3361466337543
2024-11-04 21:00:00,675.6182140569341
2024-11-04 22:00:00,700.9102325066552
2024-11-04 23:00:00,820.5095202758681
2024-11-05 00:00:00,1034.1547053241015
2024-11-05 01:00:00,1028.3872114190299
2024-11-05 02:00:00,957.8058012999276
2024-11-05 03:00:00,851.3999689233651
2024-11-05 04:00:00,786.4380504972012
2024-11-05 05:00:00,829.9780164705188
2024-11-05 06:00:00,870.6036252184991
2024-11-05 07:00:00,958.4852617474594
2024-11-05 08:00:00,956.509289351813
2024-11-05 09:00:00,919.0141005217631
2024-11-05 10:00:00,757.4511257340746
2024-11-05 11:00:00,926.2963258019593
2024-11-05 12:00:00,929.0821757948582
2024-11-05 13:00:00,1004.7644760230788
2024-11-05 14:00:00,1048.6082893694897
2024-11-05 15:00:00,1162.686403244734
2024-11-05 16:00:00,1200.1400231572545
2024-11-05 17:00:00,1311.8465908060816
2024-11-05 18:00:00,1240.2098986231033
2024-11-05 19:00:00,1390.868495000848
2024-11-05 20:00:00,1516.894141409528
2024-11-05 21:00:00,1630.7160182062669
2024-11-05 22:00:00,1378.6975938376434
2024-11-05 23:00:00,1535.8879106745915
2024-11-06 00:00:00,1587.4095884192607
2024-11-06 01:00:00,1557.8302529026714
2024-11-06 02:00:00,1575.813784735561
2024-11-06 03:00:00,1700.9716765004384
2024-11-06 04:00:00,1844.9738067913258
2024-11-06 05:00:00,1990.5944453724953
2024-11-06 06:00:00,2091.5017672731387
2024-11-06 07:00:00,2173.509099837506
2024-11-06 08:00:00,2305.6919573546816
2024-11-06 09:00:00,2280.0733502047196
2024-11-06 10:00:00,2058.792820592972
2024-11-06 11:00:00,2312.5385441183416
2024-11-06 12:00:00,2462.66289457275
2024-11-06 13:00:00,2612.85313308437
2024-11-06 14:00:00,2739.4440718032242
2024-11-06 15:00:00,2760.0096862563673
2024-11-06 16:00:00,2746.915258874108
2024-11-06 17:00:00,2647.2996991988084
2024-11-06 18:00:00,2416.659867702189
2024-11-06 19:00:00,1989.1889189594635
2024-11-06 20:00:00,1147.3208981135026
2024-11-06 21:00:00,987.6869853944613
2024-11-06 22:00:00,1377.4232356118043
2024-11-06 23:00:00,1302.7465564956617
2024-11-07 00:00:00,1145.28097701994
2024-11-07 01:00:00,949.848331154032
2024-11-07 02:00:00,765.6812890228168
2024-11-07 03:00:00,644.0983027090929
2024-11-07 04:00:00,494.11289123030423
2024-11-07 05:00:00,373.7188862681122
2024-11-07 06:00:00,319.5562585431951
2024-11-07 07:00:00,302.4290111286874
2024-11-07 08:00:00,343.87711512686417
2024-11-07 09:00:00,392.69930003127286
2024-11-07 10:00:00,564.4719972656443
2024-11-07 11:00:00,641.1939109350943
2024-11-07 12:00:00,779.3868357310072
2024-11-07 13:00:00,973.9026688862572
2024-11-07 14:00:00,1413.0445117174718
2024-11-07 15:00:00,1684.9070218865238
2024-11-07 16:00:00,1838.358213165423
2024-11-07 17:00:00,1953.2515383751668
2024-11-07 18:00:00,1964.3125407822306
2024-11-07 19:00:00,1919.2062006066342
2024-11-07 20:00:00,1580.229318140547
2024-11-07 21:00:00,1292.5087418104365
2024-11-07 22:00:00,946.0148175680383
2024-11-07 23:00:00,1013.5806172783251
2024-11-08 00:00:00,1170.0045678577242
2024-11-08 01:00:00,1252.4376486315446
2024-11-08 02:00:00,1232.2267092619934
2024-11-08 03:00:00,1161.8014040467096
2024-11-08 04:00:00,1036.6631976140511
2024-11-08 05:00:00,1075.6540729192525
2024-11-08 06:00:00,1222.7513944779805
2024-11-08 07:00:00,1276.0963741773921
2024-11-08 08:00:00,1445.4202430166276
2024-11-08 09:00:00,1680.1566385135307
2024-11-08 10:00:00,1836.15073762267
2024-11-08 11:00:00,2042.434124495438
2024-11-08 12:00:00,2388.7537039587246
2024-11-08 13:00:00,2491.4802461783092
2024-11-08 14:00:00,2509.8975159000834
2024-11-08 15:00:00,2466.453348402553
2024-11-08 16:00:00,2788.815710255422
2024-11-08 17:00:00,2713.6531693026413
2024-11-08 18:00:00,2876.2463739543914
2024-11-08 19:00:00,2713.1996004920484
2024-11-08 20:00:00,2723.400390360527
2024-11-08 21:00:00,2667.909964826556
2024-11-08 22:00:00,2930.7898862246084
2024-11-08 23:00:00,2778.03063930915
2024-11-09 00:00:00,2728.8585785594514
2024-11-09 01:00:00,2847.748933577691
2024-11-09 02:00:00,2843.4085184587702
2024-11-09 03:00:00,2732.042023262895
2024-11-09 04:00:00,2657.216519868876
2024-11-09 05:00:00,2589.2939685711594
2024-11-09 06:00:00,2612.577965360057
2024-11-09 07:00:00,2496.6545494670913
2024-11-09 08:00:00,2469.5202317986045
2024-11-09 09:00:00,2376.3964663753422
2024-11-09 10:00:00,1933.191107053207
2024-11-09 11:00:00,2036.7384843029681
2024-11-09 12:00:00,1971.51734216502
2024-11-09 13:00:00,2091.3319340856565
2024-11-09 14:00:00,2408.5413462236133
2024-11-09 15:00:00,2215.348812818348
2024-11-09 16:00:00,2131.8164223338304
2024-11-09 17:00:00,2074.572370319793
2024-11-09 18:00:00,1934.0099830628292
2024-11-09 19:00:00,1920.9408255436642
2024-11-09 20:00:00,1547.450405808679
2024-11-09 21:00:00,958.8864906846457
2024-11-09 22:00:00,622.5081167463477
2024-11-09 23:00:00,491.7172949021044
2024-11-10 00:00:00,409.70293563185805
2024-11-10 01:00:00,290.5766341279153
2024-11-10 02:00:00,236.8141671752921
2024-11-10 03:00:00,266.0736887944016
2024-11-10 04:00:00,294.471522794313
2024-11-10 05:00:00,299.27811457026513
2024-11-10 06:00:00,336.394444148065
2024-11-10 07:00:00,391.8365932307198
2024-11-10 08:00:00,500.5248485001334
2024-11-10 09:00:00,633.2279032441327
2024-11-10 10:00:00,875.7672236365712
2024-11-10 11:00:00,1013.9732029687215
2024-11-10 12:00:00,1091.9762930043696
2024-11-10 13:00:00,1050.1343660291038
2024-11-10 14:00:00,949.4011122402928
2024-11-10 15:00:00,907.3667085650183
2024-11-10 16:00:00,947.7880096696474
2024-11-10 17:00:00,944.873908731466
2024-11-10 18:00:00,940.7494137775014
2024-11-10 19:00:00,792.6476276548766
2024-11-10 20:00:00,877.0271862795603
2024-11-10 21:00:00,1073.5846185002656
2024-11-10 22:00:00,941.9410742658296
2024-11-10 23:00:00,804.128288374394
2024-11-11 00:00:00,570.0706976312817
2024-11-11 01:00:00,579.3913877438979
2024-11-11 02:00:00,417.88834550826147
2024-11-11 03:00:00,301.6500311580719
2024-11-11 04:00:00,260.46959671969904
2024-11-11 05:00:00,234.2177863899605
2024-11-11 06:00:00,278.55312353611015
2024-11-11 07:00:00,351.7783799751566
2024-11-11 08:00:00,406.2896523692256
2024-11-11 09:00:00,417.866512124919
2024-11-11 10:00:00,342.57719246418793
2024-11-11 11:00:00,442.02252670353107
2024-11-11 12:00:00,569.460771176088
2024-11-11 13:00:00,679.4406717422456
2024-11-11 14:00:00,606.6877726801889
2024-11-11 15:00:00,516.8184543354346
2024-11-11 16:00:00,585.4553144057364
2024-11-11 17:00:00,611.8023298800481
2024-11-11 18:00:00,919.00754775682
2024-11-11 19:00:00,781.4790747413647
2024-11-11 20:00:00,664.2893179756825
2024-11-11 21:00:00,583.0057113472682
2024-11-11 22:00:00,428.0792041238778
2024-11-11 23:00:00,384.4385203590076
2024-11-12 00:00:00,349.1925674234206
2024-11-12 01:00:00,302.8053380194108
2024-11-12 02:00:00,237.96673700351693
2024-11-12 03:00:00,188.4323684375551
2024-11-12 04:00:00,222.67509737126264
2024-11-12 05:00:00,481.47295544565185
2024-11-12 06:00:00,704.8887805239261
2024-11-12 07:00:00,687.5090237638858
2024-11-12 08:00:00,929.9639923735277
2024-11-12 09:00:00,1165.2673181564169
2024-11-12 10:00:00,1174.8278855217109
2024-11-12 11:00:00,1471.9339100900393
2024-11-12 12:00:00,1762.0815941781673
2024-11-12 13:00:00,2140.819865188633
2024-11-12 14:00:00,2603.7724131662108
2024-11-12 15:00:00,2853.643004222582
2024-11-12 16:00:00,3072.2056248216454
2024-11-12 17:00:00,3173.992451696922
2024-11-12 18:00:00,3173.304681863478
2024-11-12 19:00:00,3178.1107787398582
2024-11-12 20:00:00,3101.496412447851
2024-11-12 21:00:00,2661.508132609485
2024-11-12 22:00:00,1978.1352362310258
2024-11-12 23:00:00,1993.564479136993
2024-11-13 00:00:00,1912.3270688900618
2024-11-13 01:00:00,1878.0206557108404
2024-11-13 02:00:00,1747.8820248619902
2024-11-13 03:00:00,1668.4269678965234
2024-11-13 04:00:00,1599.8044094268114
2024-11-13 05:00:00,1463.904630341848
2024-11-13 06:00:00,1381.9148354157628
2024-11-13 07:00:00,1338.1277419949863
2024-11-13 08:00:00,1307.6406461861995
2024-11-13 09:00:00,1197.5598770289914
2024-11-13 10:00:00,983.6883358013962
2024-11-13 11:00:00,931.8874329275939
2024-11-13 12:00:00,837.3303858820527
2024-11-13 13:00:00,821.7699350689885
2024-11-13 14:00:00,717.1430450878163
2024-11-13 15:00:00,593.2858274070144
2024-11-13 16:00:00,486.45610072186537
2024-11-13 17:00:00,427.2088155293546
2024-11-13 18:00:00,463.3559089189677
2024-11-13 19:00:00,469.29811767123323
2024-11-13 20:00:00,340.6070679747692
2024-11-13 21:00:00,345.57584658932007
2024-11-13 22:00:00,293.8669084039799
2024-11-13 23:00:00,259.01842790529923
2024-11-14 00:00:00,244.53786513876275
2024-11-14 01:00:00,232.58289031289218
2024-11-14 02:00:00,232.169908724079
2024-11-14 03:00:00,192.7315963796468
2024-11-14 04:00:00,186.26370920411895
2024-11-14 05:00:00,196.58933546615214
2024-11-14 06:00:00,212.92679782321898
2024-11-14 07:00:00,248.3340691573659
2024-11-14 08:00:00,288.4831855908491
2024-11-14 09:00:00,382.1136265981455
2024-11-14 10:00:00,471.1546138715894
2024-11-14 11:00:00,372.2848462923283
2024-11-14 12:00:00,322.1462679763256
2024-11-14 13:00:00,234.40460764479087
2024-11-14 14:00:00,138.93330261083884
2024-11-14 15:00:00,130.40119504859706
2024-11-14 16:00:00,160.72058176632805
2024-11-14 17:00:00,192.45778841599977
2024-11-14 18:00:00,238.2495618864832
2024-11-14 19:00:00,298.55952595142344
2024-11-14 20:00:00,446.53323521139663
2024-11-14 21:00:00,763.0634095828111
2024-11-14 22:00:00,720.1284455376702
2024-11-14 23:00:00,728.9696370830535
2024-11-15 00:00:00,708.2888858477559
2024-11-15 01:00:00,671.6342058782712
2024-11-15 02:00:00,646.771328928435
2024-11-15 03:00:00,656.0200338760393
2024-11-15 04:00:00,742.6875790141248
2024-11-15 05:00:00,886.240298664764
2024-11-15 06:00:00,1001.1652903317009
2024-11-15 07:00:00,1089.8220821378702
2024-11-15 08:00:00,1147.5850135301364
2024-11-15 09:00:00,1190.5452915407586
2024-11-15 10:00:00,1374.1158346400791
2024-11-15 11:00:00,1401.3666867513373
2024-11-15 12:00:00,1345.2717251782383
2024-11-15 13:00:00,1239.95782874935
2024-11-15 14:00:00,1311.3390967429848
2024-11-15 15:00:00,1275.5396747878071
2024-11-15 16:00:00,1479.8504663631186
2024-11-15 17:00:00,1626.8388432287893
2024-11-15 18:00:00,1763.8339959987513
2024-11-15 19:00:00,1773.3004271750065
2024-11-15 20:00:00,1890.3913636467666
2024-11-15 21:00:00,1962.8419028448225
2024-11-15 22:00:00,1808.2027155662413
2024-11-15 23:00:00,1826.9872845267207
2024-11-16 00:00:00,1727.4041532415574
2024-11-16 01:00:00,1703.8068644738582
2024-11-16 02:00:00,1665.5107994226416
2024-11-16 03:00:00,1503.6198097289034
2024-11-16 04:00:00,1352.5571145657184
2024-11-16 05:00:00,1303.6150527471716
2024-11-16 06:00:00,1259.324567441911
2024-11-16 07:00:00,1230.754387105528
2024-11-16 08:00:00,1198.9812307117293
2024-11-16 09:00:00,1162.7075845816717
2024-11-16 10:00:00,1013.8352632733369
2024-11-16 11:00:00,1023.5781626795456
2024-11-16 12:00:00,969.6568231550723
2024-11-16 13:00:00,931.2985500243242
2024-11-16 14:00:00,867.8443289143323
2024-11-16 15:00:00,765.7485399443733
2024-11-16 16:00:00,808.3894173025301
2024-11-16 17:00:00,742.5408512429566
2024-11-16 18:00:00,667.8546023958717
2024-11-16 19:00:00,720.6527291844975
2024-11-16 20:00:00,741.5742972869369
2024-11-16 21:00:00,857.648692381396
2024-11-16 22:00:00,912.8343915458526
2024-11-16 23:00:00,1036.4569607697545
2024-11-17 00:00:00,1060.2593467982497
2024-11-17 01:00:00,997.2840367766859
2024-11-17 02:00:00,930.3603161375758
2024-11-17 03:00:00,877.910098271534
2024-11-17 04:00:00,838.1135829626844
2024-11-17 05:00:00,825.5632322853203
2024-11-17 06:00:00,803.2039586072066
2024-11-17 07:00:00,775.5451694037552
2024-11-17 08:00:00,713.4178812427266
2024-11-17 09:00:00,658.0074752071957
2024-11-17 10:00:00,548.2038290812957
2024-11-17 11:00:00,570.7815263908947
2024-11-17 12:00:00,500.47575027385926
2024-11-17 13:00:00,417.91195425632014
2024-11-17 14:00:00,306.35612176308854
2024-11-17 15:00:00,265.15184764334606
2024-11-17 16:00:00,246.91865699190143
2024-11-17 17:00:00,234.13194081616942
2024-11-17 18:00:00,296.21322106265507
2024-11-17 19:00:00,306.0242476337452
2024-11-17 20:00:00,235.80377295484237
2024-11-17 21:00:00,269.0106199167648
2024-11-17 22:00:00,264.58546873925656
2024-11-17 23:00:00,253.60145154967952
2024-11-18 00:00:00,206.8385490820512
2024-11-18 01:00:00,149.36590706620808
2024-11-18 02:00:00,157.35703534528366
2024-11-18 03:00:00,143.71614393232534
2024-11-18 04:00:00,168.50115144818395
2024-11-18 05:00:00,221.62966163632896
2024-11-18 06:00:00,201.0565786991958
2024-11-18 07:00:00,207.1469792062764
2024-11-18 08:00:00,193.99283063847508
2024-11-18 09:00:00,129.00003524653079
2024-11-18 10:00:00,129.67041938908721
2024-11-18 11:00:00,155.5048456980519
2024-11-18 12:00:00,199.9143111925827
2024-11-18 13:00:00,164.96984098867821
2024-11-18 14:00:00,160.48083392857382
2024-11-18 15:00:00,132.156683699273
2024-11-18 16:00:00,137.76244490660724
2024-11-18 17:00:00,222.3035878352269
2024-11-18 18:00:00,292.55565738608993
2024-11-18 19:00:00,362.8193885682836
2024-11-18 20:00:00,406.2374307467023
2024-11-18 21:00:00,606.1103596992536
2024-11-18 22:00:00,739.214528601894
2024-11-18 23:00:00,897.2155668351757
2024-11-19 00:00:00,1069.4127651746735
2024-11-19 01:00:00,1147.483153984204
2024-11-19 02:00:00,1224.6947371179378
2024-11-19 03:00:00,1295.1215460972446
2024-11-19 04:00:00,1306.1657862135635
2024-11-19 05:00:00,1326.5647910290947
2024-11-19 06:00:00,1341.1906024193752
2024-11-19 07:00:00,1323.8032893940192
2024-11-19 08:00:00,1267.3350288935749
2024-11-19 09:00:00,1228.2400604712316
2024-11-19 10:00:00,1099.8608427862061
2024-11-19 11:00:00,1130.1340002219215
2024-11-19 12:00:00,1130.8243395942015
2024-11-19 13:00:00,1154.2277115039008
2024-11-19 14:00:00,1025.300784588166
2024-11-19 15:00:00,1181.8258110879367
2024-11-19 16:00:00,1075.8115111742975
2024-11-19 17:00:00,1099.6427084883744
2024-11-19 18:00:00,1056.2156685024238
2024-11-19 19:00:00,999.1807596059011
2024-11-19 20:00:00,990.0347130011756
2024-11-19 21:00:00,1001.433085005198
2024-11-19 22:00:00,848.6661948115006
2024-11-19 23:00:00,865.2054807200832
2024-11-20 00:00:00,845.6560840454983
2024-11-20 01:00:00,869.7186296188166
2024-11-20 02:00:00,826.3993307045747
2024-11-20 03:00:00,802.6401945725219
2024-11-20 04:00:00,778.2550332994467
2024-11-20 05:00:00,779.1563280200717
2024-11-20 06:00:00,762.9403110762836
2024-11-20 07:00:00,737.0865112573728
2024-11-20 08:00:00,735.3794110852255
2024-11-20 09:00:00,752.9695337423814
2024-11-20 10:00:00,787.3294272008777
2024-11-20 11:00:00,752.2161640039812
2024-11-20 12:00:00,674.1479894275428
2024-11-20 13:00:00,678.2489831448578
2024-11-20 14:00:00,752.5452916559058
2024-11-20 15:00:00,657.611260968145
2024-11-20 16:00:00,582.271870604058
2024-11-20 17:00:00,542.211372427586
2024-11-20 18:00:00,561.7308191632101
2024-11-20 19:00:00,611.2757043202083
2024-11-20 20:00:00,651.0247102009397
2024-11-20 21:00:00,713.0669404977023
2024-11-20 22:00:00,561.6982269239079
2024-11-20 23:00:00,640.2100784396099
2024-11-21 00:00:00,704.4846352385897
2024-11-21 01:00:00,791.4687624569522
2024-11-21 02:00:00,824.6562103851519
2024-11-21 03:00:00,817.3847178133419
2024-11-21 04:00:00,825.9850503653023
2024-11-21 05:00:00,840.4057025043419
2024-11-21 06:00:00,835.1521745496325
2024-11-21 07:00:00,868.3917520189954
2024-11-21 08:00:00,935.485314651725
2024-11-21 09:00:00,928.7516571124415
2024-11-21 10:00:00,711.9460540353442
2024-11-21 11:00:00,803.0191992530052
2024-11-21 12:00:00,909.5026412538882
2024-11-21 13:00:00,1024.3298019732756
2024-11-21 14:00:00,1083.1060597644018
2024-11-21 15:00:00,971.6118047584046
2024-11-21 16:00:00,944.5691939084631
2024-11-21 17:00:00,1020.085743585036
2024-11-21 18:00:00,1039.3275068878352
2024-11-21 19:00:00,1075.5063312546376
2024-11-21 20:00:00,1633.4472959151249
2024-11-21 21:00:00,1891.898766249529
2024-11-21 22:00:00,1551.8792277982707
2024-11-21 23:00:00,1686.2798789462781
2024-11-22 00:00:00,1738.3189512710492
2024-11-22 01:00:00,1930.543788212063
2024-11-22 02:00:00,2223.1979637684394
2024-11-22 03:00:00,2415.387918703391
2024-11-22 04:00:00,2519.361994295392
2024-11-22 05:00:00,2558.377639371025
2024-11-22 06:00:00,2567.633744204131
2024-11-22 07:00:00,2596.8838215642677
2024-11-22 08:00:00,2506.186285278017
2024-11-22 09:00:00,2537.8376659426654
2024-11-22 10:00:00,2050.782032274774
2024-11-22 11:00:00,2363.580681002717
2024-11-22 12:00:00,2623.475698682543
2024-11-22 13:00:00,2713.3058841786733
2024-11-22 14:00:00,2628.8127625340726
2024-11-22 15:00:00,2470.8780038742425
2024-11-22 16:00:00,2318.991964977255
2024-11-22 17:00:00,2039.7002841620126
2024-11-22 18:00:00,2009.9922216934337
2024-11-22 19:00:00,1966.9614722162592
2024-11-22 20:00:00,1705.5704144148344
2024-11-22 21:00:00,1645.8564996141897
2024-11-22 22:00:00,1518.8857463023564
2024-11-22 23:00:00,1608.620496912263
2024-11-23 00:00:00,1704.6665438112013
2024-11-23 01:00:00,1419.3688491096827
2024-11-23 02:00:00,1402.243713789062
2024-11-23 03:00:00,1389.0883328545988
2024-11-23 04:00:00,1391.6786622095383
2024-11-23 05:00:00,1326.1795208609417
2024-11-23 06:00:00,1364.4067751871435
2024-11-23 07:00:00,1356.8582390511024
2024-11-23 08:00:00,1539.9758079153046
2024-11-23 09:00:00,1656.712754265671
2024-11-23 10:00:00,1775.536496646517
2024-11-23 11:00:00,1908.489077554907
2024-11-23 12:00:00,1892.9344268277941
2024-11-23 13:00:00,1803.9520243640093
2024-11-23 14:00:00,1402.1388624697759
2024-11-23 15:00:00,1558.019220858552
2024-11-23 16:00:00,1692.5341485351107
2024-11-23 17:00:00,1927.4913450351041
2024-11-23 18:00:00,1859.0273137650267
2024-11-23 19:00:00,2126.522266638366
2024-11-23 20:00:00,2378.3490784689548
2024-11-23 21:00:00,2554.800685364872
2024-11-23 22:00:00,2363.7007848867142
2024-11-23 23:00:00,2523.010142501553
2024-11-24 00:00:00,2630.0389794658345
2024-11-24 01:00:00,2624.0207520631507
2024-11-24 02:00:00,2568.9279143863337
2024-11-24 03:00:00,2510.1777568399934
2024-11-24 04:00:00,2396.605527713839
2024-11-24 05:00:00,2277.2085522367915
2024-11-24 06:00:00,2131.136226581608
2024-11-24 07:00:00,1982.208117574069
2024-11-24 08:00:00,1880.0861088318577
2024-11-24 09:00:00,1783.3927823066415
2024-11-24 10:00:00,1632.5494838792995
2024-11-24 11:00:00,1646.7230456665575
2024-11-24 12:00:00,1684.1707235182864
2024-11-24 13:00:00,1647.4181695798027
2024-11-24 14:00:00,1875.7213435583562
2024-11-24 15:00:00,1846.1956368174463
2024-11-24 16:00:00,1815.5641556452647
2024-11-24 17:00:00,1979.7909417252324
2024-11-24 18:00:00,1798.7002658168383
2024-11-24 19:00:00,1673.8535713361366
2024-11-24 20:00:00,1743.4692940184837
2024-11-24 21:00:00,1925.2535117424602
2024-11-24 22:00:00,1937.9337669629833
2024-11-24 23:00:00,2176.725258819395
2024-11-25 00:00:00,2141.650813890103
2024-11-25 01:00:00,2021.776653097659
2024-11-25 02:00:00,1891.4071589103335
2024-11-25 03:00:00,1833.6893856470451
2024-11-25 04:00:00,1714.9615680678476
2024-11-25 05:00:00,1737.4467333053901
2024-11-25 06:00:00,1772.195235327076
2024-11-25 07:00:00,1721.7607925073187
2024-11-25 08:00:00,1602.3707402752245
2024-11-25 09:00:00,1533.9712266636336
2024-11-25 10:00:00,1330.7642035478173
2024-11-25 11:00:00,1417.6766133343274
2024-11-25 12:00:00,1366.0704444703715
2024-11-25 13:00:00,1216.9849990291973
2024-11-25 14:00:00,1097.550708732065
2024-11-25 15:00:00,1079.3044496755006
2024-11-25 16:00:00,1037.1366902053946
2024-11-25 17:00:00,961.2236289279039
2024-11-25 18:00:00,835.1764391139582
2024-11-25 19:00:00,792.00556388425
2024-11-25 20:00:00,624.4150263122375
2024-11-25 21:00:00,612.8682954374069
2024-11-25 22:00:00,462.0073979037403
2024-11-25 23:00:00,415.5781973728682
2024-11-26 00:00:00,350.64063661347484
2024-11-26 01:00:00,294.3423969424645
2024-11-26 02:00:00,233.27072093655468
2024-11-26 03:00:00,176.1689047135386
2024-11-26 04:00:00,144.8536012499464
2024-11-26 05:00:00,97.0017188257853
2024-11-26 06:00:00,63.10489270247214
2024-11-26 07:00:00,51.55735139130467
2024-11-26 08:00:00,47.63156979916758
2024-11-26 09:00:00,56.28213329390064
2024-11-26 10:00:00,102.46981935502247
2024-11-26 11:00:00,148.07450450973036
2024-11-26 12:00:00,191.60949637959106
2024-11-26 13:00:00,267.4814064774249
2024-11-26 14:00:00,311.6382463535205
2024-11-26 15:00:00,317.8852436626928
2024-11-26 16:00:00,420.02973846974214
2024-11-26 17:00:00,507.9692744654227
2024-11-26 18:00:00,653.4929666728318
2024-11-26 19:00:00,741.3420967766834
2024-11-26 20:00:00,838.5520326101047
2024-11-26 21:00:00,1065.7869373835501
2024-11-26 22:00:00,1013.3916575017494
2024-11-26 23:00:00,1078.7743238968333
2024-11-27 00:00:00,1069.0137651844614
2024-11-27 01:00:00,1115.5210961599853
2024-11-27 02:00:00,1146.9423127956275
2024-11-27 03:00:00,1076.5351533877883
2024-11-27 04:00:00,966.0370966895546
2024-11-27 05:00:00,894.4593552971138
2024-11-27 06:00:00,840.420489709332
2024-11-27 07:00:00,815.0443417813558
2024-11-27 08:00:00,794.9478138174204
2024-11-27 09:00:00,867.8678188320379
2024-11-27 10:00:00,850.4114217900054
2024-11-27 11:00:00,935.8767097803408
2024-11-27 12:00:00,990.0851473491632
2024-11-27 13:00:00,987.574104418028
2024-11-27 14:00:00,944.8095648178321
2024-11-27 15:00:00,1054.832655338544
2024-11-27 16:00:00,1296.5586674930455
2024-11-27 17:00:00,1209.3209141038476
2024-11-27 18:00:00,1178.8114164534597
2024-11-27 19:00:00,980.5705363947638
2024-11-27 20:00:00,948.3329119342235
2024-11-27 21:00:00,938.6223759283511
2024-11-27 22:00:00,1078.1120338648507
2024-11-27 23:00:00,908.3892353711934
2024-11-28 00:00:00,821.8528815470154
2024-11-28 01:00:00,795.899656343587
2024-11-28 02:00:00,799.466099399179
2024-11-28 03:00:00,771.4496300294657
2024-11-28 04:00:00,758.5351061714406
2024-11-28 05:00:00,775.660320482579
2024-11-28 06:00:00,735.218437433235
2024-11-28 07:00:00,693.6637714026268
2024-11-28 08:00:00,587.1452347050196
2024-11-28 09:00:00,540.1375887549691
2024-11-28 10:00:00,498.8065466545016
2024-11-28 11:00:00,401.6559176630092
2024-11-28 12:00:00,351.65711723329883
2024-11-28 13:00:00,325.9185380594833
2024-11-28 14:00:00,245.01946417561544
2024-11-28 15:00:00,192.05960555543462
2024-11-28 16:00:00,237.06173706646507
2024-11-28 17:00:00,226.4810406440757
2024-11-28 18:00:00,169.65028510989555
2024-11-28 19:00:00,156.10354122886207
2024-11-28 20:00:00,247.91766049862068
2024-11-28 21:00:00,350.27087048607905
2024-11-28 22:00:00,343.5650009357846
2024-11-28 23:00:00,302.8398259013579
2024-11-29 00:00:00,331.87545388448007
2024-11-29 01:00:00,380.6143680169105
2024-11-29 02:00:00,477.2875158029028
2024-11-29 03:00:00,511.06028869489523
2024-11-29 04:00:00,483.46874037138576
2024-11-29 05:00:00,527.4995186947733
2024-11-29 06:00:00,580.6837327439175
2024-11-29 07:00:00,643.6793713836671
2024-11-29 08:00:00,668.0970421215626
2024-11-29 09:00:00,646.010834259713
2024-11-29 10:00:00,537.231631227507
2024-11-29 11:00:00,507.2671162867055
2024-11-29 12:00:00,488.8460202617962
2024-11-29 13:00:00,497.64156090411007
2024-11-29 14:00:00,454.5118986190367
2024-11-29 15:00:00,424.5354206802333
2024-11-29 16:00:00,377.24719409215845
2024-11-29 17:00:00,383.3270190025911
2024-11-29 18:00:00,403.8697496411496
2024-11-29 19:00:00,397.0068254838856
2024-11-29 20:00:00,447.8240605444339
2024-11-29 21:00:00,497.974369974495
2024-11-29 22:00:00,597.046384099479
2024-11-29 23:00:00,712.642208405537
2024-11-30 00:00:00,718.3077844299008
2024-11-30 01:00:00,728.8310952956854
2024-11-30 02:00:00,779.0644132418862
2024-11-30 03:00:00,806.6251031796407
2024-11-30 04:00:00,772.5161787123741
2024-11-30 05:00:00,805.9817972662253
2024-11-30 06:00:00,822.8166516777987
2024-11-30 07:00:00,809.3960341377061
2024-11-30 08:00:00,791.4971612621929
2024-11-30 09:00:00,842.8768284648905
2024-11-30 10:00:00,848.2288501270579
2024-11-30 11:00:00,781.1061877266002
2024-11-30 12:00:00,753.0340514970738
2024-11-30 13:00:00,673.2304890828344
2024-11-30 14:00:00,633.4097873749911
2024-11-30 15:00:00,773.5502331056638
2024-11-30 16:00:00,693.2610994743296
2024-11-30 17:00:00,646.4962373684002
2024-11-30 18:00:00,596.3433614186495
2024-11-30 19:00:00,681.6907824401387
2024-11-30 20:00:00,639.6507093030472
2024-11-30 21:00:00,692.2378427915402
2024-11-30 22:00:00,854.173723271972
2024-11-30 23:00:00,868.2029524473223
2024-12-01 00:00:00,912.8708349695968
2024-12-01 01:00:00,932.9346415796641
2024-12-01 02:00:00,888.1804961426104
2024-12-01 03:00:00,854.8173459173582
2024-12-01 04:00:00,834.1845936418206
2024-12-01 05:00:00,846.4053440094671
2024-12-01 06:00:00,859.3076565386034
2024-12-01 07:00:00,871.3482393719036
2024-12-01 08:00:00,900.18668077941
2024-12-01 09:00:00,912.277452798214
2024-12-01 10:00:00,837.0820034550393
2024-12-01 11:00:00,818.2234000204962
2024-12-01 12:00:00,889.6286259583982
2024-12-01 13:00:00,871.1963295294256
2024-12-01 14:00:00,991.12656053256
2024-12-01 15:00:00,1364.5514810009329
2024-12-01 16:00:00,1411.5013063205593
2024-12-01 17:00:00,1252.62136727717
2024-12-01 18:00:00,1014.574615066564
2024-12-01 19:00:00,825.4117362157205
2024-12-01 20:00:00,659.2242725189252
2024-12-01 21:00:00,621.410898482787
2024-12-01 22:00:00,695.6478276249576
2024-12-01 23:00:00,612.9824884416847
2024-12-02 00:00:00,566.0908549429045
2024-12-02 01:00:00,539.2907845065814
2024-12-02 02:00:00,488.0883791574664
2024-12-02 03:00:00,450.8762158039638
2024-12-02 04:00:00,412.9194754588726
2024-12-02 05:00:00,368.14823590558194
2024-12-02 06:00:00,336.45876171691384
2024-12-02 07:00:00,314.7778932160954
2024-12-02 08:00:00,300.41553976253863
2024-12-02 09:00:00,266.7255422543948
2024-12-02 10:00:00,240.90717200827305
2024-12-02 11:00:00,221.24258503048333
2024-12-02 12:00:00,217.52848662899925
2024-12-02 13:00:00,218.7621522569875
2024-12-02 14:00:00,226.00518424086593
2024-12-02 15:00:00,256.78111918243735
2024-12-02 16:00:00,269.386340124783
2024-12-02 17:00:00,282.34932517149036
2024-12-02 18:00:00,295.7187360079169
2024-12-02 19:00:00,244.08094611018862
2024-12-02 20:00:00,193.04278856428178
2024-12-02 21:00:00,204.17666075279516
2024-12-02 22:00:00,248.79567470382054
2024-12-02 23:00:00,275.31578824061955
2024-12-03 00:00:00,289.6601024848418
2024-12-03 01:00:00,283.2776720200861
2024-12-03 02:00:00,272.9026716772459
2024-12-03 03:00:00,244.60047138220594
2024-12-03 04:00:00,220.90557212936096
2024-12-03 05:00:00,216.43332964116544
2024-12-03 06:00:00,220.03141765646228
2024-12-03 07:00:00,219.35905920485956
2024-12-03 08:00:00,218.82722046226186
2024-12-03 09:00:00,237.10451200364903
2024-12-03 10:00:00,323.5633219831058
2024-12-03 11:00:00,312.4390388886417
2024-12-03 12:00:00,318.44520983530634
2024-12-03 13:00:00,278.82724198406623
2024-12-03 14:00:00,294.9106373094967
2024-12-03 15:00:00,282.8723788983342
2024-12-03 16:00:00,249.9700781706009
2024-12-03 17:00:00,248.46851833135938
2024-12-03 18:00:00,221.5954657688689
2024-12-03 19:00:00,230.41854615904984
2024-12-03 20:00:00,213.60365395567604
2024-12-03 21:00:00,246.18431917199277
2024-12-03 22:00:00,171.73848915662134
2024-12-03 23:00:00,191.2322322890942
2024-12-04 00:00:00,205.2981623833865
2024-12-04 01:00:00,174.95617324944791
2024-12-04 02:00:00,148.41549890710968
2024-12-04 03:00:00,134.41237742378254
2024-12-04 04:00:00,116.33458037298372
2024-12-04 05:00:00,115.37739535842161
2024-12-04 06:00:00,103.83125792836921
2024-12-04 07:00:00,128.7489078144927
2024-12-04 08:00:00,143.2238605327813
2024-12-04 09:00:00,169.43887952534598
2024-12-04 10:00:00,207.92879832209476
2024-12-04 11:00:00,276.3295951317051
2024-12-04 12:00:00,324.0654716872056
2024-12-04 13:00:00,384.81629584194235
2024-12-04 14:00:00,361.75121203826376
2024-12-04 15:00:00,397.12390401142125
2024-12-04 16:00:00,469.33859430243217
2024-12-04 17:00:00,549.8680039938965
2024-12-04 18:00:00,638.9533040918425
2024-12-04 19:00:00,643.585310784433
2024-12-04 20:00:00,607.0615260932717
2024-12-04 21:00:00,817.106536497291
2024-12-04 22:00:00,1033.3319763259526
2024-12-04 23:00:00,1173.7490974597215
2024-12-05 00:00:00,1176.7277749592654
2024-12-05 01:00:00,1156.4581219664042
2024-12-05 02:00:00,1118.0212540411894
2024-12-05 03:00:00,1108.7837972775942
2024-12-05 04:00:00,1118.016313323029
2024-12-05 05:00:00,1160.973348176898
2024-12-05 06:00:00,1201.1364629953327
2024-12-05 07:00:00,1189.7631056395066
2024-12-05 08:00:00,1273.9748524121476
2024-12-05 09:00:00,1365.1977292924298
2024-12-05 10:00:00,1482.276894964084
2024-12-05 11:00:00,1596.727098794905
2024-12-05 12:00:00,1595.976108405481
2024-12-05 13:00:00,1596.420879217825
2024-12-05 14:00:00,1688.8426393624645
2024-12-05 15:00:00,1605.5261658672316
2024-12-05 16:00:00,1641.3138501508918
2024-12-05 17:00:00,1514.8251066333344
2024-12-05 18:00:00,1336.2569093784855
2024-12-05 19:00:00,1185.140516984027
2024-12-05 20:00:00,831.046149075079
2024-12-05 21:00:00,653.3728875096261
2024-12-05 22:00:00,557.9889206393524
2024-12-05 23:00:00,625.1916162709913
2024-12-06 00:00:00,734.1512275612389
2024-12-06 01:00:00,974.1757505497709
2024-12-06 02:00:00,1246.418318659603
2024-12-06 03:00:00,1433.1383404770038
2024-12-06 04:00:00,1583.8676828889938
2024-12-06 05:00:00,1884.1305682484797
2024-12-06 06:00:00,2081.0832197857703
2024-12-06 07:00:00,2142.7531567727897
2024-12-06 08:00:00,2181.1619976384586
2024-12-06 09:00:00,2112.9563146782752
2024-12-06 10:00:00,2077.1630137964885
2024-12-06 11:00:00,2241.0512606435636
2024-12-06 12:00:00,2403.6059038646913
2024-12-06 13:00:00,2369.881339634745
2024-12-06 14:00:00,2425.5560925005802
2024-12-06 15:00:00,2551.538901739255
2024-12-06 16:00:00,2424.1888198708903
2024-12-06 17:00:00,2376.5433219943975
2024-12-06 18:00:00,2247.086609922924
2024-12-06 19:00:00,2223.360856708466
2024-12-06 20:00:00,2174.0053614979247
2024-12-06 21:00:00,2012.7051899380233
2024-12-06 22:00:00,2048.8132583379443
2024-12-06 23:00:00,1865.2136965023526
2024-12-07 00:00:00,1730.6055391394157
2024-12-07 01:00:00,1330.0740401395974
2024-12-07 02:00:00,1191.4379130681923
2024-12-07 03:00:00,1039.7922144851332
2024-12-07 04:00:00,964.7411248859693
2024-12-07 05:00:00,886.2965080641109
2024-12-07 06:00:00,800.197862346621
2024-12-07 07:00:00,736.9047686322833
2024-12-07 08:00:00,679.960427071047
2024-12-07 09:00:00,671.6697790147608
2024-12-07 10:00:00,700.6991522167505
2024-12-07 11:00:00,636.604643995338
2024-12-07 12:00:00,613.0475740428898
2024-12-07 13:00:00,579.379174973758
2024-12-07 14:00:00,585.0761493503261
2024-12-07 15:00:00,732.9515036947158
2024-12-07 16:00:00,690.1405741079908
2024-12-07 17:00:00,812.4159313972293
2024-12-07 18:00:00,842.8801701076214
2024-12-07 19:00:00,806.083277682262
2024-12-07 20:00:00,545.8846612794107
2024-12-07 21:00:00,458.0244778680594
2024-12-07 22:00:00,484.07806268567157
2024-12-07 23:00:00,473.917109100358
2024-12-08 00:00:00,442.40065826556486
2024-12-08 01:00:00,370.92539568891885
2024-12-08 02:00:00,317.1193903897015
2024-12-08 03:00:00,306.9389649634985
2024-12-08 04:00:00,354.8430164021405
2024-12-08 05:00:00,450.0058401510041
2024-12-08 06:00:00,507.4784619016374
2024-12-08 07:00:00,569.8299013286166
2024-12-08 08:00:00,646.7202733506684
2024-12-08 09:00:00,722.555962053732
2024-12-08 10:00:00,754.7203486528477
2024-12-08 11:00:00,855.506029799419
2024-12-08 12:00:00,804.6207909373138
2024-12-08 13:00:00,734.7359002908893
2024-12-08 14:00:00,842.4597064574476
2024-12-08 15:00:00,738.4279965021303
2024-12-08 16:00:00,633.6448642078572
2024-12-08 17:00:00,620.6774097742416
2024-12-08 18:00:00,526.6416618475117
2024-12-08 19:00:00,501.309796870598
2024-12-08 20:00:00,499.03914701996507
2024-12-08 21:00:00,449.114204668074
2024-12-08 22:00:00,328.6784811489483
2024-12-08 23:00:00,291.65173201851593
2024-12-09 00:00:00,305.5425979618901
2024-12-09 01:00:00,395.9082886824095
2024-12-09 02:00:00,484.9701072422795
2024-12-09 03:00:00,552.6809385684376
2024-12-09 04:00:00,669.5290296162626
2024-12-09 05:00:00,687.7517982439821
2024-12-09 06:00:00,675.9821970693134
2024-12-09 07:00:00,603.8591810096462
2024-12-09 08:00:00,519.584617823078
2024-12-09 09:00:00,513.3926278066716
2024-12-09 10:00:00,556.8667192081037
2024-12-09 11:00:00,801.5380637674949
2024-12-09 12:00:00,858.507347510379
2024-12-09 13:00:00,794.348485733764
2024-12-09 14:00:00,964.9524801481153
2024-12-09 15:00:00,952.5013353432066
2024-12-09 16:00:00,929.4038516445273
2024-12-09 17:00:00,852.4628316286896
2024-12-09 18:00:00,668.6020745013429
2024-12-09 19:00:00,607.1837749840346
2024-12-09 20:00:00,552.930992475704
2024-12-09 21:00:00,597.7998952623515
2024-12-09 22:00:00,610.2854514001041
2024-12-09 23:00:00,643.9401269027505
2024-12-10 00:00:00,674.2621240923686
2024-12-10 01:00:00,703.2239332108505
2024-12-10 02:00:00,728.8802212643479
2024-12-10 03:00:00,782.1411093410239
2024-12-10 04:00:00,744.1147357644936
2024-12-10 05:00:00,719.5228173987264
2024-12-10 06:00:00,769.4147370940619
2024-12-10 07:00:00,758.3811393363624
2024-12-10 08:00:00,730.7384990931798
2024-12-10 09:00:00,737.8654731546103
2024-12-10 10:00:00,782.3918653380317
2024-12-10 11:00:00,884.8299744330053
2024-12-10 12:00:00,851.0238537598029
2024-12-10 13:00:00,966.7677626586312
2024-12-10 14:00:00,901.7451902368387
2024-12-10 15:00:00,764.3685842909387
2024-12-10 16:00:00,625.7193565192762
2024-12-10 17:00:00,535.3874438649812
2024-12-10 18:00:00,475.0875173897625
2024-12-10 19:00:00,496.258022348191
2024-12-10 20:00:00,684.8640496296106
2024-12-10 21:00:00,652.8116653010474
2024-12-10 22:00:00,507.63428134592925
2024-12-10 23:00:00,651.4457953110164
2024-12-11 00:00:00,721.0836473248431
2024-12-11 01:00:00,726.4589848618311
2024-12-11 02:00:00,740.611159407899
2024-12-11 03:00:00,800.795755084826
2024-12-11 04:00:00,942.5720283997358
2024-12-11 05:00:00,1101.925298877386
2024-12-11 06:00:00,1291.9291552337968
2024-12-11 07:00:00,1263.3273775189975
2024-12-11 08:00:00,1202.8851031219149
2024-12-11 09:00:00,1141.1381132491554
2024-12-11 10:00:00,1230.8055908249705
2024-12-11 11:00:00,1239.1784998508006
2024-12-11 12:00:00,1149.80671421542
2024-12-11 13:00:00,1046.0674075005982
2024-12-11 14:00:00,992.432479760649
2024-12-11 15:00:00,1168.5692751372844
2024-12-11 16:00:00,1050.3386918046701
2024-12-11 17:00:00,1039.6348066504058
2024-12-11 18:00:00,1027.1284704877207
2024-12-11 19:00:00,907.2130116006375
2024-12-11 20:00:00,950.7610098523875
2024-12-11 21:00:00,900.0044713392583
2024-12-11 22:00:00,1141.2152509683601
2024-12-11 23:00:00,1122.448154548387
2024-12-12 00:00:00,1492.866515939067
2024-12-12 01:00:00,1637.2069192598594
2024-12-12 02:00:00,1731.209876670381
2024-12-12 03:00:00,1990.2832461700375
2024-12-12 04:00:00,2268.0877525944234
2024-12-12 05:00:00,2574.6025736515116
2024-12-12 06:00:00,2754.9745212965945
2024-12-12 07:00:00,3109.387006317141
2024-12-12 08:00:00,3104.481371719097
2024-12-12 09:00:00,3285.805828125749
2024-12-12 10:00:00,3235.396388942967
2024-12-12 11:00:00,3194.406400089395
2024-12-12 12:00:00,2441.1757697806574
2024-12-12 13:00:00,2449.4102684320137
2024-12-12 14:00:00,2406.3446003181793
2024-12-12 15:00:00,2816.0847522057834
2024-12-12 16:00:00,2829.6310337817026
2024-12-12 17:00:00,3064.256372692195
2024-12-12 18:00:00,3298.7127129918395
2024-12-12 19:00:00,3277.9657312318973
2024-12-12 20:00:00,2945.366303464624
2024-12-12 21:00:00,2586.1308450057527
2024-12-12 22:00:00,2421.5366503731357
2024-12-12 23:00:00,2382.6425334192445
2024-12-13 00:00:00,2311.4835946300914
2024-12-13 01:00:00,2137.4887513315293
2024-12-13 02:00:00,1955.7021170733383
2024-12-13 03:00:00,1828.2779194213047
2024-12-13 04:00:00,1648.5251126131732
2024-12-13 05:00:00,1517.43255258939
2024-12-13 06:00:00,1395.9178942762626
2024-12-13 07:00:00,1206.5892058253635
2024-12-13 08:00:00,1110.8042811115904
2024-12-13 09:00:00,1088.4023214090753
2024-12-13 10:00:00,893.9780782062543
2024-12-13 11:00:00,961.9201855144103
2024-12-13 12:00:00,961.6466773732694
2024-12-13 13:00:00,940.7314499018908
2024-12-13 14:00:00,1009.391274072794
2024-12-13 15:00:00,1260.8367456435346
2024-12-13 16:00:00,1654.7291149093026
2024-12-13 17:00:00,1915.070048065839
2024-12-13 18:00:00,1975.0238725990762
2024-12-13 19:00:00,1945.782051144646
2024-12-13 20:00:00,1682.291439623333
2024-12-13 21:00:00,1339.6366131140076
2024-12-13 22:00:00,1011.9625552075138
2024-12-13 23:00:00,1101.4873312652694
2024-12-14 00:00:00,1191.2604099706944
2024-12-14 01:00:00,1280.803275111806
2024-12-14 02:00:00,1259.2250945885853
2024-12-14 03:00:00,1214.8357575307082
2024-12-14 04:00:00,1112.6134221489149
2024-12-14 05:00:00,988.0036453266142
2024-12-14 06:00:00,933.1350010197323
2024-12-14 07:00:00,870.3998146850619
2024-12-14 08:00:00,752.4659244233167
2024-12-14 09:00:00,731.0699853467072
2024-12-14 10:00:00,754.5264954016789
2024-12-14 11:00:00,684.6053061739914
2024-12-14 12:00:00,633.0268537338616
2024-12-14 13:00:00,641.7018670950209
2024-12-14 14:00:00,686.0072607925594
2024-12-14 15:00:00,601.9731036934857
2024-12-14 16:00:00,554.9791476350287
2024-12-14 17:00:00,501.40371746749867
2024-12-14 18:00:00,474.26784227037496
2024-12-14 19:00:00,458.16995275860984
2024-12-14 20:00:00,439.0424198808845
2024-12-14 21:00:00,502.75637668606265
2024-12-14 22:00:00,529.2846922122903
2024-12-14 23:00:00,495.65154210014197
2024-12-15 00:00:00,463.21436848899924
2024-12-15 01:00:00,436.61361484523195
2024-12-15 02:00:00,365.58385433411183
2024-12-15 03:00:00,323.4395828396822
2024-12-15 04:00:00,278.67459336296315
2024-12-15 05:00:00,265.81138182521784
2024-12-15 06:00:00,242.83129744170185
2024-12-15 07:00:00,238.61900503142863
2024-12-15 08:00:00,239.33722468934303
2024-12-15 09:00:00,236.8167187868543
2024-12-15 10:00:00,253.53647094772984
2024-12-15 11:00:00,227.65621668998685
2024-12-15 12:00:00,244.01287791452987
2024-12-15 13:00:00,222.72842810275566
2024-12-15 14:00:00,193.92716269768903
2024-12-15 15:00:00,139.2626388317534
2024-12-15 16:00:00,138.5105229340403
2024-12-15 17:00:00,140.76393587914097
2024-12-15 18:00:00,127.42732721304502
2024-12-15 19:00:00,111.28382866420195
2024-12-15 20:00:00,150.74376417885904
2024-12-15 21:00:00,260.85687065286635
2024-12-15 22:00:00,260.13561117188294
2024-12-15 23:00:00,294.17562748817414
2024-12-16 00:00:00,302.3629091588042
2024-12-16 01:00:00,294.3721312808291
2024-12-16 02:00:00,308.5435041718684
2024-12-16 03:00:00,341.0424691376789
2024-12-16 04:00:00,382.4632405403622
2024-12-16 05:00:00,398.2014152942174
2024-12-16 06:00:00,382.83490707271284
2024-12-16 07:00:00,352.5128123764724
2024-12-16 08:00:00,358.113371977514
2024-12-16 09:00:00,346.9620953978119
2024-12-16 10:00:00,320.9131178047587
2024-12-16 11:00:00,295.5280215400818
2024-12-16 12:00:00,295.1704689083779
2024-12-16 13:00:00,312.9711237115636
2024-12-16 14:00:00,331.991602297302
2024-12-16 15:00:00,223.98368650117595
2024-12-16 16:00:00,158.2153635957212
2024-12-16 17:00:00,148.5073233854434
2024-12-16 18:00:00,165.65224536193372
2024-12-16 19:00:00,214.37133385428183
2024-12-16 20:00:00,353.7715809353549
2024-12-16 21:00:00,506.8797633924025
2024-12-16 22:00:00,569.2722744727861
2024-12-16 23:00:00,781.5542158027338
2024-12-17 00:00:00,865.0164718767146
2024-12-17 01:00:00,988.5428497624478
2024-12-17 02:00:00,1186.8930330820706
2024-12-17 03:00:00,1433.5931976092763
2024-12-17 04:00:00,1588.4817756363693
2024-12-17 05:00:00,1809.3393068307635
2024-12-17 06:00:00,2016.359927483778
2024-12-17 07:00:00,2107.7514439396964
2024-12-17 08:00:00,2159.223707111545
2024-12-17 09:00:00,2264.875674989823
2024-12-17 10:00:00,2397.907373951395
2024-12-17 11:00:00,2526.3126587441366
2024-12-17 12:00:00,2779.6624398551576
2024-12-17 13:00:00,2925.9887618073035
2024-12-17 14:00:00,3002.945663782013
2024-12-17 15:00:00,2956.2470187068006
2024-12-17 16:00:00,2928.9778952796373
2024-12-17 17:00:00,2878.0090351125723
2024-12-17 18:00:00,2955.0084149588247
2024-12-17 19:00:00,2938.9555983124883
2024-12-17 20:00:00,2847.6458695372085
2024-12-17 21:00:00,2792.6372396351608
2024-12-17 22:00:00,2526.4230464441157
2024-12-17 23:00:00,2644.704560589799
2024-12-18 00:00:00,2694.4651591356733
2024-12-18 01:00:00,2649.960870372494
2024-12-18 02:00:00,2512.726480947051
2024-12-18 03:00:00,2462.192222780858
2024-12-18 04:00:00,2380.7419767797937
2024-12-18 05:00:00,2179.706716299748
2024-12-18 06:00:00,1932.2565663584135
2024-12-18 07:00:00,1723.3122095178485
2024-12-18 08:00:00,1595.3101831058318
2024-12-18 09:00:00,1473.9588795250868
2024-12-18 10:00:00,1467.2515459849049
2024-12-18 11:00:00,1357.2771114024433
2024-12-18 12:00:00,1305.8368160148577
2024-12-18 13:00:00,1174.0806521056359
2024-12-18 14:00:00,935.3478285238289
2024-12-18 15:00:00,703.8089610197626
2024-12-18 16:00:00,842.497730952473
2024-12-18 17:00:00,984.4105778475574
2024-12-18 18:00:00,871.6618089581393
2024-12-18 19:00:00,662.4856906703116
2024-12-18 20:00:00,659.6521752400326
2024-12-18 21:00:00,642.110846556297
2024-12-18 22:00:00,618.0934722385182
2024-12-18 23:00:00,649.14350916585
2024-12-19 00:00:00,585.241227503141
2024-12-19 01:00:00,553.7939519371657
2024-12-19 02:00:00,464.9839276425837
2024-12-19 03:00:00,416.25884678203306
2024-12-19 04:00:00,369.126064228135
2024-12-19 05:00:00,329.32854969424693
2024-12-19 06:00:00,307.61540383507344
2024-12-19 07:00:00,344.5461646778815
2024-12-19 08:00:00,401.4408954557836
2024-12-19 09:00:00,479.48450803590424
2024-12-19 10:00:00,436.1629122001114
2024-12-19 11:00:00,482.74887979569996
2024-12-19 12:00:00,701.1486049685049
2024-12-19 13:00:00,656.7676769428451
2024-12-19 14:00:00,806.5280023547106
2024-12-19 15:00:00,936.2204853772606
2024-12-19 16:00:00,1036.8459423732877
2024-12-19 17:00:00,1071.2964123800618
2024-12-19 18:00:00,1221.4649277769101
2024-12-19 19:00:00,1301.422175950833
2024-12-19 20:00:00,1304.161752009196
2024-12-19 21:00:00,1239.3627351971543
2024-12-19 22:00:00,1276.351608635251
2024-12-19 23:00:00,1041.617999015574
2024-12-20 00:00:00,942.6825727726828
2024-12-20 01:00:00,704.9694143480839
2024-12-20 02:00:00,432.5200847440208
2024-12-20 03:00:00,288.38658212563155
2024-12-20 04:00:00,225.71201308652087
2024-12-20 05:00:00,149.3940959524405
2024-12-20 06:00:00,104.05274902622658
2024-12-20 07:00:00,69.49709959932129
2024-12-20 08:00:00,39.19861490363887
2024-12-20 09:00:00,16.47635044652213
2024-12-20 10:00:00,11.9344102194726
2024-12-20 11:00:00,7.964832989954962
2024-12-20 12:00:00,13.020352249199732
2024-12-20 13:00:00,12.065691620234784
2024-12-20 14:00:00,10.460070644530525
2024-12-20 15:00:00,4.343304566374808
2024-12-20 16:00:00,3.6204410278581705
2024-12-20 17:00:00,3.3688678590096455
2024-12-20 18:00:00,10.114403381752362
2024-12-20 19:00:00,16.804995704558365
2024-12-20 20:00:00,30.29152615086214
2024-12-20 21:00:00,50.27809253227251
2024-12-20 22:00:00,61.806756329126515
2024-12-20 23:00:00,81.32793958028823
2024-12-21 00:00:00,88.19070004973096
2024-12-21 01:00:00,85.773550637303
2024-12-21 02:00:00,111.69865434516448
2024-12-21 03:00:00,119.8583619522312
2024-12-21 04:00:00,172.71206577125562
2024-12-21 05:00:00,267.4434445421537
2024-12-21 06:00:00,390.74875552945866
2024-12-21 07:00:00,513.222085207365
2024-12-21 08:00:00,596.582687010488
2024-12-21 09:00:00,680.6417690630493
2024-12-21 10:00:00,642.1103725118811
2024-12-21 11:00:00,638.4117753750818
2024-12-21 12:00:00,753.8220297165325
2024-12-21 13:00:00,868.4545011342028
2024-12-21 14:00:00,920.3348547930924
2024-12-21 15:00:00,1023.5593258759849
2024-12-21 16:00:00,1151.280180963917
2024-12-21 17:00:00,1269.010910175605
2024-12-21 18:00:00,1238.4552361117644
2024-12-21 19:00:00,1280.6538032881306
2024-12-21 20:00:00,1250.3610530845297
2024-12-21 21:00:00,1279.0358110215109
2024-12-21 22:00:00,1248.4142708996214
2024-12-21 23:00:00,1270.092322904704
2024-12-22 00:00:00,1201.161454234355
2024-12-22 01:00:00,1186.3957480969127
2024-12-22 02:00:00,1174.4229190416459
2024-12-22 03:00:00,1176.3967775769788
2024-12-22 04:00:00,1160.0118502176022
2024-12-22 05:00:00,1136.0905683527455
2024-12-22 06:00:00,1142.3681779639662
2024-12-22 07:00:00,1099.0460044760102
2024-12-22 08:00:00,1051.9372998798922
2024-12-22 09:00:00,1024.0811005805326
2024-12-22 10:00:00,804.511547575955
2024-12-22 11:00:00,793.5741914220198
2024-12-22 12:00:00,802.6430381124275
2024-12-22 13:00:00,811.1519744737905
2024-12-22 14:00:00,814.6678542856721
2024-12-22 15:00:00,868.0863712242392
2024-12-22 16:00:00,925.3928876804637
2024-12-22 17:00:00,844.1537089742618
2024-12-22 18:00:00,768.3691472291625
2024-12-22 19:00:00,748.1350389062245
2024-12-22 20:00:00,671.5733943490859
2024-12-22 21:00:00,635.3784611397481
2024-12-22 22:00:00,846.7308472871201
2024-12-22 23:00:00,788.6021971808939
2024-12-23 00:00:00,712.651400945804
2024-12-23 01:00:00,644.7585194488604
2024-12-23 02:00:00,582.53801324281
2024-12-23 03:00:00,552.4924831774546
2024-12-23 04:00:00,511.63326338588155
2024-12-23 05:00:00,458.6503214325881
2024-12-23 06:00:00,425.8981800375189
2024-12-23 07:00:00,404.8126201340484
2024-12-23 08:00:00,398.36658945596474
2024-12-23 09:00:00,388.08732126647664
2024-12-23 10:00:00,412.74135994483737
2024-12-23 11:00:00,324.9701990302649
2024-12-23 12:00:00,294.78933529768364
2024-12-23 13:00:00,262.12110911312334
2024-12-23 14:00:00,199.50728640197903
2024-12-23 15:00:00,143.1264297741847
2024-12-23 16:00:00,119.239663728049
2024-12-23 17:00:00,119.52973142322443
2024-12-23 18:00:00,124.6585588469671
2024-12-23 19:00:00,120.48389136939669
2024-12-23 20:00:00,112.31862199672834
2024-12-23 21:00:00,194.33456752515977
2024-12-23 22:00:00,183.42482884910527
2024-12-23 23:00:00,235.60737698370832
2024-12-24 00:00:00,287.53531919018917
2024-12-24 01:00:00,342.00370310629654
2024-12-24 02:00:00,327.5551976287832
2024-12-24 03:00:00,298.1928897762799
2024-12-24 04:00:00,276.4624798474404
2024-12-24 05:00:00,249.01664908299753
2024-12-24 06:00:00,220.235486867388
2024-12-24 07:00:00,196.28337141953875
2024-12-24 08:00:00,132.75818012920226
2024-12-24 09:00:00,89.88202104098946
2024-12-24 10:00:00,42.196532566003775
2024-12-24 11:00:00,27.614740543277794
2024-12-24 12:00:00,14.664842123885915
2024-12-24 13:00:00,22.58936301049235
2024-12-24 14:00:00,17.166619551475367
2024-12-24 15:00:00,12.456480090698424
2024-12-24 16:00:00,14.230256587447636
2024-12-24 17:00:00,28.418044503346735
2024-12-24 18:00:00,47.960436298086954
2024-12-24 19:00:00,94.72974252354126
2024-12-24 20:00:00,148.8789306441894
2024-12-24 21:00:00,230.48416335620394
2024-12-24 22:00:00,241.56176995242907
2024-12-24 23:00:00,294.7087906725694
2024-12-25 00:00:00,305.19868447003716
2024-12-25 01:00:00,320.50881076450895
2024-12-25 02:00:00,336.2599069164609
2024-12-25 03:00:00,311.3044302220136
2024-12-25 04:00:00,311.8067259319986
2024-12-25 05:00:00,335.0272696691304
2024-12-25 06:00:00,303.4191474344423
2024-12-25 07:00:00,268.75885931415434
2024-12-25 08:00:00,271.09128283280995
2024-12-25 09:00:00,218.0160142505129
2024-12-25 10:00:00,141.44693005144651
2024-12-25 11:00:00,112.98980069148065
2024-12-25 12:00:00,145.26848520441652
2024-12-25 13:00:00,145.12494115853355
2024-12-25 14:00:00,88.57551692775411
2024-12-25 15:00:00,18.974855612499997
2024-12-25 16:00:00,7.288503240249455
2024-12-25 17:00:00,4.087250752140051
2024-12-25 18:00:00,5.9871014679357115
2024-12-25 19:00:00,10.914683651014379
2024-12-25 20:00:00,19.38148667441662
2024-12-25 21:00:00,38.557668815146776
2024-12-25 22:00:00,51.24611660358804
2024-12-25 23:00:00,66.02367774995398
2024-12-26 00:00:00,79.87970612360286
2024-12-26 01:00:00,86.69400574197344
2024-12-26 02:00:00,84.37678587966239
2024-12-26 03:00:00,85.93110996088907
2024-12-26 04:00:00,98.55241815847293
2024-12-26 05:00:00,116.09453207909752
2024-12-26 06:00:00,140.9485474827742
2024-12-26 07:00:00,155.03912254198252
2024-12-26 08:00:00,190.70696766268443
2024-12-26 09:00:00,205.16725890836412
2024-12-26 10:00:00,228.8154605212998
2024-12-26 11:00:00,195.11429826576352
2024-12-26 12:00:00,151.54773557387244
2024-12-26 13:00:00,133.04148231014412
2024-12-26 14:00:00,119.51816245224154
2024-12-26 15:00:00,77.76181305703066
2024-12-26 16:00:00,47.409042429794226
2024-12-26 17:00:00,39.54050317491904
2024-12-26 18:00:00,35.72379514361281
2024-12-26 19:00:00,35.16223249745642
2024-12-26 20:00:00,62.380535099158934
2024-12-26 21:00:00,143.61539660852287
2024-12-26 22:00:00,136.21215985102785
2024-12-26 23:00:00,98.61917872480873
2024-12-27 00:00:00,86.46568243037426
2024-12-27 01:00:00,93.61397212458056
2024-12-27 02:00:00,70.9974744349651
2024-12-27 03:00:00,53.07287630151881
2024-12-27 04:00:00,67.49350002966473
2024-12-27 05:00:00,85.45203470283937
2024-12-27 06:00:00,87.363934133922
2024-12-27 07:00:00,77.94186040999895
2024-12-27 08:00:00,78.8127012945948
2024-12-27 09:00:00,85.74448023452078
2024-12-27 10:00:00,71.70707918893889
2024-12-27 11:00:00,86.52774415329384
2024-12-27 12:00:00,98.1713820497654
2024-12-27 13:00:00,85.01639235726319
2024-12-27 14:00:00,76.44903755221786
2024-12-27 15:00:00,55.84528635534327
2024-12-27 16:00:00,22.704222377105705
2024-12-27 17:00:00,19.150828906193098
2024-12-27 18:00:00,18.95205743438334
2024-12-27 19:00:00,24.691221403051774
2024-12-27 20:00:00,49.895929284146355
2024-12-27 21:00:00,135.33350264213587
2024-12-27 22:00:00,120.88232553980865
2024-12-27 23:00:00,129.24002288448668
2024-12-28 00:00:00,138.3765677353194
2024-12-28 01:00:00,123.38164524942856
2024-12-28 02:00:00,109.67885891300692
2024-12-28 03:00:00,112.82042515751517
2024-12-28 04:00:00,92.34221356906453
2024-12-28 05:00:00,99.89037851006115
2024-12-28 06:00:00,124.01052277807695
2024-12-28 07:00:00,115.95276631595127
2024-12-28 08:00:00,95.62167089591588
2024-12-28 09:00:00,84.99620694991918
2024-12-28 10:00:00,86.88018312619867
2024-12-28 11:00:00,64.37888455584311
2024-12-28 12:00:00,54.14065364536667
2024-12-28 13:00:00,56.41227675136186
2024-12-28 14:00:00,71.88548178460647
2024-12-28 15:00:00,52.685851642631604
2024-12-28 16:00:00,40.12209656528754
2024-12-28 17:00:00,44.988774468629906
2024-12-28 18:00:00,50.99999668771117
2024-12-28 19:00:00,52.50373796958426
2024-12-28 20:00:00,65.23486614994475
2024-12-28 21:00:00,96.06481797898108
2024-12-28 22:00:00,109.39526514534579
2024-12-28 23:00:00,146.62715122419854
2024-12-29 00:00:00,183.10627240834737
2024-12-29 01:00:00,201.6720965128202
2024-12-29 02:00:00,193.71135186784224
2024-12-29 03:00:00,209.67982443487432
2024-12-29 04:00:00,219.3290309426669
2024-12-29 05:00:00,228.82546302447938
2024-12-29 06:00:00,219.75491790565067
2024-12-29 07:00:00,232.5213056545211
2024-12-29 08:00:00,244.03425388916406
2024-12-29 09:00:00,237.17967322038908
2024-12-29 10:00:00,252.44673182336803
2024-12-29 11:00:00,319.19426271421054
2024-12-29 12:00:00,345.52717382323317
2024-12-29 13:00:00,350.5230464508163
2024-12-29 14:00:00,324.1918029019394
2024-12-29 15:00:00,308.1195364362735
2024-12-29 16:00:00,279.354574894135
2024-12-29 17:00:00,231.03751586749905
2024-12-29 18:00:00,212.45027489632878
2024-12-29 19:00:00,300.2130621781513
2024-12-29 20:00:00,324.04386670617674
2024-12-29 21:00:00,342.1833124273968
2024-12-29 22:00:00,454.9693630863415
2024-12-29 23:00:00,563.338140704779
2024-12-30 00:00:00,683.4767721146627
2024-12-30 01:00:00,813.328847434949
2024-12-30 02:00:00,956.0297508544521
2024-12-30 03:00:00,1161.1498829520428
2024-12-30 04:00:00,1191.182491860584
2024-12-30 05:00:00,1297.5291345625594
2024-12-30 06:00:00,1382.614495941431
2024-12-30 07:00:00,1467.826329502696
2024-12-30 08:00:00,1583.9470769555514
2024-12-30 09:00:00,1676.3548489432192
2024-12-30 10:00:00,1833.0956562047695
2024-12-30 11:00:00,1861.8069197523316
2024-12-30 12:00:00,1940.6716531283255
2024-12-30 13:00:00,2042.7254198973108
2024-12-30 14:00:00,2093.723765776777
2024-12-30 15:00:00,2142.161307251016
2024-12-30 16:00:00,2134.098152444117
2024-12-30 17:00:00,2061.842625048436
2024-12-30 18:00:00,1991.6914281919599
2024-12-30 19:00:00,2010.9915070158042
2024-12-30 20:00:00,1990.7621678423382
2024-12-30 21:00:00,2056.763021178771
2024-12-30 22:00:00,1998.0917468793832
2024-12-30 23:00:00,2340.4812577392972
2024-12-31 00:00:00,2418.8415443619588
