mesh_point_id,mesh_ix,mesh_iy,x_m,y_m,latitude,longitude,longitude_norm,era5_latitude,era5_longitude_norm,era5_longitude,distance_to_cell_center_km,era5_cell_id
28,30,0,-300000.0,120000.0,45.00483917380086,-72.2987455540419,-72.2987455540419,44.5,-72.3,-72.3,56.135719833938644,44.5000_-72.3000
29,31,0,-280000.0,120000.0,45.01405087903341,-72.0459249521263,-72.0459249521263,44.5,-72.3,-72.3,60.57818106142386,44.5000_-72.3000
30,32,0,-260000.0,120000.0,45.02262895921765,-71.79301572662676,-71.79301572662676,44.5,-72.3,-72.3,70.56502654255014,44.5000_-72.3000
31,33,0,-240000.0,120000.0,45.030573058157664,-71.54002415214781,-71.54002415214781,44.5,-72.3,-72.3,84.1450027082282,44.5000_-72.3000
107,22,1,-460000.0,140000.0,45.08736686686847,-74.33796047610949,-74.33796047610949,44.5,-75.3,-75.3,100.14170834273638,44.5000_-75.3000
108,23,1,-440000.0,140000.0,45.10168746126792,-74.085188897844,-74.085188897844,44.5,-75.3,-75.3,116.8871121007216,44.5000_-75.3000
109,24,1,-420000.0,140000.0,45.11537576900766,-73.832277584818,-73.832277584818,44.5,-75.3,-75.3,134.49327230514066,44.5000_-75.3000
110,25,1,-400000.0,140000.0,45.128431221993246,-73.57923274441639,-73.57923274441639,44.5,-73.8,-73.8,72.01561514674769,44.5000_-73.8000
111,26,1,-380000.0,140000.0,45.140853277979346,-73.32606060393684,-73.32606060393684,44.5,-73.8,-73.8,80.4687683851206,44.5000_-73.8000
112,27,1,-360000.0,140000.0,45.15264142065082,-73.07276740969058,-73.07276740969058,44.5,-73.8,-73.8,92.49695759596939,44.5000_-73.8000
113,28,1,-340000.0,140000.0,45.163795159700186,-72.81935942609621,-72.81935942609621,44.5,-73.8,-73.8,106.90041303860353,44.5000_-73.8000
114,29,1,-320000.0,140000.0,45.17431403090117,-72.56584293476658,-72.56584293476658,44.5,-73.8,-73.8,122.84668369043975,44.5000_-73.8000
115,30,1,-300000.0,140000.0,45.18419759617859,-72.31222423358957,-72.31222423358957,44.5,-73.8,-73.8,139.80902134940808,44.5000_-73.8000
116,31,1,-280000.0,140000.0,45.19344544367419,-72.0585096358026,-72.0585096358026,44.5,-72.3,-72.3,79.42317895846641,44.5000_-72.3000
117,32,1,-260000.0,140000.0,45.20205718780886,-71.80470546906137,-71.80470546906137,44.5,-72.3,-72.3,87.28452280152368,44.5000_-72.3000
118,33,1,-240000.0,140000.0,45.21003246934076,-71.55081807450341,-71.55081807450341,44.5,-72.3,-72.3,98.593538286814,44.5000_-72.3000
197,22,2,-460000.0,160000.0,45.266410525759404,-74.35869511557597,-74.35869511557597,44.5,-75.3,-75.3,112.97044537502288,44.5000_-75.3000
198,23,2,-440000.0,160000.0,45.280787230163334,-74.10503328118095,-74.10503328118095,44.5,-75.3,-75.3,128.0567663630718,44.5000_-75.3000
199,24,2,-420000.0,160000.0,45.29452918995623,-73.85123022342272,-73.85123022342272,44.5,-75.3,-75.3,144.3144220008294,44.5000_-75.3000
200,25,2,-400000.0,160000.0,45.3076358321973,-73.59729221477772,-73.59729221477772,44.5,-73.8,-73.8,91.21307892912726,44.5000_-73.8000
201,26,2,-380000.0,160000.0,45.32010661001123,-73.34322554798888,-73.34322554798888,44.5,-73.8,-73.8,98.02944986237372,44.5000_-73.8000
202,27,2,-360000.0,160000.0,45.33194100267055,-73.08903653515074,-73.08903653515074,44.5,-73.8,-73.8,108.12727121947,44.5000_-73.8000
203,28,2,-340000.0,160000.0,45.34313851567428,-72.8347315067875,-72.8347315067875,44.5,-73.8,-73.8,120.68588321387341,44.5000_-73.8000
204,29,2,-320000.0,160000.0,45.353698680822745,-72.58031681092405,-72.58031681092405,44.5,-73.8,-73.8,135.02055741346592,44.5000_-73.8000
205,30,2,-300000.0,160000.0,45.36362105628838,-72.32579881215044,-72.32579881215044,44.5,-73.8,-73.8,150.6252267961349,44.5000_-73.8000
206,31,2,-280000.0,160000.0,45.3729052266828,-72.07118389068023,-72.07118389068023,44.5,-72.3,-72.3,98.71956396164315,44.5000_-72.3000
207,32,2,-260000.0,160000.0,45.381550803119836,-71.81647844140288,-71.81647844140288,44.5,-72.3,-72.3,105.15201250897235,44.5000_-72.3000
208,33,2,-240000.0,160000.0,45.38955742327463,-71.56168887293056,-71.56168887293056,44.5,-72.3,-72.3,114.71785082167897,44.5000_-72.3000
209,34,2,-220000.0,160000.0,45.396924751438824,-71.30682160663989,-71.30682160663989,44.5,-72.3,-72.3,126.70953909052676,44.5000_-72.3000
210,35,2,-200000.0,160000.0,45.403652478571615,-71.05188307570879,-71.05188307570879,44.5,-72.3,-72.3,140.50745063902173,44.5000_-72.3000
287,22,3,-460000.0,180000.0,45.44551582655045,-74.37957723338748,-74.37957723338748,44.5,-75.3,-75.3,127.65413273291128,44.5000_-75.3000
288,23,3,-440000.0,180000.0,45.45994892058542,-74.12501889141028,-74.12501889141028,44.5,-75.3,-75.3,141.1870209712524,44.5000_-75.3000
289,24,3,-420000.0,180000.0,45.47374480006662,-73.87031781629214,-73.87031781629214,44.5,-75.3,-75.3,156.0902474386413,44.5000_-75.3000
290,25,3,-400000.0,180000.0,45.48690288714822,-73.61548034650839,-73.61548034650839,44.5,-73.8,-73.8,110.69375352713364,44.5000_-73.8000
291,26,3,-380000.0,180000.0,45.499422630268654,-73.360512841162,-73.360512841162,44.5,-73.8,-73.8,116.37886697958714,44.5000_-73.8000
292,27,3,-360000.0,180000.0,45.511303504234604,-73.10542167905295,-73.10542167905295,44.5,-73.8,-73.8,125.00820650292106,44.5000_-73.8000
293,28,3,-340000.0,180000.0,45.522545010300576,-72.85021325774007,-72.85021325774007,44.5,-73.8,-73.8,136.02277343574337,44.5000_-73.8000
294,29,3,-320000.0,180000.0,45.53314667624507,-72.59489399259574,-72.59489399259574,44.5,-73.8,-73.8,148.89432732870858,44.5000_-73.8000
295,30,3,-300000.0,180000.0,45.54310805644248,-72.33947031585403,-72.33947031585403,44.5,-73.8,-73.8,163.18417583506667,44.5000_-73.8000
296,31,3,-280000.0,180000.0,45.552428731931165,-72.08394867565231,-72.08394867565231,44.5,-72.3,-72.3,118.25016885081038,44.5000_-72.3000
297,32,3,-260000.0,180000.0,45.561108310477515,-71.8283355350669,-71.8283355350669,44.5,-72.3,-72.3,123.67436831391278,44.5000_-72.3000
298,33,3,-240000.0,180000.0,45.569146426636024,-71.57263737114305,-71.57263737114305,44.5,-72.3,-72.3,131.90804518843098,44.5000_-72.3000
299,34,3,-220000.0,180000.0,45.576542741805255,-71.31686067391958,-71.31686067391958,44.5,-72.3,-72.3,142.46503903167908,44.5000_-72.3000
300,35,3,-200000.0,180000.0,45.58329694427983,-71.06101194544861,-71.06101194544861,44.5,-72.3,-72.3,154.8710620533889,44.5000_-72.3000
301,36,3,-180000.0,180000.0,45.589408749298286,-70.80509769881067,-70.80509769881067,44.5,-72.3,-72.3,168.71880527818718,44.5000_-72.3000
371,16,4,-580000.0,200000.0,45.52434497923144,-75.92999002916416,-75.92999002916416,44.5,-76.8,-76.8,132.85539310672056,44.5000_-76.8000
372,17,4,-560000.0,200000.0,45.542659212789246,-75.67552766961968,-75.67552766961968,44.5,-76.8,-76.8,145.78037893883442,44.5000_-76.8000
373,18,4,-540000.0,200000.0,45.560337797997796,-75.42088310614473,-75.42088310614473,44.5,-76.8,-76.8,160.14272428485583,44.5000_-76.8000
377,22,4,-460000.0,200000.0,45.624681247825144,-74.40060840500897,-74.40060840500897,44.5,-75.3,-75.3,143.6279026345678,44.5000_-75.3000
378,23,4,-440000.0,200000.0,45.63917101352111,-74.14514723837253,-74.14514723837253,44.5,-75.3,-75.3,155.78561813996325,44.5000_-75.3000
379,24,4,-420000.0,200000.0,45.65302108262967,-73.88954180726539,-73.88954180726539,44.5,-75.3,-75.3,169.4161194366176,44.5000_-75.3000
380,25,4,-400000.0,200000.0,45.666230872340144,-73.63379851708473,-73.63379851708473,44.5,-73.8,-73.8,130.33391263877493,44.5000_-73.8000
381,26,4,-380000.0,200000.0,45.67879982634777,-73.37792379422443,-73.37792379422443,44.5,-73.8,-73.8,135.1993373348485,44.5000_-73.8000
382,27,4,-360000.0,200000.0,45.69072741493875,-73.12192408512814,-73.12192408512814,44.5,-73.8,-73.8,142.6995314865049,44.5000_-73.8000
383,28,4,-340000.0,200000.0,45.70201313507127,-72.86580585533453,-72.86580585533453,44.5,-73.8,-73.8,152.44628345672172,44.5000_-73.8000
384,29,4,-320000.0,200000.0,45.71265651045286,-72.60957558851555,-72.60957558851555,44.5,-73.8,-73.8,164.03978123308818,44.5000_-73.8000
385,30,4,-300000.0,200000.0,45.72265709161329,-72.35323978550763,-72.35323978550763,44.5,-73.8,-73.8,177.11787974331614,44.5000_-73.8000
386,31,4,-280000.0,200000.0,45.73201445597392,-72.09680496333637,-72.09680496333637,44.5,-72.3,-72.3,137.91852334979106,44.5000_-72.3000
387,32,4,-260000.0,200000.0,45.74072820791263,-71.84027765423508,-71.84027765423508,44.5,-72.3,-72.3,142.5995287627381,44.5000_-72.3000
388,33,4,-240000.0,200000.0,45.74879797882497,-71.5836644046575,-71.5836644046575,44.5,-72.3,-72.3,149.80037791372968,44.5000_-72.3000
389,34,4,-220000.0,200000.0,45.756223427180856,-71.32697177428497,-71.32697177428497,44.5,-72.3,-72.3,159.17957601274625,44.5000_-72.3000
390,35,4,-200000.0,200000.0,45.7630042385776,-71.07020633502877,-71.07020633502877,44.5,-72.3,-72.3,170.37784316209078,44.5000_-72.3000
391,36,4,-180000.0,200000.0,45.76914012578832,-70.81337467002747,-70.81337467002747,44.5,-72.3,-72.3,183.06172815631876,44.5000_-72.3000
392,37,4,-160000.0,200000.0,45.774630828806515,-70.55648337264014,-70.55648337264014,44.5,-70.8,-70.8,143.01377102632213,44.5000_-70.8000
459,14,5,-620000.0,220000.0,45.66449190282722,-76.46673480010412,-76.46673480010412,44.5,-76.8,-76.8,132.10270701722644,44.5000_-76.8000
460,15,5,-600000.0,220000.0,45.68415181306077,-76.21176112830184,-76.21176112830184,44.5,-76.8,-76.8,139.53305669379588,44.5000_-76.8000
461,16,5,-580000.0,220000.0,45.7031751857951,-75.95659073494522,-75.95659073494522,44.5,-76.8,-76.8,149.26602045720963,44.5000_-76.8000
462,17,5,-560000.0,220000.0,45.72156122293136,-75.7012298886586,-75.7012298886586,44.5,-76.8,-76.8,160.88450781419567,44.5000_-76.8000
463,18,5,-540000.0,220000.0,45.73930915227016,-75.44568488682829,-75.44568488682829,44.5,-76.8,-76.8,174.011483149299,44.5000_-76.8000
464,19,5,-520000.0,220000.0,45.75641822762859,-75.18996205471323,-75.18996205471323,44.5,-75.3,-75.3,139.97393180549926,44.5000_-75.3000
465,20,5,-500000.0,220000.0,45.772887728953485,-74.93406774454526,-74.93406774454526,44.5,-75.3,-75.3,144.41952382646906,44.5000_-75.3000
466,21,5,-480000.0,220000.0,45.78871696243115,-74.67800833461932,-74.67800833461932,44.5,-75.3,-75.3,151.37321764647078,44.5000_-75.3000
467,22,5,-460000.0,220000.0,45.803905260593055,-74.42179022837385,-74.42179022837385,44.5,-75.3,-75.3,160.509595524709,44.5000_-75.3000
468,23,5,-440000.0,220000.0,45.81845198241791,-74.16541985346169,-74.16541985346169,44.5,-75.3,-75.3,171.48033250937507,44.5000_-75.3000
469,24,5,-420000.0,220000.0,45.83235651342989,-73.90890366081183,-73.90890366081183,44.5,-75.3,-75.3,183.95770475111863,44.5000_-75.3000
470,25,5,-400000.0,220000.0,45.845618265792794,-73.65224812368251,-73.65224812368251,44.5,-73.8,-73.8,150.07365094465496,44.5000_-73.8000
471,26,5,-380000.0,220000.0,45.85823667840054,-73.3954597367056,-73.3954597367056,44.5,-73.8,-73.8,154.32123117725845,44.5000_-73.8000
472,27,5,-360000.0,220000.0,45.87021121696349,-73.13854501492301,-73.13854501492301,44.5,-73.8,-73.8,160.93672254059783,44.5000_-73.8000
473,28,5,-340000.0,220000.0,45.88154137409077,-72.88151049281527,-72.88151049281527,44.5,-73.8,-73.8,169.64348799508323,44.5000_-73.8000
474,29,5,-320000.0,220000.0,45.892226669368895,-72.62436272332266,-72.62436272332266,44.5,-73.8,-73.8,180.1386819393936,44.5000_-73.8000
475,30,5,-300000.0,220000.0,45.902266649435795,-72.36710827685934,-72.36710827685934,44.5,-73.8,-73.8,192.1295626647211,44.5000_-73.8000
476,31,5,-280000.0,220000.0,45.91166088805124,-72.10975374032067,-72.10975374032067,44.5,-72.3,-72.3,157.67562662075514,44.5000_-72.3000
477,32,5,-260000.0,220000.0,45.920408986162926,-71.85230571608433,-71.85230571608433,44.5,-72.3,-72.3,161.78867318566859,44.5000_-72.3000
478,33,5,-240000.0,220000.0,45.92851057196841,-71.59477082100528,-71.59477082100528,44.5,-72.3,-72.3,168.17326652043258,44.5000_-72.3000
479,34,5,-220000.0,220000.0,45.93596530097291,-71.33715568540538,-71.33715568540538,44.5,-72.3,-72.3,176.58328543459365,44.5000_-72.3000
480,35,5,-200000.0,220000.0,45.94277285604303,-71.07946695205754,-71.07946695205754,44.5,-72.3,-72.3,186.745369504579,44.5000_-72.3000
481,36,5,-180000.0,220000.0,45.94893294745603,-70.82171127516534,-70.82171127516534,44.5,-72.3,-72.3,198.39053232409725,44.5000_-72.3000
482,37,5,-160000.0,220000.0,45.95444531294511,-70.56389531933793,-70.56389531933793,44.5,-70.8,-70.8,162.78051232035247,44.5000_-70.8000
483,38,5,-140000.0,220000.0,45.95930971774035,-70.30602575856115,-70.30602575856115,44.5,-70.8,-70.8,166.81431015164705,44.5000_-70.8000
545,12,6,-660000.0,240000.0,45.801837847761625,-77.00645625384607,-77.00645625384607,44.5,-78.3,-78.3,176.7561130045515,44.5000_-78.3000
546,13,6,-640000.0,240000.0,45.82285031537566,-76.75099849671217,-76.75099849671217,44.5,-76.8,-76.8,147.1446035135141,44.5000_-76.8000
547,14,6,-620000.0,240000.0,45.84322547538348,-76.4953293315548,-76.4953293315548,44.5,-76.8,-76.8,151.2571997927079,44.5000_-76.8000
548,15,6,-600000.0,240000.0,45.86296247098596,-76.23945503093152,-76.23945503093152,44.5,-76.8,-76.8,157.79308415445922,44.5000_-76.8000
549,16,6,-580000.0,240000.0,45.88206047124845,-75.98338189845025,-75.98338189845025,44.5,-76.8,-76.8,166.46733984962674,44.5000_-76.8000
550,17,6,-560000.0,240000.0,45.90051867122686,-75.72711626788696,-75.72711626788696,44.5,-76.8,-76.8,176.96604118478757,44.5000_-76.8000
551,18,6,-540000.0,240000.0,45.91833629209033,-75.47066450229238,-75.47066450229238,44.5,-76.8,-76.8,188.9855875330573,44.5000_-76.8000
552,19,6,-520000.0,240000.0,45.93551258123994,-75.21403299308747,-75.21403299308747,44.5,-75.3,-75.3,159.76386967676834,44.5000_-75.3000
553,20,6,-500000.0,240000.0,45.952046812423966,-74.95722815914833,-74.95722815914833,44.5,-75.3,-75.3,163.67636355914522,44.5000_-75.3000
554,21,6,-480000.0,240000.0,45.967938285849065,-74.70025644588083,-74.70025644588083,44.5,-75.3,-75.3,169.84770401938704,44.5000_-75.3000
555,22,6,-460000.0,240000.0,45.98318632828789,-74.44312432428505,-74.44312432428505,44.5,-75.3,-75.3,178.04335734205782,44.5000_-75.3000
556,23,6,-440000.0,240000.0,45.99779029318268,-74.18583829001027,-74.18583829001027,44.5,-75.3,-75.3,187.99894319452565,44.5000_-75.3000
557,24,6,-420000.0,240000.0,46.01174956074494,-73.92840486240023,-73.92840486240023,46.0,-75.3,-75.3,105.94106208963743,46.0000_-75.3000
558,25,6,-400000.0,240000.0,46.025063538051306,-73.67083058352979,-73.67083058352979,46.0,-73.8,-73.8,10.35712557130944,46.0000_-73.8000
559,26,6,-380000.0,240000.0,46.03773165913528,-73.41312201723244,-73.41312201723244,46.0,-73.8,-73.8,30.16642302715852,46.0000_-73.8000
561,28,6,-340000.0,240000.0,46.061128204077114,-72.89732838059338,-72.89732838059338,46.0,-73.8,-73.8,70.01649651626667,46.0000_-73.8000
562,29,6,-320000.0,240000.0,46.071855631556076,-72.63925653784753,-72.63925653784753,46.0,-73.8,-73.8,89.9553252793714,46.0000_-73.8000
563,30,6,-300000.0,240000.0,46.081935210209956,-72.38107686086693,-72.38107686086693,46.0,-73.8,-73.8,109.89694111783558,46.0000_-73.8000
564,31,6,-280000.0,240000.0,46.09136651009172,-72.12279600741573,-72.12279600741573,46.0,-72.3,-72.3,17.036988504007418,46.0000_-72.3000
565,32,6,-260000.0,240000.0,46.100149128676314,-71.8644206510209,-71.8644206510209,46.0,-72.3,-72.3,35.41135876213748,46.0000_-72.3000
566,33,6,-240000.0,240000.0,46.10828269092376,-71.60595747994928,-71.60595747994928,46.0,-72.3,-72.3,54.893729321971094,46.0000_-72.3000
567,34,6,-220000.0,240000.0,46.11576684933779,-71.34741319617892,-71.34741319617892,46.0,-72.3,-72.3,74.6214690847489,46.0000_-72.3000
568,35,6,-200000.0,240000.0,46.12260128402043,-71.08879451436508,-71.08879451436508,46.0,-72.3,-72.3,94.44109220447402,46.0000_-72.3000
569,36,6,-180000.0,240000.0,46.12878570272212,-70.83010816080126,-70.83010816080126,46.0,-72.3,-72.3,114.30492347955943,46.0000_-72.3000
570,37,6,-160000.0,240000.0,46.13431984088765,-70.57136087237583,-70.57136087237583,46.0,-70.8,-70.8,23.11313321886032,46.0000_-70.8000
571,38,6,-140000.0,240000.0,46.13920346169778,-70.3125593955243,-70.3125593955243,46.0,-70.8,-70.8,40.664833947668875,46.0000_-70.8000
633,12,7,-660000.0,260000.0,45.98046185458407,-77.03706310819692,-77.03706310819692,44.5,-78.3,-78.3,192.0294353644953,44.5000_-78.3000
634,13,7,-640000.0,260000.0,46.00155671126899,-76.78070289539998,-76.78070289539998,46.0,-76.8,-76.8,1.5005548853559192,46.0000_-76.8000
635,14,7,-620000.0,260000.0,46.0220118052031,-76.52412900364678,-76.52412900364678,46.0,-76.8,-76.8,21.444877062427228,46.0000_-76.8000
636,15,7,-600000.0,260000.0,46.041826272232214,-76.26734777044757,-76.26734777044757,46.0,-76.8,-76.8,41.389938415431835,46.0000_-76.8000
637,16,7,-580000.0,260000.0,46.06099927427883,-76.01036556491665,-76.01036556491665,46.0,-76.8,-76.8,61.335712441089385,46.0000_-76.8000
638,17,7,-560000.0,260000.0,46.079529999470324,-75.75318878687527,-75.75318878687527,46.0,-76.8,-76.8,81.28217304691667,46.0000_-76.8000
639,18,7,-540000.0,260000.0,46.0974176622634,-75.49582386594295,-75.49582386594295,46.0,-76.8,-76.8,101.2292943088866,46.0000_-76.8000
640,19,7,-520000.0,260000.0,46.11466150356478,-75.23827726061782,-75.23827726061782,46.0,-75.3,-75.3,13.610304250314668,46.0000_-75.3000
641,20,7,-500000.0,260000.0,46.13126079084822,-74.98055545734574,-74.98055545734574,46.0,-75.3,-75.3,28.64307932588938,46.0000_-75.3000
642,21,7,-480000.0,260000.0,46.14721481826747,-74.722664969579,-74.722664969579,46.0,-75.3,-75.3,47.4484913110159,46.0000_-75.3000
643,22,7,-460000.0,260000.0,46.1625229067656,-74.46461233682463,-74.46461233682463,46.0,-75.3,-75.3,66.91866482708093,46.0000_-75.3000
644,23,7,-440000.0,260000.0,46.17718440418021,-74.20640412368282,-74.20640412368282,46.0,-75.3,-75.3,86.60678035651353,46.0000_-75.3000
645,24,7,-420000.0,260000.0,46.19119868534478,-73.94804691887578,-73.94804691887578,46.0,-75.3,-75.3,106.39219292144587,46.0000_-75.3000
646,25,7,-400000.0,260000.0,46.20456515218597,-73.6895473342672,-73.6895473342672,46.0,-73.8,-73.8,24.288457854024966,46.0000_-73.8000
647,26,7,-380000.0,260000.0,46.21728323381688,-73.43091200387295,-73.43091200387295,46.0,-73.8,-73.8,37.32732703135581,46.0000_-73.8000
648,27,7,-360000.0,260000.0,46.229352386626196,-73.17214758286315,-73.17214758286315,46.0,-73.8,-73.8,54.70443999773291,46.0000_-73.8000
649,28,7,-340000.0,260000.0,46.24077209436331,-72.91326074655599,-72.91326074655599,46.0,-73.8,-73.8,73.40107800941377,46.0000_-73.8000
651,30,7,-300000.0,260000.0,46.26166124690302,-72.39514662397241,-72.39514662397241,46.0,-73.8,-73.8,112.09759674744497,46.0000_-73.8000
652,31,7,-280000.0,260000.0,46.271129796714895,-72.13593277991119,-72.13593277991119,46.0,-72.3,-72.3,32.69152897835488,46.0000_-72.3000
653,32,7,-260000.0,260000.0,46.279947111613915,-71.87662340291959,-71.87662340291959,46.0,-72.3,-72.3,45.0892830356773,46.0000_-72.3000
654,33,7,-240000.0,260000.0,46.28811281328226,-71.61722525370502,-71.61722525370502,46.0,-72.3,-72.3,61.58945466359978,46.0000_-72.3000
655,34,7,-220000.0,260000.0,46.29562655118478,-71.3577451069358,-71.3577451069358,46.0,-72.3,-72.3,79.683255162795,46.0000_-72.3000
656,35,7,-200000.0,260000.0,46.30248800262445,-71.09818975018847,-71.09818975018847,46.0,-72.3,-72.3,98.49646140874292,46.0000_-72.3000
657,36,7,-180000.0,260000.0,46.30869687279338,-70.83856598289013,-70.83856598289013,46.0,-72.3,-72.3,117.68466820496225,46.0000_-72.3000
658,37,7,-160000.0,260000.0,46.31425289481938,-70.57888061525593,-70.57888061525593,46.0,-70.8,-70.8,38.87287348371269,46.0000_-70.8000
659,38,7,-140000.0,260000.0,46.31915582980838,-70.3191404672225,-70.3191404672225,46.0,-70.8,-70.8,51.29377992956133,46.0000_-70.8000
720,11,8,-680000.0,280000.0,46.137317238248876,-77.32493657305332,-77.32493657305332,46.0,-78.3,-78.3,76.75641254971768,46.0000_-78.3000
721,12,8,-660000.0,280000.0,46.159136228795006,-77.06788995208582,-77.06788995208582,46.0,-78.3,-78.3,96.66672040719209,46.0000_-78.3000
722,13,8,-640000.0,280000.0,46.180313887481965,-76.81062097845927,-76.81062097845927,46.0,-78.3,-78.3,116.5909471757652,46.0000_-78.3000
723,14,8,-620000.0,280000.0,46.200849316553416,-76.55313602245239,-76.55313602245239,46.0,-76.8,-76.8,29.343925772668815,46.0000_-76.8000
724,15,8,-600000.0,280000.0,46.220741644410495,-76.29544148741348,-76.29544148741348,46.0,-76.8,-76.8,45.992716939330506,46.0000_-76.8000
725,16,8,-580000.0,280000.0,46.239990025745705,-76.03754380886028,-76.03754380886028,46.0,-76.8,-76.8,64.54107325947167,46.0000_-76.8000
726,17,8,-560000.0,280000.0,46.258593641673095,-75.77944945356788,-75.77944945356788,46.0,-76.8,-76.8,83.73652885389959,46.0000_-76.8000
727,18,8,-540000.0,280000.0,46.27655169985467,-75.52116491864459,-75.52116491864459,46.0,-76.8,-76.8,103.21905944593401,46.0000_-76.8000
728,19,8,-520000.0,280000.0,46.293863434623084,-75.26269673059649,-75.26269673059649,46.0,-75.3,-75.3,32.802290659740706,46.0000_-75.3000
729,20,8,-500000.0,280000.0,46.31052810710035,-75.0040514443806,-75.0040514443806,46.0,-75.3,-75.3,41.37510067227044,46.0000_-75.3000
730,21,8,-480000.0,280000.0,46.326545005312816,-74.7452356424473,-74.7452356424473,46.0,-75.3,-75.3,56.06970451161436,46.0000_-75.3000
731,22,8,-460000.0,280000.0,46.34191344430201,-74.4862559337722,-74.4862559337722,46.0,-75.3,-75.3,73.29253070256856,46.0000_-75.3000
732,23,8,-440000.0,280000.0,46.35663276623168,-74.22711895287776,-74.22711895287776,46.0,-75.3,-75.3,91.62920508358441,46.0000_-75.3000
733,24,8,-420000.0,280000.0,46.370702340490695,-73.96783135884507,-73.96783135884507,46.0,-75.3,-75.3,110.52700445732002,46.0000_-75.3000
734,25,8,-400000.0,280000.0,46.384121563791965,-73.70839983431621,-73.70839983431621,46.0,-73.8,-73.8,43.29047218443003,46.0000_-73.8000
735,26,8,-380000.0,280000.0,46.39688986026707,-73.44883108448728,-73.44883108448728,46.0,-73.8,-73.8,51.75071610309177,46.0000_-73.8000
736,27,8,-360000.0,280000.0,46.40900668155704,-73.18913183609298,-73.18913183609298,46.0,-73.8,-73.8,65.40878392379366,46.0000_-73.8000
737,28,8,-340000.0,280000.0,46.42047150689861,-72.92930883638248,-72.92930883638248,46.0,-73.8,-73.8,81.69841671248328,46.0000_-73.8000
738,29,8,-320000.0,280000.0,46.431283843206536,-72.66936885208752,-72.66936885208752,46.0,-73.8,-73.8,99.3335225693082,46.0000_-73.8000
739,30,8,-300000.0,280000.0,46.441443225151545,-72.40931866838265,-72.40931866838265,46.0,-73.8,-73.8,117.71109827215442,46.0000_-73.8000
740,31,8,-280000.0,280000.0,46.45094921523399,-72.14916508783855,-72.14916508783855,46.0,-72.3,-72.3,51.46831827473726,46.0000_-72.3000
741,32,8,-260000.0,280000.0,46.45980140385316,-71.88891492936824,-71.88891492936824,46.0,-72.3,-72.3,60.11576169378805,46.0000_-72.3000
742,33,8,-240000.0,280000.0,46.467999409372425,-71.62857502716693,-71.62857502716693,46.0,-72.3,-72.3,73.3142902714335,46.0000_-72.3000
743,34,8,-220000.0,280000.0,46.47554287817974,-71.36815222964599,-71.36815222964599,46.0,-72.3,-72.3,89.06324173558401,46.0000_-72.3000
744,35,8,-200000.0,280000.0,46.48243148474403,-71.10765339836105,-71.10765339836105,46.0,-72.3,-72.3,106.23446144774891,46.0000_-72.3000
745,36,8,-180000.0,280000.0,46.48866493166695,-70.8470854069352,-70.8470854069352,46.0,-72.3,-72.3,124.23972420111622,46.0000_-72.3000
746,37,8,-160000.0,280000.0,46.494242949730385,-70.58645513997716,-70.58645513997716,46.0,-70.8,-70.8,57.35811964867608,46.0000_-70.8000
747,38,8,-140000.0,280000.0,46.499165297939264,-70.32576949199522,-70.32576949199522,46.0,-70.8,-70.8,66.41119157485682,46.0000_-70.8000
748,39,8,-120000.0,280000.0,46.503431763560194,-70.06503536630724,-70.06503536630724,46.0,-70.8,-70.8,79.543268860052,46.0000_-70.8000
806,9,9,-720000.0,300000.0,46.270217684392826,-77.87211736515887,-77.87211736515887,46.0,-78.3,-78.3,44.60742465891382,46.0000_-78.3000
807,10,9,-700000.0,300000.0,46.29340714864429,-77.61462669629975,-77.61462669629975,46.0,-78.3,-78.3,62.06576940561346,46.0000_-78.3000
808,11,9,-680000.0,300000.0,46.31595469967822,-77.35689850387635,-77.35689850387635,46.0,-78.3,-78.3,80.68862552205199,46.0000_-78.3000
809,12,9,-660000.0,300000.0,46.3378593796653,-77.09893915429362,-77.09893915429362,46.0,-78.3,-78.3,99.82684189811587,46.0000_-78.3000
810,13,9,-640000.0,300000.0,46.359120256865715,-76.84075504941082,-76.84075504941082,46.0,-78.3,-78.3,119.23288218082533,46.0000_-78.3000
811,14,9,-620000.0,300000.0,46.3797364257723,-76.58235262565198,-76.58235262565198,46.0,-76.8,-76.8,45.42711816117907,46.0000_-76.8000
812,15,9,-600000.0,300000.0,46.39970700725044,-76.32373835310354,-76.32373835310354,46.0,-76.8,-76.8,57.61015058361654,46.0000_-76.8000
813,16,9,-580000.0,300000.0,46.41903114867392,-76.06491873459898,-76.06491873459898,46.0,-76.8,-76.8,73.28331733525361,46.0000_-76.8000
814,17,9,-560000.0,300000.0,46.43770802405732,-75.8059003047913,-75.8059003047913,46.0,-76.8,-76.8,90.65454908969126,46.0000_-76.8000
815,18,9,-540000.0,300000.0,46.455736834184336,-75.5466896292132,-75.5466896292132,46.0,-76.8,-76.8,108.91470155988495,46.0000_-76.8000
816,19,9,-520000.0,300000.0,46.47311680673243,-75.28729330332546,-75.28729330332546,46.0,-75.3,-75.3,52.61733777801558,46.0000_-75.3000
817,20,9,-500000.0,300000.0,46.48984719639349,-75.02771795155397,-75.02771795155397,46.0,-75.3,-75.3,58.354402729450285,46.0000_-75.3000
818,21,9,-480000.0,300000.0,46.505927284990534,-74.76797022631546,-74.76797022631546,46.0,-75.3,-75.3,69.55676740244553,46.0000_-75.3000
819,22,9,-460000.0,300000.0,46.5213563815905,-74.50805680703249,-74.50805680703249,46.0,-75.3,-75.3,84.06766530453324,46.0000_-75.3000
820,23,9,-440000.0,300000.0,46.536133822612854,-74.24798439913805,-74.24798439913805,46.0,-75.3,-75.3,100.46384016268594,46.0000_-75.3000
821,24,9,-420000.0,300000.0,46.550258971934184,-73.98775973306986,-73.98775973306986,46.0,-75.3,-75.3,117.96200231620384,46.0000_-75.3000
822,25,9,-400000.0,300000.0,46.56373122098871,-73.72738956325524,-73.72738956325524,46.0,-73.8,-73.8,62.93199732107412,46.0000_-73.8000
823,26,9,-380000.0,300000.0,46.57654998886447,-73.4668806670863,-73.4668806670863,46.0,-73.8,-73.8,69.030376530799,46.0000_-73.8000
824,27,9,-360000.0,300000.0,46.5887147223955,-73.20623984388631,-73.20623984388631,46.0,-73.8,-73.8,79.78909527118125,46.0000_-73.8000
825,28,9,-340000.0,300000.0,46.60022489624956,-72.94547391386749,-72.94547391386749,46.0,-73.8,-73.8,93.61519753980947,46.0000_-73.8000
826,29,9,-320000.0,300000.0,46.61108001301175,-72.68458971708047,-72.68458971708047,46.0,-73.8,-73.8,109.35151549612236,46.0000_-73.8000
827,30,9,-300000.0,300000.0,46.62127960326366,-72.42359411235601,-72.42359411235601,46.0,-73.8,-73.8,126.28613039856245,46.0000_-73.8000
828,31,9,-280000.0,300000.0,46.630823225658304,-72.16249397623935,-72.16249397623935,46.0,-72.3,-72.3,70.93492828935686,46.0000_-72.3000
831,34,9,-220000.0,300000.0,46.65551429474877,-71.3786353881315,-71.3786353881315,46.0,-72.3,-72.3,101.57574212634012,46.0000_-72.3000
832,35,9,-200000.0,300000.0,46.66243019604635,-71.11718620850559,-71.11718620850559,46.0,-72.3,-72.3,116.92942789761993,46.0000_-72.3000
833,36,9,-180000.0,300000.0,46.66868834613466,-70.85566710816249,-70.85566710816249,46.0,-72.3,-72.3,133.50597866150028,46.0000_-72.3000
834,37,9,-160000.0,300000.0,46.67428847341997,-70.59408504719066,-70.59408504719066,46.0,-70.8,-70.8,76.62585537503264,46.0000_-70.8000
835,38,9,-140000.0,300000.0,46.679230334779874,-70.3324469957601,-70.3324469957601,46.0,-70.8,-70.8,83.62150363895532,46.0000_-70.8000
836,39,9,-120000.0,300000.0,46.68351371560238,-70.07075993301248,-70.07075993301248,46.0,-70.8,-70.8,94.39295716986064,46.0000_-70.8000
891,6,10,-780000.0,320000.0,46.37502442766454,-78.67985100289113,-78.67985100289113,46.0,-79.8,-79.8,95.78234275246953,46.0000_-79.8000
892,7,10,-760000.0,320000.0,46.40023203588476,-78.42220477445402,-78.42220477445402,46.0,-79.8,-79.8,114.99724041848893,46.0000_-79.8000
893,8,10,-740000.0,320000.0,46.42479831909561,-78.1642993818098,-78.1642993818098,46.0,-78.3,-78.3,48.3757671873132,46.0000_-78.3000
894,9,10,-720000.0,320000.0,46.44872223319646,-77.9061411435983,-77.9061411435983,46.0,-78.3,-78.3,58.374599741495835,46.0000_-78.3000
895,10,10,-700000.0,320000.0,46.472002759930625,-77.64773641717893,-77.64773641717893,46.0,-78.3,-78.3,72.60360947631574,46.0000_-78.3000
896,11,10,-680000.0,320000.0,46.494638907041605,-77.38909159776811,-77.38909159776811,46.0,-78.3,-78.3,89.05829894863751,46.0000_-78.3000
897,12,10,-660000.0,320000.0,46.51662970842605,-77.13021311756269,-77.13021311756269,46.0,-78.3,-78.3,106.71445272841038,46.0000_-78.3000
898,13,10,-640000.0,320000.0,46.537974224282976,-76.87110744484912,-76.87110744484912,46.0,-78.3,-78.3,125.06459328791976,46.0000_-78.3000
899,14,10,-620000.0,320000.0,46.55867154125941,-76.6117810830994,-76.6117810830994,46.0,-76.8,-76.8,63.78331738127758,46.0000_-76.8000
900,15,10,-600000.0,320000.0,46.578720772592256,-76.35224057005327,-76.35224057005327,46.0,-76.8,-76.8,72.97041556816399,46.0000_-76.8000
901,16,10,-580000.0,320000.0,46.59812105824652,-76.09249247678774,-76.09249247678774,46.0,-76.8,-76.8,85.89242056449758,46.0000_-76.8000
902,17,10,-560000.0,320000.0,46.616871565049614,-75.8325434067735,-75.8325434067735,46.0,-76.8,-76.8,101.12797963063082,46.0000_-76.8000
903,18,10,-540000.0,320000.0,46.63497148682192,-75.57239999491924,-75.57239999491924,46.0,-76.8,-76.8,117.7830049994103,46.0000_-76.8000
904,19,10,-520000.0,320000.0,46.65242004450328,-75.31206890660363,-75.31206890660363,46.0,-76.8,-76.8,135.3347023630923,46.0000_-76.8000
905,20,10,-500000.0,320000.0,46.66921648627565,-75.05155683669564,-75.05155683669564,46.0,-75.3,-75.3,76.81914445216636,46.0000_-75.3000
906,21,10,-480000.0,320000.0,46.6853600876817,-74.79087050856342,-74.79087050856342,46.0,-75.3,-75.3,85.64518362090557,46.0000_-75.3000
907,22,10,-460000.0,320000.0,46.700850151739324,-74.53001667307201,-74.53001667307201,46.0,-75.3,-75.3,97.80378446786169,46.0000_-75.3000
908,23,10,-440000.0,320000.0,46.7156860090521,-74.26900210757056,-74.26900210757056,46.0,-75.3,-75.3,112.21715496796001,46.0000_-75.3000
909,24,10,-420000.0,320000.0,46.729867017915524,-74.00783361486882,-74.00783361486882,46.0,-75.3,-75.3,128.12682419190386,46.0000_-75.3000
910,25,10,-400000.0,320000.0,46.74339256441911,-73.74651802220406,-73.74651802220406,46.0,-73.8,-73.8,82.763367835179,46.0000_-73.8000
911,26,10,-380000.0,320000.0,46.75626206254425,-73.48506218019807,-73.48506218019807,46.0,-73.8,-73.8,87.49416678170171,46.0000_-73.8000
912,27,10,-360000.0,320000.0,46.7684749542577,-73.22347296180509,-73.22347296180509,46.0,-73.8,-73.8,96.21474990106213,46.0000_-73.8000
913,28,10,-340000.0,320000.0,46.780030709600915,-72.96175726125092,-72.96175726125092,46.0,-73.8,-73.8,107.96281475460141,46.0000_-73.8000
914,29,10,-320000.0,320000.0,46.790928826774895,-72.69992199296345,-72.69992199296345,46.0,-73.8,-73.8,121.86610265080365,46.0000_-73.8000
915,30,10,-300000.0,320000.0,46.801168832220704,-72.43797409049542,-72.43797409049542,46.0,-73.8,-73.8,137.27145054893464,46.0000_-73.8000
916,31,10,-280000.0,320000.0,46.810750280695544,-72.17592050543938,-72.17592050543938,46.0,-72.3,-72.3,90.65201464868072,46.0000_-72.3000
917,32,10,-260000.0,320000.0,46.81967275534443,-71.91376820633552,-71.91376820633552,46.0,-72.3,-72.3,95.83289845728169,46.0000_-72.3000
918,33,10,-240000.0,320000.0,46.82793586776728,-71.65152417757272,-71.65152417757272,46.0,-72.3,-72.3,104.62674541533595,46.0000_-72.3000
919,34,10,-220000.0,320000.0,46.83553925808164,-71.38919541828336,-71.38919541828336,46.0,-72.3,-72.3,116.21640716379434,46.0000_-72.3000
921,36,10,-180000.0,320000.0,46.84876557578699,-70.86431177169894,-70.86431177169894,46.0,-72.3,-72.3,144.966937102599,46.0000_-72.3000
922,37,10,-160000.0,320000.0,46.854387926501154,-70.60177094635824,-70.60177094635824,46.0,-70.8,-70.8,96.21081357280968,46.0000_-70.8000
923,38,10,-140000.0,320000.0,46.859349401846465,-70.33917351215177,-70.33917351215177,46.0,-70.8,-70.8,101.87294483798001,46.0000_-70.8000
924,39,10,-120000.0,320000.0,46.86364978530858,-70.07652652515867,-70.07652652515867,46.0,-70.8,-70.8,110.88893554612777,46.0000_-70.8000
979,6,11,-780000.0,340000.0,46.55328385807029,-78.71686633937615,-78.71686633937615,46.0,-79.8,-79.8,103.51021459618464,46.0000_-79.8000
980,7,11,-760000.0,340000.0,46.57859036999068,-78.45830787063092,-78.45830787063092,46.0,-79.8,-79.8,121.5179633694668,46.0000_-79.8000
981,8,11,-740000.0,340000.0,46.60325310518396,-78.19948743526136,-78.19948743526136,46.0,-78.3,-78.3,67.52170270594941,46.0000_-78.3000
982,9,11,-720000.0,340000.0,46.62727101054225,-77.9404114165555,-77.9404114165555,46.0,-78.3,-78.3,75.01792385630286,46.0000_-78.3000
983,10,11,-700000.0,340000.0,46.65064305900964,-77.6810862372133,-77.6810862372133,46.0,-78.3,-78.3,86.56069615711485,46.0000_-78.3000
984,11,11,-680000.0,340000.0,46.67336824974111,-77.42151835846985,-77.42151835846985,46.0,-78.3,-78.3,100.76938872436469,46.0000_-78.3000
985,12,11,-660000.0,340000.0,46.69544560825768,-77.16171427920449,-77.16171427920449,46.0,-78.3,-78.3,116.67444159868128,46.0000_-78.3000
986,13,11,-640000.0,340000.0,46.716874186598154,-76.90168053503528,-76.90168053503528,46.0,-78.3,-78.3,133.67201143941674,46.0000_-78.3000
987,14,11,-620000.0,340000.0,46.737653063467,-76.64142369739973,-76.64142369739973,46.0,-76.8,-76.8,82.92081996865747,46.0000_-76.8000
988,15,11,-600000.0,340000.0,46.75778134437853,-76.38095037262175,-76.38095037262175,46.0,-76.8,-76.8,90.18489789173456,46.0000_-76.8000
989,16,11,-580000.0,340000.0,46.77725816179724,-76.12026720096516,-76.12026720096516,46.0,-76.8,-76.8,100.93298875898832,46.0000_-76.8000
990,17,11,-560000.0,340000.0,46.796082675274384,-75.85938085567437,-75.85938085567437,46.0,-76.8,-76.8,114.18579621388824,46.0000_-76.8000
991,18,11,-540000.0,340000.0,46.814254071580464,-75.598298042002,-75.598298042002,46.0,-76.8,-76.8,129.17496612599456,46.0000_-76.8000
992,19,11,-520000.0,340000.0,46.83177156483389,-75.33702549622436,-75.33702549622436,46.0,-76.8,-76.8,145.36459120074804,46.0000_-76.8000
993,20,11,-500000.0,340000.0,46.848634396625584,-75.07556998464469,-75.07556998464469,46.0,-75.3,-75.3,95.91897010396275,46.0000_-75.3000
994,21,11,-480000.0,340000.0,46.86484183613941,-74.81393830258483,-74.81393830258483,46.0,-75.3,-75.3,103.12801440003406,46.0000_-75.3000
995,22,11,-460000.0,340000.0,46.88039318026865,-74.55213727336535,-74.55213727336535,46.0,-75.3,-75.3,113.43338351193732,46.0000_-75.3000
996,23,11,-440000.0,340000.0,46.89528775372811,-74.29017374727482,-74.29017374727482,46.0,-75.3,-75.3,126.07832451110652,46.0000_-75.3000
997,24,11,-420000.0,340000.0,46.90952490916223,-74.02805460052846,-74.02805460052846,46.0,-75.3,-75.3,140.43246602354483,46.0000_-75.3000
998,25,11,-400000.0,340000.0,46.92310402724869,-73.76578673421642,-73.76578673421642,46.0,-73.8,-73.8,102.67807057558115,46.0000_-73.8000
999,26,11,-380000.0,340000.0,46.93602451679794,-73.5033770732423,-73.5033770732423,46.0,-73.8,-73.8,106.53144897569267,46.0000_-73.8000
1000,27,11,-360000.0,340000.0,46.94828581484826,-73.24083256525236,-73.24083256525236,46.0,-73.8,-73.8,113.8066221725974,46.0000_-73.8000
1001,28,11,-340000.0,340000.0,46.959887386756414,-72.9781601795553,-72.9781601795553,46.0,-73.8,-73.8,123.9024859318233,46.0000_-73.8000
1002,29,11,-320000.0,340000.0,46.970828726283976,-72.71536690603381,-72.71536690603381,46.0,-73.8,-73.8,136.19335229282768,46.0000_-73.8000
1003,30,11,-300000.0,340000.0,46.98110935567915,-72.45245975404762,-72.45245975404762,46.0,-73.8,-73.8,150.14125495524272,46.0000_-73.8000
1004,31,11,-280000.0,340000.0,46.99072882575408,-72.18944575132885,-72.18944575132885,46.0,-72.3,-72.3,110.48870806491524,46.0000_-72.3000
1005,32,11,-260000.0,340000.0,46.99968671595768,-71.92633194286998,-71.92633194286998,46.0,-72.3,-72.3,114.7803990980872,46.0000_-72.3000
1006,33,11,-240000.0,340000.0,47.00798263444387,-71.66312538980486,-71.66312538980486,46.0,-72.3,-72.3,122.22200462067339,46.0000_-72.3000
1007,34,11,-220000.0,340000.0,47.01561621813526,-71.3998331682833,-71.3998331682833,46.0,-72.3,-72.3,132.2831076620026,46.0000_-72.3000
1008,35,11,-200000.0,340000.0,47.022587132782185,-71.13646236833935,-71.13646236833935,46.0,-72.3,-72.3,144.41735929701605,46.0000_-72.3000
1011,38,11,-140000.0,340000.0,47.039520953486715,-70.34594958266406,-70.34594958266406,46.0,-70.8,-70.8,120.69697033819074,46.0000_-70.8000
1012,39,11,-120000.0,340000.0,47.04383842782176,-70.08233560715355,-70.08233560715355,46.0,-70.8,-70.8,128.40092474176802,46.0000_-70.8000
1013,40,11,-100000.0,340000.0,47.04749199602222,-69.81867867168539,-69.81867867168539,46.0,-70.8,-70.8,138.57406528344816,46.0000_-70.8000
1065,5,12,-800000.0,360000.0,46.7055333655759,-79.01335582744156,-79.01335582744156,46.0,-79.8,-79.8,98.99226735288335,46.0000_-79.8000
1066,6,12,-780000.0,360000.0,46.73158443081939,-78.75414999235375,-78.75414999235375,46.0,-79.8,-79.8,114.26695470092125,46.0000_-79.8000
1067,7,12,-760000.0,360000.0,46.75699034446524,-78.49467294014482,-78.49467294014482,46.0,-79.8,-79.8,130.81033505168753,46.0000_-79.8000
1068,8,12,-740000.0,360000.0,46.78175001819051,-78.23493107861822,-78.23493107861822,46.0,-78.3,-78.3,87.06988011638856,46.0000_-78.3000
1069,9,12,-720000.0,360000.0,46.80586238976983,-77.97493085657206,-77.97493085657206,46.0,-78.3,-78.3,93.00982589678088,46.0000_-78.3000
1070,10,12,-700000.0,360000.0,46.829326423240175,-77.71467876292331,-77.71467876292331,46.0,-78.3,-78.3,102.5538322865313,46.0000_-78.3000
1071,11,12,-680000.0,360000.0,46.85214110906235,-77.45418132581702,-77.45418132581702,46.0,-78.3,-78.3,114.80696286856067,46.0000_-78.3000
1072,12,12,-660000.0,360000.0,46.87430546427861,-77.19344511172041,-77.19344511172041,46.0,-78.3,-78.3,128.9998707068431,46.0000_-78.3000
1073,13,12,-640000.0,360000.0,46.89581853266676,-76.93247672450254,-76.93247672450254,46.0,-78.3,-78.3,144.56263917114114,46.0000_-78.3000
1074,14,12,-620000.0,360000.0,46.916679384890415,-76.67128280449955,-76.67128280449955,46.0,-76.8,-76.8,102.40595434493525,46.0000_-76.8000
1075,15,12,-600000.0,360000.0,46.93688711864551,-76.4098700275659,-76.4098700275659,46.0,-76.8,-76.8,108.37681870053893,46.0000_-76.8000
1076,16,12,-580000.0,360000.0,46.95644085880285,-76.14824510411188,-76.14824510411188,46.0,-76.8,-76.8,117.47777130921779,46.0000_-76.8000
1077,17,12,-560000.0,360000.0,46.97533975754685,-75.88641477812777,-75.88641477812777,46.0,-76.8,-76.8,129.04855872640331,46.0000_-76.8000
1078,18,12,-540000.0,360000.0,46.99358299451031,-75.62438582619485,-75.62438582619485,46.0,-76.8,-76.8,142.48900851788358,46.0000_-76.8000
1079,19,12,-520000.0,360000.0,47.0111697769049,-75.36216505648382,-75.36216505648382,46.0,-76.8,-76.8,157.32086805832708,46.0000_-76.8000
1080,20,12,-500000.0,360000.0,47.028099339648,-75.0997593077407,-75.0997593077407,46.0,-75.3,-75.3,115.34179123396241,46.0000_-75.3000
1081,21,12,-480000.0,360000.0,47.04437094548497,-74.83717544826082,-74.83717544826082,46.0,-75.3,-75.3,121.40717130168262,46.0000_-75.3000
1082,22,12,-460000.0,360000.0,47.059983885107464,-74.57442037485109,-74.57442037485109,46.0,-75.3,-75.3,130.27937539490605,46.0000_-75.3000
1083,23,12,-440000.0,360000.0,47.074937477267525,-74.31150101178108,-74.31150101178108,46.0,-75.3,-75.3,141.43136418816252,46.0000_-75.3000
1084,24,12,-420000.0,360000.0,47.08923106888725,-74.04842430972298,-74.04842430972298,46.0,-75.3,-75.3,154.3700154313482,46.0000_-75.3000
1085,25,12,-400000.0,360000.0,47.10286403516429,-73.78519724468148,-73.78519724468148,46.0,-73.8,-73.8,122.63827827656138,46.0000_-73.8000
1086,26,12,-380000.0,360000.0,47.11583577967282,-73.52182681691305,-73.52182681691305,46.0,-73.8,-73.8,125.8849904354716,46.0000_-73.8000
1087,27,12,-360000.0,360000.0,47.128145734460226,-73.25832004983593,-73.25832004983593,46.0,-73.8,-73.8,132.10216885174052,46.0000_-73.8000
1088,28,12,-340000.0,360000.0,47.13979336013931,-72.99468398893052,-72.99468398893052,46.0,-73.8,-73.8,140.89730344044952,46.0000_-73.8000
1089,29,12,-320000.0,360000.0,47.15077814597593,-72.73092570063118,-72.73092570063118,46.0,-73.8,-73.8,151.82316929058175,46.0000_-73.8000
1090,30,12,-300000.0,360000.0,47.161099609972155,-72.46705227120933,-72.46705227120933,46.0,-73.8,-73.8,164.4557566254522,46.0000_-73.8000
1091,31,12,-280000.0,360000.0,47.17075729894499,-72.20307080564882,-72.20307080564882,46.0,-72.3,-72.3,130.39299415231875,46.0000_-72.3000
1092,32,12,-260000.0,360000.0,47.179750788600195,-71.93898842651349,-71.93898842651349,46.0,-72.3,-72.3,134.05130416974487,46.0000_-72.3000
1093,33,12,-240000.0,360000.0,47.18807968360182,-71.67481227280769,-71.67481227280769,46.0,-72.3,-72.3,140.478815564732,46.0000_-72.3000
1094,34,12,-220000.0,360000.0,47.195743617636836,-71.41054949883024,-71.41054949883024,46.0,-72.3,-72.3,149.31845043804412,46.0000_-72.3000
1095,35,12,-200000.0,360000.0,47.202742253475236,-71.14620727302197,-71.14620727302197,46.0,-72.3,-72.3,160.17142369437977,46.0000_-72.3000
1096,36,12,-180000.0,360000.0,47.209075283025314,-70.88179277680773,-70.88179277680773,46.0,-72.3,-72.3,172.6585556618534,46.0000_-72.3000
1099,39,12,-120000.0,360000.0,47.22407809113267,-70.08818765027173,-70.08818765027173,46.0,-70.8,-70.8,146.5674455462779,46.0000_-70.8000
1100,40,12,-100000.0,360000.0,47.22774619904985,-69.82355610554367,-69.82355610554367,46.0,-70.8,-70.8,155.5602679435293,46.0000_-70.8000
1101,41,12,-80000.0,360000.0,47.230747598899164,-69.55888835141509,-69.55888835141509,46.0,-70.8,-70.8,166.4726902136044,46.0000_-70.8000
1151,5,13,-800000.0,380000.0,46.88377106357503,-79.05183274658715,-79.05183274658715,46.0,-79.8,-79.8,113.76854638723773,46.0000_-79.8000
1152,6,13,-780000.0,380000.0,46.90992449823378,-78.79170486942873,-78.79170486942873,46.0,-79.8,-79.8,127.28976084234186,46.0000_-79.8000
1153,7,13,-760000.0,380000.0,46.93543031597717,-78.53130282580926,-78.53130282580926,46.0,-79.8,-79.8,142.3350177739859,46.0000_-79.8000
1154,8,13,-740000.0,380000.0,46.96028741904265,-78.27063308918159,-78.27063308918159,46.0,-78.3,-78.3,106.80290780572302,46.0000_-78.3000
1155,9,13,-720000.0,380000.0,46.98449473597527,-78.0097021747296,-78.0097021747296,46.0,-78.3,-78.3,111.70364310468378,46.0000_-78.3000
1156,10,13,-700000.0,380000.0,47.00805122179523,-77.74851663847834,-77.74851663847834,46.0,-78.3,-78.3,119.77303205030994,46.0000_-78.3000
1157,11,13,-680000.0,380000.0,47.03095585816178,-77.48708307638853,-77.48708307638853,46.0,-78.3,-78.3,130.42460637209916,46.0000_-78.3000
1158,12,13,-660000.0,380000.0,47.05320765353346,-77.22540812343583,-77.22540812343583,46.0,-78.3,-78.3,143.08314731908624,46.0000_-78.3000
1159,13,13,-640000.0,380000.0,47.07480564332464,-76.96349845267503,-76.96349845267503,46.0,-78.3,-78.3,157.2650297037169,46.0000_-78.3000
1160,14,13,-620000.0,380000.0,47.095748890058125,-76.70136077428972,-76.70136077428972,46.0,-76.8,-76.8,122.07514010402394,46.0000_-76.8000
1161,15,13,-600000.0,380000.0,47.11603648351406,-76.43900183462746,-76.43900183462746,46.0,-76.8,-76.8,127.12991052850644,46.0000_-76.8000
1162,16,13,-580000.0,380000.0,47.13566754087477,-76.17642841522091,-76.17642841522091,46.0,-76.8,-76.8,134.9772485716172,46.0000_-76.8000
1163,17,13,-560000.0,380000.0,47.1546412068658,-75.9136473317952,-75.9136473317952,46.0,-76.8,-76.8,145.16523122726886,46.0000_-76.8000
1164,18,13,-540000.0,380000.0,47.172956653892655,-75.65066543326203,-75.65066543326203,46.0,-76.8,-76.8,157.23976803956288,46.0000_-76.8000
1165,19,13,-520000.0,380000.0,47.19061308217371,-75.38748960070058,-75.38748960070058,46.0,-76.8,-76.8,170.80142014317332,46.0000_-76.8000
1166,20,13,-500000.0,380000.0,47.20760971986879,-75.12412674632571,-75.12412674632571,46.0,-75.3,-75.3,134.95066692354914,46.0000_-75.3000
1167,21,13,-480000.0,380000.0,47.22394582320363,-74.86058381244406,-74.86058381244406,46.0,-75.3,-75.3,140.17381918008476,46.0000_-75.3000
1168,22,13,-460000.0,380000.0,47.239620676590114,-74.59686777039792,-74.59686777039792,46.0,-75.3,-75.3,147.92899990451423,46.0000_-75.3000
1169,23,13,-440000.0,380000.0,47.25463359274208,-74.33298561949768,-74.33298561949768,46.0,-75.3,-75.3,157.84362072890505,46.0000_-75.3000
1170,24,13,-420000.0,380000.0,47.26898391278694,-74.06894438594317,-74.06894438594317,46.0,-75.3,-75.3,169.53941296653204,46.0000_-75.3000
1171,25,13,-400000.0,380000.0,47.28267100637277,-73.80475112173401,-73.80475112173401,46.0,-75.3,-75.3,182.6747148260483,46.0000_-75.3000
1172,26,13,-380000.0,380000.0,47.2956942717711,-73.54041290356982,-73.54041290356982,46.0,-73.8,-73.8,145.43081553051007,46.0000_-73.8000
1173,27,13,-360000.0,380000.0,47.308053135974944,-73.27593683174034,-73.27593683174034,46.0,-73.8,-73.8,150.84771717209415,46.0000_-73.8000
1174,28,13,-340000.0,380000.0,47.3197470547928,-73.01133002900609,-73.01133002900609,46.0,-73.8,-73.8,158.61049506750732,46.0000_-73.8000
1175,29,13,-320000.0,380000.0,47.330775512937514,-72.74659963946993,-72.74659963946993,46.0,-73.8,-73.8,168.39516072549964,46.0000_-73.8000
1176,30,13,-300000.0,380000.0,47.34113802411095,-72.4817528274399,-72.4817528274399,46.0,-73.8,-73.8,179.87216355981724,46.0000_-73.8000
1177,31,13,-280000.0,380000.0,47.35083413108386,-72.21679677628393,-72.21679677628393,46.0,-72.3,-72.3,150.34015921277825,46.0000_-72.3000
1178,32,13,-260000.0,380000.0,47.35986340577112,-71.9517386872767,-71.9517386872767,46.0,-72.3,-72.3,153.52596174199675,46.0000_-72.3000
1179,33,13,-240000.0,380000.0,47.36822544930222,-71.68658577843937,-71.68658577843937,46.0,-72.3,-72.3,159.17170898308282,46.0000_-72.3000
1180,34,13,-220000.0,380000.0,47.37591989208713,-71.42134528337215,-71.42134528337215,46.0,-72.3,-72.3,167.02822913507174,46.0000_-72.3000
1181,35,13,-200000.0,380000.0,47.38294639387724,-71.15602445008084,-71.15602445008084,46.0,-72.3,-72.3,176.8011211555241,46.0000_-72.3000
1182,36,13,-180000.0,380000.0,47.389304643821674,-70.89063053979721,-70.89063053979721,46.0,-72.3,-72.3,188.19212836047205,46.0000_-72.3000
1183,37,13,-160000.0,380000.0,47.3949943605187,-70.62517082579411,-70.62517082579411,46.0,-70.8,-70.8,155.68835113544353,46.0000_-70.8000
1184,38,13,-140000.0,380000.0,47.40001529206238,-70.35965259219545,-70.35965259219545,46.0,-70.8,-70.8,159.25471344485638,46.0000_-70.8000
1186,40,13,-100000.0,380000.0,47.40804993979026,-69.82846974979272,-69.82846974979272,46.0,-70.8,-70.8,173.2068780971165,46.0000_-70.8000
1187,41,13,-80000.0,380000.0,47.411063299992726,-69.56281975272334,-69.56281975272334,46.0,-70.8,-70.8,183.07377117881012,46.0000_-70.8000
1188,42,13,-60000.0,380000.0,47.413407163137485,-69.29714045712123,-69.29714045712123,46.0,-69.3,-69.3,157.1640741228305,46.0000_-69.3000
1189,43,13,-40000.0,380000.0,47.41508142532605,-69.0314391833781,-69.0314391833781,46.0,-69.3,-69.3,158.67666922740037,46.0000_-69.3000
1190,44,13,-20000.0,380000.0,47.41608601233287,-68.7657232555207,-68.7657232555207,46.0,-69.3,-69.3,162.64501078049273,46.0000_-69.3000
1236,4,14,-820000.0,400000.0,47.035140799304074,-79.35136296549176,-79.35136296549176,46.0,-79.8,-79.8,120.11199562475184,46.0000_-79.8000
1237,5,14,-800000.0,400000.0,47.062046081801284,-79.09059027028573,-79.09059027028573,46.0,-79.8,-79.8,129.96513629264763,46.0000_-79.8000
1238,6,14,-780000.0,400000.0,47.08830240419326,-78.82953392006605,-78.82953392006605,46.0,-79.8,-79.8,141.9587452919581,46.0000_-79.8000
1239,7,14,-760000.0,400000.0,47.1139086328153,-78.56820041143754,-78.56820041143754,46.0,-79.8,-79.8,155.59895935373885,46.0000_-79.8000
1240,8,14,-740000.0,400000.0,47.13886366034895,-78.30659628437655,-78.30659628437655,46.0,-79.8,-79.8,170.4913005818085,46.0000_-79.8000
1241,9,14,-720000.0,400000.0,47.16316640599586,-78.04472812134277,-78.04472812134277,46.0,-78.3,-78.3,130.80131486053435,46.0000_-78.3000
1242,10,14,-700000.0,400000.0,47.186815815647826,-77.7826025463748,-77.7826025463748,46.0,-78.3,-78.3,137.76171847161928,46.0000_-78.3000
1243,11,14,-680000.0,400000.0,47.20981086205342,-77.5202262241699,-77.5202262241699,46.0,-78.3,-78.3,147.1222301546374,46.0000_-78.3000
1244,12,14,-660000.0,400000.0,47.23215054498082,-77.25760585914786,-77.25760585914786,46.0,-78.3,-78.3,158.45834822326393,46.0000_-78.3000
1245,13,14,-640000.0,400000.0,47.25383389137665,-76.99474819449972,-76.99474819449972,46.0,-78.3,-78.3,171.37871913320114,46.0000_-78.3000
1246,14,14,-620000.0,400000.0,47.27485995552135,-76.73166001122141,-76.73166001122141,46.0,-76.8,-76.8,141.85412633988454,46.0000_-76.8000
1247,15,14,-600000.0,400000.0,47.2952278191802,-76.46834812713244,-76.46834812713244,46.0,-76.8,-76.8,146.2306467673815,46.0000_-76.8000
1248,16,14,-580000.0,400000.0,47.31493659175072,-76.20481939588052,-76.20481939588052,46.0,-76.8,-76.8,153.10652408129266,46.0000_-76.8000
1249,17,14,-560000.0,400000.0,47.33398541040577,-75.94108070593171,-75.94108070593171,46.0,-76.8,-76.8,162.16437044146144,46.0000_-76.8000
1250,18,14,-540000.0,400000.0,47.35237344023271,-75.67713897954717,-75.67713897954717,46.0,-76.8,-76.8,173.06211956518402,46.0000_-76.8000
1251,19,14,-520000.0,400000.0,47.37009987436835,-75.41300117174636,-75.41300117174636,46.0,-76.8,-76.8,185.47591709331076,46.0000_-76.8000
1252,20,14,-500000.0,400000.0,47.38716393412965,-75.14867426925713,-75.14867426925713,46.0,-75.3,-75.3,154.67690227024988,46.0000_-75.3000
1253,21,14,-480000.0,400000.0,47.403564869140276,-74.88416528945346,-74.88416528945346,46.0,-75.3,-75.3,159.25770108399092,46.0000_-75.3000
1254,22,14,-460000.0,400000.0,47.419301957452625,-74.61948127928066,-74.61948127928066,46.0,-75.3,-75.3,166.1282166743167,46.0000_-75.3000
1255,23,14,-440000.0,400000.0,47.43437450566579,-74.35462931416886,-74.35462931416886,46.0,-75.3,-75.3,175.01916477577046,46.0000_-75.3000
1256,24,14,-420000.0,400000.0,47.44878184903873,-74.08961649693494,-74.08961649693494,46.0,-75.3,-75.3,185.6406196543761,46.0000_-75.3000
1257,25,14,-400000.0,400000.0,47.462523351599394,-73.82444995667352,-73.82444995667352,46.0,-75.3,-75.3,197.71400821475225,46.0000_-75.3000
1258,26,14,-380000.0,400000.0,47.47559840624894,-73.55913684763723,-73.55913684763723,46.0,-73.8,-73.8,165.10252927603057,46.0000_-73.8000
1259,27,14,-360000.0,400000.0,47.48800643486163,-73.2936843481068,-73.2936843481068,46.0,-73.8,-73.8,169.89620444983174,46.0000_-73.8000
1260,28,14,-340000.0,400000.0,47.499746888380166,-73.02809965925135,-73.02809965925135,46.0,-73.8,-73.8,176.82806040609657,46.0000_-73.8000
1261,29,14,-320000.0,400000.0,47.510819246906124,-72.76239000397945,-72.76239000397945,47.5,-73.8,-73.8,77.94833003816977,47.5000_-73.8000
1262,30,14,-300000.0,400000.0,47.521223019786085,-72.4965626257811,-72.4965626257811,47.5,-73.8,-73.8,97.92471994133714,47.5000_-73.8000
1263,31,14,-280000.0,400000.0,47.53095774569267,-72.23062478756151,-72.23062478756151,47.5,-72.3,-72.3,6.244581064990654,47.5000_-72.3000
1264,32,14,-260000.0,400000.0,47.54002299270116,-71.96458377046675,-71.96458377046675,47.5,-72.3,-72.3,25.5777555301773,47.5000_-72.3000
1265,33,14,-240000.0,400000.0,47.54841835836114,-71.69844687270198,-71.69844687270198,47.5,-72.3,-72.3,45.48882979419023,47.5000_-72.3000
1266,34,14,-220000.0,400000.0,47.55614346976333,-71.43222140834261,-71.43222140834261,47.5,-72.3,-72.3,65.45271885847099,47.5000_-72.3000
1267,35,14,-200000.0,400000.0,47.56319798360177,-71.16591470613896,-71.16591470613896,47.5,-72.3,-72.3,85.43254722838068,47.5000_-72.3000
1268,36,14,-180000.0,400000.0,47.56958158623083,-70.89953410831484,-70.89953410831484,47.5,-72.3,-72.3,105.41935233876146,47.5000_-72.3000
1269,37,14,-160000.0,400000.0,47.575293993717686,-70.63308696936049,-70.63308696936049,47.5,-70.8,-70.8,15.06963681821125,47.5000_-70.8000
1270,38,14,-140000.0,400000.0,47.58033495188953,-70.36658065482057,-70.36658065482057,47.5,-70.8,-70.8,33.73853563103206,47.5000_-70.8000
1273,41,14,-80000.0,400000.0,47.59142703604568,-69.5667804533718,-69.5667804533718,47.5,-70.8,-70.8,93.1172089232493,47.5000_-70.8000
1274,42,14,-60000.0,400000.0,47.59378025181352,-69.30011127035857,-69.30011127035857,47.5,-70.8,-70.8,113.05457581646382,47.5000_-70.8000
1275,43,14,-40000.0,400000.0,47.59546119511615,-69.03341986258336,-69.03341986258336,47.5,-69.3,-69.3,22.649274239667253,47.5000_-69.3000
1276,44,14,-20000.0,400000.0,47.59646979105904,-68.76671363624199,-68.76671363624199,47.5,-69.3,-69.3,41.43731367807966,47.5000_-69.3000
1277,45,14,0.0,400000.0,47.59680599470049,-68.5,-68.5,47.5,-69.3,-69.3,60.99940526286462,47.5000_-69.3000
1322,4,15,-820000.0,420000.0,47.21334557940981,-79.3913360194387,-79.3913360194387,46.0,-79.8,-79.8,138.48216367308865,46.0000_-79.8000
1323,5,15,-800000.0,420000.0,47.240356751112806,-79.12963145637231,-79.12963145637231,46.0,-79.8,-79.8,147.11590484148894,46.0000_-79.8000
1324,6,15,-780000.0,420000.0,47.266716484116664,-78.86764013634125,-78.86764013634125,46.0,-79.8,-79.8,157.8176112672515,46.0000_-79.8000
1325,7,15,-760000.0,420000.0,47.29242363487073,-78.6053686225793,-78.6053686225793,46.0,-79.8,-79.8,170.19792450627295,46.0000_-79.8000
1326,8,15,-740000.0,420000.0,47.31747708638249,-78.34282352247456,-78.34282352247456,46.0,-79.8,-79.8,183.91842687719696,46.0000_-79.8000
1327,9,15,-720000.0,420000.0,47.34187574839435,-78.08001148666698,-78.08001148666698,46.0,-78.3,-78.3,150.1509486478719,46.0000_-78.3000
1328,10,15,-700000.0,420000.0,47.36561855755629,-77.81693920812909,-77.81693920812909,46.0,-78.3,-78.3,156.2563977168072,46.0000_-78.3000
1329,11,15,-680000.0,420000.0,47.38870447759524,-77.5536134212307,-77.5536134212307,46.0,-78.3,-78.3,164.573365736897,46.0000_-78.3000
1330,12,15,-660000.0,420000.0,47.41113249948042,-77.29004090078718,-77.29004090078718,46.0,-78.3,-78.3,174.78668200164222,46.0000_-78.3000
1331,13,15,-640000.0,420000.0,47.43290164158489,-77.0262284610923,-77.0262284610923,46.0,-78.3,-78.3,186.58541405099763,46.0000_-78.3000
1332,14,15,-620000.0,420000.0,47.454010949843266,-76.76218295493545,-76.76218295493545,46.0,-76.8,-76.8,161.7045510235394,46.0000_-76.8000
1333,15,15,-600000.0,420000.0,47.474459497905315,-76.49791127260384,-76.49791127260384,46.0,-76.8,-76.8,165.56062157313212,46.0000_-76.8000
1334,16,15,-580000.0,420000.0,47.4942463872856,-76.23342034086987,-76.23342034086987,46.0,-76.8,-76.8,171.66798309515758,46.0000_-76.8000
1335,17,15,-560000.0,420000.0,47.51337074750912,-75.968717121964,-75.968717121964,47.5,-76.8,-76.8,62.45733542927702,47.5000_-76.8000
1336,18,15,-540000.0,420000.0,47.53183173625248,-75.7038086125337,-75.7038086125337,47.5,-76.8,-76.8,82.39882900426662,47.5000_-76.8000
1337,19,15,-520000.0,420000.0,47.54962853948125,-75.43870184258853,-75.43870184258853,47.5,-76.8,-76.8,102.36305246690547,47.5000_-76.8000
1338,20,15,-500000.0,420000.0,47.566760371582724,-75.17340387443187,-75.17340387443187,47.5,-75.3,-75.3,12.059682473673895,47.5000_-75.3000
1339,21,15,-480000.0,420000.0,47.583226475494506,-74.90792180157977,-74.90792180157977,47.5,-75.3,-75.3,30.851146444833915,47.5000_-75.3000
1340,22,15,-460000.0,420000.0,47.59902612282867,-74.6422627476672,-74.6422627476672,47.5,-75.3,-75.3,50.57713191709864,47.5000_-75.3000
1341,23,15,-440000.0,420000.0,47.61415861399144,-74.37643386534207,-74.37643386534207,47.5,-75.3,-75.3,70.45741541911666,47.5000_-75.3000
1342,24,15,-420000.0,420000.0,47.62862327829856,-74.1104423351475,-74.1104423351475,47.5,-75.3,-75.3,90.39051730035514,47.5000_-75.3000
1343,25,15,-400000.0,420000.0,47.64241947408579,-73.84429536439285,-73.84429536439285,47.5,-75.3,-75.3,110.3480254843723,47.5000_-75.3000
1344,26,15,-380000.0,420000.0,47.655546588815255,-73.57800018601378,-73.57800018601378,47.5,-73.8,-73.8,24.00946095279452,47.5000_-73.8000
1345,27,15,-360000.0,420000.0,47.66800403917678,-73.31156405742175,-73.31156405742175,47.5,-73.8,-73.8,41.121847693281936,47.5000_-73.8000
1346,28,15,-340000.0,420000.0,47.67979127118473,-73.04499425934357,-73.04499425934357,47.5,-73.8,-73.8,60.0460657921046,47.5000_-73.8000
1347,29,15,-320000.0,420000.0,47.69090776027026,-72.77829809465146,-72.77829809465146,47.5,-73.8,-73.8,79.49882445084663,47.5000_-73.8000
1348,30,15,-300000.0,420000.0,47.70135301136848,-72.51148288718387,-72.51148288718387,47.5,-73.8,-73.8,99.16975485461455,47.5000_-73.8000
1349,31,15,-280000.0,420000.0,47.71112655900118,-72.24455598055762,-72.24455598055762,47.5,-72.3,-72.3,23.841385596837974,47.5000_-72.3000
1350,32,15,-260000.0,420000.0,47.720227967354504,-71.97752473697201,-71.97752473697201,47.5,-72.3,-72.3,34.4102395771495,47.5000_-72.3000
1351,33,15,-240000.0,420000.0,47.72865683035186,-71.71039653600518,-71.71039653600518,47.5,-72.3,-72.3,50.98732326949224,47.5000_-72.3000
1352,34,15,-220000.0,420000.0,47.73641277172195,-71.44317877340309,-71.44317877340309,47.5,-72.3,-72.3,69.39283982850392,47.5000_-72.3000
1353,35,15,-200000.0,420000.0,47.74349544506181,-71.17587885986215,-71.17587885986215,47.5,-72.3,-72.3,88.49330836669967,47.5000_-72.3000
1354,36,15,-180000.0,420000.0,47.74990453389501,-70.90850421980521,-70.90850421980521,47.5,-72.3,-72.3,107.92046153742716,47.5000_-72.3000
1355,37,15,-160000.0,420000.0,47.755639751724736,-70.64106229015216,-70.64106229015216,47.5,-70.8,-70.8,30.82034592233969,47.5000_-70.8000
1356,38,15,-140000.0,420000.0,47.760700842082066,-70.37356051908512,-70.37356051908512,47.5,-70.8,-70.8,43.14493150163828,47.5000_-70.8000
1357,39,15,-120000.0,420000.0,47.765087578569045,-70.10600636480896,-70.10600636480896,47.5,-70.8,-70.8,59.77537370697885,47.5000_-70.8000
1359,41,15,-80000.0,420000.0,47.77183723491903,-69.57077078209741,-69.57077078209741,47.5,-70.8,-70.8,96.93513699890492,47.5000_-70.8000
1360,42,15,-60000.0,420000.0,47.77419985265909,-69.30310430897511,-69.30310430897511,47.5,-70.8,-70.8,116.22457888838979,47.5000_-70.8000
1361,43,15,-40000.0,420000.0,47.77588751233387,-69.0354153607664,-69.0354153607664,47.5,-69.3,-69.3,36.52510197962512,47.5000_-69.3000
1362,44,15,-20000.0,420000.0,47.77690013837118,-68.76771142706977,-68.76771142706977,47.5,-69.3,-69.3,50.38361003817868,47.5000_-69.3000
1363,45,15,0.0,420000.0,47.7772376854226,-68.5,-68.5,47.5,-69.3,-69.3,67.40142268289831,47.5000_-69.3000
1408,4,16,-820000.0,440000.0,47.391583793815734,-79.431602356196,-79.431602356196,46.0,-79.8,-79.8,157.2667806621603,46.0000_-79.8000
1409,5,16,-800000.0,440000.0,47.41870139382167,-79.16895940693071,-79.16895940693071,46.0,-79.8,-79.8,164.9253480247491,46.0000_-79.8000
1410,6,16,-780000.0,440000.0,47.44516506494225,-78.9060265537069,-78.9060265537069,46.0,-79.8,-79.8,174.54412139169634,46.0000_-79.8000
1411,7,16,-760000.0,440000.0,47.47097365361836,-78.64281042727293,-78.64281042727293,46.0,-79.8,-79.8,185.81920065764058,46.0000_-79.8000
1412,8,16,-740000.0,440000.0,47.49612603306336,-78.37931770333132,-78.37931770333132,46.0,-79.8,-79.8,198.46873055078706,46.0000_-79.8000
1413,9,16,-720000.0,440000.0,47.5206211034426,-78.11555510162142,-78.11555510162142,47.5,-78.3,-78.3,14.0416836497552,47.5000_-78.3000
1414,10,16,-700000.0,440000.0,47.54445779204896,-77.85152938498527,-77.85152938498527,47.5,-78.3,-78.3,34.0367389993698,47.5000_-78.3000
1415,11,16,-680000.0,440000.0,47.56763505347482,-77.58724735841678,-77.58724735841678,47.5,-78.3,-78.3,54.03485509483214,47.5000_-78.3000
1416,12,16,-660000.0,440000.0,47.59015186978011,-77.32271586809424,-77.32271586809424,47.5,-78.3,-78.3,74.03407573088252,47.5000_-78.3000
1417,13,16,-640000.0,440000.0,47.61200725065659,-77.05794180039688,-77.05794180039688,47.5,-78.3,-78.3,94.03409009482478,47.5000_-78.3000
1418,14,16,-620000.0,440000.0,47.633200233587885,-76.79293208090553,-76.79293208090553,47.5,-76.8,-76.8,14.820700466183022,47.5000_-76.8000
1419,15,16,-600000.0,440000.0,47.653729884005806,-76.52769367338772,-76.52769367338772,47.5,-76.8,-76.8,26.635272215611955,47.5000_-76.8000
1420,16,16,-580000.0,440000.0,47.6735952954423,-76.26223357876765,-76.26223357876765,47.5,-76.8,-76.8,44.71258049223558,47.5000_-76.8000
1421,17,16,-560000.0,440000.0,47.69279558967746,-75.99655883408144,-75.99655883408144,47.5,-76.8,-76.8,63.94568388842586,47.5000_-76.8000
1422,18,16,-540000.0,440000.0,47.71132991688315,-75.7306765114178,-75.7306765114178,47.5,-76.8,-76.8,83.54045241404683,47.5000_-76.8000
1423,19,16,-520000.0,440000.0,47.729197455762396,-75.46459371684466,-75.46459371684466,47.5,-76.8,-76.8,103.29154941000509,47.5000_-76.8000
1424,20,16,-500000.0,440000.0,47.74639741368451,-75.1983175893222,-75.1983175893222,47.5,-75.3,-75.3,28.43825852123045,47.5000_-75.3000
1425,21,16,-480000.0,440000.0,47.762929026815684,-74.93185529960239,-74.93185529960239,47.5,-75.3,-75.3,40.19674652535167,47.5000_-75.3000
1426,22,16,-460000.0,440000.0,47.77879156024525,-74.66521404911585,-74.66521404911585,47.5,-75.3,-75.3,56.77076764203431,47.5000_-75.3000
1427,23,16,-440000.0,440000.0,47.793984308107326,-74.39840106884603,-74.39840106884603,47.5,-75.3,-75.3,75.0347302644158,47.5000_-75.3000
1428,24,16,-420000.0,440000.0,47.808506593698034,-74.13142361819143,-74.13142361819143,47.5,-75.3,-75.3,94.00903454417958,47.5000_-75.3000
1429,25,16,-400000.0,440000.0,47.82235776958798,-73.86428898381622,-73.86428898381622,47.5,-75.3,-75.3,113.33767435486828,47.5000_-75.3000
1430,26,16,-380000.0,440000.0,47.8355372177302,-73.59700447848948,-73.59700447848948,47.5,-73.8,-73.8,40.2877235967473,47.5000_-73.8000
1431,27,16,-360000.0,440000.0,47.848044349563224,-73.32957743991396,-73.32957743991396,47.5,-73.8,-73.8,52.32892485853541,47.5000_-73.8000
1432,28,16,-340000.0,440000.0,47.85987860610967,-73.06201522954431,-73.06201522954431,47.5,-73.8,-73.8,68.2180591032138,47.5000_-73.8000
1433,29,16,-320000.0,440000.0,47.87103945806979,-72.79432523139562,-72.79432523139562,47.5,-73.8,-73.8,85.84462393677431,47.5000_-73.8000
1434,30,16,-300000.0,440000.0,47.88152640591031,-72.5265148508426,-72.5265148508426,47.5,-73.8,-73.8,104.33186484397999,47.5000_-73.8000
1435,31,16,-280000.0,440000.0,47.89133897994835,-72.25859151340977,-72.25859151340977,47.5,-72.3,-72.3,43.62518463930088,47.5000_-72.3000
1436,32,16,-260000.0,440000.0,47.9004767404306,-71.99056266355339,-71.99056266355339,47.5,-72.3,-72.3,50.19205720964711,47.5000_-72.3000
1437,33,16,-240000.0,440000.0,47.908939277607296,-71.72243576343548,-71.72243576343548,47.5,-72.3,-72.3,62.73370185423439,47.5000_-72.3000
1438,34,16,-220000.0,440000.0,47.91672621180139,-71.45421829169035,-71.45421829169035,47.5,-72.3,-72.3,78.43473301085837,47.5000_-72.3000
1439,35,16,-200000.0,440000.0,47.9238371934728,-71.1859177421843,-71.1859177421843,47.5,-72.3,-72.3,95.75351644973239,47.5000_-72.3000
1440,36,16,-180000.0,440000.0,47.930271903277365,-70.9175416227689,-70.9175416227689,47.5,-72.3,-72.3,113.95491799690127,47.5000_-72.3000
1441,37,16,-160000.0,440000.0,47.93603005212106,-70.64909745402844,-70.64909745402844,47.5,-70.8,-70.8,49.781273276479595,47.5000_-70.8000
1442,38,16,-140000.0,440000.0,47.94111138120886,-70.38059276802205,-70.38059276802205,47.5,-70.8,-70.8,58.22511240798003,47.5000_-70.8000
1443,39,16,-120000.0,440000.0,47.94551566208873,-70.1120351070209,-70.1120351070209,47.5,-70.8,-70.8,71.43087195737687,47.5000_-70.8000
1444,40,16,-100000.0,440000.0,47.94924269669033,-69.84343202224113,-69.84343202224113,47.5,-70.8,-70.8,87.26285083539813,47.5000_-70.8000
1446,42,16,-60000.0,440000.0,47.95466438688256,-69.30611982330699,-69.30611982330699,47.5,-70.8,-70.8,122.6393166100263,47.5000_-70.8000
1447,43,16,-40000.0,440000.0,47.95635879851806,-69.03742584485676,-69.03742584485676,47.5,-69.3,-69.3,54.41260991240207,47.5000_-69.3000
1448,44,16,-20000.0,440000.0,47.95737547600647,-68.76871671148045,-68.76871671148045,47.5,-69.3,-69.3,64.54080481519098,47.5000_-69.3000
1449,45,16,0.0,440000.0,47.95771437358738,-68.5,-68.5,47.5,-69.3,-69.3,78.55263005326245,47.5000_-69.3000
1450,46,16,20000.0,440000.0,47.95737547600647,-68.23128328851955,-68.23128328851955,47.5,-69.3,-69.3,94.74033911921991,47.5000_-69.3000
1453,49,16,80000.0,440000.0,47.952292317358655,-67.42520892742698,-67.42520892742698,47.5,-67.8,-67.8,57.577949485211526,47.5000_-67.8000
1454,50,16,100000.0,440000.0,47.94924269669033,-67.15656797775888,-67.15656797775888,47.5,-67.8,-67.8,69.36631336271282,47.5000_-67.8000
1494,4,17,-820000.0,460000.0,47.56985375148523,-79.47216518959627,-79.47216518959627,47.5,-79.8,-79.8,25.807909510385475,47.5000_-79.8000
1495,5,17,-800000.0,460000.0,47.59707832367258,-79.20857726909048,-79.20857726909048,47.5,-79.8,-79.8,45.681532104719246,47.5000_-79.8000
1496,6,17,-780000.0,460000.0,47.62364646510748,-78.94469625177545,-78.94469625177545,47.5,-79.8,-79.8,65.63254291535789,47.5000_-79.8000
1497,7,17,-760000.0,460000.0,47.64955701209783,-78.68052883681419,-78.68052883681419,47.5,-79.8,-79.8,85.6073654597743,47.5000_-79.8000
1498,8,17,-740000.0,460000.0,47.67480882794077,-78.41608176914067,-78.41608176914067,47.5,-79.8,-79.8,105.5928863604118,47.5000_-79.8000
1499,9,17,-720000.0,460000.0,47.699400803104815,-78.15136183852788,-78.15136183852788,47.5,-78.3,-78.3,24.815745296396475,47.5000_-78.3000
1500,10,17,-700000.0,460000.0,47.723331855408425,-77.88637587863833,-77.88637587863833,47.5,-78.3,-78.3,39.725026146066696,47.5000_-78.3000
1501,11,17,-680000.0,460000.0,47.74660093019465,-77.62113076605746,-77.62113076605746,47.5,-78.3,-78.3,57.79680787857715,47.5000_-78.3000
1502,12,17,-660000.0,460000.0,47.76920700050201,-77.3556334193101,-77.3556334193101,47.5,-78.3,-78.3,76.8314857099827,47.5000_-78.3000
1503,13,17,-640000.0,460000.0,47.79114906723123,-77.08989079786033,-77.08989079786033,47.5,-78.3,-78.3,96.25990300328044,47.5000_-78.3000
1504,14,17,-620000.0,460000.0,47.81242615930813,-76.82390990109529,-76.82390990109529,47.5,-78.3,-78.3,115.88449172453488,47.5000_-78.3000
1505,15,17,-600000.0,460000.0,47.833037333842285,-76.5576977672929,-76.5576977672929,47.5,-76.8,-76.8,41.23827743844531,47.5000_-76.8000
1506,16,17,-580000.0,460000.0,47.85298167628165,-76.29126147257408,-76.29126147257408,47.5,-76.8,-76.8,54.692697605589494,47.5000_-76.8000
1507,17,17,-560000.0,460000.0,47.87225830056283,-76.02460812983992,-76.02460812983992,47.5,-76.8,-76.8,71.28985659834099,47.5000_-76.8000
1508,18,17,-540000.0,460000.0,47.89086634925713,-75.75774488769378,-75.75774488769378,47.5,-76.8,-76.8,89.29453676582717,47.5000_-76.8000
1509,19,17,-520000.0,460000.0,47.90880499371228,-75.49067892934912,-75.49067892934912,47.5,-76.8,-76.8,108.00537554699198,47.5000_-76.8000
1510,20,17,-500000.0,460000.0,47.92607343418971,-75.22341747152329,-75.22341747152329,47.5,-75.3,-75.3,47.72246983558078,47.5000_-75.3000
1511,21,17,-480000.0,460000.0,47.942670899997374,-74.95596776331755,-74.95596776331755,47.5,-75.3,-75.3,55.544382749175334,47.5000_-75.3000
1512,22,17,-460000.0,460000.0,47.95859664961804,-74.68833708508393,-74.68833708508393,47.5,-75.3,-75.3,68.50706105744139,47.5000_-75.3000
1513,23,17,-440000.0,460000.0,47.97384997083301,-74.42053274727932,-74.42053274727932,47.5,-75.3,-75.3,84.27099912184372,47.5000_-75.3000
1514,24,17,-420000.0,460000.0,47.98843018084126,-74.15256208930715,-74.15256208930715,47.5,-75.3,-75.3,101.5400276376519,47.5000_-75.3000
1515,25,17,-400000.0,460000.0,48.002336626373754,-73.88443247834698,-73.88443247834698,47.5,-75.3,-75.3,119.66448580120417,47.5000_-75.3000
1516,26,17,-380000.0,460000.0,48.015568683803245,-73.6161513081729,-73.6161513081729,47.5,-73.8,-73.8,58.95293996169013,47.5000_-73.8000
1517,27,17,-360000.0,460000.0,48.02812575924908,-73.34772599796064,-73.34772599796064,47.5,-73.8,-73.8,67.75939539459118,47.5000_-73.8000
1518,28,17,-340000.0,460000.0,48.04000728867734,-73.07916399108427,-73.07916399108427,47.5,-73.8,-73.8,80.66962619465913,47.5000_-73.8000
1519,29,17,-320000.0,460000.0,48.051212737996025,-72.81047275390269,-72.81047275390269,47.5,-73.8,-73.8,96.04292954089638,47.5000_-73.8000
1520,30,17,-300000.0,460000.0,48.06174160314545,-72.54165977453664,-72.54165977453664,47.5,-73.8,-73.8,112.87752740284584,47.5000_-73.8000
1521,31,17,-280000.0,460000.0,48.071593410183425,-72.27273256163659,-72.27273256163659,47.5,-72.3,-72.3,63.591014609016156,47.5000_-72.3000
1522,32,17,-260000.0,460000.0,48.08076771536584,-72.00369864314187,-72.00369864314187,47.5,-72.3,-72.3,68.26669839400799,47.5000_-72.3000
1523,33,17,-240000.0,460000.0,48.089264105221915,-71.73456556503189,-71.73456556503189,47.5,-72.3,-72.3,77.95671941710404,47.5000_-72.3000
1524,34,17,-220000.0,460000.0,48.09708219662452,-71.46534089006961,-71.46534089006961,47.5,-72.3,-72.3,91.0745132706467,47.5000_-72.3000
1525,35,17,-200000.0,460000.0,48.10422163685537,-71.19603219653806,-71.19603219653806,47.5,-72.3,-72.3,106.35936990460083,47.5000_-72.3000
1526,36,17,-180000.0,460000.0,48.110682103665276,-70.92664707697018,-70.92664707697018,47.5,-72.3,-72.3,123.00616157791404,47.5000_-72.3000
1527,37,17,-160000.0,460000.0,48.116463305328935,-70.65719313687275,-70.65719313687275,47.5,-70.8,-70.8,69.37232232606522,47.5000_-70.8000
1528,38,17,-140000.0,460000.0,48.1215649806949,-70.38767799344471,-70.38767799344471,47.5,-70.8,-70.8,75.66310201410147,47.5000_-70.8000
1529,39,17,-120000.0,460000.0,48.125986899230114,-70.1181092742906,-70.1181092742906,47.5,-70.8,-70.8,86.24210945958356,47.5000_-70.8000
1530,40,17,-100000.0,460000.0,48.12972886105937,-69.84849461612957,-69.84849461612957,47.5,-70.8,-70.8,99.75430254989914,47.5000_-70.8000
1533,43,17,-40000.0,460000.0,48.136873468108824,-69.03945148430053,-69.03945148430053,47.5,-69.3,-69.3,73.44055078716917,47.5000_-69.3000
1534,44,17,-20000.0,460000.0,48.13789421860639,-68.76972957420897,-68.76972957420897,47.5,-69.3,-69.3,81.23207847843089,47.5000_-69.3000
1535,45,17,0.0,460000.0,48.13823447390342,-68.5,-68.5,47.5,-69.3,-69.3,92.75880930620193,47.5000_-69.3000
1536,46,17,20000.0,460000.0,48.13789421860639,-68.23027042579103,-68.23027042579103,47.5,-69.3,-69.3,106.81831333312057,47.5000_-69.3000
1537,47,17,40000.0,460000.0,48.136873468108824,-67.96054851569947,-67.96054851569947,47.5,-69.3,-69.3,122.54188221331168,47.5000_-69.3000
1538,48,17,60000.0,460000.0,48.135172268588484,-67.69084193253617,-67.69084193253617,47.5,-67.8,-67.8,71.09673628342529,47.5000_-67.8000
1539,49,17,80000.0,460000.0,48.132790696999535,-67.4211583364995,-67.4211583364995,47.5,-67.8,-67.8,75.83617859821314,47.5000_-67.8000
1540,50,17,100000.0,460000.0,48.12972886105937,-67.15150538387044,-67.15150538387044,47.5,-67.8,-67.8,85.13459339985582,47.5000_-67.8000
1541,51,17,120000.0,460000.0,48.125986899230114,-66.88189072570941,-66.88189072570941,47.5,-67.8,-67.8,97.69879089603329,47.5000_-67.8000
1542,52,17,140000.0,460000.0,48.1215649806949,-66.61232200655529,-66.61232200655529,47.5,-67.8,-67.8,112.43921064807748,47.5000_-67.8000
1543,53,17,160000.0,460000.0,48.116463305328935,-66.34280686312725,-66.34280686312725,47.5,-67.8,-67.8,128.60967671152713,47.5000_-67.8000
1544,54,17,180000.0,460000.0,48.110682103665276,-66.07335292302982,-66.07335292302982,47.5,-66.3,-66.3,69.98269907924293,47.5000_-66.3000
1546,56,17,220000.0,460000.0,48.09708219662452,-65.5346591099304,-65.5346591099304,47.5,-66.3,-66.3,87.61174803243861,47.5000_-66.3000
1547,57,17,240000.0,460000.0,48.089264105221915,-65.26543443496811,-65.26543443496811,47.5,-66.3,-66.3,101.31850165815746,47.5000_-66.3000
1580,4,18,-820000.0,480000.0,47.74815375272354,-79.51302778021422,-79.51302778021422,47.5,-79.8,-79.8,34.98496633735109,47.5000_-79.8000
1581,5,18,-800000.0,480000.0,47.77548584582091,-79.24848823584082,-79.24848823584082,47.5,-79.8,-79.8,51.4378018617044,47.5000_-79.8000
1582,6,18,-780000.0,480000.0,47.80215899452821,-78.98365235511928,-78.98365235511928,47.5,-79.8,-79.8,69.77119627578074,47.5000_-79.8000
1583,7,18,-760000.0,480000.0,47.82817202489387,-78.71852690654137,-78.71852690654137,47.5,-79.8,-79.8,88.82877424500272,47.5000_-79.8000
1584,8,18,-740000.0,480000.0,47.85352379017444,-78.45311870520466,-78.45311870520466,47.5,-79.8,-79.8,108.22903486439152,47.5000_-79.8000
1585,9,18,-720000.0,480000.0,47.87821317101994,-78.18743461186534,-78.18743461186534,47.5,-78.3,-78.3,42.89115327129442,47.5000_-78.3000
1586,10,18,-700000.0,480000.0,47.90223907565509,-77.92148153197307,-77.92148153197307,47.5,-78.3,-78.3,52.94199656296411,47.5000_-78.3000
1587,11,18,-680000.0,480000.0,47.92560044005689,-77.65526641468837,-77.65526641468837,47.5,-78.3,-78.3,67.57508579056592,47.5000_-78.3000
1588,12,18,-660000.0,480000.0,47.94829622812825,-77.38879625188265,-77.38879625188265,47.5,-78.3,-78.3,84.44132430036306,47.5000_-78.3000
1589,13,18,-640000.0,480000.0,47.97032543186747,-77.1220780771213,-77.1220780771213,47.5,-78.3,-78.3,102.44394208457697,47.5000_-78.3000
1590,14,18,-620000.0,480000.0,47.991687071533754,-76.85511896463,-76.85511896463,47.5,-78.3,-78.3,121.0773807156614,47.5000_-78.3000
1591,15,18,-600000.0,480000.0,48.012380195808504,-76.58792602824488,-76.58792602824488,47.5,-76.8,-76.8,59.138674890413256,47.5000_-76.8000
1592,16,18,-580000.0,480000.0,48.03240388195243,-76.32050642034663,-76.32050642034663,47.5,-76.8,-76.8,69.20268332292356,47.5000_-76.8000
1593,17,18,-560000.0,480000.0,48.051757235958355,-76.05286733077911,-76.05286733077911,47.5,-76.8,-76.8,82.95233535654698,47.5000_-76.8000
1594,18,18,-540000.0,480000.0,48.07043939269967,-75.78501598575261,-75.78501598575261,47.5,-76.8,-76.8,98.86191697890285,47.5000_-76.8000
1595,19,18,-520000.0,480000.0,48.08844951607435,-75.51695964673246,-75.51695964673246,47.5,-76.8,-76.8,116.04669021866388,47.5000_-76.8000
1596,20,18,-500000.0,480000.0,48.10578679914453,-75.24870560931315,-75.24870560931315,47.5,-75.3,-75.3,67.4693633510818,47.5000_-75.3000
1597,21,18,-480000.0,480000.0,48.122450464271566,-74.9802612020784,-74.9802612020784,47.5,-75.3,-75.3,73.21593006696305,47.5000_-75.3000
1598,22,18,-460000.0,480000.0,48.13843976324638,-74.71163378544775,-74.71163378544775,47.5,-75.3,-75.3,83.4836287122451,47.5000_-75.3000
1599,23,18,-440000.0,480000.0,48.15375397741538,-74.44283075050993,-74.44283075050993,47.5,-75.3,-75.3,96.84521559519887,47.5000_-75.3000
1600,24,18,-420000.0,480000.0,48.16839241780137,-74.17385951784355,-74.17385951784355,47.5,-75.3,-75.3,112.2009676164875,47.5000_-75.3000
1601,25,18,-400000.0,480000.0,48.18235442522002,-73.90472753632555,-73.90472753632555,47.5,-75.3,-75.3,128.83999148523998,47.5000_-75.3000
1602,26,18,-380000.0,480000.0,48.195639370391326,-73.63544228192782,-73.63544228192782,47.5,-73.8,-73.8,78.32028658012456,47.5000_-73.8000
1603,27,18,-360000.0,480000.0,48.20824665404627,-73.36601125650253,-73.36601125650253,47.5,-73.8,-73.8,85.1506370184518,47.5000_-73.8000
1604,28,18,-340000.0,480000.0,48.220175707028574,-73.09644198655664,-73.09644198655664,47.5,-73.8,-73.8,95.74837268244903,47.5000_-73.8000
1605,29,18,-320000.0,480000.0,48.231425990391585,-72.82674202201603,-72.82674202201603,47.5,-73.8,-73.8,109.02046874026142,47.5000_-73.8000
1606,30,18,-300000.0,480000.0,48.24199699549004,-72.55691893497975,-72.55691893497975,47.5,-73.8,-73.8,124.11204155031686,47.5000_-73.8000
1607,31,18,-280000.0,480000.0,48.25188824406685,-72.28698031846497,-72.28698031846497,47.5,-72.3,-72.3,83.61191214652612,47.5000_-72.3000
1608,32,18,-260000.0,480000.0,48.261099288334904,-72.01693378514307,-72.01693378514307,47.5,-72.3,-72.3,87.22339930665046,47.5000_-72.3000
1609,33,18,-240000.0,480000.0,48.2696297110537,-71.74678696606742,-71.74678696606742,47.5,-72.3,-72.3,95.00243693877529,47.5000_-72.3000
1610,34,18,-220000.0,480000.0,48.277479125600784,-71.47654750939328,-71.47654750939328,47.5,-72.3,-72.3,106.03585280466925,47.5000_-72.3000
1611,35,18,-200000.0,480000.0,48.28464717603815,-71.20622307909059,-71.20622307909059,47.5,-72.3,-72.3,119.42512696381989,47.5000_-72.3000
1612,36,18,-180000.0,480000.0,48.29113353717328,-70.93582135364989,-70.93582135364989,47.5,-72.3,-72.3,134.46843172015437,47.5000_-72.3000
1613,37,18,-160000.0,480000.0,48.29693791461518,-70.6653500247821,-70.6653500247821,47.5,-70.8,-70.8,89.1822744827756,47.5000_-70.8000
1614,38,18,-140000.0,480000.0,48.30206004482494,-70.39481679611265,-70.39481679611265,47.5,-70.8,-70.8,94.16082592287158,47.5000_-70.8000
1615,39,18,-120000.0,480000.0,48.306499695161136,-70.12422938187059,-70.12422938187059,47.5,-70.8,-70.8,102.85739154940276,47.5000_-70.8000
1616,40,18,-100000.0,480000.0,48.310256663920015,-69.85359550557304,-69.85359550557304,47.5,-70.8,-70.8,114.42742620096315,47.5000_-70.8000
1617,41,18,-80000.0,480000.0,48.31333078037015,-69.58292289870575,-69.58292289870575,47.5,-70.8,-70.8,128.09468799776516,47.5000_-70.8000
1620,44,18,-20000.0,480000.0,48.31845477372123,-68.77075010127265,-68.77075010127265,47.5,-69.3,-69.3,99.18902535192515,47.5000_-69.3000
1621,45,18,0.0,480000.0,48.318796393989146,-68.5,-68.5,47.5,-69.3,-69.3,108.83264241911967,47.5000_-69.3000
1622,46,18,20000.0,480000.0,48.31845477372123,-68.22924989872735,-68.22924989872735,47.5,-69.3,-69.3,121.04223559531661,47.5000_-69.3000
1623,47,18,40000.0,480000.0,48.31742992845196,-67.95850754889199,-67.95850754889199,47.5,-69.3,-69.3,135.12399984535574,47.5000_-69.3000
1624,48,18,60000.0,480000.0,48.31572190478198,-67.68778070059976,-67.68778070059976,47.5,-67.8,-67.8,91.08908870125319,47.5000_-67.8000
1625,49,18,80000.0,480000.0,48.31333078037015,-67.41707710129425,-67.41707710129425,47.5,-67.8,-67.8,94.83517464127605,47.5000_-67.8000
1626,50,18,100000.0,480000.0,48.310256663920015,-67.14640449442696,-67.14640449442696,47.5,-67.8,-67.8,102.4245091403282,47.5000_-67.8000
1627,51,18,120000.0,480000.0,48.306499695161136,-66.87577061812941,-66.87577061812941,47.5,-67.8,-67.8,113.08589794480257,47.5000_-67.8000
1628,52,18,140000.0,480000.0,48.30206004482494,-66.60518320388735,-66.60518320388735,47.5,-67.8,-67.8,126.04212495289742,47.5000_-67.8000
1629,53,18,160000.0,480000.0,48.29693791461518,-66.3346499752179,-66.3346499752179,47.5,-67.8,-67.8,140.66042167404535,47.5000_-67.8000
1630,54,18,180000.0,480000.0,48.29113353717328,-66.06417864635011,-66.06417864635011,47.5,-66.3,-66.3,89.70973315140398,47.5000_-66.3000
1631,55,18,200000.0,480000.0,48.28464717603815,-65.79377692090941,-65.79377692090941,47.5,-66.3,-66.3,95.06229869938394,47.5000_-66.3000
1632,56,18,220000.0,480000.0,48.277479125600784,-65.52345249060673,-65.52345249060673,47.5,-66.3,-66.3,104.04991362772975,47.5000_-66.3000
1633,57,18,240000.0,480000.0,48.2696297110537,-65.25321303393258,-65.25321303393258,47.5,-66.3,-66.3,115.82937376511977,47.5000_-66.3000
1634,58,18,260000.0,480000.0,48.261099288334904,-64.98306621485693,-64.98306621485693,47.5,-66.3,-66.3,129.64178160308975,47.5000_-66.3000
1665,5,19,-800000.0,500000.0,47.95392225680986,-79.28869554686231,-79.28869554686231,47.5,-79.8,-79.8,63.32599362513957,47.5000_-79.8000
1666,6,19,-780000.0,500000.0,47.980700954577195,-79.02289803408756,-79.02289803408756,47.5,-79.8,-79.8,78.95388155994358,47.5000_-79.8000
1667,7,19,-760000.0,500000.0,48.006816998115795,-78.75680773663758,-78.75680773663758,47.5,-79.8,-79.8,96.21746232950836,47.5000_-79.8000
1668,8,19,-740000.0,500000.0,48.032269230515446,-78.4904315407207,-78.4904315407207,47.5,-79.8,-79.8,114.37882819167375,47.5000_-79.8000
1669,9,19,-720000.0,500000.0,48.0570565224837,-78.22377637904141,-78.22377637904141,47.5,-78.3,-78.3,62.20324545647506,47.5000_-78.3000
1670,10,19,-700000.0,500000.0,48.08117777253027,-77.95684922981918,-77.95684922981918,47.5,-78.3,-78.3,69.52276748661106,47.5000_-78.3000
1671,11,19,-680000.0,500000.0,48.104631907147386,-77.6896571157897,-77.6896571157897,47.5,-78.3,-78.3,81.22875859810145,47.5000_-78.3000
1672,12,19,-660000.0,500000.0,48.12741788098624,-77.42220710318803,-77.42220710318803,47.5,-78.3,-78.3,95.72567496034058,47.5000_-78.3000
1673,13,19,-640000.0,500000.0,48.149534677029344,-77.15450630071439,-77.15450630071439,47.5,-78.3,-78.3,111.93464959981031,47.5000_-78.3000
1674,14,19,-620000.0,500000.0,48.17098130675861,-76.88656185848305,-76.88656185848305,47.5,-78.3,-78.3,129.21323642343853,47.5000_-78.3000
1675,15,19,-600000.0,500000.0,48.191756810319475,-76.61838096695426,-76.61838096695426,47.5,-76.8,-76.8,78.10484276824371,47.5000_-76.8000
1676,16,19,-580000.0,500000.0,48.21186025668043,-76.34997085584997,-76.34997085584997,47.5,-76.8,-76.8,85.98221165043562,47.5000_-76.8000
1677,17,19,-560000.0,500000.0,48.2312907437885,-76.0813387930535,-76.0813387930535,47.5,-76.8,-76.8,97.39688465753197,47.5000_-76.8000
1678,18,19,-540000.0,500000.0,48.25004739871999,-75.81249208349365,-75.81249208349365,47.5,-76.8,-76.8,111.26572942618222,47.5000_-76.8000
1679,19,19,-520000.0,500000.0,48.26812937782711,-75.54343806801354,-75.54343806801354,47.5,-76.8,-76.8,126.78613730564554,47.5000_-76.8000
1680,20,19,-500000.0,500000.0,48.28553586687967,-75.27418412222475,-75.27418412222475,47.5,-75.3,-75.3,87.36892700548579,47.5000_-75.3000
1681,21,19,-480000.0,500000.0,48.302266081202504,-75.00473765534701,-75.00473765534701,47.5,-75.3,-75.3,91.88313965481687,47.5000_-75.3000
1682,22,19,-460000.0,500000.0,48.318319265807965,-74.73510610903404,-74.73510610903404,47.5,-75.3,-75.3,100.26149029002961,47.5000_-75.3000
1683,23,19,-440000.0,500000.0,48.333694695523896,-74.46529695618578,-74.46529695618578,47.5,-75.3,-75.3,111.63755130246757,47.5000_-75.3000
1684,24,19,-420000.0,500000.0,48.34839167511672,-74.19531769974773,-74.19531769974773,47.5,-75.3,-75.3,125.19698803636635,47.5000_-75.3000
1685,25,19,-400000.0,500000.0,48.3624095394097,-73.92517587149754,-73.92517587149754,47.5,-75.3,-75.3,140.30836568946265,47.5000_-75.3000
1686,26,19,-380000.0,500000.0,48.37574765339635,-73.6548790308197,-73.6548790308197,47.5,-73.8,-73.8,97.97701072586597,47.5000_-73.8000
1687,27,19,-360000.0,500000.0,48.38840541234888,-73.38443476346843,-73.38443476346843,47.5,-73.8,-73.8,103.52169270895213,47.5000_-73.8000
1688,28,19,-340000.0,500000.0,48.400382241921704,-73.11385068031954,-73.11385068031954,47.5,-73.8,-73.8,112.40430604970136,47.5000_-73.8000
1689,29,19,-320000.0,500000.0,48.411677598249874,-72.84313441611167,-72.84313441611167,47.5,-73.8,-73.8,123.90920466171407,47.5000_-73.8000
1690,30,19,-300000.0,500000.0,48.42229096804247,-72.57229362817728,-72.57229362817728,47.5,-73.8,-73.8,137.3792626068679,47.5000_-73.8000
1691,31,19,-280000.0,500000.0,48.43222186867087,-72.30133599516435,-72.30133599516435,47.5,-73.8,-73.8,152.2940232056224,47.5000_-73.8000
1692,32,19,-260000.0,500000.0,48.44146984825189,-72.03026921574858,-72.03026921574858,47.5,-72.3,-72.3,106.5950766773076,47.5000_-72.3000
1693,33,19,-240000.0,500000.0,48.45003448572567,-71.75910100733739,-71.75910100733739,47.5,-72.3,-72.3,113.05169336862552,47.5000_-72.3000
1694,34,19,-220000.0,500000.0,48.45791539092849,-71.48783910476578,-71.48783910476578,47.5,-72.3,-72.3,122.47302268194939,47.5000_-72.3000
1695,35,19,-200000.0,500000.0,48.46511220466008,-71.2164912589847,-71.2164912589847,47.5,-72.3,-72.3,134.23635884139037,47.5000_-72.3000
1696,36,19,-180000.0,500000.0,48.47162459874595,-70.94506523574258,-70.94506523574258,47.5,-72.3,-72.3,147.78356039501165,47.5000_-72.3000
1697,37,19,-160000.0,500000.0,48.47745227609415,-70.67356881426045,-70.67356881426045,47.5,-70.8,-70.8,109.09434548282552,47.5000_-70.8000
1698,38,19,-140000.0,500000.0,48.482594970746824,-70.40200978590133,-70.40200978590133,47.5,-70.8,-70.8,113.20227832626978,47.5000_-70.8000
1699,39,19,-120000.0,500000.0,48.487052447926395,-70.13039595283428,-70.13039595283428,47.5,-70.8,-70.8,120.53512950324699,47.5000_-70.8000
1700,40,19,-100000.0,500000.0,48.4908245040763,-69.85873512669396,-69.85873512669396,47.5,-70.8,-70.8,130.5506532222323,47.5000_-70.8000
1701,41,19,-80000.0,500000.0,48.493910966896415,-69.58703512723598,-69.58703512723598,47.5,-70.8,-70.8,142.68507918446568,47.5000_-70.8000
1702,42,19,-60000.0,500000.0,48.49631169537301,-69.31530378098873,-69.31530378098873,47.5,-70.8,-70.8,156.44615724675134,47.5000_-70.8000
1706,46,19,20000.0,500000.0,48.49905554181434,-68.22822162000445,-68.22822162000445,47.5,-69.3,-69.3,136.74598616181055,47.5000_-69.3000
1707,47,19,40000.0,500000.0,48.49802657980325,-67.95645108009761,-67.95645108009761,47.5,-69.3,-69.3,149.357383650646,47.5000_-69.3000
1708,48,19,60000.0,500000.0,48.49631169537301,-67.68469621901127,-67.68469621901127,47.5,-67.8,-67.8,111.11662353853902,47.5000_-67.8000
1709,49,19,80000.0,500000.0,48.493910966896415,-67.41296487276402,-67.41296487276402,47.5,-67.8,-67.8,114.20811951547965,47.5000_-67.8000
1710,50,19,100000.0,500000.0,48.4908245040763,-67.14126487330604,-67.14126487330604,47.5,-67.8,-67.8,120.58544705238565,47.5000_-67.8000
1711,51,19,120000.0,500000.0,48.487052447926395,-66.86960404716574,-66.86960404716574,47.5,-67.8,-67.8,129.7650175606422,47.5000_-67.8000
1712,52,19,140000.0,500000.0,48.482594970746824,-66.59799021409867,-66.59799021409867,47.5,-67.8,-67.8,141.20131129129686,47.5000_-67.8000
1713,53,19,160000.0,500000.0,48.47745227609415,-66.32643118573955,-66.32643118573955,47.5,-67.8,-67.8,154.39360523265688,47.5000_-67.8000
1714,54,19,180000.0,500000.0,48.47162459874595,-66.05493476425742,-66.05493476425742,47.5,-66.3,-66.3,109.56839308370955,47.5000_-66.3000
1715,55,19,200000.0,500000.0,48.46511220466008,-65.7835087410153,-65.7835087410153,47.5,-66.3,-66.3,113.99247917269376,47.5000_-66.3000
1716,56,19,220000.0,500000.0,48.45791539092849,-65.51216089523422,-65.51216089523422,47.5,-66.3,-66.3,121.58972758105824,47.5000_-66.3000
1717,57,19,240000.0,500000.0,48.45003448572567,-65.24089899266261,-65.24089899266261,47.5,-66.3,-66.3,131.81251411444802,47.5000_-66.3000
1718,58,19,260000.0,500000.0,48.44146984825189,-64.96973078425142,-64.96973078425142,47.5,-66.3,-66.3,144.10305340915244,47.5000_-66.3000
1719,59,19,280000.0,500000.0,48.43222186867087,-64.69866400483566,-64.69866400483566,47.5,-64.8,-64.8,103.93266612743142,47.5000_-64.8000
1720,60,19,300000.0,500000.0,48.42229096804247,-64.42770637182272,-64.42770637182272,47.5,-64.8,-64.8,106.23437459888969,47.5000_-64.8000
1749,5,20,-800000.0,520000.0,48.13238584454719,-79.32920248937636,-79.32920248937636,47.5,-79.8,-79.8,78.61539301454174,47.5000_-79.8000
1750,6,20,-780000.0,520000.0,48.15927063806174,-79.06243650564137,-79.06243650564137,47.5,-79.8,-79.8,91.68037468025484,47.5000_-79.8000
1751,7,20,-760000.0,520000.0,48.18549022937659,-78.79537447295051,-78.79537447295051,47.5,-79.8,-79.8,106.91557188152342,47.5000_-79.8000
1752,8,20,-740000.0,520000.0,48.21104345128619,-78.52802334958557,-78.52802334958557,47.5,-79.8,-79.8,123.5208666496202,47.5000_-79.8000
1753,9,20,-720000.0,520000.0,48.235929164429756,-78.26039014118022,-78.26039014118022,47.5,-78.3,-78.3,81.88502326407249,47.5000_-78.3000
1754,10,20,-700000.0,520000.0,48.260146257478524,-77.99248189972293,-77.99248189972293,47.5,-78.3,-78.3,87.58033008900904,47.5000_-78.3000
1755,11,20,-680000.0,520000.0,48.28369364731921,-77.72430572254126,-77.72430572254126,47.5,-78.3,-78.3,97.14001337045077,47.5000_-78.3000
1756,12,20,-660000.0,520000.0,48.30657027923325,-77.45586875126814,-77.45586875126814,47.5,-78.3,-78.3,109.55743907360777,47.5000_-78.3000
1757,13,20,-640000.0,520000.0,48.32877512707192,-77.18717817078998,-77.18717817078998,47.5,-78.3,-78.3,123.97714801597587,47.5000_-78.3000
1758,14,20,-620000.0,520000.0,48.350307193427376,-76.9182412081776,-76.9182412081776,47.5,-78.3,-78.3,139.78107722473806,47.5000_-78.3000
1759,15,20,-600000.0,520000.0,48.37116550979935,-76.64906513159981,-76.64906513159981,47.5,-76.8,-76.8,97.51966474050411,47.5000_-76.8000
1760,16,20,-580000.0,520000.0,48.39134913675738,-76.37965724922016,-76.37965724922016,47.5,-76.8,-76.8,103.94044638087425,47.5000_-76.8000
1761,17,20,-560000.0,520000.0,48.41085716409878,-76.11002490807745,-76.11002490807745,47.5,-76.8,-76.8,113.56922546719687,47.5000_-76.8000
1762,18,20,-540000.0,520000.0,48.42968871100206,-75.84017549295012,-75.84017549295012,47.5,-76.8,-76.8,125.67100024978663,47.5000_-76.8000
1763,19,20,-520000.0,520000.0,48.44784292617579,-75.57011642520507,-75.57011642520507,47.5,-76.8,-76.8,139.60431537733402,47.5000_-76.8000
1764,20,20,-500000.0,520000.0,48.465318988002885,-75.29985516163134,-75.29985516163134,47.5,-75.3,-75.3,107.33872286320766,47.5000_-75.3000
1765,21,20,-480000.0,520000.0,48.4821161046801,-75.02939919325895,-75.02939919325895,47.5,-75.3,-75.3,111.04736858412812,47.5000_-75.3000
1766,22,20,-460000.0,520000.0,48.498233514352975,-74.75875604416355,-74.75875604416355,47.5,-75.3,-75.3,118.07747246273622,47.5000_-75.3000
1767,23,20,-440000.0,520000.0,48.51367048524578,-74.48793327025716,-74.48793327025716,47.5,-75.3,-75.3,127.88261369402207,47.5000_-75.3000
1768,24,20,-420000.0,520000.0,48.52842631578676,-74.21693845806547,-74.21693845806547,47.5,-75.3,-75.3,139.88060058617913,47.5000_-75.3000
1769,25,20,-400000.0,520000.0,48.54250033472834,-73.94577922349245,-73.94577922349245,47.5,-75.3,-75.3,153.558423378251,47.5000_-75.3000
1770,26,20,-380000.0,520000.0,48.55589190126253,-73.67446321057226,-73.67446321057226,47.5,-73.8,-73.8,117.78048325603854,47.5000_-73.8000
1771,27,20,-360000.0,520000.0,48.56860040513116,-73.40299809020938,-73.40299809020938,47.5,-73.8,-73.8,122.43437182584633,47.5000_-73.8000
1772,28,20,-340000.0,520000.0,48.58062526673107,-73.13139155890737,-73.13139155890737,47.5,-73.8,-73.8,130.03472301380916,47.5000_-73.8000
1773,29,20,-320000.0,520000.0,48.5919659372144,-72.85965133748658,-72.85965133748658,47.5,-73.8,-73.8,140.10295402591368,47.5000_-73.8000
1774,30,20,-300000.0,520000.0,48.60262189858336,-72.58778516979159,-72.58778516979159,47.5,-73.8,-73.8,152.1500322593371,47.5000_-73.8000
1775,31,20,-280000.0,520000.0,48.61259266378009,-72.31580082138873,-72.31580082138873,47.5,-73.8,-73.8,165.74510986352158,47.5000_-73.8000
1776,32,20,-260000.0,520000.0,48.621877776771306,-72.04370607825429,-72.04370607825429,47.5,-72.3,-72.3,126.1927512557406,47.5000_-72.3000
1777,33,20,-240000.0,520000.0,48.63047681262737,-71.77150874545397,-71.77150874545397,47.5,-72.3,-72.3,131.694410916838,47.5000_-72.3000
1778,34,20,-220000.0,520000.0,48.6383893775964,-71.49921664581417,-71.49921664581417,47.5,-72.3,-72.3,139.86845474521684,47.5000_-72.3000
1779,35,20,-200000.0,520000.0,48.64561510917276,-71.22683761858545,-71.22683761858545,47.5,-72.3,-72.3,150.27951366256997,47.5000_-72.3000
1780,36,20,-180000.0,520000.0,48.65215367616045,-70.95437951809909,-70.95437951809909,47.5,-72.3,-72.3,162.49824414510866,47.5000_-72.3000
1781,37,20,-160000.0,520000.0,48.65800477873077,-70.68185021241696,-70.68185021241696,47.5,-70.8,-70.8,129.06319775754326,47.5000_-70.8000
1782,38,20,-140000.0,520000.0,48.66316814847487,-70.40925758197561,-70.40925758197561,47.5,-70.8,-70.8,132.55521165270517,47.5000_-70.8000
1783,39,20,-120000.0,520000.0,48.667643548450606,-70.13660951822482,-70.13660951822482,47.5,-70.8,-70.8,138.8719535530524,47.5000_-70.8000
1784,40,20,-100000.0,520000.0,48.67143077322409,-69.86391392226145,-69.86391392226145,47.5,-70.8,-70.8,147.65136900425634,47.5000_-70.8000
1785,41,20,-80000.0,520000.0,48.674529648905626,-69.59117870345915,-69.59117870345915,47.5,-70.8,-70.8,158.48474684056472,47.5000_-70.8000
1786,42,20,-60000.0,520000.0,48.67694003318025,-69.31841177809441,-69.31841177809441,47.5,-70.8,-70.8,170.9821347230049,47.5000_-70.8000
1791,47,20,40000.0,520000.0,48.67866181533259,-67.95437893203048,-67.95437893203048,47.5,-69.3,-69.3,164.8162704559873,47.5000_-69.3000
1792,48,20,60000.0,520000.0,48.67694003318025,-67.68158822190559,-67.68158822190559,47.5,-67.8,-67.8,131.1651026346578,47.5000_-67.8000
1793,49,20,80000.0,520000.0,48.674529648905626,-67.40882129654085,-67.40882129654085,47.5,-67.8,-67.8,133.79451102626507,47.5000_-67.8000
1794,50,20,100000.0,520000.0,48.67143077322409,-67.13608607773857,-67.13608607773857,47.5,-67.8,-67.8,139.27886281844448,47.5000_-67.8000
1795,51,20,120000.0,520000.0,48.667643548450606,-66.86339048177518,-66.86339048177518,47.5,-67.8,-67.8,147.2995759528812,47.5000_-67.8000
1796,52,20,140000.0,520000.0,48.66316814847487,-66.59074241802439,-66.59074241802439,47.5,-67.8,-67.8,157.4695157220119,47.5000_-67.8000
1797,53,20,160000.0,520000.0,48.65800477873077,-66.31814978758304,-66.31814978758304,47.5,-67.8,-67.8,169.4019942808439,47.5000_-67.8000
1798,54,20,180000.0,520000.0,48.65215367616045,-66.04562048190091,-66.04562048190091,47.5,-66.3,-66.3,129.50005240602405,47.5000_-66.3000
1799,55,20,200000.0,520000.0,48.64561510917276,-65.77316238141455,-65.77316238141455,47.5,-66.3,-66.3,133.26422464292756,47.5000_-66.3000
1800,56,20,220000.0,520000.0,48.6383893775964,-65.50078335418583,-65.50078335418583,47.5,-66.3,-66.3,139.81897966825187,47.5000_-66.3000
1801,57,20,240000.0,520000.0,48.63047681262737,-65.22849125454603,-65.22849125454603,47.5,-66.3,-66.3,148.79590425187698,47.5000_-66.3000
1802,58,20,260000.0,520000.0,48.621877776771306,-64.95629392174571,-64.95629392174571,47.5,-66.3,-66.3,159.787202108842,47.5000_-66.3000
1803,59,20,280000.0,520000.0,48.61259266378009,-64.68419917861127,-64.68419917861127,47.5,-64.8,-64.8,124.0137999608569,47.5000_-64.8000
1804,60,20,300000.0,520000.0,48.60262189858336,-64.41221483020841,-64.41221483020841,47.5,-64.8,-64.8,125.9482738927608,47.5000_-64.8000
1833,5,21,-800000.0,540000.0,48.31087488828078,-79.37001239901325,-79.37001239901325,47.5,-79.8,-79.8,95.69216816080461,47.5000_-79.8000
1834,6,21,-780000.0,540000.0,48.33786632920081,-79.10227103420661,-79.10227103420661,47.5,-79.8,-79.8,106.6925153693676,47.5000_-79.8000
1835,7,21,-760000.0,540000.0,48.36419000777104,-78.83423030783007,-78.83423030783007,47.5,-79.8,-79.8,120.04379808636347,47.5000_-79.8000
1836,8,21,-740000.0,540000.0,48.38984474635997,-78.56589725121715,-78.56589725121715,47.5,-79.8,-79.8,135.05084401759686,47.5000_-79.8000
1837,9,21,-720000.0,540000.0,48.41482939541035,-78.297278943928,-78.297278943928,47.5,-78.3,-78.3,101.72472980584318,47.5000_-78.3000
1838,10,21,-700000.0,540000.0,48.43914283362947,-78.02838251273573,-78.02838251273573,47.5,-78.3,-78.3,106.36766439775553,47.5000_-78.3000
1839,11,21,-680000.0,540000.0,48.46278396817563,-77.75921513059372,-77.75921513059372,47.5,-78.3,-78.3,114.37277362266627,47.5000_-78.3000
1840,12,21,-660000.0,540000.0,48.48575173484034,-77.48978401558446,-77.48978401558446,47.5,-78.3,-78.3,125.0965408562607,47.5000_-78.3000
1841,13,21,-640000.0,540000.0,48.50804509822642,-77.2200964298499,-77.2200964298499,47.5,-78.3,-78.3,137.9064405406617,47.5000_-78.3000
1842,14,21,-620000.0,540000.0,48.52966305192173,-76.95015967850387,-76.95015967850387,47.5,-78.3,-78.3,152.27711707336655,47.5000_-78.3000
1843,15,21,-600000.0,540000.0,48.55060461866863,-76.67998110852687,-76.67998110852687,47.5,-76.8,-76.8,117.16248983341762,47.5000_-76.8000
1844,16,21,-580000.0,540000.0,48.570868850529074,-76.40956810764378,-76.40956810764378,47.5,-76.8,-76.8,122.56242241296248,47.5000_-76.8000
1845,17,21,-560000.0,540000.0,48.59045482904508,-76.1389281031845,-76.1389281031845,47.5,-76.8,-76.8,130.8321249499299,47.5000_-76.8000
1846,18,21,-540000.0,540000.0,48.60936166539467,-75.86806856092836,-75.86806856092836,47.5,-76.8,-76.8,141.46942390432415,47.5000_-76.8000
1847,19,21,-520000.0,540000.0,48.62758850054343,-75.59699698393251,-75.59699698393251,47.5,-76.8,-76.8,153.9846083687887,47.5000_-76.8000
1848,20,21,-500000.0,540000.0,48.64513450539095,-75.32572091134456,-75.32572091134456,47.5,-76.8,-76.8,167.95856746780055,47.5000_-76.8000
1849,21,21,-480000.0,540000.0,48.661998880912904,-75.05424791720034,-75.05424791720034,47.5,-75.3,-75.3,130.49171223512099,47.5000_-75.3000
1850,22,21,-460000.0,540000.0,48.67818085829807,-74.78258560920672,-74.78258560920672,47.5,-75.3,-75.3,136.5275745392535,47.5000_-75.3000
1851,23,21,-440000.0,540000.0,48.69367969908064,-74.5107416275105,-74.5107416275105,47.5,-75.3,-75.3,145.0949612016576,47.5000_-75.3000
1852,24,21,-420000.0,540000.0,48.70849469526745,-74.23872364345327,-74.23872364345327,47.5,-75.3,-75.3,155.77688420162283,47.5000_-75.3000
1853,25,21,-400000.0,540000.0,48.72262516946033,-73.96653935831326,-73.96653935831326,47.5,-75.3,-75.3,168.17101008947466,47.5000_-75.3000
1854,26,21,-380000.0,540000.0,48.73607047497339,-73.6941965020343,-73.6941965020343,47.5,-73.8,-73.8,137.66914187121526,47.5000_-73.8000
1855,27,21,-360000.0,540000.0,48.748829995945115,-73.42170283194255,-73.42170283194255,47.5,-73.8,-73.8,141.67362542075801,47.5000_-73.8000
1856,28,21,-340000.0,540000.0,48.76090314744546,-73.1490661314516,-73.1490661314516,47.5,-73.8,-73.8,148.29408261735733,47.5000_-73.8000
1857,29,21,-320000.0,540000.0,48.77228937557769,-72.87629420875626,-72.87629420875626,47.5,-73.8,-73.8,157.20045289974945,47.5000_-73.8000
1858,30,21,-300000.0,540000.0,48.78298815757491,-72.60339489551569,-72.60339489551569,47.5,-73.8,-73.8,168.02972684535396,47.5000_-73.8000
1859,31,21,-280000.0,540000.0,48.7929990018914,-72.33037604552649,-72.33037604552649,47.5,-73.8,-73.8,180.43609101182062,47.5000_-73.8000
1860,32,21,-260000.0,540000.0,48.802321448288644,-72.05724553338618,-72.05724553338618,47.5,-72.3,-72.3,145.92701731253533,47.5000_-72.3000
1861,33,21,-240000.0,540000.0,48.810955067915906,-71.78401125314763,-71.78401125314763,47.5,-72.3,-72.3,150.71208480455022,47.5000_-72.3000
1862,34,21,-220000.0,540000.0,48.81889946338544,-71.51068111696512,-71.51068111696512,47.5,-72.3,-72.3,157.90726217683408,47.5000_-72.3000
1863,35,21,-200000.0,540000.0,48.82615426884239,-71.23726305373246,-71.23726305373246,47.5,-72.3,-72.3,167.2017589436996,47.5000_-72.3000
1864,36,21,-180000.0,540000.0,48.83271915002891,-70.96376500771393,-70.96376500771393,47.5,-72.3,-72.3,178.26756588322132,47.5000_-72.3000
1865,37,21,-160000.0,540000.0,48.83859380434318,-70.69019493716839,-70.69019493716839,47.5,-70.8,-70.8,149.0675793199489,47.5000_-70.8000
1866,38,21,-140000.0,540000.0,48.84377796089268,-70.41656081296732,-70.41656081296732,47.5,-70.8,-70.8,152.10230896791595,47.5000_-70.8000
1867,39,21,-120000.0,540000.0,48.848271380541874,-70.14287061720746,-70.14287061720746,47.5,-70.8,-70.8,157.6395096830762,47.5000_-70.8000
1868,40,21,-100000.0,540000.0,48.85207385595447,-69.86913234181839,-69.86913234181839,47.5,-70.8,-70.8,165.42811890019863,47.5000_-70.8000
1869,41,21,-80000.0,540000.0,48.855185211630015,-69.59535398716584,-69.59535398716584,47.5,-70.8,-70.8,175.1681013594514,47.5000_-70.8000
1870,42,21,-60000.0,540000.0,48.85760530393492,-69.32154356065136,-69.32154356065136,47.5,-70.8,-70.8,186.55408013857712,47.5000_-70.8000
1871,43,21,-40000.0,540000.0,48.859334021127765,-69.0477090753089,-69.0477090753089,47.5,-69.3,-69.3,152.30409740143065,47.5000_-69.3000
1877,49,21,80000.0,540000.0,48.855185211630015,-67.40464601283416,-67.40464601283416,47.5,-67.8,-67.8,153.5141815437597,47.5000_-67.8000
1878,50,21,100000.0,540000.0,48.85207385595447,-67.13086765818161,-67.13086765818161,47.5,-67.8,-67.8,158.31771457222993,47.5000_-67.8000
1879,51,21,120000.0,540000.0,48.848271380541874,-66.85712938279254,-66.85712938279254,47.5,-67.8,-67.8,165.41916548559405,47.5000_-67.8000
1880,52,21,140000.0,540000.0,48.84377796089268,-66.58343918703268,-66.58343918703268,47.5,-67.8,-67.8,174.53823597653653,47.5000_-67.8000
1881,53,21,160000.0,540000.0,48.83859380434318,-66.30980506283161,-66.30980506283161,47.5,-67.8,-67.8,185.37737133599987,47.5000_-67.8000
1882,54,21,180000.0,540000.0,48.83271915002891,-66.03623499228607,-66.03623499228607,47.5,-66.3,-66.3,149.4770740208561,47.5000_-66.3000
1883,55,21,200000.0,540000.0,48.82615426884239,-65.76273694626755,-65.76273694626755,47.5,-66.3,-66.3,152.74983758653718,47.5000_-66.3000
1884,56,21,220000.0,540000.0,48.81889946338544,-65.48931888303488,-65.48931888303488,47.5,-66.3,-66.3,158.50144522045977,47.5000_-66.3000
1885,57,21,240000.0,540000.0,48.810955067915906,-65.21598874685239,-65.21598874685239,47.5,-66.3,-66.3,166.47510026836005,47.5000_-66.3000
1886,58,21,260000.0,540000.0,48.802321448288644,-64.94275446661382,-64.94275446661382,47.5,-66.3,-66.3,176.3696129678807,47.5000_-66.3000
1887,59,21,280000.0,540000.0,48.7929990018914,-64.66962395447351,-64.66962395447351,47.5,-64.8,-64.8,144.10008327334836,47.5000_-64.8000
1888,60,21,300000.0,540000.0,48.78298815757491,-64.39660510448431,-64.39660510448431,47.5,-64.8,-64.8,145.76752367811264,47.5000_-64.8000
1917,5,22,-800000.0,560000.0,48.48938765857384,-79.41112866069922,-79.41112866069922,47.5,-79.8,-79.8,113.75647079461449,47.5000_-79.8000
1918,6,22,-780000.0,560000.0,48.51648630360121,-79.1424049325458,-79.1424049325458,47.5,-79.8,-79.8,123.15940353001096,47.5000_-79.8000
1919,7,22,-760000.0,560000.0,48.54291461385324,-78.87337848098426,-78.87337848098426,47.5,-79.8,-79.8,134.8963970946743,47.5000_-79.8000
1920,8,22,-740000.0,560000.0,48.568671401139625,-78.60405641139431,-78.60405641139431,47.5,-79.8,-79.8,148.41498679522593,47.5000_-79.8000
1921,9,22,-720000.0,560000.0,48.59375550557625,-78.33444587827618,-78.33444587827618,47.5,-79.8,-79.8,163.27345884320684,47.5000_-79.8000
1922,10,22,-700000.0,560000.0,48.618165795778815,-78.06455408422028,-78.06455408422028,47.5,-78.3,-78.3,125.55959736667502,47.5000_-78.3000
1923,11,22,-680000.0,560000.0,48.641901169052254,-77.79438827885716,-77.79438827885716,47.5,-78.3,-78.3,132.41395971651104,47.5000_-78.3000
1924,12,22,-660000.0,560000.0,48.66496055157595,-77.52395575778858,-77.52395575778858,47.5,-78.3,-78.3,141.78447502409182,47.5000_-78.3000
1925,13,22,-640000.0,560000.0,48.687342898584824,-77.25326386149958,-77.25326386149958,47.5,-78.3,-78.3,153.21037704475253,47.5000_-78.3000
1926,14,22,-620000.0,560000.0,48.70904719454596,-76.98231997425225,-76.98231997425225,47.5,-78.3,-78.3,166.26865532209703,47.5000_-78.3000
1927,15,22,-600000.0,560000.0,48.73007245333084,-76.71113152296135,-76.71113152296135,47.5,-76.8,-76.8,136.93699525226896,47.5000_-76.8000
1928,16,22,-580000.0,560000.0,48.750417718383254,-76.43970597605227,-76.43970597605227,47.5,-76.8,-76.8,141.5881856403467,47.5000_-76.8000
1929,17,22,-560000.0,560000.0,48.770082062882366,-76.16805084230177,-76.16805084230177,47.5,-76.8,-76.8,148.80813168013765,47.5000_-76.8000
1930,18,22,-540000.0,560000.0,48.78906458990144,-75.89617366966186,-75.89617366966186,47.5,-76.8,-76.8,158.24579897867636,47.5000_-76.8000
1931,19,22,-520000.0,560000.0,48.80736443256172,-75.62408204406715,-75.62408204406715,47.5,-76.8,-76.8,169.53136850726108,47.5000_-76.8000
1932,20,22,-500000.0,560000.0,48.82498075418153,-75.35178358822634,-75.35178358822634,47.5,-76.8,-76.8,182.32214697835605,47.5000_-76.8000
1933,21,22,-480000.0,560000.0,48.841912748420654,-75.07928596039812,-75.07928596039812,47.5,-75.3,-75.3,150.10890664056,47.5000_-75.3000
1934,22,22,-460000.0,560000.0,48.85815963941972,-74.80659685315203,-74.80659685315203,47.5,-75.3,-75.3,155.38757446819835,47.5000_-75.3000
1935,23,22,-440000.0,560000.0,48.87372068193473,-74.53372399211464,-74.53372399211464,47.5,-75.3,-75.3,162.96981558642165,47.5000_-75.3000
1936,24,22,-420000.0,560000.0,48.88859516146644,-74.2606751347018,-74.2606751347018,47.5,-75.3,-75.3,172.55235020501138,47.5000_-75.3000
1937,25,22,-400000.0,560000.0,48.90278239438484,-73.98745806883707,-73.98745806883707,47.5,-75.3,-75.3,183.82272997650168,47.5000_-75.3000
1938,26,22,-380000.0,560000.0,48.91628172804838,-73.71408061165731,-73.71408061165731,47.5,-73.8,-73.8,157.61218092338098,47.5000_-73.8000
1939,27,22,-360000.0,560000.0,48.92909254091801,-73.44055060820541,-73.44055060820541,47.5,-73.8,-73.8,161.1239145484625,47.5000_-73.8000
1940,28,22,-340000.0,560000.0,48.94121424266612,-73.16687593011126,-73.16687593011126,47.5,-73.8,-73.8,166.9775345733623,47.5000_-73.8000
1941,29,22,-320000.0,560000.0,48.95264627428008,-72.89306447426101,-72.89306447426101,47.5,-73.8,-73.8,174.93820569820784,47.5000_-73.8000
1942,30,22,-300000.0,560000.0,48.96338810816047,-72.61912416145546,-72.61912416145546,47.5,-73.8,-73.8,184.73381398718638,47.5000_-73.8000
1943,31,22,-280000.0,560000.0,48.973439248213964,-72.34506293505817,-72.34506293505817,47.5,-73.8,-73.8,196.08962987661823,47.5000_-73.8000
1944,32,22,-260000.0,560000.0,48.98279922994086,-72.07088875963342,-72.07088875963342,47.5,-72.3,-72.3,165.75043269068752,47.5000_-72.3000
1945,33,22,-240000.0,560000.0,48.99146762051695,-71.79660961957536,-71.79660961957536,47.5,-72.3,-72.3,169.98021181151407,47.5000_-72.3000
1946,34,22,-220000.0,560000.0,48.999444018870165,-71.5222335177281,-71.5222335177281,47.5,-72.3,-72.3,176.3934243582483,47.5000_-72.3000
1947,35,22,-200000.0,560000.0,49.006728055751545,-71.24776847399795,-71.24776847399795,49.0,-72.3,-72.3,76.75870070700473,49.0000_-72.3000
1948,36,22,-180000.0,560000.0,49.013319393800614,-70.97322252395807,-70.97322252395807,49.0,-72.3,-72.3,96.78628548560813,49.0000_-72.3000
1949,37,22,-160000.0,560000.0,49.019217727605316,-70.69860371744632,-70.69860371744632,49.0,-70.8,-70.8,7.698026793061881,49.0000_-70.8000
1950,38,22,-140000.0,560000.0,49.02442278375614,-70.42392011715675,-70.42392011715675,49.0,-70.8,-70.8,27.562585516742484,49.0000_-70.8000
1951,39,22,-120000.0,560000.0,49.0289343208948,-70.14917979722549,-70.14917979722549,49.0,-70.8,-70.8,47.57266274158902,49.0000_-70.8000
1952,40,22,-100000.0,560000.0,49.032752129757135,-69.87439084181153,-69.87439084181153,49.0,-70.8,-70.8,67.59923097007497,49.0000_-70.8000
1953,41,22,-80000.0,560000.0,49.03587603321033,-69.59956134367323,-69.59956134367323,49.0,-70.8,-70.8,87.63102865645325,49.0000_-70.8000
1954,42,22,-60000.0,560000.0,49.038305886284455,-69.32469940274078,-69.32469940274078,49.0,-70.8,-70.8,107.66516179662347,49.0000_-70.8000
1955,43,22,-40000.0,560000.0,49.04004157619835,-69.04981312468573,-69.04981312468573,49.0,-69.3,-69.3,18.779368503198164,49.0000_-69.3000
1956,44,22,-20000.0,560000.0,49.04108302237967,-68.7749106194878,-68.7749106194878,49.0,-69.3,-69.3,38.561219060967225,49.0000_-69.3000
1963,51,22,120000.0,560000.0,49.0289343208948,-66.85082020277451,-66.85082020277451,49.0,-67.8,-67.8,69.29733384098174,49.0000_-67.8000
1964,52,22,140000.0,560000.0,49.02442278375614,-66.57607988284325,-66.57607988284325,49.0,-67.8,-67.8,89.30406681010753,49.0000_-67.8000
1965,53,22,160000.0,560000.0,49.019217727605316,-66.30139628255368,-66.30139628255368,49.0,-67.8,-67.8,109.32196164808485,49.0000_-67.8000
1966,54,22,180000.0,560000.0,49.013319393800614,-66.02677747604193,-66.02677747604193,49.0,-66.3,-66.3,19.984010703443108,49.0000_-66.3000
1967,55,22,200000.0,560000.0,49.006728055751545,-65.75223152600205,-65.75223152600205,49.0,-66.3,-66.3,39.96422118381721,49.0000_-66.3000
1968,56,22,220000.0,560000.0,48.999444018870165,-65.4777664822719,-65.4777664822719,47.5,-66.3,-66.3,177.49530713234253,47.5000_-66.3000
1969,57,22,240000.0,560000.0,48.99146762051695,-65.20339038042464,-65.20339038042464,47.5,-66.3,-66.3,184.651542288035,47.5000_-66.3000
1970,58,22,260000.0,560000.0,48.98279922994086,-64.92911124036658,-64.92911124036658,47.5,-66.3,-66.3,193.62076678868385,47.5000_-66.3000
1971,59,22,280000.0,560000.0,48.973439248213964,-64.65493706494185,-64.65493706494185,47.5,-64.8,-64.8,164.190979167804,47.5000_-64.8000
1972,60,22,300000.0,560000.0,48.96338810816047,-64.38087583854454,-64.38087583854454,47.5,-64.8,-64.8,165.6556584542226,47.5000_-64.8000
2001,5,23,-800000.0,580000.0,48.667922417278966,-79.45255470956268,-79.45255470956268,47.5,-79.8,-79.8,132.406581827301,47.5000_-79.8000
2002,6,23,-780000.0,580000.0,48.695128828233095,-79.18284156264886,-79.18284156264886,47.5,-79.8,-79.8,140.57246760625767,47.5000_-79.8000
2003,7,23,-760000.0,580000.0,48.72166231961338,-78.91282228035418,-78.91282228035418,47.5,-79.8,-79.8,150.9668869353515,47.5000_-79.8000
2004,8,23,-740000.0,580000.0,48.747521692535464,-78.6425040431152,-78.6425040431152,47.5,-79.8,-79.8,163.16471414345494,47.5000_-79.8000
2005,9,23,-720000.0,580000.0,48.772705776655876,-78.37189408140273,-78.37189408140273,47.5,-79.8,-79.8,176.7932650980001,47.5000_-79.8000
2006,10,23,-700000.0,580000.0,48.797213430368835,-78.10099967467443,-78.10099967467443,47.5,-78.3,-78.3,144.99718337871582,47.5000_-78.3000
2007,11,23,-680000.0,580000.0,48.82104354099869,-77.82982815030714,-77.82982815030714,47.5,-78.3,-78.3,150.97558774043537,47.5000_-78.3000
2008,12,23,-660000.0,580000.0,48.844195024988444,-77.55838688250977,-77.55838688250977,47.5,-78.3,-78.3,159.26198185457076,47.5000_-78.3000
2009,13,23,-640000.0,580000.0,48.86666682808362,-77.28668329121686,-77.28668329121686,47.5,-78.3,-78.3,169.5184333570034,47.5000_-78.3000
2010,14,23,-620000.0,580000.0,48.88845792551198,-77.01472484096313,-77.01472484096313,47.5,-78.3,-78.3,181.41127306278182,47.5000_-78.3000
2011,15,23,-600000.0,580000.0,48.90956732215864,-76.74251903973968,-76.74251903973968,47.5,-76.8,-76.8,156.79481368495894,47.5000_-76.8000
2012,16,23,-580000.0,580000.0,48.929994052736625,-76.47007343783181,-76.47007343783181,47.5,-76.8,-76.8,160.87594362765287,47.5000_-76.8000
2013,17,23,-560000.0,580000.0,48.94973718195295,-76.19739562663936,-76.19739562663936,47.5,-76.8,-76.8,167.26884014709708,47.5000_-76.8000
2014,18,23,-540000.0,580000.0,48.9687958046698,-75.92449323747961,-75.92449323747961,47.5,-76.8,-76.8,175.72152472189615,47.5000_-76.8000
2015,19,23,-520000.0,580000.0,48.98716904606111,-75.6513739403733,-75.6513739403733,47.5,-76.8,-76.8,185.95345706507783,47.5000_-76.8000
2016,20,23,-500000.0,580000.0,49.004856061764166,-75.3780454428144,-75.3780454428144,49.0,-76.8,-76.8,103.7271795874512,49.0000_-76.8000
2017,21,23,-480000.0,580000.0,49.02185603802642,-75.1045154885237,-75.1045154885237,49.0,-75.3,-75.3,14.463211242900933,49.0000_-75.3000
2018,22,23,-460000.0,580000.0,49.03816819184728,-74.83079185618719,-74.83079185618719,49.0,-75.3,-75.3,34.47802527732367,49.0000_-75.3000
2019,23,23,-440000.0,580000.0,49.05379177111488,-74.55688235817924,-74.55688235817924,49.0,-75.3,-75.3,54.510483132527675,49.0000_-75.3000
2020,24,23,-420000.0,580000.0,49.06872605473774,-74.2827948392714,-74.2827948392714,49.0,-75.3,-75.3,74.54661129989255,49.0000_-75.3000
2021,25,23,-400000.0,580000.0,49.08297035277126,-74.00853717532729,-74.00853717532729,49.0,-75.3,-75.3,94.58426047523764,49.0000_-75.3000
2022,26,23,-380000.0,580000.0,49.09652400653914,-73.73411727198392,-73.73411727198392,49.0,-73.8,-73.8,11.75805061455831,49.0000_-73.8000
2023,27,23,-360000.0,580000.0,49.10938638874922,-73.45954306332023,-73.45954306332023,49.0,-73.8,-73.8,27.63042026429878,49.0000_-73.8000
2024,28,23,-340000.0,580000.0,49.12155690360441,-73.18482251051309,-73.18482251051309,49.0,-73.8,-73.8,46.816233526072025,49.0000_-73.8000
2025,29,23,-320000.0,580000.0,49.133034986907944,-72.90996360048175,-72.90996360048175,49.0,-73.8,-73.8,66.50743676472085,49.0000_-73.8000
2026,30,23,-300000.0,580000.0,49.14382010616331,-72.63497434452074,-72.63497434452074,49.0,-73.8,-73.8,86.35916044291453,49.0000_-73.8000
2027,31,23,-280000.0,580000.0,49.15391176066879,-72.35986277692245,-72.35986277692245,49.0,-73.8,-73.8,106.28160652578578,49.0000_-73.8000
2028,32,23,-260000.0,580000.0,49.163309481606376,-72.08463695358921,-72.08463695358921,49.0,-72.3,-72.3,23.995365760195632,49.0000_-72.3000
2029,33,23,-240000.0,580000.0,49.172012832125255,-71.80930495063622,-71.80930495063622,49.0,-72.3,-72.3,40.53140393736989,49.0000_-72.3000
2030,34,23,-220000.0,580000.0,49.180021407419574,-71.53387486298533,-71.53387486298533,49.0,-72.3,-72.3,59.27040089771211,49.0000_-72.3000
2031,35,23,-200000.0,580000.0,49.18733483480073,-71.25835480295078,-71.25835480295078,49.0,-72.3,-72.3,78.65337027706917,49.0000_-72.3000
2032,36,23,-180000.0,580000.0,49.19395277376392,-70.98275289881693,-70.98275289881693,49.0,-72.3,-72.3,98.30018829592824,49.0000_-72.3000
2033,37,23,-160000.0,580000.0,49.19987491604904,-70.70707729340923,-70.70707729340923,49.0,-70.8,-70.8,23.231926370339668,49.0000_-70.8000
2034,38,23,-140000.0,580000.0,49.20510098569581,-70.43133614265848,-70.43133614265848,49.0,-70.8,-70.8,35.21988172173382,49.0000_-70.8000
2035,39,23,-120000.0,580000.0,49.20963073909328,-70.15553761415948,-70.15553761415948,49.0,-70.8,-70.8,52.3863557961276,49.0000_-70.8000
2036,40,23,-100000.0,580000.0,49.213463965023394,-69.87968988572445,-69.87968988572445,49.0,-70.8,-70.8,71.07322132523463,49.0000_-70.8000
2037,41,23,-80000.0,580000.0,49.216600484699015,-69.60380114393175,-69.60380114393175,49.0,-70.8,-70.8,90.34193442103754,49.0000_-70.8000
2038,42,23,-60000.0,580000.0,49.21904015179591,-69.3278795826709,-69.3278795826709,49.0,-70.8,-70.8,109.88686219469888,49.0000_-70.8000
2039,43,23,-40000.0,580000.0,49.22078285247911,-69.0519334016843,-69.0519334016843,49.0,-69.3,-69.3,30.475135768652184,49.0000_-69.3000
2040,44,23,-20000.0,580000.0,49.22182850542325,-68.77597080510623,-68.77597080510623,49.0,-69.3,-69.3,45.42353514866942,49.0000_-69.3000
2041,45,23,0.0,580000.0,49.22217706182728,-68.5,-68.5,49.0,-69.3,-69.3,63.25373289279852,49.0000_-69.3000
2042,46,23,20000.0,580000.0,49.22182850542325,-68.22402919489377,-68.22402919489377,49.0,-69.3,-69.3,82.10934694798473,49.0000_-69.3000
2050,54,23,180000.0,580000.0,49.19395277376392,-66.01724710118307,-66.01724710118307,49.0,-66.3,-66.3,29.814948447289275,49.0000_-66.3000
2051,55,23,200000.0,580000.0,49.18733483480073,-65.74164519704922,-65.74164519704922,49.0,-66.3,-66.3,45.681326970979704,49.0000_-66.3000
2052,56,23,220000.0,580000.0,49.180021407419574,-65.46612513701467,-65.46612513701467,49.0,-66.3,-66.3,63.935603990295775,49.0000_-66.3000
2053,57,23,240000.0,580000.0,49.172012832125255,-65.1906950493638,-65.1906950493638,49.0,-66.3,-66.3,83.01713935354837,49.0000_-66.3000
2054,58,23,260000.0,580000.0,49.163309481606376,-64.91536304641079,-64.91536304641079,49.0,-66.3,-66.3,102.46469638867539,49.0000_-66.3000
2085,5,24,-800000.0,600000.0,48.84647741751158,-79.49429403186059,-79.49429403186059,47.5,-79.8,-79.8,151.42773777767943,47.5000_-79.8000
2086,6,24,-780000.0,600000.0,48.87379216140463,-79.22358433664361,-79.22358433664361,47.5,-79.8,-79.8,158.62186031887583,47.5000_-79.8000
2087,7,24,-760000.0,600000.0,48.90043138845358,-78.95256504300805,-78.95256504300805,47.5,-79.8,-79.8,167.9073023941996,47.5000_-79.8000
2088,8,24,-740000.0,600000.0,48.926393888942556,-78.68124340747455,-78.68124340747455,47.5,-79.8,-79.8,178.95903173927863,47.5000_-79.8000
2089,9,24,-720000.0,600000.0,48.95167848193384,-78.40962673753221,-78.40962673753221,47.5,-79.8,-79.8,191.47162297107047,47.5000_-79.8000
2090,10,24,-700000.0,600000.0,48.97628401546796,-78.13772239057344,-78.13772239057344,47.5,-78.3,-78.3,164.59476075877785,47.5000_-78.3000
2091,11,24,-680000.0,600000.0,49.00020936675946,-77.86553777280864,-77.86553777280864,49.0,-78.3,-78.3,31.69415118930939,49.0000_-78.3000
2092,12,24,-660000.0,600000.0,49.023453442388316,-77.59308033816039,-77.59308033816039,49.0,-78.3,-78.3,51.62375199070531,49.0000_-78.3000
2093,13,24,-640000.0,600000.0,49.04601517848716,-77.32035758713815,-77.32035758713815,49.0,-78.3,-78.3,71.6149339957679,49.0000_-78.3000
2094,14,24,-620000.0,600000.0,49.06789354092378,-77.0473770656933,-77.0473770656933,49.0,-78.3,-78.3,91.6276909337072,49.0000_-78.3000
2095,15,24,-600000.0,600000.0,49.08908752547928,-76.77414636405533,-76.77414636405533,49.0,-76.8,-76.8,10.083723406610508,49.0000_-76.8000
2096,16,24,-580000.0,600000.0,49.10959615802157,-76.50067311554932,-76.50067311554932,49.0,-76.8,-76.8,24.985497095867974,49.0000_-76.8000
2097,17,24,-560000.0,600000.0,49.12941849467409,-76.2269649953953,-76.2269649953953,49.0,-76.8,-76.8,44.15935518752562,49.0000_-76.8000
2098,18,24,-540000.0,600000.0,49.14855362197984,-75.95302971948985,-75.95302971948985,49.0,-76.8,-76.8,63.867436499035094,49.0000_-76.8000
2099,19,24,-520000.0,600000.0,49.1670006570606,-75.6788750431703,-75.6788750431703,49.0,-76.8,-76.8,83.73363766627709,49.0000_-76.8000
2100,20,24,-500000.0,600000.0,49.18475874777107,-75.40450875996216,-75.40450875996216,49.0,-76.8,-76.8,103.66729779622534,49.0000_-76.8000
2101,21,24,-480000.0,600000.0,49.20182707284822,-75.12993870031023,-75.12993870031023,49.0,-75.3,-75.3,25.63078915480769,49.0000_-75.3000
2102,22,24,-460000.0,600000.0,49.218204842055485,-74.85517273029373,-74.85517273029373,49.0,-75.3,-75.3,40.46126751592875,49.0000_-75.3000
2103,23,24,-440000.0,600000.0,49.23389129632191,-74.58021875032608,-74.58021875032608,49.0,-75.3,-75.3,58.48542407417188,49.0000_-75.3000
2104,24,24,-420000.0,600000.0,49.24888570787596,-74.30508469383987,-74.30508469383987,49.0,-75.3,-75.3,77.50655064320395,49.0000_-75.3000
2105,25,24,-400000.0,600000.0,49.26318738037435,-74.02977852595743,-74.02977852595743,49.0,-75.3,-75.3,96.93972095337197,49.0000_-75.3000
2106,26,24,-380000.0,600000.0,49.27679564902538,-73.75430824214756,-73.75430824214756,49.0,-73.8,-73.8,30.95728156967862,49.0000_-73.8000
2107,27,24,-360000.0,600000.0,49.28970988070694,-73.47868186686915,-73.47868186686915,49.0,-73.8,-73.8,39.79961781783854,49.0000_-73.8000
2108,28,24,-340000.0,600000.0,49.30192947407921,-73.20290745220198,-73.20290745220198,49.0,-73.8,-73.8,54.890262012835834,49.0000_-73.8000
2109,29,24,-320000.0,600000.0,49.31345385969177,-72.92699307646534,-72.92699307646534,49.0,-73.8,-73.8,72.42357966895503,49.0000_-73.8000
2110,30,24,-300000.0,600000.0,49.324282500085346,-72.65094684282528,-72.65094684282528,49.0,-73.8,-73.8,90.99855544925008,49.0000_-73.8000
2111,31,24,-280000.0,600000.0,49.33441488988788,-72.37477687789075,-72.37477687789075,49.0,-73.8,-73.8,110.08928467849353,49.0000_-73.8000
2112,32,24,-260000.0,600000.0,49.34385055590501,-72.09849133029945,-72.09849133029945,49.0,-72.3,-72.3,40.94479846836909,49.0000_-72.3000
2113,33,24,-240000.0,600000.0,49.35258905720507,-71.82209836929384,-71.82209836929384,49.0,-72.3,-72.3,52.382643190679545,49.0000_-72.3000
2114,34,24,-220000.0,600000.0,49.36062998519812,-71.54560618328813,-71.54560618328813,49.0,-72.3,-72.3,67.9317074134783,49.0000_-72.3000
2115,35,24,-200000.0,600000.0,49.36797296370958,-71.26902297842658,-71.26902297842658,49.0,-72.3,-72.3,85.37458998907161,49.0000_-72.3000
2116,36,24,-180000.0,600000.0,49.374617649047835,-70.99235697713407,-70.99235697713407,49.0,-72.3,-72.3,103.76062695284179,49.0000_-72.3000
2117,37,24,-160000.0,600000.0,49.38056373006629,-70.71561641665932,-70.71561641665932,49.0,-70.8,-70.8,42.7588224623991,49.0000_-70.8000
2118,38,24,-140000.0,600000.0,49.385810928219406,-70.43880954761144,-70.43880954761144,49.0,-70.8,-70.8,50.2923032873169,49.0000_-70.8000
2119,39,24,-120000.0,600000.0,49.39035899761307,-70.16194463249069,-70.16194463249069,49.0,-70.8,-70.8,63.51085688851936,49.0000_-70.8000
2120,40,24,-100000.0,600000.0,49.394207725048986,-69.88502994421364,-69.88502994421364,49.0,-70.8,-70.8,79.63206581773093,49.0000_-70.8000
2121,41,24,-80000.0,600000.0,49.39735693006328,-69.60807376463391,-69.60807376463391,49.0,-70.8,-70.8,97.22260002930754,49.0000_-70.8000
2122,42,24,-60000.0,600000.0,49.39980646495906,-69.33108438305881,-69.33108438305881,49.0,-70.8,-70.8,115.61374572933718,49.0000_-70.8000
2123,43,24,-40000.0,600000.0,49.401556214833235,-69.05407009476255,-69.05407009476255,49.0,-69.3,-69.3,48.09352718648516,49.0000_-69.3000
2124,44,24,-20000.0,600000.0,49.402606097597314,-68.77703919949697,-68.77703919949697,49.0,-69.3,-69.3,58.71802103069668,49.0000_-69.3000
2125,45,24,0.0,600000.0,49.40295606399224,-68.5,-68.5,49.0,-69.3,-69.3,73.38896207123167,49.0000_-69.3000
2126,46,24,20000.0,600000.0,49.402606097597314,-68.22296080050303,-68.22296080050303,49.0,-69.3,-69.3,90.1520276858929,49.0000_-69.3000
2127,47,24,40000.0,600000.0,49.401556214833235,-67.94592990523745,-67.94592990523745,49.0,-69.3,-69.3,108.03771701434765,49.0000_-69.3000
2128,48,24,60000.0,600000.0,49.39980646495906,-67.66891561694119,-67.66891561694119,49.0,-67.8,-67.8,45.46526889332202,49.0000_-67.8000
2129,49,24,80000.0,600000.0,49.39735693006328,-67.39192623536609,-67.39192623536609,49.0,-67.8,-67.8,53.210493493694024,49.0000_-67.8000
2145,65,24,400000.0,600000.0,49.26318738037435,-62.970221474042575,-62.970221474042575,49.0,-63.3,-63.3,37.8437515030337,49.0000_-63.3000
2146,66,24,420000.0,600000.0,49.24888570787596,-62.69491530616014,-62.69491530616014,49.0,-63.3,-63.3,52.00566663550722,49.0000_-63.3000
2147,67,24,440000.0,600000.0,49.23389129632191,-62.41978124967392,-62.41978124967392,49.0,-63.3,-63.3,69.1389734079966,49.0000_-63.3000
2148,68,24,460000.0,600000.0,49.218204842055485,-62.14482726970627,-62.14482726970627,49.0,-63.3,-63.3,87.51535183562167,49.0000_-63.3000
2149,69,24,480000.0,600000.0,49.20182707284822,-61.870061299689766,-61.870061299689766,49.0,-63.3,-63.3,106.49303644828976,49.0000_-63.3000
2168,6,25,-780000.0,620000.0,49.05247455273575,-79.2646367177263,-79.2646367177263,49.0,-79.8,-79.8,39.4680692204333,49.0000_-79.8000
2169,7,25,-760000.0,620000.0,49.07922007516313,-78.99261015605515,-78.99261015605515,49.0,-79.8,-79.8,59.50796029085695,49.0000_-79.8000
2170,8,25,-740000.0,620000.0,49.105286250217105,-78.72027781456059,-78.72027781456059,49.0,-79.8,-79.8,79.54851792407393,49.0000_-79.8000
2171,9,25,-720000.0,620000.0,49.13067188622851,-78.44764707881495,-78.44764707881495,49.0,-79.8,-79.8,99.58964596105028,49.0000_-79.8000
2172,10,25,-700000.0,620000.0,49.15537582074983,-78.17472538523108,-78.17472538523108,49.0,-78.3,-78.3,19.538512607964197,49.0000_-78.3000
2173,11,25,-680000.0,620000.0,49.17939692075409,-77.90152021995857,-77.90152021995857,49.0,-78.3,-78.3,35.212235337769414,49.0000_-78.3000
2174,12,25,-660000.0,620000.0,49.20273408282959,-77.62803911775922,-77.62803911775922,49.0,-78.3,-78.3,53.86402153772601,49.0000_-78.3000
2175,13,25,-640000.0,620000.0,49.22538623337021,-77.35428966086226,-77.35428966086226,49.0,-78.3,-78.3,73.25368241211436,49.0000_-78.3000
2176,14,25,-620000.0,620000.0,49.247352328761075,-77.0802794777997,-77.0802794777997,49.0,-78.3,-78.3,92.92072418413065,49.0000_-78.3000
2177,15,25,-600000.0,620000.0,49.26863135555965,-76.80601624222199,-76.80601624222199,49.0,-78.3,-78.3,112.72026943746879,49.0000_-78.3000
2178,16,25,-580000.0,620000.0,49.289222330672146,-76.5315076716947,-76.5315076716947,49.0,-76.8,-76.8,37.62549486636502,49.0000_-76.8000
2179,17,25,-560000.0,620000.0,49.309124301525145,-76.25676152647662,-76.25676152647662,49.0,-76.8,-76.8,52.366412289011706,49.0000_-76.8000
2180,18,25,-540000.0,620000.0,49.32833634623244,-75.98178560827938,-75.98178560827938,49.0,-76.8,-76.8,69.80095333472485,49.0000_-76.8000
2181,19,25,-520000.0,620000.0,49.34685757375687,-75.70658775900952,-75.70658775900952,49.0,-76.8,-76.8,88.34883707663957,49.0000_-76.8000
2182,20,25,-500000.0,620000.0,49.36468712406727,-75.43117585949322,-75.43117585949322,49.0,-76.8,-76.8,107.43516065612535,49.0000_-76.8000
2183,21,25,-480000.0,620000.0,49.38182416829015,-75.15555782818412,-75.15555782818412,49.0,-75.3,-75.3,43.73525523419655,49.0000_-75.3000
2184,22,25,-460000.0,620000.0,49.398267908856596,-74.879741619855,-74.879741619855,49.0,-75.3,-75.3,53.792040352293604,49.0000_-75.3000
2185,23,25,-440000.0,620000.0,49.41401757964356,-74.6037352242735,-74.6037352242735,49.0,-75.3,-75.3,68.39435923342988,49.0000_-75.3000
2186,24,25,-420000.0,620000.0,49.42907244611025,-74.32754666486272,-74.32754666486272,49.0,-75.3,-75.3,85.23744381245156,49.0000_-75.3000
2187,25,25,-400000.0,620000.0,49.4434318054289,-74.051183997347,-74.051183997347,49.0,-75.3,-75.3,103.23040534477504,49.0000_-75.3000
2188,26,25,-380000.0,620000.0,49.45709498661043,-73.77465530838354,-73.77465530838354,49.0,-73.8,-73.8,50.86002207321834,49.0000_-73.8000
2189,27,25,-360000.0,620000.0,49.470061350624434,-73.49796871418046,-73.49796871418046,49.0,-73.8,-73.8,56.682202618203405,49.0000_-73.8000
2190,28,25,-340000.0,620000.0,49.48233029051383,-73.22113235910177,-73.22113235910177,49.0,-73.8,-73.8,68.13527672080284,49.0000_-73.8000
2191,29,25,-320000.0,620000.0,49.49390123150383,-72.9441544142598,-72.9441544142598,49.0,-73.8,-73.8,82.91803344198689,49.0000_-73.8000
2192,30,25,-300000.0,620000.0,49.504773631105444,-72.66704307609601,-72.66704307609601,49.0,-73.8,-73.8,99.55827318968005,49.0000_-73.8000
2193,31,25,-280000.0,620000.0,49.514946979213214,-72.38980656495022,-72.38980656495022,49.0,-73.8,-73.8,117.26801287363043,49.0000_-73.8000
2194,32,25,-260000.0,620000.0,49.524420798197355,-72.11245312361952,-72.11245312361952,49.0,-72.3,-72.3,59.88003523082139,49.0000_-72.3000
2195,33,25,-240000.0,620000.0,49.53319464299008,-71.83499101590685,-71.83499101590685,49.0,-72.3,-72.3,68.21679538586454,49.0000_-72.3000
2196,34,25,-220000.0,620000.0,49.54126810116621,-71.5574285251604,-71.5574285251604,49.0,-72.3,-72.3,80.77680077810699,49.0000_-72.3000
2197,35,25,-200000.0,620000.0,49.548640793017846,-71.27977395280415,-71.27977395280415,49.0,-72.3,-72.3,95.91515315996334,49.0000_-72.3000
2198,36,25,-180000.0,620000.0,49.55531237162344,-71.00203561686035,-71.00203561686035,49.0,-72.3,-72.3,112.59671876013576,49.0000_-72.3000
2199,37,25,-160000.0,620000.0,49.56128252291068,-70.7242218504645,-70.7242218504645,49.0,-70.8,-70.8,62.653441354724485,49.0000_-70.8000
2200,38,25,-140000.0,620000.0,49.5665509657137,-70.44634100037352,-70.44634100037352,49.0,-70.8,-70.8,68.02009562466293,49.0000_-70.8000
2201,39,25,-120000.0,620000.0,49.57111745182422,-70.1684014254678,-70.1684014254678,49.0,-70.8,-70.8,78.30366548697693,49.0000_-70.8000
2202,40,25,-100000.0,620000.0,49.57498176603674,-69.89041149524787,-69.89041149524787,49.0,-70.8,-70.8,91.86759374118135,49.0000_-70.8000
2203,41,25,-80000.0,620000.0,49.57814372618784,-69.61237958832604,-69.61237958832604,49.0,-70.8,-70.8,107.47703360922775,49.0000_-70.8000
2204,42,25,-60000.0,620000.0,49.58060318318931,-69.33431409091418,-69.33431409091418,49.0,-70.8,-70.8,124.36415453590553,49.0000_-70.8000
2205,43,25,-40000.0,620000.0,49.58236002105548,-69.0562233953079,-69.0562233953079,49.0,-69.3,-69.3,67.12549739269511,49.0000_-69.3000
2206,44,25,-20000.0,620000.0,49.58341415692423,-68.77811589836801,-68.77811589836801,49.0,-69.3,-69.3,75.1059264342733,49.0000_-69.3000
2207,45,25,0.0,620000.0,49.5837655410723,-68.5,-68.5,49.0,-69.3,-69.3,87.05986188614173,49.0000_-69.3000
2208,46,25,20000.0,620000.0,49.58341415692423,-68.22188410163199,-68.22188410163199,49.0,-69.3,-69.3,101.5942419521905,49.0000_-69.3000
2209,47,25,40000.0,620000.0,49.58236002105548,-67.94377660469212,-67.94377660469212,49.0,-69.3,-69.3,117.75741557347992,49.0000_-69.3000
2210,48,25,60000.0,620000.0,49.58060318318931,-67.66568590908582,-67.66568590908582,49.0,-67.8,-67.8,65.29093046932024,49.0000_-67.8000
2211,49,25,80000.0,620000.0,49.57814372618784,-67.38762041167396,-67.38762041167396,49.0,-67.8,-67.8,70.90311905095604,49.0000_-67.8000
2225,63,25,360000.0,620000.0,49.470061350624434,-63.50203128581954,-63.50203128581954,49.0,-64.8,-64.8,107.76217795611369,49.0000_-64.8000
2226,64,25,380000.0,620000.0,49.45709498661043,-63.22534469161647,-63.22534469161647,49.0,-63.3,-63.3,51.11499272354803,49.0000_-63.3000
2227,65,25,400000.0,620000.0,49.4434318054289,-62.948816002653004,-62.948816002653004,49.0,-63.3,-63.3,55.51307729633171,49.0000_-63.3000
2228,66,25,420000.0,620000.0,49.42907244611025,-62.67245333513728,-62.67245333513728,49.0,-63.3,-63.3,65.98488742088833,49.0000_-63.3000
2229,67,25,440000.0,620000.0,49.41401757964356,-62.39626477572649,-62.39626477572649,49.0,-63.3,-63.3,80.18490690966343,49.0000_-63.3000
2250,6,26,-780000.0,640000.0,49.23117424313113,-79.30600222111276,-79.30600222111276,49.0,-79.8,-79.8,44.19756247455644,49.0000_-79.8000
2251,7,26,-760000.0,640000.0,49.258026625892604,-79.03296105758012,-79.03296105758012,49.0,-79.8,-79.8,62.753363983668244,49.0000_-79.8000
2252,8,26,-740000.0,640000.0,49.284197027651956,-78.75961062437172,-78.75961062437172,49.0,-79.8,-79.8,82.01210819863964,49.0000_-79.8000
2253,9,26,-720000.0,640000.0,49.30968424586906,-78.48595838622596,-78.48595838622596,49.0,-79.8,-79.8,101.5750329143301,49.0000_-79.8000
2254,10,26,-700000.0,640000.0,49.334487107471396,-78.21201185967998,-78.21201185967998,49.0,-78.3,-78.3,37.73945819936588,49.0000_-78.3000
2255,11,26,-680000.0,640000.0,49.35860446905661,-77.93777861194714,-77.93777861194714,49.0,-78.3,-78.3,47.783080522846554,49.0000_-78.3000
2256,12,26,-660000.0,640000.0,49.38203521709035,-77.66326625977328,-77.66326625977328,49.0,-78.3,-78.3,62.81402701881326,49.0000_-78.3000
2257,13,26,-640000.0,640000.0,49.40477826809979,-77.38848246827227,-77.38848246827227,49.0,-78.3,-78.3,80.07157603082857,49.0000_-78.3000
2258,14,26,-620000.0,640000.0,49.42683256886244,-77.11343494974098,-77.11343494974098,49.0,-78.3,-78.3,98.39125496038929,49.0000_-78.3000
2259,15,26,-600000.0,640000.0,49.44819709659032,-76.83813146245423,-76.83813146245423,49.0,-78.3,-78.3,117.2765753154452,49.0000_-78.3000
2260,16,26,-580000.0,640000.0,49.468870859109344,-76.56257980944022,-76.56257980944022,49.0,-76.8,-76.8,54.91197882272796,49.0000_-76.8000
2261,17,26,-560000.0,640000.0,49.488852895033965,-76.28678783723673,-76.28678783723673,49.0,-76.8,-76.8,65.89905624506066,49.0000_-76.8000
2262,18,26,-540000.0,640000.0,49.508142273936706,-76.01076343462857,-76.01076343462857,49.0,-76.8,-76.8,80.45837918970798,49.0000_-76.8000
2263,19,26,-520000.0,640000.0,49.5267380965129,-75.73451453136691,-75.73451453136691,49.0,-76.8,-76.8,96.99465387356545,49.0000_-76.8000
2264,20,26,-500000.0,640000.0,49.544639494740196,-75.4580490968707,-75.4580490968707,49.0,-76.8,-76.8,114.65583925340106,49.0000_-76.8000
2265,21,26,-480000.0,640000.0,49.56184563203305,-75.18137513891095,-75.18137513891095,49.0,-75.3,-75.3,63.0642495532283,49.0000_-75.3000
2266,22,26,-460000.0,640000.0,49.578355703391885,-74.9045007022783,-74.9045007022783,49.0,-75.3,-75.3,70.4169777060588,49.0000_-75.3000
2267,23,26,-440000.0,640000.0,49.5941689355471,-74.62743386743414,-74.62743386743414,49.0,-75.3,-75.3,82.11900120524008,49.0000_-75.3000
2268,24,26,-420000.0,640000.0,49.609284587097584,-74.35018274914636,-74.35018274914636,49.0,-75.3,-75.3,96.60265146931215,49.0000_-75.3000
2269,25,26,-400000.0,640000.0,49.62370194864394,-74.0727554951098,-74.0727554951098,49.0,-75.3,-75.3,112.80163158483994,49.0000_-75.3000
2270,26,26,-380000.0,640000.0,49.63742034291614,-73.79516028455213,-73.79516028455213,49.0,-73.8,-73.8,70.87887421434515,49.0000_-73.8000
2271,27,26,-360000.0,640000.0,49.65043912489578,-73.51740532682581,-73.51740532682581,49.0,-73.8,-73.8,75.16930237116189,49.0000_-73.8000
2272,28,26,-340000.0,640000.0,49.66275768193258,-73.23949885998663,-73.23949885998663,49.0,-73.8,-73.8,84.14618403220837,49.0000_-73.8000
2273,29,26,-320000.0,640000.0,49.67437543385536,-72.96144914935947,-72.96144914935947,49.0,-73.8,-73.8,96.51067124280699,49.0000_-73.8000
2274,30,26,-300000.0,640000.0,49.68529183307727,-72.68326448609184,-72.68326448609184,49.0,-73.8,-73.8,111.137914460302,49.0000_-73.8000
2275,31,26,-280000.0,640000.0,49.695506364695305,-72.40495318569586,-72.40495318569586,49.0,-73.8,-73.8,127.25007319113854,49.0000_-73.8000
2276,32,26,-260000.0,640000.0,49.70501854658395,-72.12652358657934,-72.12652358657934,49.0,-72.3,-72.3,79.39515859392192,49.0000_-72.3000
2277,33,26,-240000.0,640000.0,49.71382792948315,-71.84798404856649,-71.84798404856649,49.0,-72.3,-72.3,85.86006592659841,49.0000_-72.3000
2278,34,26,-220000.0,640000.0,49.72193409708025,-71.56934295140904,-71.56934295140904,49.0,-72.3,-72.3,96.14515258611779,49.0000_-72.3000
2279,35,26,-200000.0,640000.0,49.72933666608603,-71.29060869328833,-71.29060869328833,49.0,-72.3,-72.3,109.17612323427112,49.0000_-72.3000
2280,36,26,-180000.0,640000.0,49.73603528630491,-71.01178968930911,-71.01178968930911,49.0,-72.3,-72.3,124.09098171355429,49.0000_-72.3000
2281,37,26,-160000.0,640000.0,49.742029640699016,-70.73289436998556,-70.73289436998556,49.0,-70.8,-70.8,82.6529738193256,49.0000_-70.8000
2282,38,26,-140000.0,640000.0,49.74731944544642,-70.45393117972044,-70.45393117972044,49.0,-70.8,-70.8,86.79328190165248,49.0000_-70.8000
2283,39,26,-120000.0,640000.0,49.75190444999301,-70.17490857527793,-70.17490857527793,49.0,-70.8,-70.8,95.0695320262058,49.0000_-70.8000
2284,40,26,-100000.0,640000.0,49.75578443709874,-69.89583502425069,-69.89583502425069,49.0,-70.8,-70.8,106.5220606827998,49.0000_-70.8000
2285,41,26,-80000.0,640000.0,49.7589592228774,-69.61671900352225,-69.61671900352225,49.0,-70.8,-70.8,120.24675108649629,49.0000_-70.8000
2286,42,26,-60000.0,640000.0,49.761428656830475,-69.3375689977249,-69.3375689977249,49.0,-70.8,-70.8,135.55521377857337,49.0000_-70.8000
2287,43,26,-40000.0,640000.0,49.763192621874815,-69.05839349769428,-69.05839349769428,49.0,-69.3,-69.3,86.64667883676273,49.0000_-69.3000
2288,44,26,-20000.0,640000.0,49.76425103436422,-68.77920099892097,-68.77920099892097,49.0,-69.3,-69.3,92.96751002827993,49.0000_-69.3000
2289,45,26,0.0,640000.0,49.76460384410479,-68.5,-68.5,49.0,-69.3,-69.3,102.86812829259027,49.0000_-69.3000
2290,46,26,20000.0,640000.0,49.76425103436422,-68.22079900107903,-68.22079900107903,49.0,-69.3,-69.3,115.43105382525948,49.0000_-69.3000
2291,47,26,40000.0,640000.0,49.763192621874815,-67.94160650230572,-67.94160650230572,49.0,-69.3,-69.3,129.8860444668567,49.0000_-69.3000
2292,48,26,60000.0,640000.0,49.761428656830475,-67.6624310022751,-67.6624310022751,49.0,-67.8,-67.8,85.25075690362077,49.0000_-67.8000
2293,49,26,80000.0,640000.0,49.7589592228774,-67.38328099647775,-67.38328099647775,49.0,-67.8,-67.8,89.62205665604965,49.0000_-67.8000
2306,62,26,340000.0,640000.0,49.66275768193258,-63.760501140013375,-63.760501140013375,49.0,-64.8,-64.8,105.37854291350224,49.0000_-64.8000
2307,63,26,360000.0,640000.0,49.65043912489578,-63.48259467317419,-63.48259467317419,49.0,-64.8,-64.8,119.77479923495076,49.0000_-64.8000
2308,64,26,380000.0,640000.0,49.63742034291614,-63.204839715447875,-63.204839715447875,49.0,-63.3,-63.3,71.21280989525586,49.0000_-63.3000
2309,65,26,400000.0,640000.0,49.62370194864394,-62.92724450489021,-62.92724450489021,49.0,-63.3,-63.3,74.43073807311998,49.0000_-63.3000
2310,66,26,420000.0,640000.0,49.609284587097584,-62.64981725085363,-62.64981725085363,49.0,-63.3,-63.3,82.5353575664057,49.0000_-63.3000
2332,6,27,-780000.0,660000.0,49.40988946475221,-79.34768441501087,-79.34768441501087,49.0,-79.8,-79.8,56.18828891868262,49.0000_-79.8000
2333,7,27,-760000.0,660000.0,49.436849278127404,-79.07362123759808,-79.07362123759808,49.0,-79.8,-79.8,71.71321324093773,49.0000_-79.8000
2334,8,27,-740000.0,660000.0,49.463124463951544,-78.7992452477539,-78.7992452477539,49.0,-79.8,-79.8,89.06190232399032,49.0000_-79.8000
2335,9,27,-720000.0,660000.0,49.48871380867137,-78.52456399048381,-78.52456399048381,49.0,-79.8,-79.8,107.35405742769927,49.0000_-79.8000
2336,10,27,-700000.0,660000.0,49.51361612845031,-78.24958506357176,-78.24958506357176,49.0,-78.3,-78.3,57.228661224045744,49.0000_-78.3000
2337,11,27,-680000.0,660000.0,49.53783026937425,-77.9743161164386,-77.9743161164386,49.0,-78.3,-78.3,64.30315919364449,49.0000_-78.3000
2338,12,27,-660000.0,660000.0,49.56135510765291,-77.6987648489789,-77.6987648489789,49.0,-78.3,-78.3,76.14611433120852,49.0000_-78.3000
2339,13,27,-640000.0,660000.0,49.58418954981645,-77.42293901037613,-77.42293901037613,49.0,-78.3,-78.3,90.9130040476197,49.0000_-78.3000
2340,14,27,-620000.0,660000.0,49.60633253290769,-77.14684639789714,-77.14684639789714,49.0,-78.3,-78.3,107.40472895182778,49.0000_-78.3000
2341,15,27,-600000.0,660000.0,49.62778302466921,-76.87049485566584,-76.87049485566584,49.0,-78.3,-78.3,124.9403118947575,49.0000_-78.3000
2342,16,27,-580000.0,660000.0,49.648540023726,-76.59389227341691,-76.59389227341691,49.0,-76.8,-76.8,73.64518430460568,49.0000_-76.8000
2343,17,27,-560000.0,660000.0,49.668602559762896,-76.3170465852297,-76.3170465852297,49.0,-76.8,-76.8,82.16919102562461,49.0000_-76.8000
2344,18,27,-540000.0,660000.0,49.68796969369717,-76.03996576824306,-76.03996576824306,49.0,-76.8,-76.8,94.25271799144996,49.0000_-76.8000
2345,19,27,-520000.0,660000.0,49.706640517846026,-75.76265784135131,-75.76265784135131,49.0,-76.8,-76.8,108.71545643017535,49.0000_-76.8000
2346,20,27,-500000.0,660000.0,49.724614156088876,-75.48513086388206,-75.48513086388206,49.0,-76.8,-76.8,124.73267856757222,49.0000_-76.8000
2347,21,27,-480000.0,660000.0,49.741889764024506,-75.20739293425629,-75.20739293425629,49.0,-75.3,-75.3,82.76653161731767,49.0000_-75.3000
2348,22,27,-460000.0,660000.0,49.75846652912279,-74.92945218863125,-74.92945218863125,49.0,-75.3,-75.3,88.50081711734482,49.0000_-75.3000
2349,23,27,-440000.0,660000.0,49.77434367087122,-74.6513167995266,-74.6513167995266,49.0,-75.3,-75.3,98.07215978023224,49.0000_-75.3000
2350,24,27,-420000.0,660000.0,49.789520440915794,-74.37299497443466,-74.37299497443466,49.0,-75.3,-75.3,110.48797763459666,49.0000_-75.3000
2351,25,27,-400000.0,660000.0,49.80399612319659,-74.0944949544149,-74.0944949544149,49.0,-75.3,-75.3,124.90299932238834,49.0000_-75.3000
2352,26,27,-380000.0,660000.0,49.8177700340777,-73.81582501267361,-73.81582501267361,49.0,-75.3,-75.3,140.70421122577804,49.0000_-75.3000
2353,27,27,-360000.0,660000.0,49.83084152247143,-73.53699345312917,-73.53699345312917,49.0,-73.8,-73.8,94.32408155089112,49.0000_-73.8000
2354,28,27,-340000.0,660000.0,49.84320996995708,-73.25800860896356,-73.25800860896356,49.0,-73.8,-73.8,101.62578372585054,49.0000_-73.8000
2355,29,27,-320000.0,660000.0,49.85487479089366,-72.9788788411607,-72.9788788411607,49.0,-73.8,-73.8,112.08152425643794,49.0000_-73.8000
2356,30,27,-300000.0,660000.0,49.86583543252709,-72.69961253703225,-72.69961253703225,49.0,-73.8,-73.8,124.90180121328247,49.0000_-73.8000
2357,31,27,-280000.0,660000.0,49.87609137509142,-72.42021810873172,-72.42021810873172,49.0,-73.8,-73.8,139.43599447474529,49.0000_-73.8000
2358,32,27,-260000.0,660000.0,49.885642131904156,-72.140703991757,-72.140703991757,49.0,-72.3,-72.3,99.15014957572798,49.0000_-72.3000
2359,33,27,-240000.0,660000.0,49.89448724945567,-71.86107864344255,-71.86107864344255,49.0,-72.3,-72.3,104.40094681005846,49.0000_-72.3000
2360,34,27,-220000.0,660000.0,49.90262630749272,-71.5813505414417,-71.5813505414417,49.0,-72.3,-72.3,113.01358225921642,49.0000_-72.3000
2361,35,27,-200000.0,660000.0,49.91005891909575,-71.30152818219949,-71.30152818219949,49.0,-72.3,-72.3,124.2912072876162,49.0000_-72.3000
2362,36,27,-180000.0,660000.0,49.91678473075037,-71.02162007941713,-71.02162007941713,49.0,-72.3,-72.3,137.58006689987394,49.0000_-72.3000
2363,37,27,-160000.0,660000.0,49.92280342241249,-70.74163476250855,-70.74163476250855,49.0,-70.8,-70.8,102.69785628976621,49.0000_-70.8000
2364,38,27,-140000.0,660000.0,49.92811470756765,-70.46158077504968,-70.46158077504968,49.0,-70.8,-70.8,106.05983281306835,49.0000_-70.8000
2365,39,27,-120000.0,660000.0,49.932718333283866,-70.18146667322132,-70.18146667322132,49.0,-70.8,-70.8,112.93465119886191,49.0000_-70.8000
2366,40,27,-100000.0,660000.0,49.93661408025851,-69.90130102424628,-69.90130102424628,49.0,-70.8,-70.8,122.73345198853711,49.0000_-70.8000
2367,41,27,-80000.0,660000.0,49.93980176285897,-69.62109240482131,-69.62109240482131,49.0,-70.8,-70.8,134.82021066417835,49.0000_-70.8000
2368,42,27,-60000.0,660000.0,49.94228122915705,-69.3408493995448,-69.3408493995448,49.0,-70.8,-70.8,148.6378386351417,49.0000_-70.8000
2369,43,27,-40000.0,660000.0,49.944052360957066,-69.06058059934085,-69.06058059934085,49.0,-69.3,-69.3,106.38975208336927,49.0000_-69.3000
2370,44,27,-20000.0,660000.0,49.94511507381793,-68.78029459988038,-68.78029459988038,49.0,-69.3,-69.3,111.59895790279904,49.0000_-69.3000
2371,45,27,0.0,660000.0,49.945469317068664,-68.5,-68.5,49.0,-69.3,-69.3,119.9732664337856,49.0000_-69.3000
2372,46,27,20000.0,660000.0,49.94511507381793,-68.21970540011962,-68.21970540011962,49.0,-69.3,-69.3,130.90664877364173,49.0000_-69.3000
2373,47,27,40000.0,660000.0,49.944052360957066,-67.93941940065915,-67.93941940065915,49.0,-69.3,-69.3,143.81663030036123,49.0000_-69.3000
2374,48,27,60000.0,660000.0,49.94228122915705,-67.6591506004552,-67.6591506004552,49.0,-67.8,-67.8,105.2701142521471,49.0000_-67.8000
2375,49,27,80000.0,660000.0,49.93980176285897,-67.3789075951787,-67.3789075951787,49.0,-67.8,-67.8,108.84065166051487,49.0000_-67.8000
2376,50,27,100000.0,660000.0,49.93661408025851,-67.09869897575372,-67.09869897575372,49.0,-67.8,-67.8,115.82087642892493,49.0000_-67.8000
2386,60,27,300000.0,660000.0,49.86583543252709,-64.30038746296775,-64.30038746296775,49.0,-64.8,-64.8,102.83178964969126,49.0000_-64.8000
2387,61,27,320000.0,660000.0,49.85487479089366,-64.0211211588393,-64.0211211588393,49.0,-64.8,-64.8,110.49338478250816,49.0000_-64.8000
2388,62,27,340000.0,660000.0,49.84320996995708,-63.741991391036436,-63.741991391036436,49.0,-64.8,-64.8,121.02403117624533,49.0000_-64.8000
2389,63,27,360000.0,660000.0,49.83084152247143,-63.46300654687083,-63.46300654687083,49.0,-64.8,-64.8,133.74765344843402,49.0000_-64.8000
2414,6,28,-780000.0,680000.0,49.588618440988284,-79.38968692161444,-79.38968692161444,49.0,-79.8,-79.8,71.89736724753487,49.0000_-79.8000
2415,7,28,-760000.0,680000.0,49.61568626066021,-79.11459423903102,-79.11459423903102,49.0,-79.8,-79.8,84.5931504331695,49.0000_-79.8000
2416,8,28,-740000.0,680000.0,49.642066793205544,-78.83918514735902,-78.83918514735902,49.0,-79.8,-79.8,99.73202724885691,49.0000_-79.8000
2417,9,28,-720000.0,680000.0,49.667758813913416,-78.56346727299041,-78.56346727299041,49.0,-79.8,-79.8,116.3645797282262,49.0000_-79.8000
2418,10,28,-700000.0,680000.0,49.692761128041475,-78.2874482960975,-78.2874482960975,49.0,-78.3,-78.3,77.03699512852272,49.0000_-78.3000
2419,11,28,-680000.0,680000.0,49.717072571025234,-78.01113594947205,-78.01113594947205,49.0,-78.3,-78.3,82.43364842029081,49.0000_-78.3000
2420,12,28,-660000.0,680000.0,49.740692008682714,-77.73453801734202,-77.73453801734202,49.0,-78.3,-78.3,91.97609226464195,49.0000_-78.3000
2421,13,28,-640000.0,680000.0,49.763618337414606,-77.45766233416627,-77.45766233416627,49.0,-78.3,-78.3,104.53532282792459,49.0000_-78.3000
2422,14,28,-620000.0,680000.0,49.78585048439951,-77.18051678340794,-77.18051678340794,49.0,-78.3,-78.3,119.16144549646681,49.0000_-78.3000
2423,15,28,-600000.0,680000.0,49.80738740778451,-76.90310929628642,-76.90310929628642,49.0,-78.3,-78.3,135.1854114446313,49.0000_-78.3000
2424,16,28,-580000.0,680000.0,49.82822809687072,-76.62544785050896,-76.62544785050896,49.0,-76.8,-76.8,92.9564814607299,49.0000_-76.8000
2425,17,28,-560000.0,680000.0,49.84837157229389,-76.34754046898188,-76.34754046898188,49.0,-76.8,-76.8,99.84927077716043,49.0000_-76.8000
2426,18,28,-540000.0,680000.0,49.86781688619997,-76.06939521850204,-76.06939521850204,49.0,-76.8,-76.8,110.01185584412566,49.0000_-76.8000
2427,19,28,-520000.0,680000.0,49.88656312241541,-75.79102020842925,-75.79102020842925,49.0,-76.8,-76.8,122.63417694486655,49.0000_-76.8000
2428,20,28,-500000.0,680000.0,49.90460939661238,-75.51242358933979,-75.51242358933979,49.0,-76.8,-76.8,137.03836206064219,49.0000_-76.8000
2429,21,28,-480000.0,680000.0,49.92195485646854,-75.23361355166178,-75.23361355166178,49.0,-75.3,-75.3,102.6290461736316,49.0000_-75.3000
2430,22,28,-460000.0,680000.0,49.93859868182146,-74.95459832429297,-74.95459832429297,49.0,-75.3,-75.3,107.31013432964242,49.0000_-75.3000
2431,23,28,-440000.0,680000.0,49.954540084817616,-74.67538617320132,-74.67538617320132,49.0,-75.3,-75.3,115.3342587471145,49.0000_-75.3000
2432,24,28,-420000.0,680000.0,49.9697783100559,-74.39598540000898,-74.39598540000898,49.0,-75.3,-75.3,126.06479169421422,49.0000_-75.3000
2433,25,28,-400000.0,680000.0,49.9843126347254,-74.11640434056059,-74.11640434056059,49.0,-75.3,-75.3,138.87590095044513,49.0000_-75.3000
2434,26,28,-380000.0,680000.0,49.998142368737646,-73.83665136347588,-73.83665136347588,49.0,-75.3,-75.3,153.24676565781962,49.0000_-75.3000
2435,27,28,-360000.0,680000.0,50.01126685485309,-73.55673486868773,-73.55673486868773,49.0,-73.8,-73.8,113.81139931660253,49.0000_-73.8000
2436,28,28,-340000.0,680000.0,50.0236854688018,-73.27666328596605,-73.27666328596605,49.0,-73.8,-73.8,119.93502946053269,49.0000_-73.8000
2437,29,28,-320000.0,680000.0,50.03539761939833,-72.99644507342806,-72.99644507342806,49.0,-73.8,-73.8,128.91707015616646,49.0000_-73.8000
2438,30,28,-300000.0,680000.0,50.0464027486507,-72.71608871603581,-72.71608871603581,49.0,-73.8,-73.8,140.20932917262732,49.0000_-73.8000
2439,31,28,-280000.0,680000.0,50.05670033186342,-72.43560272408149,-72.43560272408149,49.0,-73.8,-73.8,153.30220693454422,49.0000_-73.8000
2440,32,28,-260000.0,680000.0,50.066289877734526,-72.15499563166107,-72.15499563166107,49.0,-72.3,-72.3,119.02701255410898,49.0000_-72.3000
2441,33,28,-240000.0,680000.0,50.075170928446575,-71.87427599513722,-71.87427599513722,49.0,-72.3,-72.3,123.43694338090404,49.0000_-72.3000
2442,34,28,-220000.0,680000.0,50.08334305975157,-71.59345239159197,-71.59345239159197,49.0,-72.3,-72.3,130.80426809046682,49.0000_-72.3000
2443,35,28,-200000.0,680000.0,50.09080588104977,-71.31253341726976,-71.31253341726976,49.0,-72.3,-72.3,140.6651259771386,49.0000_-72.3000
2444,36,28,-180000.0,680000.0,50.09755903546225,-71.03152768601191,-71.03152768601191,49.0,-72.3,-72.3,152.53673555075832,49.0000_-72.3000
2445,37,28,-160000.0,680000.0,50.10360219989742,-70.75044382768283,-70.75044382768283,49.0,-70.8,-70.8,122.76718820216298,49.0000_-70.8000
2446,38,28,-140000.0,680000.0,50.10893508511115,-70.46929048658886,-70.46929048658886,49.0,-70.8,-70.8,125.5941797496901,49.0000_-70.8000
2447,39,28,-120000.0,680000.0,50.113557435760754,-70.18807631989054,-70.18807631989054,49.0,-70.8,-70.8,131.45281924848425,49.0000_-70.8000
2448,40,28,-100000.0,680000.0,50.117469030452675,-69.90680999600885,-69.90680999600885,49.0,-70.8,-70.8,139.96295206439615,49.0000_-70.8000
2449,41,28,-80000.0,680000.0,50.12066968178378,-69.62550019302624,-69.62550019302624,49.0,-70.8,-70.8,150.67600089968178,49.0000_-70.8000
2450,42,28,-60000.0,680000.0,50.12315923637641,-69.34415559708332,-69.34415559708332,49.0,-70.8,-70.8,163.15862277393379,49.0000_-70.8000
2451,43,28,-40000.0,680000.0,50.12493757490707,-69.06278490077162,-69.06278490077162,49.0,-69.3,-69.3,126.25192336877382,49.0000_-69.3000
2452,44,28,-20000.0,680000.0,50.12600461212876,-68.78139680152356,-68.78139680152356,49.0,-69.3,-69.3,130.6725949817719,49.0000_-69.3000
2453,45,28,0.0,680000.0,50.12636029688685,-68.5,-68.5,49.0,-69.3,-69.3,137.89465693886453,49.0000_-69.3000
2454,46,28,20000.0,680000.0,50.12600461212876,-68.21860319847644,-68.21860319847644,49.0,-69.3,-69.3,147.50720585668458,49.0000_-69.3000
2455,47,28,40000.0,680000.0,50.12493757490707,-67.93721509922838,-67.93721509922838,49.0,-69.3,-69.3,159.07747467310529,49.0000_-69.3000
2456,48,28,60000.0,680000.0,50.12315923637641,-67.65584440291668,-67.65584440291668,49.0,-67.8,-67.8,125.32174780774109,49.0000_-67.8000
2457,49,28,80000.0,680000.0,50.12066968178378,-67.37449980697376,-67.37449980697376,49.0,-67.8,-67.8,128.33586548739524,49.0000_-67.8000
2458,50,28,100000.0,680000.0,50.117469030452675,-67.09319000399115,-67.09319000399115,49.0,-67.8,-67.8,134.30736148348635,49.0000_-67.8000
2459,51,28,120000.0,680000.0,50.113557435760754,-66.81192368010946,-66.81192368010946,49.0,-67.8,-67.8,142.8658537270433,49.0000_-67.8000
2496,6,29,-780000.0,700000.0,49.767359386426676,-79.4320134181196,-79.4320134181196,49.0,-79.8,-79.8,89.38749163395308,49.0000_-79.8000
2497,7,29,-760000.0,700000.0,49.79453579356248,-79.15588365870627,-79.15588365870627,49.0,-79.8,-79.8,99.8899759934297,49.0000_-79.8000
2498,8,29,-740000.0,700000.0,49.821022240861964,-78.87943383862478,-78.87943383862478,49.0,-79.8,-79.8,113.00319633535563,49.0000_-79.8000
2499,9,29,-720000.0,700000.0,49.8468174923095,-78.60267166679182,-78.60267166679182,49.0,-79.8,-79.8,127.92702047732334,49.0000_-79.8000
2500,10,29,-700000.0,700000.0,49.8719203421128,-78.32560490692907,-78.32560490692907,49.0,-79.8,-79.8,144.1001701557667,49.0000_-79.8000
2501,11,29,-680000.0,700000.0,49.89632961491583,-78.04824137638252,-78.04824137638252,49.0,-78.3,-78.3,101.31539099719383,49.0000_-78.3000
2502,12,29,-660000.0,700000.0,49.92004416600689,-77.77058894491879,-77.77058894491879,49.0,-78.3,-78.3,109.22485018004853,49.0000_-78.3000
2503,13,29,-640000.0,700000.0,49.94306288152219,-77.49265553349898,-77.49265553349898,49.0,-78.3,-78.3,119.9966128770665,49.0000_-78.3000
2504,14,29,-620000.0,700000.0,49.96538467864446,-77.21444911303041,-77.21444911303041,49.0,-78.3,-78.3,132.93687092129335,49.0000_-78.3000
2505,15,29,-600000.0,700000.0,49.98700850579677,-76.93597770309665,-76.93597770309665,49.0,-78.3,-78.3,147.476048248341,49.0000_-78.3000
2506,16,29,-580000.0,700000.0,50.007933342831315,-76.65724937066629,-76.65724937066629,49.0,-76.8,-76.8,112.55019005689732,49.0000_-76.8000
2507,17,29,-560000.0,700000.0,50.028158201213124,-76.37827222878113,-76.37827222878113,49.0,-76.8,-76.8,118.31028604692752,49.0000_-76.8000
2508,18,29,-540000.0,700000.0,50.04768212419857,-76.09905443522388,-76.09905443522388,49.0,-76.8,-76.8,127.00781595194795,49.0000_-76.8000
2509,19,29,-520000.0,700000.0,50.066504187008825,-75.81960419116632,-75.81960419116632,49.0,-76.8,-76.8,138.08898492531068,49.0000_-76.8000
2510,20,29,-500000.0,700000.0,50.08462349699772,-75.5399297397981,-75.5399297397981,49.0,-76.8,-76.8,151.03015211444472,49.0000_-76.8000
2511,21,29,-480000.0,700000.0,50.10203919381444,-75.2600393649369,-75.2600393649369,49.0,-75.3,-75.3,122.57523480445074,49.0000_-75.3000
2512,22,29,-460000.0,700000.0,50.11875044956063,-74.97994138962042,-74.97994138962042,49.0,-75.3,-75.3,126.52304855786478,49.0000_-75.3000
2513,23,29,-440000.0,700000.0,50.13475646894194,-74.69964417468084,-74.69964417468084,49.0,-75.3,-75.3,133.39931538037618,49.0000_-75.3000
2514,24,29,-420000.0,700000.0,50.1500564894141,-74.4191561173023,-74.4191561173023,49.0,-75.3,-75.3,142.7816700616292,49.0000_-75.3000
2515,25,29,-400000.0,700000.0,50.16464978132306,-74.13848564956184,-74.13848564956184,49.0,-75.3,-75.3,154.2134695945455,49.0000_-75.3000
2516,26,29,-380000.0,700000.0,50.178535648039684,-73.85764123695476,-73.85764123695476,49.0,-75.3,-75.3,167.2751342680845,49.0000_-75.3000
2517,27,29,-360000.0,700000.0,50.191713426088285,-73.57663137690476,-73.57663137690476,49.0,-73.8,-73.8,133.48684804923337,49.0000_-73.8000
2518,28,29,-340000.0,700000.0,50.20418248526958,-73.29546459725933,-73.29546459725933,49.0,-73.8,-73.8,138.74696818419727,49.0000_-73.8000
2519,29,29,-320000.0,700000.0,50.21594222877755,-73.01414945477168,-73.01414945477168,49.0,-73.8,-73.8,146.58323268962775,49.0000_-73.8000
2520,30,29,-300000.0,700000.0,50.22699209331037,-72.73269453356906,-72.73269453356906,49.0,-73.8,-73.8,156.60947896868623,49.0000_-73.8000
2521,31,29,-280000.0,700000.0,50.237331549175174,-72.45110844360875,-72.45110844360875,49.0,-73.8,-73.8,168.43513645548887,49.0000_-73.8000
2522,32,29,-260000.0,700000.0,50.24696010038692,-72.16939981912206,-72.16939981912206,49.0,-72.3,-72.3,138.9745383832239,49.0000_-72.3000
2523,33,29,-240000.0,700000.0,50.255877284760984,-71.88757731704735,-71.88757731704735,49.0,-72.3,-72.3,142.77118929889613,49.0000_-72.3000
2524,34,29,-220000.0,700000.0,50.264082673999475,-71.60564961545222,-71.60564961545222,49.0,-72.3,-72.3,149.18863108806124,49.0000_-72.3000
2525,35,29,-200000.0,700000.0,50.27157587377162,-71.32362541194638,-71.32362541194638,49.0,-72.3,-72.3,157.90770248834414,49.0000_-72.3000
2526,36,29,-180000.0,700000.0,50.27835652378751,-71.0415134220851,-71.0415134220851,49.0,-72.3,-72.3,168.57167605286187,49.0000_-72.3000
2527,37,29,-160000.0,700000.0,50.28442429786581,-70.75932237776449,-70.75932237776449,49.0,-70.8,-70.8,142.85168743990886,49.0000_-70.8000
2528,38,29,-140000.0,700000.0,50.289778903995035,-70.47706102560927,-70.47706102560927,49.0,-70.8,-70.8,145.28934910084925,49.0000_-70.8000
2529,39,29,-120000.0,700000.0,50.294420084388406,-70.19473812535351,-70.19473812535351,49.0,-70.8,-70.8,150.38394813165866,49.0000_-70.8000
2530,40,29,-100000.0,700000.0,50.298347615532414,-69.91236244821543,-69.91236244821543,49.0,-70.8,-70.8,157.87850817304022,49.0000_-70.8000
2531,41,29,-80000.0,700000.0,50.30156130822888,-69.62994277526676,-69.62994277526676,49.0,-70.8,-70.8,167.4511143282589,49.0000_-70.8000
2532,42,29,-60000.0,700000.0,50.30406100763062,-69.34748789579747,-69.34748789579747,49.0,-70.8,-70.8,178.76826725606045,49.0000_-70.8000
2533,43,29,-40000.0,700000.0,50.305846593270644,-69.06500660567688,-69.06500660567688,49.0,-69.3,-69.3,146.18564228410776,49.0000_-69.3000
2534,44,29,-20000.0,700000.0,50.30691797908485,-68.78250770571135,-68.78250770571135,49.0,-69.3,-69.3,150.0208167305338,49.0000_-69.3000
2535,45,29,0.0,700000.0,50.30727511342826,-68.5,-68.5,49.0,-69.3,-69.3,156.35279173999945,49.0000_-69.3000
2536,46,29,20000.0,700000.0,50.30691797908485,-68.21749229428865,-68.21749229428865,49.0,-69.3,-69.3,164.89418357539796,49.0000_-69.3000
2537,47,29,40000.0,700000.0,50.305846593270644,-67.93499339432312,-67.93499339432312,49.0,-69.3,-69.3,175.32236657431054,49.0000_-69.3000
2538,48,29,60000.0,700000.0,50.30406100763062,-67.65251210420253,-67.65251210420253,49.0,-67.8,-67.8,145.39329711871042,49.0000_-67.8000
2539,49,29,80000.0,700000.0,50.30156130822888,-67.37005722473326,-67.37005722473326,49.0,-67.8,-67.8,147.99940101019266,49.0000_-67.8000
2540,50,29,100000.0,700000.0,50.298347615532414,-67.08763755178457,-67.08763755178457,49.0,-67.8,-67.8,153.206952272242,49.0000_-67.8000
2541,51,29,120000.0,700000.0,50.294420084388406,-66.80526187464649,-66.80526187464649,49.0,-67.8,-67.8,160.76332439216847,49.0000_-67.8000
2542,52,29,140000.0,700000.0,50.289778903995035,-66.52293897439073,-66.52293897439073,49.0,-67.8,-67.8,170.35622290908773,49.0000_-67.8000
2543,53,29,160000.0,700000.0,50.28442429786581,-66.24067762223551,-66.24067762223551,49.0,-66.3,-66.3,142.885511482219,49.0000_-66.3000
2545,55,29,200000.0,700000.0,50.27157587377162,-65.67637458805362,-65.67637458805362,49.0,-66.3,-66.3,148.35252132859762,49.0000_-66.3000
2551,61,29,320000.0,700000.0,50.21594222877755,-63.98585054522832,-63.98585054522832,49.0,-64.8,-64.8,147.38277302004738,49.0000_-64.8000
2559,69,29,480000.0,700000.0,50.10203919381444,-61.73996063506311,-61.73996063506311,49.0,-61.8,-61.8,122.61784493932728,49.0000_-61.8000
2578,6,30,-780000.0,720000.0,49.946110506821796,-79.47466763776393,-79.47466763776393,49.0,-79.8,-79.8,107.79679001687522,49.0000_-79.8000
2579,7,30,-760000.0,720000.0,49.97339608815512,-79.19749314837742,-79.19749314837742,49.0,-79.8,-79.8,116.65825636380127,49.0000_-79.8000
2580,8,30,-740000.0,720000.0,49.99998902369911,-78.91999489077683,-78.91999489077683,49.0,-79.8,-79.8,128.07068699195912,49.0000_-79.8000
2581,9,30,-720000.0,720000.0,50.0258880659837,-78.64218065756104,-78.64218065756104,49.0,-79.8,-79.8,141.41801871983313,49.0000_-79.8000
2582,10,30,-700000.0,720000.0,50.05109199801998,-78.36405829718187,-78.36405829718187,49.0,-79.8,-79.8,156.20519717725784,49.0000_-79.8000
2583,11,30,-680000.0,720000.0,50.07559963351665,-78.0856357127432,-78.0856357127432,49.0,-78.3,-78.3,120.59738225719725,49.0000_-78.3000
2584,12,30,-660000.0,720000.0,50.09940981709172,-77.8069208607766,-77.8069208607766,49.0,-78.3,-78.3,127.31831755714201,49.0000_-78.3000
2585,13,30,-640000.0,720000.0,50.12252142447958,-77.52792174999375,-77.52792174999375,49.0,-78.3,-78.3,136.67536998413055,49.0000_-78.3000
2586,14,30,-620000.0,720000.0,50.144933362733006,-77.2486464400162,-77.2486464400162,49.0,-78.3,-78.3,148.17010797207422,49.0000_-78.3000
2587,15,30,-600000.0,720000.0,50.166644570420324,-76.96910304008289,-76.96910304008289,49.0,-78.3,-78.3,161.346422699661,49.0000_-78.3000
2588,16,30,-580000.0,720000.0,50.18765401781744,-76.68929970773583,-76.68929970773583,49.0,-76.8,-76.8,132.30205697096554,49.0000_-76.8000
2589,17,30,-560000.0,720000.0,50.20796070709478,-76.40924464748451,-76.40924464748451,49.0,-76.8,-76.8,137.2385609757373,49.0000_-76.8000
2590,18,30,-540000.0,720000.0,50.227563672498896,-76.12894610944954,-76.12894610944954,49.0,-76.8,-76.8,144.80680165555998,49.0000_-76.8000
2591,19,30,-520000.0,720000.0,50.24646198052885,-75.84841238798592,-75.84841238798592,49.0,-76.8,-76.8,154.62093117815186,49.0000_-76.8000
2592,20,30,-500000.0,720000.0,50.26465473010717,-75.56765182028657,-75.56765182028657,49.0,-76.8,-76.8,166.28386786235217,49.0000_-76.8000
2593,21,30,-480000.0,720000.0,50.28214105274522,-75.28667278496683,-75.28667278496683,49.0,-75.3,-75.3,142.57100631106812,49.0000_-75.3000
2594,22,30,-460000.0,720000.0,50.29892011270317,-75.00548370063005,-75.00548370063005,49.0,-75.3,-75.3,145.981285731508,49.0000_-75.3000
2595,23,30,-440000.0,720000.0,50.31499110714422,-74.7240930244153,-74.7240930244153,49.0,-75.3,-75.3,151.98222254210756,49.0000_-75.3000
2596,24,30,-420000.0,720000.0,50.33035326628308,-74.44250925052765,-74.44250925052765,49.0,-75.3,-75.3,160.28319252592024,49.0000_-75.3000
2597,25,30,-400000.0,720000.0,50.34500585352884,-74.16074090875149,-74.16074090875149,49.0,-75.3,-75.3,170.54876356632374,49.0000_-75.3000
2598,26,30,-380000.0,720000.0,50.358948165621776,-73.87879656294767,-73.87879656294767,49.0,-75.3,-75.3,182.447686613324,49.0000_-75.3000
2599,27,30,-360000.0,720000.0,50.37217953276437,-73.59668480953513,-73.59668480953513,49.0,-73.8,-73.8,153.27890365187676,49.0000_-73.8000
2600,28,30,-340000.0,720000.0,50.38469931874635,-73.31441427595753,-73.31441427595753,49.0,-73.8,-73.8,157.88288854808042,49.0000_-73.8000
2601,29,30,-320000.0,720000.0,50.3965069210636,-73.0319936191356,-73.0319936191356,49.0,-73.8,-73.8,164.81396583582048,49.0000_-73.8000
2602,30,30,-300000.0,720000.0,50.40760177103112,-72.749431523906,-72.749431523906,49.0,-73.8,-73.8,173.7939974483194,49.0000_-73.8000
2603,31,30,-280000.0,720000.0,50.41798333388962,-72.46673670144713,-72.46673670144713,49.0,-73.8,-73.8,184.52413405101584,49.0000_-73.8000
2604,32,30,-260000.0,720000.0,50.42765110890618,-72.18391788769294,-72.18391788769294,49.0,-72.3,-72.3,158.9669727951621,49.0000_-72.3000
2605,33,30,-240000.0,720000.0,50.43660462946845,-71.90098384173508,-71.90098384173508,49.0,-72.3,-72.3,162.2979541057195,49.0000_-72.3000
2606,34,30,-220000.0,720000.0,50.44484346317259,-71.61794334421435,-71.61794334421435,49.0,-72.3,-72.3,167.97264664723969,49.0000_-72.3000
2607,35,30,-200000.0,720000.0,50.45236721190494,-71.33480519570215,-71.33480519570215,49.0,-72.3,-72.3,175.76423120415393,49.0000_-72.3000
2608,36,30,-180000.0,720000.0,50.459175511917266,-71.05157821507254,-71.05157821507254,49.0,-72.3,-72.3,185.40604949323114,49.0000_-72.3000
2609,37,30,-160000.0,720000.0,50.46526803389558,-70.76827123786586,-70.76827123786586,49.0,-70.8,-70.8,162.9465496321956,49.0000_-70.8000
2610,38,30,-140000.0,720000.0,50.4706444830225,-70.4848931146444,-70.4848931146444,49.0,-70.8,-70.8,165.08858418805778,49.0000_-70.8000
2611,39,30,-120000.0,720000.0,50.47530459903316,-70.2014527093412,-70.2014527093412,49.0,-70.8,-70.8,169.5905689342777,49.0000_-70.8000
2612,40,30,-100000.0,720000.0,50.47924815626459,-69.91795889760246,-69.91795889760246,49.0,-70.8,-70.8,176.27179902298502,49.0000_-70.8000
2613,41,30,-80000.0,720000.0,50.482474963698564,-69.63442056512447,-69.63442056512447,49.0,-70.8,-70.8,184.89620024351893,49.0000_-70.8000
2614,42,30,-60000.0,720000.0,50.484984864997905,-69.35084660598588,-69.35084660598588,49.0,-70.8,-70.8,195.20640006924003,49.0000_-70.8000
2615,43,30,-40000.0,720000.0,50.48677773853616,-69.06724592097589,-69.06724592097589,49.0,-69.3,-69.3,166.16593951742038,49.0000_-69.3000
2616,44,30,-20000.0,720000.0,50.48785349742076,-68.78362741591947,-68.78362741591947,49.0,-69.3,-69.3,169.55040823622076,49.0000_-69.3000
2617,45,30,0.0,720000.0,50.488212089509574,-68.5,-68.5,49.0,-69.3,-69.3,175.17882343807756,49.0000_-69.3000
2618,46,30,20000.0,720000.0,50.48785349742076,-68.21637258408053,-68.21637258408053,49.0,-69.3,-69.3,182.84407814822197,49.0000_-69.3000
2619,47,30,40000.0,720000.0,50.48677773853616,-67.93275407902411,-67.93275407902411,49.0,-69.3,-69.3,192.30275388120552,49.0000_-69.3000
2620,48,30,60000.0,720000.0,50.484984864997905,-67.64915339401412,-67.64915339401412,49.0,-67.8,-67.8,165.47829681414353,49.0000_-67.8000
2621,49,30,80000.0,720000.0,50.482474963698564,-67.36557943487553,-67.36557943487553,49.0,-67.8,-67.8,167.77285614435456,49.0000_-67.8000
2622,50,30,100000.0,720000.0,50.47924815626459,-67.08204110239754,-67.08204110239754,49.0,-67.8,-67.8,172.38457897091251,49.0000_-67.8000
2623,51,30,120000.0,720000.0,50.47530459903316,-66.7985472906588,-66.7985472906588,49.0,-67.8,-67.8,179.1345736710982,49.0000_-67.8000
2624,52,30,140000.0,720000.0,50.4706444830225,-66.5151068853556,-66.5151068853556,49.0,-67.8,-67.8,187.79238573147242,49.0000_-67.8000
2625,53,30,160000.0,720000.0,50.46526803389558,-66.23172876213415,-66.23172876213415,49.0,-66.3,-66.3,163.00444405339027,49.0000_-66.3000
2626,54,30,180000.0,720000.0,50.459175511917266,-65.94842178492746,-65.94842178492746,49.0,-66.3,-66.3,164.20863637313764,49.0000_-66.3000
2627,55,30,200000.0,720000.0,50.45236721190494,-65.66519480429785,-65.66519480429785,49.0,-66.3,-66.3,167.81697691584648,49.0000_-66.3000
2628,56,30,220000.0,720000.0,50.44484346317259,-65.38205665578565,-65.38205665578565,49.0,-66.3,-66.3,173.67964794680515,49.0000_-66.3000
2629,57,30,240000.0,720000.0,50.43660462946845,-65.09901615826492,-65.09901615826492,49.0,-66.3,-66.3,181.57838111948067,49.0000_-66.3000
2630,58,30,260000.0,720000.0,50.42765110890618,-64.81608211230706,-64.81608211230706,49.0,-66.3,-66.3,191.26104208050427,49.0000_-66.3000
2631,59,30,280000.0,720000.0,50.41798333388962,-64.53326329855287,-64.53326329855287,49.0,-64.8,-64.8,158.83476226877576,49.0000_-64.8000
2632,60,30,300000.0,720000.0,50.40760177103112,-64.250568476094,-64.250568476094,49.0,-64.8,-64.8,161.42734290837134,49.0000_-64.8000
2633,61,30,320000.0,720000.0,50.3965069210636,-63.968006380864395,-63.968006380864395,49.0,-64.8,-64.8,166.41241078570627,49.0000_-64.8000
2634,62,30,340000.0,720000.0,50.38469931874635,-63.68558572404247,-63.68558572404247,49.0,-64.8,-64.8,173.5839002294559,49.0000_-64.8000
2635,63,30,360000.0,720000.0,50.37217953276437,-63.403315190464866,-63.403315190464866,49.0,-64.8,-64.8,182.68443688043314,49.0000_-64.8000
2636,64,30,380000.0,720000.0,50.358948165621776,-63.121203437052344,-63.121203437052344,49.0,-63.3,-63.3,151.65483011376114,49.0000_-63.3000
2637,65,30,400000.0,720000.0,50.34500585352884,-62.83925909124852,-62.83925909124852,49.0,-63.3,-63.3,153.18813950720522,49.0000_-63.3000
2638,66,30,420000.0,720000.0,50.33035326628308,-62.55749074947235,-62.55749074947235,49.0,-63.3,-63.3,157.28317325231473,49.0000_-63.3000
2639,67,30,440000.0,720000.0,50.31499110714422,-62.275906975584704,-62.275906975584704,49.0,-63.3,-63.3,163.74776494625814,49.0000_-63.3000
2640,68,30,460000.0,720000.0,50.29892011270317,-61.99451629936996,-61.99451629936996,49.0,-63.3,-63.3,172.31534302209488,49.0000_-63.3000
2641,69,30,480000.0,720000.0,50.28214105274522,-61.71332721503316,-61.71332721503316,49.0,-61.8,-61.8,142.704286627334,49.0000_-61.8000
2642,70,30,500000.0,720000.0,50.26465473010717,-61.43234817971343,-61.43234817971343,49.0,-61.8,-61.8,143.09397893483802,49.0000_-61.8000
2643,71,30,520000.0,720000.0,50.24646198052885,-61.15158761201408,-61.15158761201408,49.0,-61.8,-61.8,146.2573148738583,49.0000_-61.8000
2644,72,30,540000.0,720000.0,50.227563672498896,-60.871053890550456,-60.871053890550456,49.0,-61.8,-61.8,152.02112934359965,49.0000_-61.8000
2645,73,30,560000.0,720000.0,50.20796070709478,-60.59075535251549,-60.59075535251549,49.0,-61.8,-61.8,160.1046964961794,49.0000_-61.8000
2660,7,31,-760000.0,740000.0,50.15226534697804,-79.23942641576829,-79.23942641576829,49.0,-79.8,-79.8,134.34932683913004,49.0000_-79.8000
2661,8,31,-740000.0,740000.0,50.17896534979667,-78.96087192785356,-78.96087192785356,49.0,-79.8,-79.8,144.3742588322025,49.0000_-79.8000
2662,9,31,-720000.0,740000.0,50.20496874844243,-78.68199778460297,-78.68199778460297,49.0,-79.8,-79.8,156.34010198915533,49.0000_-79.8000
2663,10,31,-700000.0,740000.0,50.23027431458041,-78.4028119203994,-78.4028119203994,49.0,-79.8,-79.8,169.8372510597837,49.0000_-79.8000
2664,11,31,-680000.0,740000.0,50.2548808508378,-78.12332232532913,-78.12332232532913,49.0,-78.3,-78.3,140.1155367625236,49.0000_-78.3000
2665,12,31,-660000.0,740000.0,50.2787871910193,-77.84353704393627,-77.84353704393627,49.0,-78.3,-78.3,145.94366939534765,49.0000_-78.3000
2666,13,31,-640000.0,740000.0,50.30199220031757,-77.56346417395336,-77.56346417395336,49.0,-78.3,-78.3,154.17793478594055,49.0000_-78.3000
2667,14,31,-620000.0,740000.0,50.32449477551897,-77.28311186500885,-77.28311186500885,49.0,-78.3,-78.3,164.45743764116148,49.0000_-78.3000
2668,15,31,-600000.0,740000.0,50.346293845203945,-77.00248831731137,-77.00248831731137,49.0,-78.3,-78.3,176.4251526071008,49.0000_-78.3000
2669,16,31,-580000.0,740000.0,50.3673883699425,-76.72160178031201,-76.72160178031201,49.0,-76.8,-76.8,152.15141285364305,49.0000_-76.8000
2670,17,31,-560000.0,740000.0,50.38777734248429,-76.4404605513445,-76.4404605513445,49.0,-76.8,-76.8,156.46549038302825,49.0000_-76.8000
2671,18,31,-540000.0,740000.0,50.40745978794354,-76.15907297424407,-76.15907297424407,49.0,-76.8,-76.8,163.14703963024544,49.0000_-76.8000
2672,19,31,-520000.0,740000.0,50.42643476397839,-75.87744743794543,-75.87744743794543,49.0,-76.8,-76.8,171.9203540879663,49.0000_-76.8000
2673,20,31,-500000.0,740000.0,50.44470136096489,-75.59559237506063,-75.59559237506063,49.0,-76.8,-76.8,182.48407503816375,49.0000_-76.8000
2674,21,31,-480000.0,740000.0,50.46225870216529,-75.31351626043693,-75.31351626043693,49.0,-76.8,-76.8,194.546848310718,49.0000_-76.8000
2675,22,31,-460000.0,740000.0,50.47910594389082,-75.03122760969575,-75.03122760969575,49.0,-75.3,-75.3,165.59917719807396,49.0000_-75.3000
2676,23,31,-440000.0,740000.0,50.495242275658626,-74.74873497775299,-74.74873497775299,49.0,-75.3,-75.3,170.9149097906343,49.0000_-75.3000
2677,24,31,-420000.0,740000.0,50.510666920342906,-74.46604695732138,-74.46604695732138,50.5,-75.3,-75.3,58.98942629584572,50.5000_-75.3000
2678,25,31,-400000.0,740000.0,50.52537913432024,-74.18317217739555,-74.18317217739555,50.5,-75.3,-75.3,79.02029136639574,50.5000_-75.3000
2679,26,31,-380000.0,740000.0,50.5393782076089,-73.90011930172045,-73.90011930172045,50.5,-75.3,-75.3,99.06589497914838,50.5000_-75.3000
2680,27,31,-360000.0,740000.0,50.552663464002165,-73.61689702724381,-73.61689702724381,50.5,-73.8,-73.8,14.206474344394753,50.5000_-73.8000
2681,28,31,-340000.0,740000.0,50.565234261195585,-73.33351408255307,-73.33351408255307,50.5,-73.8,-73.8,33.75961110508574,50.5000_-73.8000
2682,29,31,-320000.0,740000.0,50.57708999090803,-73.04997922629786,-73.04997922629786,50.5,-73.8,-73.8,53.69316601277624,50.5000_-73.8000
2683,30,31,-300000.0,740000.0,50.588230078996624,-72.76630124559841,-72.76630124559841,50.5,-73.8,-73.8,73.69921633193424,50.5000_-73.8000
2684,31,31,-280000.0,740000.0,50.59865398556533,-72.48248895444075,-72.48248895444075,50.5,-73.8,-73.8,93.73143252221908,50.5000_-73.8000
2685,32,31,-260000.0,740000.0,50.60836120506732,-72.1985511920593,-72.1985511920593,50.5,-72.3,-72.3,14.019681114982985,50.5000_-72.3000
2686,33,31,-240000.0,740000.0,50.617351266400874,-71.9144968213077,-71.9144968213077,50.5,-72.3,-72.3,30.1971395510478,50.5000_-72.3000
2687,34,31,-220000.0,740000.0,50.62562373299899,-71.63033472701864,-71.63033472701864,50.5,-72.3,-72.3,49.32084087513241,50.5000_-72.3000
2688,35,31,-200000.0,740000.0,50.63317820291243,-71.34607381435323,-71.34607381435323,50.5,-72.3,-72.3,68.98258420719739,50.5000_-72.3000
2689,36,31,-180000.0,740000.0,50.64001430888632,-71.06172300714094,-71.06172300714094,50.5,-72.3,-72.3,88.82585034039805,50.5000_-72.3000
2690,37,31,-160000.0,740000.0,50.646131718430304,-70.77729124621062,-70.77729124621062,50.5,-70.8,-70.8,16.328072007535816,50.5000_-70.8000
2691,38,31,-140000.0,740000.0,50.65153013388187,-70.4927874877136,-70.4927874877136,50.5,-70.8,-70.8,27.46861964683777,50.5000_-70.8000
2692,39,31,-120000.0,740000.0,50.656209292463444,-70.20822070143956,-70.20822070143956,50.5,-70.8,-70.8,45.25271961130823,50.5000_-70.8000
2693,40,31,-100000.0,740000.0,50.66016896633251,-69.92359986912588,-69.92359986912588,50.5,-70.8,-70.8,64.39303302104231,50.5000_-70.8000
2694,41,31,-80000.0,740000.0,50.66340896262532,-69.63893398276133,-69.63893398276133,50.5,-70.8,-70.8,83.96720762658019,50.5000_-70.8000
2695,42,31,-60000.0,740000.0,50.66592912349381,-69.35423204288503,-69.35423204288503,50.5,-70.8,-70.8,103.72993640318879,50.5000_-70.8000
2696,43,31,-40000.0,740000.0,50.66772932613589,-69.06950305688115,-69.06950305688115,50.5,-69.3,-69.3,24.752434855061452,50.5000_-69.3000
2697,44,31,-20000.0,740000.0,50.66880948281889,-68.78475603727057,-68.78475603727057,50.5,-69.3,-69.3,40.93467353300072,50.5000_-69.3000
2698,45,31,0.0,740000.0,50.669169540896526,-68.5,-68.5,50.5,-69.3,-69.3,59.53130993132646,50.5000_-69.3000
2699,46,31,20000.0,740000.0,50.66880948281889,-68.21524396272943,-68.21524396272943,50.5,-69.3,-69.3,78.85220875774434,50.5000_-69.3000
2700,47,31,40000.0,740000.0,50.66772932613589,-67.93049694311887,-67.93049694311887,50.5,-69.3,-69.3,98.47196414778499,50.5000_-69.3000
2701,48,31,60000.0,740000.0,50.66592912349381,-67.64576795711498,-67.64576795711498,50.5,-67.8,-67.8,21.424310459996452,50.5000_-67.8000
2702,49,31,80000.0,740000.0,50.66340896262532,-67.36106601723867,-67.36106601723867,50.5,-67.8,-67.8,35.92529757063243,50.5000_-67.8000
2703,50,31,100000.0,740000.0,50.66016896633251,-67.07640013087413,-67.07640013087413,50.5,-67.8,-67.8,54.10738948167008,50.5000_-67.8000
2704,51,31,120000.0,740000.0,50.656209292463444,-66.79177929856044,-66.79177929856044,50.5,-67.8,-67.8,73.27989862968292,50.5000_-67.8000
2705,52,31,140000.0,740000.0,50.65153013388187,-66.5072125122864,-66.5072125122864,50.5,-67.8,-67.8,92.83114859640449,50.5000_-67.8000
2706,53,31,160000.0,740000.0,50.646131718430304,-66.22270875378939,-66.22270875378939,50.5,-66.3,-66.3,17.141371130225913,50.5000_-66.3000
2707,54,31,180000.0,740000.0,50.64001430888632,-65.93827699285906,-65.93827699285906,50.5,-66.3,-66.3,29.916553813028937,50.5000_-66.3000
2708,55,31,200000.0,740000.0,50.63317820291243,-65.65392618564677,-65.65392618564677,50.5,-66.3,-66.3,47.974154085520475,50.5000_-66.3000
2709,56,31,220000.0,740000.0,50.62562373299899,-65.36966527298136,-65.36966527298136,50.5,-66.3,-66.3,67.18164922919271,50.5000_-66.3000
2710,57,31,240000.0,740000.0,50.617351266400874,-65.0855031786923,-65.0855031786923,50.5,-66.3,-66.3,86.77875279495075,50.5000_-66.3000
2711,58,31,260000.0,740000.0,50.60836120506732,-64.80144880794072,-64.80144880794072,50.5,-66.3,-66.3,106.55064513640028,50.5000_-66.3000
2712,59,31,280000.0,740000.0,50.59865398556533,-64.51751104555925,-64.51751104555925,50.5,-64.8,-64.8,22.775136882990697,50.5000_-64.8000
2713,60,31,300000.0,740000.0,50.588230078996624,-64.23369875440159,-64.23369875440159,50.5,-64.8,-64.8,41.20134632268616,50.5000_-64.8000
2714,61,31,320000.0,740000.0,50.57708999090803,-63.950020773702136,-63.950020773702136,50.5,-64.8,-64.8,60.677104676812675,50.5000_-64.8000
2715,62,31,340000.0,740000.0,50.565234261195585,-63.66648591744692,-63.66648591744692,50.5,-64.8,-64.8,80.44358225579238,50.5000_-64.8000
2716,63,31,360000.0,740000.0,50.552663464002165,-63.38310297275619,-63.38310297275619,50.5,-64.8,-64.8,100.32900309250448,50.5000_-64.8000
2717,64,31,380000.0,740000.0,50.5393782076089,-63.09988069827955,-63.09988069827955,50.5,-63.3,-63.3,14.810356194036205,50.5000_-63.3000
2718,65,31,400000.0,740000.0,50.52537913432024,-62.816827822604466,-62.816827822604466,50.5,-63.3,-63.3,34.28128136046471,50.5000_-63.3000
2719,66,31,420000.0,740000.0,50.510666920342906,-62.53395304267863,-62.53395304267863,50.5,-63.3,-63.3,54.18818155008742,50.5000_-63.3000
2720,67,31,440000.0,740000.0,50.495242275658626,-62.25126502224701,-62.25126502224701,49.0,-63.3,-63.3,182.53650456036755,49.0000_-63.3000
2721,68,31,460000.0,740000.0,50.47910594389082,-61.96877239030425,-61.96877239030425,49.0,-63.3,-63.3,190.25988946576703,49.0000_-63.3000
2722,69,31,480000.0,740000.0,50.46225870216529,-61.68648373956307,-61.68648373956307,49.0,-61.8,-61.8,162.80048711465867,49.0000_-61.8000
2723,70,31,500000.0,740000.0,50.44470136096489,-61.40440762493938,-61.40440762493938,49.0,-61.8,-61.8,163.14067796251314,49.0000_-61.8000
2724,71,31,520000.0,740000.0,50.42643476397839,-61.12255256205458,-61.12255256205458,49.0,-61.8,-61.8,165.92111712132666,49.0000_-61.8000
2725,72,31,540000.0,740000.0,50.40745978794354,-60.840927025755946,-60.840927025755946,49.0,-61.8,-61.8,171.02272711669298,49.0000_-61.8000
2726,73,31,560000.0,740000.0,50.38777734248429,-60.5595394486555,-60.5595394486555,49.0,-61.8,-61.8,178.2462137268486,49.0000_-61.8000
2727,74,31,580000.0,740000.0,50.3673883699425,-60.278398219688,-60.278398219688,49.0,-60.3,-60.3,152.05479991054483,49.0000_-60.3000
2740,7,32,-760000.0,760000.0,50.33114176375873,-79.2816872256407,-79.2816872256407,49.0,-79.8,-79.8,152.6436132664204,49.0000_-79.8000
2741,8,32,-740000.0,760000.0,50.357949418505775,-79.0020686297543,-79.0020686297543,49.0,-79.8,-79.8,161.5409676117883,49.0000_-79.8000
2742,9,32,-720000.0,760000.0,50.3840577445459,-78.72212664188247,-78.72212664188247,49.0,-79.8,-79.8,172.32271864415551,49.0000_-79.8000
2743,10,32,-700000.0,760000.0,50.409465502046174,-78.4418692835606,-78.4418692835606,49.0,-79.8,-79.8,184.6592101476695,49.0000_-79.8000
2744,11,32,-680000.0,760000.0,50.43417148240344,-78.16130463310304,-78.16130463310304,49.0,-78.3,-78.3,159.78416953680104,49.0000_-78.3000
2745,12,32,-660000.0,760000.0,50.458174508463344,-77.88044082433588,-77.88044082433588,49.0,-78.3,-78.3,164.92160296850545,49.0000_-78.3000
2746,13,32,-640000.0,760000.0,50.48147343473458,-77.5992860453053,-77.5992860453053,49.0,-78.3,-78.3,172.25413448016465,49.0000_-78.3000
2747,14,32,-620000.0,760000.0,50.504067147598015,-77.31784853696213,-77.31784853696213,50.5,-78.3,-78.3,69.46433841924356,50.5000_-78.3000
2748,15,32,-600000.0,760000.0,50.525954565510744,-77.03613659182277,-77.03613659182277,50.5,-78.3,-78.3,89.41244474445047,50.5000_-78.3000
2749,16,32,-580000.0,760000.0,50.547134639204785,-76.75415855260718,-76.75415855260718,50.5,-76.8,-76.8,6.1621118986363586,50.5000_-76.8000
2750,17,32,-560000.0,760000.0,50.56760635188069,-76.47192281085458,-76.47192281085458,50.5,-76.8,-76.8,24.376001928741932,50.5000_-76.8000
2751,18,32,-540000.0,760000.0,50.58736871939552,-76.18943780551685,-76.18943780551685,50.5,-76.8,-76.8,44.22447125867502,50.5000_-76.8000
2752,19,32,-520000.0,760000.0,50.60642079044548,-75.90671202153088,-75.90671202153088,50.5,-76.8,-76.8,64.20936580554798,50.5000_-76.8000
2753,20,32,-500000.0,760000.0,50.62476164674292,-75.62375398836978,-75.62375398836978,50.5,-76.8,-76.8,84.23379388030641,50.5000_-76.8000
2754,21,32,-480000.0,760000.0,50.642390403187626,-75.34057227857407,-75.34057227857407,50.5,-76.8,-76.8,104.27510001723377,50.5000_-76.8000
2755,22,32,-460000.0,760000.0,50.65930620803239,-75.057175506263,-75.057175506263,50.5,-75.3,-75.3,24.652824797227456,50.5000_-75.3000
2756,23,32,-440000.0,760000.0,50.675508243042856,-74.77357232562699,-74.77357232562699,50.5,-75.3,-75.3,41.976643260013766,50.5000_-75.3000
2757,24,32,-420000.0,760000.0,50.690995723651234,-74.48977142940149,-74.48977142940149,50.5,-75.3,-75.3,61.00614750176342,50.5000_-75.3000
2758,25,32,-400000.0,760000.0,50.70576789910432,-74.20578154732306,-74.20578154732306,50.5,-75.3,-75.3,80.54139812794303,50.5000_-75.3000
2759,26,32,-380000.0,760000.0,50.71982405260518,-73.92161144456851,-73.92161144456851,50.5,-75.3,-75.3,100.2873774325496,50.5000_-75.3000
2760,27,32,-360000.0,760000.0,50.733163501448914,-73.63726992017733,-73.63726992017733,50.5,-73.8,-73.8,28.355048163335105,50.5000_-73.8000
2761,28,32,-340000.0,760000.0,50.74578559715217,-73.35276580545853,-73.35276580545853,50.5,-73.8,-73.8,41.74116393390173,50.5000_-73.8000
2762,29,32,-320000.0,760000.0,50.75768972557636,-73.06810796238233,-73.06810796238233,50.5,-73.8,-73.8,59.043054884906084,50.5000_-73.8000
2763,30,32,-300000.0,760000.0,50.768875307044716,-72.78330528195747,-72.78330528195747,50.5,-73.8,-73.8,77.68717363158203,50.5000_-73.8000
2764,31,32,-280000.0,760000.0,50.779341796452705,-72.49836668259503,-72.49836668259503,50.5,-73.8,-73.8,96.9019230801105,50.5000_-73.8000
2765,32,32,-260000.0,760000.0,50.789088683372356,-72.21330110845925,-72.21330110845925,50.5,-72.3,-72.3,32.72137916786834,50.5000_-72.3000
2766,33,32,-240000.0,760000.0,50.79811549214985,-71.92811752780612,-71.92811752780612,50.5,-72.3,-72.3,42.264842120289444,50.5000_-72.3000
2767,34,32,-220000.0,760000.0,50.806421781996676,-71.64282493131091,-71.64282493131091,50.5,-72.3,-72.3,57.50991839313218,50.5000_-72.3000
2768,35,32,-200000.0,760000.0,50.81400714707432,-71.35743233038468,-71.35743233038468,50.5,-72.3,-72.3,75.05944778988538,50.5000_-72.3000
2769,36,32,-180000.0,760000.0,50.820871216572115,-71.07194875548133,-71.07194875548133,50.5,-72.3,-72.3,93.62647087648791,50.5000_-72.3000
2770,37,32,-160000.0,760000.0,50.82701365477867,-70.78638325439529,-70.78638325439529,50.5,-70.8,-70.8,36.3749732519977,50.5000_-70.8000
2771,38,32,-140000.0,760000.0,50.8324341611465,-70.50074489055126,-70.50074489055126,50.5,-70.8,-70.8,42.55881597208905,50.5000_-70.8000
2772,39,32,-120000.0,760000.0,50.83713247034994,-70.2150427412863,-70.2150427412863,50.5,-70.8,-70.8,55.720858686994006,50.5000_-70.8000
2773,40,32,-100000.0,760000.0,50.84110835233633,-69.92928589612532,-69.92928589612532,50.5,-70.8,-70.8,72.13756476520282,50.5000_-70.8000
2774,41,32,-80000.0,760000.0,50.84436161237046,-69.6434834550509,-69.6434834550509,50.5,-70.8,-70.8,90.04609784356218,50.5000_-70.8000
2775,42,32,-60000.0,760000.0,50.84689209107211,-69.35764452676791,-69.35764452676791,50.5,-70.8,-70.8,108.71169078277828,50.5000_-70.8000
2776,43,32,-40000.0,760000.0,50.84869966444696,-69.07177822696408,-69.07177822696408,50.5,-69.3,-69.3,41.97655159914339,50.5000_-69.3000
2777,44,32,-20000.0,760000.0,50.84978424391047,-68.78589367656726,-68.78589367656726,50.5,-69.3,-69.3,53.15218452108862,50.5000_-69.3000
2778,45,32,0.0,760000.0,50.85014577630509,-68.5,-68.5,50.5,-69.3,-69.3,68.51077219692385,50.5000_-69.3000
2779,46,32,20000.0,760000.0,50.84978424391047,-68.21410632343274,-68.21410632343274,50.5,-69.3,-69.3,85.83556481882343,50.5000_-69.3000
2780,47,32,40000.0,760000.0,50.84869966444696,-67.92822177303592,-67.92822177303592,50.5,-69.3,-69.3,104.1499305001263,50.5000_-69.3000
2781,48,32,60000.0,760000.0,50.84689209107211,-67.64235547323209,-67.64235547323209,50.5,-67.8,-67.8,40.14051101179824,50.5000_-67.8000
2782,49,32,80000.0,760000.0,50.84436161237046,-67.3565165449491,-67.3565165449491,50.5,-67.8,-67.8,49.42598265631626,50.5000_-67.8000
2783,50,32,100000.0,760000.0,50.84110835233633,-67.07071410387468,-67.07071410387468,50.5,-67.8,-67.8,63.87514746476567,50.5000_-67.8000
2784,51,32,120000.0,760000.0,50.83713247034994,-66.78495725871372,-66.78495725871372,50.5,-67.8,-67.8,80.7624649095227,50.5000_-67.8000
2785,52,32,140000.0,760000.0,50.8324341611465,-66.49925510944874,-66.49925510944874,50.5,-67.8,-67.8,98.8460686728873,50.5000_-67.8000
2786,53,32,160000.0,760000.0,50.82701365477867,-66.21361674560471,-66.21361674560471,50.5,-66.3,-66.3,36.86852474691051,50.5000_-66.3000
2787,54,32,180000.0,760000.0,50.820871216572115,-65.92805124451867,-65.92805124451867,50.5,-66.3,-66.3,44.276239819762814,50.5000_-66.3000
2788,55,32,200000.0,760000.0,50.81400714707432,-65.64256766961532,-65.64256766961532,50.5,-66.3,-66.3,58.02509894747776,50.5000_-66.3000
2789,56,32,220000.0,760000.0,50.806421781996676,-65.3571750686891,-65.3571750686891,50.5,-66.3,-66.3,74.6917557557578,50.5000_-66.3000
2790,57,32,240000.0,760000.0,50.79811549214985,-65.07188247219388,-65.07188247219388,50.5,-66.3,-66.3,92.7157648122414,50.5000_-66.3000
2791,58,32,260000.0,760000.0,50.789088683372356,-64.78669889154077,-64.78669889154077,50.5,-64.8,-64.8,32.158918480132,50.5000_-64.8000
2792,59,32,280000.0,760000.0,50.779341796452705,-64.50163331740497,-64.50163331740497,50.5,-64.8,-64.8,37.516873260380834,50.5000_-64.8000
2793,60,32,300000.0,760000.0,50.768875307044716,-64.21669471804253,-64.21669471804253,50.5,-64.8,-64.8,50.85520762166995,50.5000_-64.8000
2794,61,32,320000.0,760000.0,50.75768972557636,-63.93189203761767,-63.93189203761767,50.5,-64.8,-64.8,67.60466179293083,50.5000_-64.8000
2795,62,32,340000.0,760000.0,50.74578559715217,-63.64723419454147,-63.64723419454147,50.5,-64.8,-64.8,85.78994099341405,50.5000_-64.8000
2796,63,32,360000.0,760000.0,50.733163501448914,-63.36273007982267,-63.36273007982267,50.5,-64.8,-64.8,104.66520650841713,50.5000_-64.8000
2797,64,32,380000.0,760000.0,50.71982405260518,-63.0783885554315,-63.0783885554315,50.5,-63.3,-63.3,29.017520256178702,50.5000_-63.3000
2798,65,32,400000.0,760000.0,50.70576789910432,-62.794218452676944,-62.794218452676944,50.5,-63.3,-63.3,42.398766256489715,50.5000_-63.3000
2799,66,32,420000.0,760000.0,50.690995723651234,-62.510228570598514,-62.510228570598514,50.5,-63.3,-63.3,59.65463158174366,50.5000_-63.3000
2800,67,32,440000.0,760000.0,50.675508243042856,-62.226427674373014,-62.226427674373014,50.5,-63.3,-63.3,78.2627237000598,50.5000_-63.3000
2801,68,32,460000.0,760000.0,50.65930620803239,-61.94282449373701,-61.94282449373701,50.5,-63.3,-63.3,97.45136595320231,50.5000_-63.3000
2802,69,32,480000.0,760000.0,50.642390403187626,-61.65942772142594,-61.65942772142594,50.5,-61.8,-61.8,18.688033119892893,50.5000_-61.8000
2803,70,32,500000.0,760000.0,50.62476164674292,-61.37624601163023,-61.37624601163023,50.5,-61.8,-61.8,32.99055605302912,50.5000_-61.8000
2804,71,32,520000.0,760000.0,50.60642079044548,-61.09328797846912,-61.09328797846912,50.5,-61.8,-61.8,51.311470534813495,50.5000_-61.8000
2805,72,32,540000.0,760000.0,50.58736871939552,-60.81056219448314,-60.81056219448314,50.5,-61.8,-61.8,70.58814278825912,50.5000_-61.8000
2806,73,32,560000.0,760000.0,50.56760635188069,-60.52807718914542,-60.52807718914542,50.5,-61.8,-61.8,90.20977997187067,50.5000_-61.8000
2807,74,32,580000.0,760000.0,50.547134639204785,-60.24584144739282,-60.24584144739282,50.5,-60.3,-60.3,6.490620180794089,50.5000_-60.3000
2808,75,32,600000.0,760000.0,50.525954565510744,-59.96386340817725,-59.96386340817725,50.5,-60.3,-60.3,23.942548904238038,50.5000_-60.3000
2809,76,32,620000.0,760000.0,50.504067147598015,-59.68215146303787,-59.68215146303787,50.5,-60.3,-60.3,43.699998802058694,50.5000_-60.3000
2820,7,33,-760000.0,780000.0,50.51002352337974,-79.32427940088643,-79.32427940088643,50.5,-79.8,-79.8,33.661960997834576,50.5000_-79.8000
2821,8,33,-740000.0,780000.0,50.53693942041803,-79.04358873331142,-79.04358873331142,50.5,-79.8,-79.8,53.63638420144767,50.5000_-79.8000
2822,9,33,-720000.0,780000.0,50.5631532504787,-78.76257087907584,-78.76257087907584,50.5,-79.8,-79.8,73.66189022732205,50.5000_-79.8000
2823,10,33,-700000.0,780000.0,50.58866376207611,-78.48123394811012,-78.48123394811012,50.5,-79.8,-79.8,93.70592876726482,50.5000_-79.8000
2824,11,33,-680000.0,780000.0,50.61346973522516,-78.19958610822393,-78.19958610822393,50.5,-78.3,-78.3,14.474631437375463,50.5000_-78.3000
2825,12,33,-660000.0,780000.0,50.63756998166417,-77.91763558381699,-77.91763558381699,50.5,-78.3,-78.3,31.036348329199132,50.5000_-78.3000
2826,13,33,-640000.0,780000.0,50.66096334507295,-77.63539065456474,-77.63539065456474,50.5,-78.3,-78.3,50.22407128493128,50.5000_-78.3000
2827,14,33,-620000.0,780000.0,50.68364870128538,-77.35285965407952,-77.35285965407952,50.5,-78.3,-78.3,69.90818509078183,50.5000_-78.3000
2828,15,33,-600000.0,780000.0,50.70562495849711,-77.07005096854748,-77.07005096854748,50.5,-78.3,-78.3,89.76288915992073,50.5000_-78.3000
2829,16,33,-580000.0,780000.0,50.72689105746785,-76.7869730353421,-76.7869730353421,50.5,-76.8,-76.8,25.245907513386914,50.5000_-76.8000
2830,17,33,-560000.0,780000.0,50.74744597171821,-76.5036343416145,-76.5036343416145,50.5,-76.8,-76.8,34.55640736848381,50.5000_-76.8000
2831,18,33,-540000.0,780000.0,50.767288707721065,-76.2200434228612,-76.2200434228612,50.5,-76.8,-76.8,50.56100223487297,50.5000_-76.8000
2832,19,33,-520000.0,780000.0,50.78641830508742,-75.93620886146988,-75.93620886146988,50.5,-76.8,-76.8,68.73275188610432,50.5000_-76.8000
2833,20,33,-500000.0,780000.0,50.80483383674652,-75.65213928524388,-75.65213928524388,50.5,-76.8,-76.8,87.7353904457062,50.5000_-76.8000
2834,21,33,-480000.0,780000.0,50.822534409120166,-75.36784336590559,-75.36784336590559,50.5,-76.8,-76.8,107.1277777903466,50.5000_-76.8000
2835,22,33,-460000.0,780000.0,50.83951916229131,-75.08332981757987,-75.08332981757987,50.5,-75.3,-75.3,40.72391566587068,50.5000_-75.3000
2836,23,33,-440000.0,780000.0,50.855787270166594,-74.79860739525785,-74.79860739525785,50.5,-75.3,-75.3,53.04014581920212,50.5000_-75.3000
2837,24,33,-420000.0,780000.0,50.871337940633005,-74.51368489324165,-74.51368489324165,50.5,-75.3,-75.3,69.09118521178983,50.5000_-75.3000
2838,25,33,-400000.0,780000.0,50.88617041570831,-74.22857114357092,-74.22857114357092,50.5,-75.3,-75.3,86.83007113826832,50.5000_-75.3000
2839,26,33,-380000.0,780000.0,50.90028397168549,-73.94327501443185,-73.94327501443185,50.5,-75.3,-75.3,105.40817471451943,50.5000_-75.3000
2840,27,33,-360000.0,780000.0,50.91367791927082,-73.6578054085491,-73.6578054085491,50.5,-73.8,-73.8,47.07614986860278,50.5000_-73.8000
2841,28,33,-340000.0,780000.0,50.92635160371572,-73.37217126156156,-73.37217126156156,50.5,-73.8,-73.8,56.168567664060205,50.5000_-73.8000
2842,29,33,-320000.0,780000.0,50.9383044049423,-73.08638154038285,-73.08638154038285,50.5,-73.8,-73.8,69.99409048147004,50.5000_-73.8000
2843,30,33,-300000.0,780000.0,50.94953573766226,-72.80044524154663,-72.80044524154663,50.5,-73.8,-73.8,86.30743094532325,50.5000_-73.8000
2844,31,33,-280000.0,780000.0,50.96004505148965,-72.51437138953831,-72.51437138953831,50.5,-73.8,-73.8,103.94383620302385,50.5000_-73.8000
2845,32,33,-260000.0,780000.0,50.96983183104677,-72.22816903511332,-72.22816903511332,50.5,-72.3,-72.3,52.486989892252744,50.5000_-72.3000
2846,33,33,-240000.0,780000.0,50.97889559606373,-71.9418472536029,-71.9418472536029,50.5,-72.3,-72.3,58.9136987627364,50.5000_-72.3000
2847,34,33,-220000.0,780000.0,50.987235901471216,-71.65541514320822,-71.65541514320822,50.5,-72.3,-72.3,70.65612076242441,50.5000_-72.3000
2848,35,33,-200000.0,780000.0,50.99485233748657,-71.36888182328362,-71.36888182328362,50.5,-72.3,-72.3,85.55281731574385,50.5000_-72.3000
2849,36,33,-180000.0,780000.0,51.001744529693276,-71.08225643260961,-71.08225643260961,50.5,-72.3,-72.3,102.2341627771743,50.5000_-72.3000
2850,37,33,-160000.0,780000.0,51.00791213911355,-70.79554812765687,-70.79554812765687,50.5,-70.8,-70.8,56.47819934671329,50.5000_-70.8000
2851,38,33,-140000.0,780000.0,51.01335486227414,-70.50876608084134,-70.50876608084134,50.5,-70.8,-70.8,60.64730134099955,50.5000_-70.8000
2852,39,33,-120000.0,780000.0,51.01807243126538,-70.2219194787721,-70.2219194787721,50.5,-70.8,-70.8,70.51189958855565,50.5000_-70.8000
2853,40,33,-100000.0,780000.0,51.0220646137932,-69.93501752049205,-69.93501752049205,50.5,-70.8,-70.8,84.09096795909623,50.5000_-70.8000
2854,41,33,-80000.0,780000.0,51.02533121322445,-69.64806941571295,-69.64806941571295,50.5,-70.8,-70.8,99.8808695254417,50.5000_-70.8000
2855,42,33,-60000.0,780000.0,51.02787206862518,-69.36108438304505,-69.36108438304505,50.5,-70.8,-70.8,116.98983976876198,50.5000_-70.8000
2856,43,33,-40000.0,780000.0,51.02968705479193,-69.07407164822256,-69.07407164822256,50.5,-69.3,-69.3,61.00427843827584,50.5000_-69.3000
2857,44,33,-20000.0,780000.0,51.030776082276255,-68.78704044232566,-68.78704044232566,50.5,-69.3,-69.3,69.17224225604646,50.5000_-69.3000
2858,45,33,0.0,780000.0,51.031139097402104,-68.5,-68.5,50.5,-69.3,-69.3,81.5696073778065,50.5000_-69.3000
2859,46,33,20000.0,780000.0,51.030776082276255,-68.21295955767434,-68.21295955767434,50.5,-69.3,-69.3,96.58119390812375,50.5000_-69.3000
2860,47,33,40000.0,780000.0,51.02968705479193,-67.92592835177744,-67.92592835177744,50.5,-69.3,-69.3,113.17144602611216,50.5000_-69.3000
2861,48,33,60000.0,780000.0,51.02787206862518,-67.63891561695495,-67.63891561695495,50.5,-67.8,-67.8,59.780133984063895,50.5000_-67.8000
2862,49,33,80000.0,780000.0,51.02533121322445,-67.35193058428705,-67.35193058428705,50.5,-67.8,-67.8,66.37293722587837,50.5000_-67.8000
2863,50,33,100000.0,780000.0,51.0220646137932,-67.06498247950795,-67.06498247950795,50.5,-67.8,-67.8,77.73407536871919,50.5000_-67.8000
2864,51,33,120000.0,780000.0,51.01807243126538,-66.7780805212279,-66.7780805212279,50.5,-67.8,-67.8,92.11579005536773,50.5000_-67.8000
2865,52,33,140000.0,780000.0,51.01335486227414,-66.49123391915866,-66.49123391915866,50.5,-67.8,-67.8,108.3215482736082,50.5000_-67.8000
2866,53,33,160000.0,780000.0,51.00791213911355,-66.20445187234313,-66.20445187234313,50.5,-66.3,-66.3,56.875892718721026,50.5000_-66.3000
2867,54,33,180000.0,780000.0,51.001744529693276,-65.91774356739039,-65.91774356739039,50.5,-66.3,-66.3,61.93449983156083,50.5000_-66.3000
2868,55,33,200000.0,780000.0,50.99485233748657,-65.63111817671638,-65.63111817671638,50.5,-66.3,-66.3,72.40445648318541,50.5000_-66.3000
2869,56,33,220000.0,780000.0,50.987235901471216,-65.34458485679178,-65.34458485679178,50.5,-66.3,-66.3,86.3390241420587,50.5000_-66.3000
2870,57,33,240000.0,780000.0,50.97889559606373,-65.0581527463971,-65.0581527463971,50.5,-66.3,-66.3,102.33248304393754,50.5000_-66.3000
2871,58,33,260000.0,780000.0,50.96983183104677,-64.77183096488668,-64.77183096488668,50.5,-64.8,-64.8,52.28058662682306,50.5000_-64.8000
2872,59,33,280000.0,780000.0,50.96004505148965,-64.48562861046169,-64.48562861046169,50.5,-64.8,-64.8,55.73491578770066,50.5000_-64.8000
2873,60,33,300000.0,780000.0,50.94953573766226,-64.19955475845339,-64.19955475845339,50.5,-64.8,-64.8,65.45989840654438,50.5000_-64.8000
2874,61,33,320000.0,780000.0,50.9383044049423,-63.91361845961717,-63.91361845961717,50.5,-64.8,-64.8,79.17763674768108,50.5000_-64.8000
2875,62,33,340000.0,780000.0,50.92635160371572,-63.62782873843844,-63.62782873843844,50.5,-64.8,-64.8,95.17701987159897,50.5000_-64.8000
2876,63,33,360000.0,780000.0,50.91367791927082,-63.34219459145092,-63.34219459145092,50.5,-64.8,-64.8,112.48858814801048,50.5000_-64.8000
2877,64,33,380000.0,780000.0,50.90028397168549,-63.05672498556815,-63.05672498556815,50.5,-63.3,-63.3,47.69335478197292,50.5000_-63.3000
2878,65,33,400000.0,780000.0,50.88617041570831,-62.77142885642908,-62.77142885642908,50.5,-63.3,-63.3,56.83364058917081,50.5000_-63.3000
2879,66,33,420000.0,780000.0,50.871337940633005,-62.486315106758354,-62.486315106758354,50.5,-63.3,-63.3,70.64653249405649,50.5000_-63.3000
2880,67,33,440000.0,780000.0,50.855787270166594,-62.20139260474215,-62.20139260474215,50.5,-63.3,-63.3,86.93241765827575,50.5000_-63.3000
2881,68,33,460000.0,780000.0,50.83951916229131,-61.916670182420134,-61.916670182420134,50.5,-63.3,-63.3,104.54175654500251,50.5000_-63.3000
2882,69,33,480000.0,780000.0,50.822534409120166,-61.63215663409443,-61.63215663409443,50.5,-61.8,-61.8,37.765179733017085,50.5000_-61.8000
2883,70,33,500000.0,780000.0,50.80483383674652,-61.34786071475614,-61.34786071475614,50.5,-61.8,-61.8,46.52955917537465,50.5000_-61.8000
2884,71,33,520000.0,780000.0,50.78641830508742,-61.06379113853012,-61.06379113853012,50.5,-61.8,-61.8,60.9034616589698,50.5000_-61.8000
2885,72,33,540000.0,780000.0,50.767288707721065,-60.77995657713882,-60.77995657713882,50.5,-61.8,-61.8,77.83879655542957,50.5000_-61.8000
2886,73,33,560000.0,780000.0,50.74744597171821,-60.4963656583855,-60.4963656583855,50.5,-61.8,-61.8,95.98912545397488,50.5000_-61.8000
2887,74,33,580000.0,780000.0,50.72689105746785,-60.2130269646579,-60.2130269646579,50.5,-60.3,-60.3,25.964781926027396,50.5000_-60.3000
2888,75,33,600000.0,780000.0,50.70562495849711,-59.92994903145252,-59.92994903145252,50.5,-60.3,-60.3,34.710759952071506,50.5000_-60.3000
2889,76,33,620000.0,780000.0,50.68364870128538,-59.64714034592048,-59.64714034592048,50.5,-60.3,-60.3,50.40751799036116,50.5000_-60.3000
2890,77,33,640000.0,780000.0,50.66096334507295,-59.36460934543524,-59.36460934543524,50.5,-60.3,-60.3,68.42792725064272,50.5000_-60.3000
2900,7,34,-760000.0,800000.0,50.688908801845145,-79.36720682364432,-79.36720682364432,50.5,-79.8,-79.8,37.07446223365617,50.5000_-79.8000
2901,8,34,-740000.0,800000.0,50.715933537333406,-79.08543603338698,-79.08543603338698,50.5,-79.8,-79.8,55.849091539483496,50.5000_-79.8000
2902,9,34,-720000.0,800000.0,50.742253453719236,-78.80333420264661,-78.80333420264661,50.5,-79.8,-79.8,75.29466348322148,50.5000_-79.8000
2903,10,34,-700000.0,800000.0,50.76786728770667,-78.52090953101244,-78.52090953101244,50.5,-79.8,-79.8,95.00024281460077,50.5000_-79.8000
2904,11,34,-680000.0,800000.0,50.79277380777443,-78.23817027707885,-78.23817027707885,50.5,-78.3,-78.3,32.845610419148066,50.5000_-78.3000
2905,12,34,-660000.0,800000.0,50.816971814402564,-77.95512475713355,-77.95512475713355,50.5,-78.3,-78.3,42.81656898260212,50.5000_-78.3000
2906,13,34,-640000.0,800000.0,50.84046014029432,-77.67178134382016,-77.67178134382016,50.5,-78.3,-78.3,58.251406918540134,50.5000_-78.3000
2907,14,34,-620000.0,800000.0,50.86323765059254,-77.38814846477558,-77.38814846477558,50.5,-78.3,-78.3,75.88654662369179,50.5000_-78.3000
2908,15,34,-600000.0,800000.0,50.88530324309095,-77.10423460124242,-77.10423460124242,50.5,-78.3,-78.3,94.49821090143398,50.5000_-78.3000
2909,16,34,-580000.0,800000.0,50.90665584843998,-76.82004828665742,-76.82004828665742,50.5,-78.3,-78.3,113.60759258256955,50.5000_-78.3000
2910,17,34,-560000.0,800000.0,50.92729443034716,-76.53559810521593,-76.53559810521593,50.5,-76.8,-76.8,51.0297831468586,50.5000_-76.8000
2911,18,34,-540000.0,800000.0,50.94721798577178,-76.25089269041335,-76.25089269041335,50.5,-76.8,-76.8,62.983836109928774,50.5000_-76.8000
2912,19,34,-520000.0,800000.0,50.966425545114085,-75.96594072356402,-75.96594072356402,50.5,-76.8,-76.8,78.32925370330052,50.5000_-76.8000
2913,20,34,-500000.0,800000.0,50.98491617239861,-75.68075093229788,-75.68075093229788,50.5,-76.8,-76.8,95.44415751001137,50.5000_-76.8000
2914,21,34,-480000.0,800000.0,51.00268896545158,-75.39533208903606,-75.39533208903606,50.5,-76.8,-76.8,113.53118988901203,50.5000_-76.8000
2915,22,34,-460000.0,800000.0,51.01974305607249,-75.1096930094454,-75.1096930094454,50.5,-75.3,-75.3,59.322791198052784,50.5000_-75.3000
2916,23,34,-440000.0,800000.0,51.03607761019962,-74.82384255087297,-74.82384255087297,50.5,-75.3,-75.3,68.3707188680308,50.5000_-75.3000
2917,24,34,-420000.0,800000.0,51.05169182806938,-74.53778961076118,-74.53778961076118,50.5,-75.3,-75.3,81.45862197608231,50.5000_-75.3000
2918,25,34,-400000.0,800000.0,51.066584944369595,-74.251543125044,-74.251543125044,50.5,-75.3,-75.3,96.96425947511504,50.5000_-75.3000
2919,26,34,-380000.0,800000.0,51.080756228386434,-73.96511206652504,-73.96511206652504,50.5,-75.3,-75.3,113.90458190258893,50.5000_-75.3000
2920,27,34,-360000.0,800000.0,51.09420498414497,-73.67850544323844,-73.67850544323844,50.5,-73.8,-73.8,66.62213282129846,50.5000_-73.8000
2921,28,34,-340000.0,800000.0,51.10693055054353,-73.3917322967929,-73.3917322967929,50.5,-73.8,-73.8,73.33266138398385,50.5000_-73.8000
2922,29,34,-320000.0,800000.0,51.118932301481316,-73.10480170069984,-73.10480170069984,50.5,-73.8,-73.8,84.3945753518519,50.5000_-73.8000
2923,30,34,-300000.0,800000.0,51.13020964597967,-72.81772275868654,-72.81772275868654,50.5,-73.8,-73.8,98.3504839477044,50.5000_-73.8000
2924,31,34,-280000.0,800000.0,51.14076202829671,-72.53050460299453,-72.53050460299453,50.5,-73.8,-73.8,114.14382046836238,50.5000_-73.8000
2925,32,34,-260000.0,800000.0,51.150588928035276,-72.24315639266479,-72.24315639266479,50.5,-72.3,-72.3,72.45238115475341,50.5000_-72.3000
2926,33,34,-240000.0,800000.0,51.159689860244185,-71.95568731180974,-71.95568731180974,50.5,-72.3,-72.3,77.23727886046784,50.5000_-72.3000
2927,34,34,-220000.0,800000.0,51.16806437551278,-71.66810656787345,-71.66810656787345,50.5,-72.3,-72.3,86.53001561293738,50.5000_-72.3000
2928,35,34,-200000.0,800000.0,51.17571206005852,-71.38042338988049,-71.38042338988049,50.5,-72.3,-72.3,99.07015667897134,50.5000_-72.3000
2929,36,34,-180000.0,800000.0,51.18263253580796,-71.09264702667446,-71.09264702667446,50.5,-72.3,-72.3,113.7891139109919,50.5000_-72.3000
2930,37,34,-160000.0,800000.0,51.18882546047061,-70.80478674514691,-70.80478674514691,50.5,-72.3,-72.3,129.94864417441175,50.5000_-72.3000
2931,38,34,-140000.0,800000.0,51.19429052760604,-70.51685182845763,-70.51685182845763,50.5,-70.8,-70.8,79.71985237827266,50.5000_-70.8000
2932,39,34,-120000.0,800000.0,51.19902746668384,-70.22885157424695,-70.22885157424695,50.5,-70.8,-70.8,87.46057759123984,50.5000_-70.8000
2933,40,34,-100000.0,800000.0,51.20303604313678,-69.94079529284103,-69.94079529284103,50.5,-70.8,-70.8,98.73729054318432,50.5000_-70.8000
2934,41,34,-80000.0,800000.0,51.206316058406834,-69.65269230545124,-69.65269230545124,50.5,-70.8,-70.8,112.49159333193974,50.5000_-70.8000
2935,42,34,-60000.0,800000.0,51.20886734998415,-69.36455194236787,-69.36455194236787,50.5,-70.8,-70.8,127.92682898253153,50.5000_-70.8000
2936,43,34,-40000.0,800000.0,51.21068979143905,-69.0763835411497,-69.0763835411497,50.5,-69.3,-69.3,80.5689522476324,50.5000_-69.3000
2937,44,34,-20000.0,800000.0,51.21178329244686,-68.78819644481007,-68.78819644481007,50.5,-69.3,-69.3,86.91823875298562,50.5000_-69.3000
2938,45,34,0.0,800000.0,51.21214779880562,-68.5,-68.5,50.5,-69.3,-69.3,97.07626473236772,50.5000_-69.3000
2939,46,34,20000.0,800000.0,51.21178329244686,-68.21180355518995,-68.21180355518995,50.5,-69.3,-69.3,109.9928121710122,50.5000_-69.3000
2940,47,34,40000.0,800000.0,51.21068979143905,-67.9236164588503,-67.9236164588503,50.5,-69.3,-69.3,124.81438864354895,50.5000_-69.3000
2941,48,34,60000.0,800000.0,51.20886734998415,-67.63544805763215,-67.63544805763215,50.5,-67.8,-67.8,79.66437277280802,50.5000_-67.8000
2942,49,34,80000.0,800000.0,51.206316058406834,-67.34730769454876,-67.34730769454876,50.5,-67.8,-67.8,84.72392881302723,50.5000_-67.8000
2943,50,34,100000.0,800000.0,51.20303604313678,-67.05920470715897,-67.05920470715897,50.5,-67.8,-67.8,93.89071220381098,50.5000_-67.8000
2944,51,34,120000.0,800000.0,51.19902746668384,-66.77114842575307,-66.77114842575307,50.5,-67.8,-67.8,106.10548105478439,50.5000_-67.8000
2945,52,34,140000.0,800000.0,51.19429052760604,-66.48314817154237,-66.48314817154237,50.5,-67.8,-67.8,120.44442888398656,50.5000_-67.8000
2946,53,34,160000.0,800000.0,51.18882546047061,-66.19521325485309,-66.19521325485309,50.5,-66.3,-66.3,76.94651937791629,50.5000_-66.3000
2947,54,34,180000.0,800000.0,51.18263253580796,-65.90735297332554,-65.90735297332554,50.5,-66.3,-66.3,80.75700789109483,50.5000_-66.3000
2948,55,34,200000.0,800000.0,51.17571206005852,-65.61957661011951,-65.61957661011951,50.5,-66.3,-66.3,89.04045805043425,50.5000_-66.3000
2949,56,34,220000.0,800000.0,51.16806437551278,-65.33189343212656,-65.33189343212656,50.5,-66.3,-66.3,100.69898088504453,50.5000_-66.3000
2950,57,34,240000.0,800000.0,51.159689860244185,-65.04431268819026,-65.04431268819026,50.5,-66.3,-66.3,114.70801740255607,50.5000_-66.3000
2951,58,34,260000.0,800000.0,51.150588928035276,-64.75684360733521,-64.75684360733521,50.5,-64.8,-64.8,72.40576659765946,50.5000_-64.8000
2952,59,34,280000.0,800000.0,51.14076202829671,-64.46949539700547,-64.46949539700547,50.5,-64.8,-64.8,74.93672180451917,50.5000_-64.8000
2953,60,34,300000.0,800000.0,51.13020964597967,-64.18227724131347,-64.18227724131347,50.5,-64.8,-64.8,82.42572699235632,50.5000_-64.8000
2954,61,34,320000.0,800000.0,51.118932301481316,-63.89519829930016,-63.89519829930016,50.5,-64.8,-64.8,93.69122976941348,50.5000_-64.8000
2955,62,34,340000.0,800000.0,51.10693055054353,-63.608267703207105,-63.608267703207105,50.5,-64.8,-64.8,107.55294566403482,50.5000_-64.8000
2956,63,34,360000.0,800000.0,51.09420498414497,-63.321494556761564,-63.321494556761564,50.5,-64.8,-64.8,123.13713324792025,50.5000_-64.8000
2957,64,34,380000.0,800000.0,51.080756228386434,-63.03488793347498,-63.03488793347498,50.5,-63.3,-63.3,67.21224198032323,50.5000_-63.3000
2958,65,34,400000.0,800000.0,51.066584944369595,-62.748456874956005,-62.748456874956005,50.5,-63.3,-63.3,73.97735690693327,50.5000_-63.3000
2959,66,34,420000.0,800000.0,51.05169182806938,-62.46221038923882,-62.46221038923882,50.5,-63.3,-63.3,85.04912542466492,50.5000_-63.3000
2960,67,34,440000.0,800000.0,51.03607761019962,-62.17615744912703,-62.17615744912703,50.5,-63.3,-63.3,98.99282551743507,50.5000_-63.3000
2961,68,34,460000.0,800000.0,51.01974305607249,-61.89030699055462,-61.89030699055462,50.5,-63.3,-63.3,114.76631063591971,50.5000_-63.3000
2962,69,34,480000.0,800000.0,51.00268896545158,-61.60466791096394,-61.60466791096394,50.5,-61.8,-61.8,57.56090197491574,50.5000_-61.8000
2963,70,34,500000.0,800000.0,50.98491617239861,-61.31924906770212,-61.31924906770212,50.5,-61.8,-61.8,63.652921552187365,50.5000_-61.8000
2964,71,34,520000.0,800000.0,50.966425545114085,-61.03405927643598,-61.03405927643598,50.5,-61.8,-61.8,74.80408818562503,50.5000_-61.8000
2965,72,34,540000.0,800000.0,50.94721798577178,-60.74910730958665,-60.74910730958665,50.5,-61.8,-61.8,89.13531653572959,50.5000_-61.8000
2966,73,34,560000.0,800000.0,50.92729443034716,-60.464401894784075,-60.464401894784075,50.5,-61.8,-61.8,105.35666873856746,50.5000_-61.8000
2967,74,34,580000.0,800000.0,50.90665584843998,-60.179951713342575,-60.179951713342575,50.5,-60.3,-60.3,46.00165351323496,50.5000_-60.3000
2968,75,34,600000.0,800000.0,50.88530324309095,-59.895765398757575,-59.895765398757575,50.5,-60.3,-60.3,51.442750517907,50.5000_-60.3000
2969,76,34,620000.0,800000.0,50.86323765059254,-59.61185153522442,-59.61185153522442,50.5,-60.3,-60.3,63.10354365476482,50.5000_-60.3000
2970,77,34,640000.0,800000.0,50.84046014029432,-59.32821865617984,-59.32821865617984,50.5,-60.3,-60.3,78.25103260247221,50.5000_-60.3000
2971,78,34,660000.0,800000.0,50.816971814402564,-59.04487524286645,-59.04487524286645,50.5,-60.3,-60.3,95.23563165061984,50.5000_-60.3000
2980,7,35,-760000.0,820000.0,50.86779576624579,-79.41047343644287,-79.41047343644287,50.5,-79.8,-79.8,49.25130586508329,50.5000_-79.8000
2981,8,35,-740000.0,820000.0,50.8949299422272,-79.12761438399475,-79.12761438399475,50.5,-79.8,-79.8,64.58458907104713,50.5000_-79.8000
2982,9,35,-720000.0,820000.0,50.921356533008165,-78.84442037694608,-78.84442037694608,50.5,-79.8,-79.8,81.98953435178369,50.5000_-79.8000
2983,10,35,-700000.0,820000.0,50.94707426332206,-78.5608997058305,-78.5608997058305,50.5,-79.8,-79.8,100.39455840869604,50.5000_-79.8000
2984,11,35,-680000.0,820000.0,50.972081889954225,-78.27706072133886,-78.27706072133886,50.5,-78.3,-78.3,52.5180003020701,50.5000_-78.3000
2985,12,35,-660000.0,820000.0,50.99637820197274,-77.9929118329844,-77.9929118329844,50.5,-78.3,-78.3,59.27270920120932,50.5000_-78.3000
2986,13,35,-640000.0,820000.0,51.01996202095405,-77.70846150774175,-77.70846150774175,50.5,-78.3,-78.3,71.23192291673011,50.5000_-78.3000
2987,14,35,-620000.0,820000.0,51.0428322012032,-77.42371826865987,-77.42371826865987,50.5,-78.3,-78.3,86.25756355885311,50.5000_-78.3000
2988,15,35,-600000.0,820000.0,51.0649876299689,-77.13869069344965,-77.13869069344965,50.5,-78.3,-78.3,103.01661158955062,50.5000_-78.3000
2989,16,35,-580000.0,820000.0,51.08642722765289,-76.85338741304653,-76.85338741304653,50.5,-78.3,-78.3,120.7898056911577,50.5000_-78.3000
2990,17,35,-560000.0,820000.0,51.10714994801391,-76.56781711014885,-76.56781711014885,50.5,-76.8,-76.8,69.4556496679856,50.5000_-76.8000
2991,18,35,-540000.0,820000.0,51.12715477836592,-76.28198851773217,-76.28198851773217,50.5,-76.8,-76.8,78.66171583951292,50.5000_-76.8000
2992,19,35,-520000.0,820000.0,51.146440739770576,-75.99591041754067,-75.99591041754067,50.5,-76.8,-76.8,91.41607683930832,50.5000_-76.8000
2993,20,35,-500000.0,820000.0,51.16500688722374,-75.70959163855576,-75.70959163855576,50.5,-76.8,-76.8,106.45097388025707,50.5000_-76.8000
2994,21,35,-480000.0,820000.0,51.18285230983628,-75.42304105544264,-75.42304105544264,50.5,-76.8,-76.8,122.93257584866974,50.5000_-76.8000
2995,22,35,-460000.0,820000.0,51.199976131008576,-75.13626758697575,-75.13626758697575,50.5,-75.3,-75.3,78.67802834568089,50.5000_-75.3000
2996,23,35,-440000.0,820000.0,51.21637750859901,-74.84928019444321,-74.84928019444321,50.5,-75.3,-75.3,85.70958643144104,50.5000_-75.3000
2997,24,35,-420000.0,820000.0,51.23205563508625,-74.5620878800316,-74.5620878800316,50.5,-75.3,-75.3,96.47639382992931,50.5000_-75.3000
2998,25,35,-400000.0,820000.0,51.24700973772524,-74.27469968519105,-74.27469968519105,50.5,-75.3,-75.3,109.88600199102132,50.5000_-75.3000
2999,26,35,-380000.0,820000.0,51.26123907869679,-73.98712468898208,-73.98712468898208,50.5,-75.3,-75.3,125.09142954271532,50.5000_-75.3000
3000,27,35,-360000.0,820000.0,51.27474295525076,-73.69937200640429,-73.69937200640429,50.5,-73.8,-73.8,86.4362870390754,50.5000_-73.8000
3001,28,35,-340000.0,820000.0,51.28752069984269,-73.41145078670806,-73.41145078670806,50.5,-73.8,-73.8,91.7105568824325,50.5000_-73.8000
3002,29,35,-320000.0,820000.0,51.29957168026388,-73.1233702116899,-73.1233702116899,50.5,-73.8,-73.8,100.77739818014257,50.5000_-73.8000
3003,30,35,-300000.0,820000.0,51.31089529976483,-72.83513949397205,-72.83513949397205,50.5,-73.8,-73.8,112.72540881639165,50.5000_-73.8000
3004,31,35,-280000.0,820000.0,51.321490997171914,-72.54676787526743,-72.54676787526743,50.5,-73.8,-73.8,126.74241343850903,50.5000_-73.8000
3005,32,35,-260000.0,820000.0,51.33135824699734,-72.25826462463048,-72.25826462463048,50.5,-72.3,-72.3,92.48923246108328,50.5000_-72.3000
3006,33,35,-240000.0,820000.0,51.34049655954224,-71.96963903669487,-71.96963903669487,50.5,-72.3,-72.3,96.28507312728837,50.5000_-72.3000
3007,34,35,-220000.0,820000.0,51.3489054809929,-71.68090042989878,-71.68090042989878,50.5,-72.3,-72.3,103.88954207176401,50.5000_-72.3000
3008,35,35,-200000.0,820000.0,51.35658459351012,-71.39205814469868,-71.39205814469868,50.5,-72.3,-72.3,114.54663586867959,50.5000_-72.3000
3009,36,35,-180000.0,820000.0,51.363533515311445,-71.10312154177238,-71.10312154177238,50.5,-72.3,-72.3,127.49316636612464,50.5000_-72.3000
3010,37,35,-160000.0,820000.0,51.369751900746564,-70.81410000021232,-70.81410000021232,50.5,-72.3,-72.3,142.10478733739666,50.5000_-72.3000
3011,38,35,-140000.0,820000.0,51.37523944036549,-70.52500291570985,-70.52500291570985,50.5,-70.8,-70.8,99.21141098122014,50.5000_-70.8000
3012,39,35,-120000.0,820000.0,51.37999586097981,-70.23583969873133,-70.23583969873133,50.5,-70.8,-70.8,105.53321625653837,50.5000_-70.8000
3013,40,35,-100000.0,820000.0,51.384020925716676,-69.94661977268721,-69.94661977268721,50.5,-70.8,-70.8,115.0533983835273,50.5000_-70.8000
3014,41,35,-80000.0,820000.0,51.38731443406567,-69.65735257209462,-69.65735257209462,50.5,-70.8,-70.8,127.05503548543558,50.5000_-70.8000
3015,42,35,-60000.0,820000.0,51.38987622191863,-69.36804754073458,-69.36804754073458,50.5,-70.8,-70.8,140.9054829754129,50.5000_-70.8000
3016,43,35,-40000.0,820000.0,51.39170616160207,-69.07871412980468,-69.07871412980468,50.5,-69.3,-69.3,100.35787053016233,50.5000_-69.3000
3017,44,35,-20000.0,820000.0,51.39280416190259,-68.78936179606812,-68.78936179606812,50.5,-69.3,-69.3,105.52377471940378,50.5000_-69.3000
3018,45,35,0.0,820000.0,51.39317016808486,-68.5,-68.5,50.5,-69.3,-69.3,114.03725578652171,50.5000_-69.3000
3019,46,35,20000.0,820000.0,51.39280416190259,-68.21063820393188,-68.21063820393188,50.5,-69.3,-69.3,125.21736330163063,50.5000_-69.3000
3020,47,35,40000.0,820000.0,51.39170616160207,-67.92128587019532,-67.92128587019532,50.5,-69.3,-69.3,138.4194458038204,50.5000_-69.3000
3021,48,35,60000.0,820000.0,51.38987622191863,-67.63195245926542,-67.63195245926542,50.5,-67.8,-67.8,99.64774657058575,50.5000_-67.8000
3022,49,35,80000.0,820000.0,51.38731443406567,-67.34264742790538,-67.34264742790538,50.5,-67.8,-67.8,103.73730793874084,50.5000_-67.8000
3023,50,35,100000.0,820000.0,51.384020925716676,-67.05338022731279,-67.05338022731279,50.5,-67.8,-67.8,111.35008807496854,50.5000_-67.8000
3024,51,35,120000.0,820000.0,51.37999586097981,-66.76416030126867,-66.76416030126867,50.5,-67.8,-67.8,121.82737185870786,50.5000_-67.8000
3025,52,35,140000.0,820000.0,51.37523944036549,-66.47499708429015,-66.47499708429015,50.5,-67.8,-67.8,134.50138753662776,50.5000_-67.8000
3026,53,35,160000.0,820000.0,51.369751900746564,-66.18589999978768,-66.18589999978768,50.5,-66.3,-66.3,97.04205060917336,50.5000_-66.3000
3027,54,35,180000.0,820000.0,51.363533515311445,-65.89687845822762,-65.89687845822762,50.5,-66.3,-66.3,100.08993219024876,50.5000_-66.3000
3028,55,35,200000.0,820000.0,51.35658459351012,-65.60794185530132,-65.60794185530132,50.5,-66.3,-66.3,106.8853551190733,50.5000_-66.3000
3029,56,35,220000.0,820000.0,51.3489054809929,-65.31909957010122,-65.31909957010122,50.5,-66.3,-66.3,116.77587677263224,50.5000_-66.3000
3030,57,35,240000.0,820000.0,51.34049655954224,-65.03036096330513,-65.03036096330513,50.5,-66.3,-66.3,129.05178873516084,50.5000_-66.3000
3031,58,35,260000.0,820000.0,51.33135824699734,-64.74173537536952,-64.74173537536952,50.5,-64.8,-64.8,92.533133775105,50.5000_-64.8000
3032,59,35,280000.0,820000.0,51.321490997171914,-64.45323212473257,-64.45323212473257,50.5,-64.8,-64.8,94.52560399504993,50.5000_-64.8000
3033,60,35,300000.0,820000.0,51.31089529976483,-64.16486050602795,-64.16486050602795,50.5,-64.8,-64.8,100.56559656386223,50.5000_-64.8000
3034,61,35,320000.0,820000.0,51.29957168026388,-63.8766297883101,-63.8766297883101,50.5,-64.8,-64.8,109.98825775547873,50.5000_-64.8000
3035,62,35,340000.0,820000.0,51.28752069984269,-63.58854921329194,-63.58854921329194,50.5,-64.8,-64.8,122.01233266652925,50.5000_-64.8000
3036,63,35,360000.0,820000.0,51.27474295525076,-63.300627993595725,-63.300627993595725,50.5,-64.8,-64.8,135.9492628142795,50.5000_-64.8000
3037,64,35,380000.0,820000.0,51.26123907869679,-63.01287531101792,-63.01287531101792,50.5,-63.3,-63.3,87.0097364497251,50.5000_-63.3000
3038,65,35,400000.0,820000.0,51.24700973772524,-62.72530031480895,-62.72530031480895,50.5,-63.3,-63.3,92.33420833271788,50.5000_-63.3000
3039,66,35,420000.0,820000.0,51.23205563508625,-62.437912119968416,-62.437912119968416,50.5,-63.3,-63.3,101.4205626901635,50.5000_-63.3000
3040,67,35,440000.0,820000.0,51.21637750859901,-62.15071980555679,-62.15071980555679,50.5,-63.3,-63.3,113.36776363709437,50.5000_-63.3000
3041,68,35,460000.0,820000.0,51.199976131008576,-61.86373241302425,-61.86373241302425,50.5,-63.3,-63.3,127.37324938173009,50.5000_-63.3000
3042,69,35,480000.0,820000.0,51.18285230983628,-61.57695894455736,-61.57695894455736,50.5,-61.8,-61.8,77.52800169779228,50.5000_-61.8000
3043,70,35,500000.0,820000.0,51.16500688722374,-61.290408361444236,-61.290408361444236,50.5,-61.8,-61.8,82.15025513370132,50.5000_-61.8000
3044,71,35,520000.0,820000.0,51.146440739770576,-61.00408958245933,-61.00408958245933,50.5,-61.8,-61.8,91.0622444775856,50.5000_-61.8000
3045,72,35,540000.0,820000.0,51.12715477836592,-60.718011482267826,-60.718011482267826,50.5,-61.8,-61.8,103.15799565539285,50.5000_-61.8000
3046,73,35,560000.0,820000.0,51.10714994801391,-60.43218288985115,-60.43218288985115,50.5,-61.8,-61.8,117.45790394866047,50.5000_-61.8000
3047,74,35,580000.0,820000.0,51.08642722765289,-60.14661258695347,-60.14661258695347,50.5,-60.3,-60.3,66.09306551374462,50.5000_-60.3000
3048,75,35,600000.0,820000.0,51.0649876299689,-59.86130930655037,-59.86130930655037,50.5,-60.3,-60.3,69.98589161919872,50.5000_-60.3000
3049,76,35,620000.0,820000.0,51.0428322012032,-59.576281731340146,-59.576281731340146,50.5,-60.3,-60.3,78.95144016477641,50.5000_-60.3000
3050,77,35,640000.0,820000.0,51.01996202095405,-59.291538492258255,-59.291538492258255,50.5,-60.3,-60.3,91.51054462441128,50.5000_-60.3000
3051,78,35,660000.0,820000.0,50.99637820197274,-59.00708816701561,-59.00708816701561,50.5,-60.3,-60.3,106.39804892860717,50.5000_-60.3000
3060,7,36,-760000.0,840000.0,51.04668257472333,-79.45408324336917,-79.45408324336917,50.5,-79.8,-79.8,65.47428120356483,50.5000_-79.8000
3061,8,36,-740000.0,840000.0,51.073926799215705,-79.17012769944803,-79.17012769944803,50.5,-79.8,-79.8,77.67387949658904,50.5000_-79.8000
3062,9,36,-720000.0,840000.0,51.10046065831578,-78.88583322533934,-78.88583322533934,50.5,-79.8,-79.8,92.65683736386923,50.5000_-79.8000
3063,10,36,-700000.0,840000.0,51.12628286462297,-78.60120820382909,-78.60120820382909,50.5,-79.8,-79.8,109.28442618114728,50.5000_-79.8000
3064,11,36,-680000.0,840000.0,51.15139216306932,-78.31626107903931,-78.31626107903931,50.5,-79.8,-79.8,126.91197416548842,50.5000_-79.8000
3065,12,36,-660000.0,840000.0,51.17578733115437,-78.0310003550699,-78.0310003550699,50.5,-78.3,-78.3,77.48191662883565,50.5000_-78.3000
3066,13,36,-640000.0,840000.0,51.19946717917472,-77.74543459461356,-77.74543459461356,50.5,-78.3,-78.3,86.97667909864843,50.5000_-78.3000
3067,14,36,-620000.0,840000.0,51.22243055044823,-77.45957241754392,-77.45957241754392,50.5,-78.3,-78.3,99.66019458337561,50.5000_-78.3000
3068,15,36,-600000.0,840000.0,51.24467632153278,-77.17342249947754,-77.17342249947754,50.5,-78.3,-78.3,114.47754206103454,50.5000_-78.3000
3069,16,36,-580000.0,840000.0,51.26620340243945,-76.88699357031045,-76.88699357031045,50.5,-78.3,-78.3,130.7051114669643,50.5000_-78.3000
3070,17,36,-560000.0,840000.0,51.28701073684006,-76.60029441272948,-76.60029441272948,50.5,-76.8,-76.8,88.6254928437233,50.5000_-76.8000
3071,18,36,-540000.0,840000.0,51.30709730226897,-76.31333386069929,-76.31333386069929,50.5,-76.8,-76.8,96.01409377589303,50.5000_-76.8000
3072,19,36,-520000.0,840000.0,51.326462110318914,-76.02612079792534,-76.02612079792534,50.5,-76.8,-76.8,106.71764769740277,50.5000_-76.8000
3073,20,36,-500000.0,840000.0,51.345104206831024,-75.73866415629392,-75.73866415629392,50.5,-76.8,-76.8,119.85136121493075,50.5000_-76.8000
3074,21,36,-480000.0,840000.0,51.3630226720787,-75.45097291428921,-75.45097291428921,50.5,-76.8,-76.8,134.7063571825861,50.5000_-76.8000
3075,22,36,-460000.0,840000.0,51.38021662094531,-75.16305609538864,-75.16305609538864,50.5,-75.3,-75.3,98.34492518194332,50.5000_-75.3000
3076,23,36,-440000.0,840000.0,51.396685203095835,-74.87492276643701,-74.87492276643701,50.5,-75.3,-75.3,104.05844948733288,50.5000_-75.3000
3077,24,36,-420000.0,840000.0,51.41242760314187,-74.5865820359998,-74.5865820359998,50.5,-75.3,-75.3,113.09430896284515,50.5000_-75.3000
3078,25,36,-400000.0,840000.0,51.42744304080068,-74.29804305269685,-74.29804305269685,50.5,-75.3,-75.3,124.73261713372347,50.5000_-75.3000
3079,26,36,-380000.0,840000.0,51.44173077104735,-74.00931500351685,-74.00931500351685,50.5,-75.3,-75.3,138.3180571516977,50.5000_-75.3000
3080,27,36,-360000.0,840000.0,51.45529008426056,-73.72040711211332,-73.72040711211332,50.5,-73.8,-73.8,106.36959906075636,50.5000_-73.8000
3081,28,36,-340000.0,840000.0,51.46812030636185,-73.43132863708321,-73.43132863708321,50.5,-73.8,-73.8,110.70007337135824,50.5000_-73.8000
3082,29,36,-320000.0,840000.0,51.48022079894793,-73.14208887022848,-73.14208887022848,50.5,-73.8,-73.8,118.32264246314266,50.5000_-73.8000
3083,30,36,-300000.0,840000.0,51.49159095941646,-72.85269713480163,-72.85269713480163,50.5,-73.8,-73.8,128.65351916151118,50.5000_-73.8000
3084,31,36,-280000.0,840000.0,51.502230221084794,-72.56316278373619,-72.56316278373619,50.5,-73.8,-73.8,141.0991068499073,50.5000_-73.8000
3085,32,36,-260000.0,840000.0,51.51213805330197,-72.27349519786257,-72.27349519786257,50.5,-72.3,-72.3,112.56004779172821,50.5000_-72.3000
3086,33,36,-240000.0,840000.0,51.521313961553794,-71.98370378411049,-71.98370378411049,50.5,-72.3,-72.3,115.70058675044585,50.5000_-72.3000
3087,34,36,-220000.0,840000.0,51.52975748756069,-71.69379797369864,-71.69379797369864,50.5,-72.3,-72.3,122.10329383645548,50.5000_-72.3000
3088,35,36,-200000.0,840000.0,51.537468209368754,-71.40378722031241,-71.40378722031241,50.5,-72.3,-72.3,131.29180574331258,50.5000_-72.3000
3089,36,36,-180000.0,840000.0,51.54444574143355,-71.11368099827077,-71.11368099827077,50.5,-72.3,-72.3,142.72913007916517,50.5000_-72.3000
3090,37,36,-160000.0,840000.0,51.55068973469684,-70.82348880068287,-70.82348880068287,50.5,-72.3,-72.3,155.9211963602847,50.5000_-72.3000
3091,38,36,-140000.0,840000.0,51.55619987665606,-70.53322013759559,-70.53322013759559,50.5,-70.8,-70.8,118.91671089013836,50.5000_-70.8000
3092,39,36,-120000.0,840000.0,51.56097589142666,-70.24288453413257,-70.24288453413257,50.5,-70.8,-70.8,124.2408555259473,50.5000_-70.8000
3093,40,36,-100000.0,840000.0,51.565017539797104,-69.95249152862597,-69.95249152862597,50.5,-70.8,-70.8,132.4240430196243,50.5000_-70.8000
3094,41,36,-80000.0,840000.0,51.56832461927668,-69.66205067074166,-69.66205067074166,50.5,-70.8,-70.8,142.9762168603346,50.5000_-70.8000
3095,42,36,-60000.0,840000.0,51.5708969641359,-69.37157151959886,-69.37157151959886,50.5,-70.8,-70.8,155.41559444543498,50.5000_-70.8000
3096,43,36,-40000.0,840000.0,51.572734445439664,-69.08106364188504,-69.08106364188504,50.5,-69.3,-69.3,120.2609602002451,50.5000_-69.3000
3097,44,36,-20000.0,840000.0,51.57383697107305,-68.79053660996713,-68.79053660996713,50.5,-69.3,-69.3,124.60496619226568,50.5000_-69.3000
3098,45,36,0.0,840000.0,51.57420448575973,-68.5,-68.5,50.5,-69.3,-69.3,131.89322360736497,50.5000_-69.3000
3099,46,36,20000.0,840000.0,51.57383697107305,-68.20946339003287,-68.20946339003287,50.5,-69.3,-69.3,141.67206131979395,50.5000_-69.3000
3100,47,36,40000.0,840000.0,51.572734445439664,-67.91893635811496,-67.91893635811496,50.5,-69.3,-69.3,153.46611403914414,50.5000_-69.3000
3101,48,36,60000.0,840000.0,51.5708969641359,-67.62842848040114,-67.62842848040114,50.5,-67.8,-67.8,119.68118513394178,50.5000_-67.8000
3102,49,36,80000.0,840000.0,51.56832461927668,-67.33794932925834,-67.33794932925834,50.5,-67.8,-67.8,123.10710844904507,50.5000_-67.8000
3103,50,36,100000.0,840000.0,51.565017539797104,-67.04750847137404,-67.04750847137404,50.5,-67.8,-67.8,129.5872448931405,50.5000_-67.8000
3104,51,36,120000.0,840000.0,51.56097589142666,-66.75711546586743,-66.75711546586743,50.5,-67.8,-67.8,138.69413842983408,50.5000_-67.8000
3105,52,36,140000.0,840000.0,51.55619987665606,-66.46677986240441,-66.46677986240441,50.5,-67.8,-67.8,149.94994326159912,50.5000_-67.8000
3106,53,36,160000.0,840000.0,51.55068973469684,-66.17651119931713,-66.17651119931713,50.5,-66.3,-66.3,117.1502755856364,50.5000_-66.3000
3107,54,36,180000.0,840000.0,51.54444574143355,-65.88631900172923,-65.88631900172923,50.5,-66.3,-66.3,119.68677894356142,50.5000_-66.3000
3108,55,36,200000.0,840000.0,51.537468209368754,-65.5962127796876,-65.5962127796876,50.5,-66.3,-66.3,125.42478200292665,50.5000_-66.3000
3109,56,36,220000.0,840000.0,51.52975748756069,-65.30620202630138,-65.30620202630138,50.5,-66.3,-66.3,133.953470676038,50.5000_-66.3000
3110,57,36,240000.0,840000.0,51.521313961553794,-65.01629621588951,-65.01629621588951,50.5,-66.3,-66.3,144.7804742505297,50.5000_-66.3000
3111,58,36,260000.0,840000.0,51.51213805330197,-64.72650480213743,-64.72650480213743,50.5,-64.8,-64.8,112.66217370610042,50.5000_-64.8000
3112,59,36,280000.0,840000.0,51.502230221084794,-64.43683721626381,-64.43683721626381,50.5,-64.8,-64.8,114.30337915181146,50.5000_-64.8000
3113,60,36,300000.0,840000.0,51.49159095941646,-64.14730286519837,-64.14730286519837,50.5,-64.8,-64.8,119.34598618627595,50.5000_-64.8000
3114,61,36,320000.0,840000.0,51.48022079894793,-63.85791112977152,-63.85791112977152,50.5,-64.8,-64.8,127.38665496259019,50.5000_-64.8000
3115,62,36,340000.0,840000.0,51.46812030636185,-63.56867136291679,-63.56867136291679,50.5,-64.8,-64.8,137.90190863967206,50.5000_-64.8000
3116,63,36,360000.0,840000.0,51.45529008426056,-63.27959288788668,-63.27959288788668,50.5,-63.3,-63.3,106.23316416525587,50.5000_-63.3000
3117,64,36,380000.0,840000.0,51.44173077104735,-62.99068499648317,-62.99068499648317,50.5,-63.3,-63.3,106.93194775057493,50.5000_-63.3000
3118,65,36,400000.0,840000.0,51.42744304080068,-62.70195694730313,-62.70195694730313,50.5,-63.3,-63.3,111.30630265273483,50.5000_-63.3000
3119,66,36,420000.0,840000.0,51.41242760314187,-62.41341796400022,-62.41341796400022,50.5,-63.3,-63.3,118.95135297847177,50.5000_-63.3000
3120,67,36,440000.0,840000.0,51.396685203095835,-62.12507723356299,-62.12507723356299,50.5,-63.3,-63.3,129.28812344977192,50.5000_-63.3000
3121,68,36,460000.0,840000.0,51.38021662094531,-61.83694390461136,-61.83694390461136,50.5,-63.3,-63.3,141.7288204858023,50.5000_-63.3000
3122,69,36,480000.0,840000.0,51.3630226720787,-61.54902708571079,-61.54902708571079,50.5,-61.8,-61.8,97.56219462452485,50.5000_-61.8000
3123,70,36,500000.0,840000.0,51.345104206831024,-61.26133584370608,-61.26133584370608,50.5,-61.8,-61.8,101.27232354749196,50.5000_-61.8000
3124,71,36,520000.0,840000.0,51.326462110318914,-60.97387920207464,-60.97387920207464,50.5,-61.8,-61.8,108.62526899836463,50.5000_-61.8000
3125,72,36,540000.0,840000.0,51.30709730226897,-60.68666613930071,-60.68666613930071,50.5,-61.8,-61.8,118.94728729156472,50.5000_-61.8000
3126,73,36,560000.0,840000.0,51.28701073684006,-60.39970558727052,-60.39970558727052,50.5,-61.8,-61.8,131.5411915529796,50.5000_-61.8000
3127,74,36,580000.0,840000.0,51.26620340243945,-60.11300642968955,-60.11300642968955,50.5,-60.3,-60.3,86.20198242641897,50.5000_-60.3000
3128,75,36,600000.0,840000.0,51.24467632153278,-59.82657750052246,-59.82657750052246,50.5,-60.3,-60.3,89.21901294160799,50.5000_-60.3000
3129,76,36,620000.0,840000.0,51.22243055044823,-59.54042758245609,-59.54042758245609,50.5,-60.3,-60.3,96.41020577649103,50.5000_-60.3000
3130,77,36,640000.0,840000.0,51.19946717917472,-59.254565405386444,-59.254565405386444,50.5,-60.3,-60.3,106.93662571916195,50.5000_-60.3000
3131,78,36,660000.0,840000.0,51.17578733115437,-58.96899964493011,-58.96899964493011,50.5,-60.3,-60.3,119.92308676201026,50.5000_-60.3000
3132,79,36,680000.0,840000.0,51.15139216306932,-58.68373892096071,-58.68373892096071,50.5,-58.8,-58.8,72.89046251805983,50.5000_-58.8000
3139,7,37,-760000.0,860000.0,51.22556737643324,-79.49804031126489,-79.49804031126489,50.5,-79.8,-79.8,83.41633411397676,50.5000_-79.8000
3140,8,37,-740000.0,860000.0,51.252922263520716,-79.21297995553405,-79.21297995553405,50.5,-79.8,-79.8,93.3032898612771,50.5000_-79.8000
3141,9,37,-720000.0,860000.0,51.27956399080811,-78.92757663135757,-78.92757663135757,50.5,-79.8,-79.8,106.10606495684057,50.5000_-79.8000
3142,10,37,-700000.0,860000.0,51.30549125859449,-78.64183881510431,-78.64183881510431,50.5,-79.8,-79.8,120.9019958597594,50.5000_-79.8000
3143,11,37,-680000.0,860000.0,51.33070279979576,-78.35577504568556,-78.35577504568556,50.5,-79.8,-79.8,137.0471359331562,50.5000_-79.8000
3144,12,37,-660000.0,860000.0,51.35519738018347,-78.06939392317321,-78.06939392317321,50.5,-78.3,-78.3,96.45732005315887,50.5000_-78.3000
3145,13,37,-640000.0,860000.0,51.3789737986186,-77.7827041073899,-77.7827041073899,50.5,-78.3,-78.3,104.24139265717876,50.5000_-78.3000
3146,14,37,-620000.0,860000.0,51.40203088727956,-77.49571431647198,-77.49571431647198,50.5,-78.3,-78.3,115.04043306931187,50.5000_-78.3000
3147,15,37,-600000.0,860000.0,51.42436751188497,-77.20843332540532,-77.20843332540532,50.5,-78.3,-78.3,128.094254176836,50.5000_-78.3000
3148,16,37,-580000.0,860000.0,51.44598257191061,-76.92086996453519,-76.92086996453519,50.5,-78.3,-78.3,142.78585410552176,50.5000_-78.3000
3149,17,37,-560000.0,860000.0,51.46687500080066,-76.63303311805015,-76.63303311805015,50.5,-76.8,-76.8,108.14512353629844,50.5000_-76.8000
3150,18,37,-540000.0,860000.0,51.487043766173116,-76.34493172244088,-76.34493172244088,50.5,-76.8,-76.8,114.28141016124522,50.5000_-76.8000
3151,19,37,-520000.0,860000.0,51.50648787001914,-76.05657476493447,-76.05657476493447,50.5,-76.8,-76.8,123.41352054121478,50.5000_-76.8000
3152,20,37,-500000.0,860000.0,51.52520634889652,-75.76797128190486,-75.76797128190486,50.5,-76.8,-76.8,134.93463508067128,50.5000_-76.8000
3153,21,37,-480000.0,860000.0,51.54319827411681,-75.47913035726005,-75.47913035726005,50.5,-76.8,-76.8,148.28902356689508,50.5000_-76.8000
3154,22,37,-460000.0,860000.0,51.56046275192639,-75.19006112080665,-75.19006112080665,50.5,-75.3,-75.3,118.16856914450901,50.5000_-75.3000
3155,23,37,-440000.0,860000.0,51.57699892368096,-74.90077274659264,-74.90077274659264,50.5,-75.3,-75.3,122.96657086343836,50.5000_-75.3000
3156,24,37,-420000.0,860000.0,51.59280596601392,-74.61127445122905,-74.61127445122905,50.5,-75.3,-75.3,130.70397615094,50.5000_-75.3000
3157,25,37,-400000.0,860000.0,51.6078830909979,-74.32157549219104,-74.32157549219104,50.5,-75.3,-75.3,140.897413351515,50.5000_-75.3000
3158,26,37,-380000.0,860000.0,51.622229546299934,-74.03168516609949,-74.03168516609949,50.5,-75.3,-75.3,153.05700387308056,50.5000_-75.3000
3159,27,37,-360000.0,860000.0,51.635844615329944,-73.74161280698355,-73.74161280698355,50.5,-73.8,-73.8,126.36619734511925,50.5000_-73.8000
3160,28,37,-340000.0,860000.0,51.64872761738233,-73.4513677845252,-73.4513677845252,50.5,-73.8,-73.8,130.03401739943178,50.5000_-73.8000
3161,29,37,-320000.0,860000.0,51.660877907770946,-73.16095950228637,-73.16095950228637,50.5,-73.8,-73.8,136.58353086643316,50.5000_-73.8000
3162,30,37,-300000.0,860000.0,51.67229487795699,-72.87039739591967,-72.87039739591967,50.5,-73.8,-73.8,145.62648305405722,50.5000_-73.8000
3163,31,37,-280000.0,860000.0,51.68297795567007,-72.57969093136336,-72.57969093136336,50.5,-73.8,-73.8,156.7319072519095,50.5000_-73.8000
3164,32,37,-260000.0,860000.0,51.692926605022215,-72.2888496030216,-72.2888496030216,50.5,-72.3,-72.3,132.64985444887557,50.5000_-72.3000
3165,33,37,-240000.0,860000.0,51.70214032661484,-71.99788293193066,-71.99788293193066,50.5,-72.3,-72.3,135.32607090514674,50.5000_-72.3000
3166,34,37,-220000.0,860000.0,51.71061865763847,-71.70680046391205,-71.70680046391205,50.5,-72.3,-72.3,140.8406612992742,50.5000_-72.3000
3167,35,37,-200000.0,860000.0,51.71836117196547,-71.41561176771351,-71.41561176771351,50.5,-72.3,-72.3,148.87857676469443,50.5000_-72.3000
3168,36,37,-180000.0,860000.0,51.72536748023537,-71.12432643313856,-71.12432643313856,50.5,-72.3,-72.3,159.05775147555246,50.5000_-72.3000
3169,37,37,-160000.0,860000.0,51.73163722993299,-70.83295406916582,-70.83295406916582,50.5,-72.3,-72.3,170.9962299294836,50.5000_-72.3000
3170,38,37,-140000.0,860000.0,51.737170105459285,-70.5415043020587,-70.5415043020587,50.5,-70.8,-70.8,138.745109616283,50.5000_-70.8000
3171,39,37,-120000.0,860000.0,51.74196582819475,-70.2499867734665,-70.2499867734665,50.5,-70.8,-70.8,143.33545936925972,50.5000_-70.8000
3172,40,37,-100000.0,860000.0,51.74602415655549,-69.9584111385181,-69.9584111385181,50.5,-70.8,-70.8,150.48485012209707,50.5000_-70.8000
3173,41,37,-80000.0,860000.0,51.74934488604191,-69.66678706390867,-69.66678706390867,50.5,-70.8,-70.8,159.85029655292013,50.5000_-70.8000
3174,42,37,-60000.0,860000.0,51.75192784927986,-69.37512422598081,-69.37512422598081,50.5,-70.8,-70.8,171.0682258580745,50.5000_-70.8000
3175,43,37,-40000.0,860000.0,51.753772916054416,-69.08343230880081,-69.08343230880081,50.5,-69.3,-69.3,140.2299982629543,50.5000_-69.3000
3176,44,37,-20000.0,860000.0,51.754879993336196,-68.79172100223117,-68.79172100223117,50.5,-69.3,-69.3,143.9731885812794,50.5000_-69.3000
3177,45,37,0.0,860000.0,51.755249025299996,-68.5,-68.5,50.5,-69.3,-69.3,150.3259403540162,50.5000_-69.3000
3178,46,37,20000.0,860000.0,51.754879993336196,-68.20827899776883,-68.20827899776883,50.5,-69.3,-69.3,158.97572237505912,50.5000_-69.3000
3179,47,37,40000.0,860000.0,51.753772916054416,-67.91656769119919,-67.91656769119919,50.5,-69.3,-69.3,169.57138329144036,50.5000_-69.3000
3180,48,37,60000.0,860000.0,51.75192784927986,-67.62487577401919,-67.62487577401919,50.5,-67.8,-67.8,139.74354248972065,50.5000_-67.8000
3181,49,37,80000.0,860000.0,51.74934488604191,-67.33321293609133,-67.33321293609133,50.5,-67.8,-67.8,142.68862927114887,50.5000_-67.8000
3182,50,37,100000.0,860000.0,51.74602415655549,-67.0415888614819,-67.0415888614819,50.5,-67.8,-67.8,148.31591070004342,50.5000_-67.8000
3183,51,37,120000.0,860000.0,51.74196582819475,-66.7500132265335,-66.7500132265335,50.5,-67.8,-67.8,156.33600871300465,50.5000_-67.8000
3184,52,37,140000.0,860000.0,51.737170105459285,-66.4584956979413,-66.4584956979413,50.5,-67.8,-67.8,166.40329157545693,50.5000_-67.8000
3185,53,37,160000.0,860000.0,51.73163722993299,-66.16704593083418,-66.16704593083418,50.5,-66.3,-66.3,137.26601917456378,50.5000_-66.3000
3186,54,37,180000.0,860000.0,51.72536748023537,-65.87567356686145,-65.87567356686145,50.5,-66.3,-66.3,139.43671377846056,50.5000_-66.3000
3187,55,37,200000.0,860000.0,51.71836117196547,-65.5843882322865,-65.5843882322865,50.5,-66.3,-66.3,144.39184659745658,50.5000_-66.3000
3188,56,37,220000.0,860000.0,51.71061865763847,-65.29319953608795,-65.29319953608795,50.5,-66.3,-66.3,151.85907233408355,50.5000_-66.3000
3189,57,37,240000.0,860000.0,51.70214032661484,-65.00211706806934,-65.00211706806934,50.5,-66.3,-66.3,161.49026868786456,50.5000_-66.3000
3190,58,37,260000.0,860000.0,51.692926605022215,-64.7111503969784,-64.7111503969784,50.5,-64.8,-64.8,132.79256760267657,50.5000_-64.8000
3192,60,37,300000.0,860000.0,51.67229487795699,-64.12960260408033,-64.12960260408033,50.5,-64.8,-64.8,138.5070220522279,50.5000_-64.8000
3193,61,37,320000.0,860000.0,51.660877907770946,-63.839040497713626,-63.839040497713626,50.5,-64.8,-64.8,145.49225257560184,50.5000_-64.8000
3194,62,37,340000.0,860000.0,51.64872761738233,-63.5486322154748,-63.5486322154748,50.5,-64.8,-64.8,154.78222854060795,50.5000_-64.8000
3195,63,37,360000.0,860000.0,51.635844615329944,-63.258387193016446,-63.258387193016446,50.5,-63.3,-63.3,126.33379298790302,50.5000_-63.3000
3196,64,37,380000.0,860000.0,51.622229546299934,-62.96831483390051,-62.96831483390051,50.5,-63.3,-63.3,126.92066604268544,50.5000_-63.3000
3197,65,37,400000.0,860000.0,51.6078830909979,-62.678424507808955,-62.678424507808955,50.5,-63.3,-63.3,130.62633663920465,50.5000_-63.3000
3198,66,37,420000.0,860000.0,51.59280596601392,-62.388725548770964,-62.388725548770964,50.5,-63.3,-63.3,137.19827262425207,50.5000_-63.3000
3199,67,37,440000.0,860000.0,51.57699892368096,-62.09922725340736,-62.09922725340736,50.5,-63.3,-63.3,146.25053369801327,50.5000_-63.3000
3200,68,37,460000.0,860000.0,51.56046275192639,-61.80993887919337,-61.80993887919337,50.5,-63.3,-63.3,157.35558786027184,50.5000_-63.3000
3201,69,37,480000.0,860000.0,51.54319827411681,-61.52086964273995,-61.52086964273995,50.5,-61.8,-61.8,117.62980664740847,50.5000_-61.8000
3202,70,37,500000.0,860000.0,51.52520634889652,-61.23202871809514,-61.23202871809514,50.5,-61.8,-61.8,120.72321593523584,50.5000_-61.8000
3203,71,37,520000.0,860000.0,51.50648787001914,-60.94342523506555,-60.94342523506555,50.5,-61.8,-61.8,126.95332357259382,50.5000_-61.8000
3204,72,37,540000.0,860000.0,51.487043766173116,-60.655068277559124,-60.655068277559124,50.5,-61.8,-61.8,135.88931574216966,50.5000_-61.8000
3205,73,37,560000.0,860000.0,51.46687500080066,-60.36696688194985,-60.36696688194985,50.5,-61.8,-61.8,147.03861082082042,50.5000_-61.8000
3206,74,37,580000.0,860000.0,51.44598257191061,-60.079130035464814,-60.079130035464814,50.5,-60.3,-60.3,106.31921526102249,50.5000_-60.3000
3207,75,37,600000.0,860000.0,51.42436751188497,-59.79156667459469,-59.79156667459469,50.5,-60.3,-60.3,108.77747061658731,50.5000_-60.3000
3208,76,37,620000.0,860000.0,51.40203088727956,-59.504285683528025,-59.504285683528025,50.5,-60.3,-60.3,114.74760327669851,50.5000_-60.3000
3209,77,37,640000.0,860000.0,51.3789737986186,-59.217295892610096,-59.217295892610096,50.5,-60.3,-60.3,123.7221645043986,50.5000_-60.3000
3210,78,37,660000.0,860000.0,51.35519738018347,-58.93060607682679,-58.93060607682679,50.5,-60.3,-60.3,135.10365144406626,50.5000_-60.3000
3211,79,37,680000.0,860000.0,51.33070279979576,-58.64422495431444,-58.64422495431444,50.5,-58.8,-58.8,93.01331427350787,50.5000_-58.8000
3212,80,37,700000.0,860000.0,51.30549125859449,-58.35816118489569,-58.35816118489569,50.5,-58.8,-58.8,94.77379470211663,50.5000_-58.8000
3218,8,38,-740000.0,880000.0,51.43191448143303,-79.25617519071582,-79.25617519071582,50.5,-79.8,-79.8,110.39996295944232,50.5000_-79.8000
3220,10,38,-700000.0,880000.0,51.484697603472725,-78.6827953897392,-78.6827953897392,50.5,-79.8,-79.8,134.5431113058094,50.5000_-79.8000
3221,11,38,-680000.0,880000.0,51.510011964149086,-78.39560637538463,-78.39560637538463,50.5,-79.8,-79.8,149.2230353524636,50.5000_-79.8000
3222,12,38,-660000.0,880000.0,51.53460651872234,-78.10809619426713,-78.10809619426713,50.5,-78.3,-78.3,115.82357853108392,50.5000_-78.3000
3223,13,38,-640000.0,880000.0,51.55848005445904,-77.82027360477656,-77.82027360477656,50.5,-78.3,-78.3,122.38507349272275,50.5000_-78.3000
3224,14,38,-620000.0,880000.0,51.581631392243175,-77.532147424776,-77.532147424776,50.5,-78.3,-78.3,131.70781855609857,50.5000_-78.3000
3225,15,38,-600000.0,880000.0,51.604059386802895,-77.24372653011113,-77.24372653011113,50.5,-78.3,-78.3,143.25380565846427,50.5000_-78.3000
3226,16,38,-580000.0,880000.0,51.62576292693133,-76.95501985309255,-76.95501985309255,50.5,-78.3,-78.3,156.5319031677288,50.5000_-78.3000
3227,17,38,-560000.0,880000.0,51.64674093570167,-76.6660363809518,-76.6660363809518,50.5,-76.8,-76.8,127.85492915445491,50.5000_-76.8000
3228,18,38,-540000.0,880000.0,51.6669923706762,-76.37678515427139,-76.37678515427139,50.5,-76.8,-76.8,133.0879169223599,50.5000_-76.8000
3229,19,38,-520000.0,880000.0,51.68651622410934,-76.08727526538972,-76.08727526538972,50.5,-76.8,-76.8,141.00973053654204,50.5000_-76.8000
3230,20,38,-500000.0,880000.0,51.70531152314454,-75.7975158567814,-75.7975158567814,50.5,-76.8,-76.8,151.19838570069618,50.5000_-76.8000
3231,21,38,-480000.0,880000.0,51.72337733000489,-75.50751611941364,-75.50751611941364,50.5,-76.8,-76.8,163.23000084550947,50.5000_-76.8000
3232,22,38,-460000.0,880000.0,51.740712742177294,-75.21728529107962,-75.21728529107962,50.5,-75.3,-75.3,138.08186482641568,50.5000_-75.3000
3233,23,38,-440000.0,880000.0,51.75731689259042,-74.92683265470909,-74.92683265470909,50.5,-75.3,-75.3,142.21143285049186,50.5000_-75.3000
3234,24,38,-420000.0,880000.0,51.77318894978585,-74.63616753665751,-74.63616753665751,50.5,-75.3,-75.3,148.95442799639034,50.5000_-75.3000
3235,25,38,-400000.0,880000.0,51.78832811808279,-74.34529930497399,-74.34529930497399,50.5,-75.3,-75.3,157.97659646011763,50.5000_-75.3000
3236,26,38,-380000.0,880000.0,51.802733637736054,-74.05423736764914,-74.05423736764914,50.5,-75.3,-75.3,168.91315676228328,50.5000_-75.3000
3237,27,38,-360000.0,880000.0,51.81640478508714,-73.76299117084334,-73.76299117084334,50.5,-73.8,-73.8,146.40048191122816,50.5000_-73.8000
3238,28,38,-340000.0,880000.0,51.829340872708556,-73.47157019709657,-73.47157019709657,50.5,-73.8,-73.8,149.57921013115,50.5000_-73.8000
3239,29,38,-320000.0,880000.0,51.84154124954124,-73.1799839635202,-73.1799839635202,50.5,-73.8,-73.8,155.30813875380994,50.5000_-73.8000
3240,30,38,-300000.0,880000.0,51.853005301024766,-72.88824201997201,-72.88824201997201,50.5,-73.8,-73.8,163.31915027918745,50.5000_-73.8000
3241,31,38,-280000.0,880000.0,51.863732449220755,-72.59635394721504,-72.59635394721504,50.5,-73.8,-73.8,173.2960762009695,50.5000_-73.8000
3242,32,38,-260000.0,880000.0,51.87372215292887,-72.30432935506103,-72.30432935506103,50.5,-73.8,-73.8,184.92101530099848,50.5000_-73.8000
3243,33,38,-240000.0,880000.0,51.882973907795844,-72.01217788049983,-72.01217788049983,50.5,-72.3,-72.3,155.08210784117279,50.5000_-72.3000
3244,34,38,-220000.0,880000.0,51.89148724641704,-71.71990918581501,-71.71990918581501,50.5,-72.3,-72.3,159.91796168000036,50.5000_-72.3000
3245,35,38,-200000.0,880000.0,51.89926173843086,-71.4275329566871,-71.4275329566871,50.5,-72.3,-72.3,167.04159092759994,50.5000_-72.3000
3246,36,38,-180000.0,880000.0,51.906296990605696,-71.13505890028519,-71.13505890028519,50.5,-72.3,-72.3,176.17571383507354,50.5000_-72.3000
3247,37,38,-160000.0,880000.0,51.91259264691952,-70.84249674334772,-70.84249674334772,50.5,-72.3,-72.3,187.02600591266835,50.5000_-72.3000
3248,38,38,-140000.0,880000.0,51.918148388632005,-70.54985623025361,-70.54985623025361,50.5,-70.8,-70.8,158.65070845593544,50.5000_-70.8000
3249,39,38,-120000.0,880000.0,51.92296393434913,-70.25714712108453,-70.25714712108453,50.5,-70.8,-70.8,162.68106754553074,50.5000_-70.8000
3250,40,38,-100000.0,880000.0,51.927039040080295,-69.9643791896793,-69.9643791896793,50.5,-70.8,-70.8,169.01494517262017,50.5000_-70.8000
3251,41,38,-80000.0,880000.0,51.930373499287946,-69.67156222168151,-69.67156222168151,50.5,-70.8,-70.8,177.40579519404093,50.5000_-70.8000
3252,42,38,-60000.0,880000.0,51.932967142929435,-69.37870601258099,-69.37870601258099,50.5,-70.8,-70.8,187.57778500475933,50.5000_-70.8000
3253,43,38,-40000.0,880000.0,51.93481983949152,-69.0858203657506,-69.0858203657506,50.5,-69.3,-69.3,160.2405686728986,50.5000_-69.3000
3254,44,38,-20000.0,880000.0,51.93593149501698,-68.79291509047894,-68.79291509047894,50.5,-69.3,-69.3,163.52671726790967,50.5000_-69.3000
3255,45,38,0.0,880000.0,51.93630205312389,-68.5,-68.5,50.5,-69.3,-69.3,169.1471822633165,50.5000_-69.3000
3256,46,38,20000.0,880000.0,51.93593149501698,-68.20708490952106,-68.20708490952106,50.5,-69.3,-69.3,176.87958013061458,50.5000_-69.3000
3257,47,38,40000.0,880000.0,51.93481983949152,-67.9141796342494,-67.9141796342494,50.5,-69.3,-69.3,186.46135339857733,50.5000_-69.3000
3258,48,38,60000.0,880000.0,51.932967142929435,-67.62129398741901,-67.62129398741901,50.5,-67.8,-67.8,159.82416701931658,50.5000_-67.8000
3259,49,38,80000.0,880000.0,51.930373499287946,-67.32843777831849,-67.32843777831849,50.5,-67.8,-67.8,162.40554103628182,50.5000_-67.8000
3260,50,38,100000.0,880000.0,51.927039040080295,-67.0356208103207,-67.0356208103207,50.5,-67.8,-67.8,167.3713975186707,50.5000_-67.8000
3261,51,38,120000.0,880000.0,51.92296393434913,-66.74285287891547,-66.74285287891547,50.5,-67.8,-67.8,174.51829749201127,50.5000_-67.8000
3262,52,38,140000.0,880000.0,51.918148388632005,-66.45014376974639,-66.45014376974639,50.5,-67.8,-67.8,183.59169452668277,50.5000_-67.8000
3263,53,38,160000.0,880000.0,51.91259264691952,-66.15750325665228,-66.15750325665228,50.5,-66.3,-66.3,157.38665145217803,50.5000_-66.3000
3264,54,38,180000.0,880000.0,51.906296990605696,-65.86494109971481,-65.86494109971481,50.5,-66.3,-66.3,159.28305294757533,50.5000_-66.3000
3265,55,38,200000.0,880000.0,51.89926173843086,-65.5724670433129,-65.5724670433129,50.5,-66.3,-66.3,163.63816214877824,50.5000_-66.3000
3270,60,38,300000.0,880000.0,51.853005301024766,-64.11175798002799,-64.11175798002799,50.5,-64.8,-64.8,157.91047942267946,50.5000_-64.8000
3271,61,38,320000.0,880000.0,51.84154124954124,-63.820016036479814,-63.820016036479814,50.5,-64.8,-64.8,164.07136537238847,50.5000_-64.8000
3272,62,38,340000.0,880000.0,51.829340872708556,-63.528429802903446,-63.528429802903446,50.5,-64.8,-64.8,172.3627131061253,50.5000_-64.8000
3273,63,38,360000.0,880000.0,51.81640478508714,-63.23700882915665,-63.23700882915665,50.5,-63.3,-63.3,146.44362179440046,50.5000_-63.3000
3274,64,38,380000.0,880000.0,51.802733637736054,-62.94576263235086,-62.94576263235086,50.5,-63.3,-63.3,146.94908570012652,50.5000_-63.3000
3275,65,38,400000.0,880000.0,51.78832811808279,-62.65470069502601,-62.65470069502601,50.5,-63.3,-63.3,150.16039814237675,50.5000_-63.3000
3276,66,38,420000.0,880000.0,51.77318894978585,-62.363832463342504,-62.363832463342504,50.5,-63.3,-63.3,155.9104081927009,50.5000_-63.3000
3277,67,38,440000.0,880000.0,51.75731689259042,-62.07316734529091,-62.07316734529091,50.5,-63.3,-63.3,163.93215141087717,50.5000_-63.3000
3278,68,38,460000.0,880000.0,51.740712742177294,-61.78271470892038,-61.78271470892038,50.5,-61.8,-61.8,137.96642666556346,50.5000_-61.8000
3279,69,38,480000.0,880000.0,51.72337733000489,-61.49248388058635,-61.49248388058635,50.5,-61.8,-61.8,137.71663223879114,50.5000_-61.8000
3280,70,38,500000.0,880000.0,51.70531152314454,-61.20248414321861,-61.20248414321861,50.5,-61.8,-61.8,140.3667017386389,50.5000_-61.8000
3281,71,38,520000.0,880000.0,51.68651622410934,-60.91272473461028,-60.91272473461028,50.5,-61.8,-61.8,145.7584931094863,50.5000_-61.8000
3282,72,38,540000.0,880000.0,51.6669923706762,-60.623214845728626,-60.623214845728626,50.5,-61.8,-61.8,153.60349808681016,50.5000_-61.8000
3283,73,38,560000.0,880000.0,51.64674093570167,-60.333963619048205,-60.333963619048205,50.5,-61.8,-61.8,163.54901534620302,50.5000_-61.8000
3284,74,38,580000.0,880000.0,51.62576292693133,-60.04498014690745,-60.04498014690745,50.5,-60.3,-60.3,126.44129915792982,50.5000_-60.3000
3285,75,38,600000.0,880000.0,51.604059386802895,-59.75627346988887,-59.75627346988887,50.5,-60.3,-60.3,128.51331418108504,50.5000_-60.3000
3286,76,38,620000.0,880000.0,51.581631392243175,-59.467852575223986,-59.467852575223986,50.5,-60.3,-60.3,133.60282616303198,50.5000_-60.3000
3287,77,38,640000.0,880000.0,51.55848005445904,-59.17972639522344,-59.17972639522344,50.5,-60.3,-60.3,141.38426036544658,50.5000_-60.3000
3288,78,38,660000.0,880000.0,51.53460651872234,-58.89190380573288,-58.89190380573288,50.5,-60.3,-60.3,151.4431560062852,50.5000_-60.3000
3289,79,38,680000.0,880000.0,51.510011964149086,-58.60439362461537,-58.60439362461537,50.5,-58.8,-58.8,113.13912728985049,50.5000_-58.8000
3290,80,38,700000.0,880000.0,51.484697603472725,-58.3172046102608,-58.3172046102608,50.5,-58.8,-58.8,114.58820556292315,50.5000_-58.8000
3291,81,38,720000.0,880000.0,51.45866468281197,-58.03034546012286,-58.03034546012286,50.5,-58.8,-58.8,119.44123421102465,50.5000_-58.8000
3292,82,38,740000.0,880000.0,51.43191448143303,-57.74382480928418,-57.74382480928418,50.5,-58.8,-58.8,127.3094224456177,50.5000_-58.8000
3296,8,39,-740000.0,900000.0,51.610901590274366,-79.29971750736203,-79.29971750736203,50.5,-79.8,-79.8,128.37955767533705,50.5000_-79.8000
3298,10,39,-700000.0,900000.0,51.663900048710225,-78.7240818389867,-78.7240818389867,50.5,-79.8,-79.8,149.65588937106958,50.5000_-79.8000
3299,11,39,-680000.0,900000.0,51.68931781145152,-78.43575888200347,-78.43575888200347,50.5,-79.8,-79.8,162.98333703794646,50.5000_-79.8000
3300,12,39,-660000.0,900000.0,51.71401290782823,-78.14711088364707,-78.14711088364707,50.5,-78.3,-78.3,135.4135258887159,50.5000_-78.3000
3301,13,39,-640000.0,900000.0,51.73798411335086,-77.85814670233772,-77.85814670233772,50.5,-78.3,-78.3,141.06938276260934,50.5000_-78.3000
3302,14,39,-620000.0,900000.0,51.76123023745105,-77.56887525715594,-77.56887525715594,50.5,-78.3,-78.3,149.23206837499586,50.5000_-78.3000
3303,15,39,-600000.0,900000.0,51.783750123712466,-77.27930552632485,-77.27930552632485,50.5,-78.3,-78.3,159.51727619531476,50.5000_-78.3000
3304,16,39,-580000.0,900000.0,51.80554265009549,-76.98944654566462,-76.98944654566462,50.5,-78.3,-78.3,171.54370580490354,50.5000_-78.3000
3305,17,39,-560000.0,900000.0,51.82660672915625,-76.69930740701976,-76.69930740701976,50.5,-76.8,-76.8,147.67910880297552,50.5000_-76.8000
3306,18,39,-540000.0,900000.0,51.846941308259396,-76.40889725665986,-76.40889725665986,50.5,-76.8,-76.8,152.23422370863344,50.5000_-76.8000
3307,19,39,-520000.0,900000.0,51.8665453697849,-76.11822529365438,-76.11822529365438,50.5,-76.8,-76.8,159.20832143616838,50.5000_-76.8000
3308,20,39,-500000.0,900000.0,51.88541793132838,-75.82730076822227,-75.82730076822227,50.5,-76.8,-76.8,168.30100251391778,50.5000_-76.8000
3309,21,39,-480000.0,900000.0,51.90355804589531,-75.53613298005692,-75.53613298005692,50.5,-76.8,-76.8,179.19008713707558,50.5000_-76.8000
3310,22,39,-460000.0,900000.0,51.92096480208856,-75.2447312766273,-75.2447312766273,50.5,-75.3,-75.3,158.0511796883986,50.5000_-75.3000
3311,23,39,-440000.0,900000.0,51.937637324289476,-74.95310505145612,-74.95310505145612,50.5,-75.3,-75.3,161.67306756378105,50.5000_-75.3000
3312,24,39,-420000.0,900000.0,51.953574772832326,-74.66126374237535,-74.66126374237535,50.5,-75.3,-75.3,167.63673697878207,50.5000_-75.3000
3313,25,39,-400000.0,900000.0,51.96877634417193,-74.36921682976045,-74.36921682976045,50.5,-75.3,-75.3,175.70393369170858,50.5000_-75.3000
3314,26,39,-380000.0,900000.0,51.98324127104458,-74.07697383474346,-74.07697383474346,50.5,-75.3,-75.3,185.6005994835392,50.5000_-75.3000
3315,27,39,-360000.0,900000.0,51.99696882262189,-73.78454431740649,-73.78454431740649,50.5,-73.8,-73.8,166.45904326796176,50.5000_-73.8000
3316,28,39,-340000.0,900000.0,52.009958304657864,-73.4919378749557,-73.4919378749557,52.0,-73.8,-73.8,21.116170863759184,52.0000_-73.8000
3317,29,39,-320000.0,900000.0,52.022209059628764,-73.19916413987711,-73.19916413987711,52.0,-73.8,-73.8,41.19610114565131,52.0000_-73.8000
3318,30,39,-300000.0,900000.0,52.03372046686573,-72.90623277807504,-72.90623277807504,52.0,-73.8,-73.8,61.27737383880754,52.0000_-73.8000
3319,31,39,-280000.0,900000.0,52.04449194268055,-72.61315348699375,-72.61315348699375,52.0,-73.8,-73.8,81.35902297053485,52.0000_-73.8000
3320,32,39,-260000.0,900000.0,52.054522940483814,-72.31993599372365,-72.31993599372365,52.0,-73.8,-73.8,101.44084488951403,52.0000_-73.8000
3321,33,39,-240000.0,900000.0,52.06381295089583,-72.02659005309245,-72.02659005309245,52.0,-72.3,-72.3,20.004598224878105,52.0000_-72.3000
3322,34,39,-220000.0,900000.0,52.072361501850274,-71.73312544574276,-71.73312544574276,52.0,-72.3,-72.3,39.60193430022993,52.0000_-72.3000
3323,35,39,-200000.0,900000.0,52.08016815869022,-71.43955197619655,-71.43955197619655,52.0,-72.3,-72.3,59.523168652092714,52.0000_-72.3000
3324,36,39,-180000.0,900000.0,52.08723252425676,-71.1458794709077,-71.1458794709077,52.0,-72.3,-72.3,79.52527938747495,52.0000_-72.3000
3325,37,39,-160000.0,900000.0,52.09355423897011,-70.8521177763036,-70.8521177763036,52.0,-72.3,-72.3,99.55954508472514,52.0000_-72.3000
3326,38,39,-140000.0,900000.0,52.09913298090298,-70.55827675681655,-70.55827675681655,52.0,-70.8,-70.8,19.868030875620033,52.0000_-70.8000
3327,39,39,-120000.0,900000.0,52.103968465846535,-70.26436629290629,-70.26436629290629,52.0,-70.8,-70.8,38.40721783783282,52.0000_-70.8000
3328,40,39,-100000.0,900000.0,52.108060447368494,-69.9703962790743,-69.9703962790743,52.0,-70.8,-70.8,57.983186930094725,52.0000_-70.8000
3329,41,39,-80000.0,900000.0,52.1114087168636,-69.67637662187101,-69.67637662187101,52.0,-70.8,-70.8,77.81739385326382,52.0000_-70.8000
3330,42,39,-60000.0,900000.0,52.11401310359651,-69.38231723789708,-69.38231723789708,52.0,-70.8,-70.8,97.75277911955683,52.0000_-70.8000
3331,43,39,-40000.0,900000.0,52.115873474736624,-69.08822805179933,-69.08822805179933,52.0,-69.3,-69.3,19.38163264061551,52.0000_-69.3000
3332,44,39,-20000.0,900000.0,52.116989735385545,-68.79411899426287,-68.79411899426287,52.0,-69.3,-69.3,36.952011610200266,52.0000_-69.3000
3333,45,39,0.0,900000.0,52.117361828596366,-68.5,-68.5,52.0,-69.3,-69.3,56.22997958842604,52.0000_-69.3000
3334,46,39,20000.0,900000.0,52.116989735385545,-68.20588100573713,-68.20588100573713,52.0,-69.3,-69.3,75.92579236333417,52.0000_-69.3000
3335,47,39,40000.0,900000.0,52.115873474736624,-67.91177194820067,-67.91177194820067,52.0,-69.3,-69.3,95.78202720136028,52.0000_-69.3000
3336,48,39,60000.0,900000.0,52.11401310359651,-67.61768276210292,-67.61768276210292,52.0,-67.8,-67.8,17.779384785710594,52.0000_-67.8000
3337,49,39,80000.0,900000.0,52.1114087168636,-67.32362337812899,-67.32362337812899,52.0,-67.8,-67.8,34.847643477094465,52.0000_-67.8000
3338,50,39,100000.0,900000.0,52.108060447368494,-67.0296037209257,-67.0296037209257,52.0,-67.8,-67.8,54.029283521535255,52.0000_-67.8000
3339,51,39,120000.0,900000.0,52.103968465846535,-66.73563370709371,-66.73563370709371,52.0,-67.8,-67.8,73.69206639846844,52.0000_-67.8000
3340,52,39,140000.0,900000.0,52.09913298090298,-66.44172324318345,-66.44172324318345,52.0,-67.8,-67.8,93.53303064861578,52.0000_-67.8000
3341,53,39,160000.0,900000.0,52.09355423897011,-66.1478822236964,-66.1478822236964,52.0,-66.3,-66.3,14.711806167052094,52.0000_-66.3000
3342,54,39,180000.0,900000.0,52.08723252425676,-65.8541205290923,-65.8541205290923,52.0,-66.3,-66.3,31.99995784562309,52.0000_-66.3000
3348,60,39,300000.0,900000.0,52.03372046686573,-64.09376722192496,-64.09376722192496,52.0,-64.8,-64.8,48.47448295559203,52.0000_-64.8000
3351,63,39,360000.0,900000.0,51.99696882262189,-63.215455682593515,-63.215455682593515,50.5,-63.3,-63.3,166.55951423736263,50.5000_-63.3000
3352,64,39,380000.0,900000.0,51.98324127104458,-62.923026165256545,-62.923026165256545,50.5,-63.3,-63.3,167.0031223636478,50.5000_-63.3000
3353,65,39,400000.0,900000.0,51.96877634417193,-62.63078317023957,-62.63078317023957,50.5,-63.3,-63.3,169.83485140193255,50.5000_-63.3000
3354,66,39,420000.0,900000.0,51.953574772832326,-62.338736257624646,-62.338736257624646,50.5,-63.3,-63.3,174.93873628603797,50.5000_-63.3000
3355,67,39,440000.0,900000.0,51.937637324289476,-62.046894948543894,-62.046894948543894,50.5,-63.3,-63.3,182.12381529989491,50.5000_-63.3000
3356,68,39,460000.0,900000.0,51.92096480208856,-61.755268723372694,-61.755268723372694,50.5,-61.8,-61.8,158.03500768943485,50.5000_-61.8000
3357,69,39,480000.0,900000.0,51.90355804589531,-61.46386701994308,-61.46386701994308,50.5,-61.8,-61.8,157.8155889015523,50.5000_-61.8000
3358,70,39,500000.0,900000.0,51.88541793132838,-61.17269923177773,-61.17269923177773,50.5,-61.8,-61.8,160.13217499428995,50.5000_-61.8000
3359,71,39,520000.0,900000.0,51.8665453697849,-60.881774706345624,-60.881774706345624,50.5,-61.8,-61.8,164.87785831857352,50.5000_-61.8000
3360,72,39,540000.0,900000.0,51.846941308259396,-60.591102743340144,-60.591102743340144,50.5,-61.8,-61.8,171.8514692835373,50.5000_-61.8000
3361,73,39,560000.0,900000.0,51.82660672915625,-60.30069259298024,-60.30069259298024,50.5,-61.8,-61.8,180.79533629880743,50.5000_-61.8000
3362,74,39,580000.0,900000.0,51.80554265009549,-60.010553454335394,-60.010553454335394,50.5,-60.3,-60.3,146.56656677623903,50.5000_-60.3000
3363,75,39,600000.0,900000.0,51.783750123712466,-59.72069447367517,-59.72069447367517,50.5,-60.3,-60.3,148.35610022392402,50.5000_-60.3000
3364,76,39,620000.0,900000.0,51.76123023745105,-59.43112474284406,-59.43112474284406,50.5,-60.3,-60.3,152.78460833422918,50.5000_-60.3000
3365,77,39,640000.0,900000.0,51.73798411335086,-59.14185329766228,-59.14185329766228,50.5,-60.3,-60.3,159.6325460707137,50.5000_-60.3000
3366,78,39,660000.0,900000.0,51.71401290782823,-58.85288911635293,-58.85288911635293,50.5,-60.3,-60.3,168.60530792702704,50.5000_-60.3000
3367,79,39,680000.0,900000.0,51.68931781145152,-58.56424111799653,-58.56424111799653,50.5,-58.8,-58.8,133.26699798557385,50.5000_-58.8000
3368,80,39,700000.0,900000.0,51.663900048710225,-58.275918161013294,-58.275918161013294,50.5,-58.8,-58.8,134.49715045738583,50.5000_-58.8000
3369,81,39,720000.0,900000.0,51.63776087777879,-57.98792904167371,-57.98792904167371,50.5,-58.8,-58.8,138.65313057629712,50.5000_-58.8000
3370,82,39,740000.0,900000.0,51.610901590274366,-57.70028249263797,-57.70028249263797,50.5,-58.8,-58.8,145.48432371915123,50.5000_-58.8000
3371,83,39,760000.0,900000.0,51.58332351100953,-57.41298718152501,-57.41298718152501,50.5,-58.8,-58.8,154.63650830047715,50.5000_-58.8000
3372,84,39,780000.0,900000.0,51.55502799773932,-57.126051709511344,-57.126051709511344,50.5,-57.3,-57.3,117.94289122871871,50.5000_-57.3000
3376,10,40,-700000.0,920000.0,51.843096734940374,-78.76570213648036,-78.76570213648036,50.5,-79.8,-79.8,165.83878415145898,50.5000_-79.8000
3377,11,40,-680000.0,920000.0,51.868618488297834,-78.47623644035457,-78.47623644035457,50.5,-79.8,-79.8,177.96116767675045,50.5000_-79.8000
3378,12,40,-660000.0,920000.0,51.893414699920974,-78.18644176609084,-78.18644176609084,50.5,-78.3,-78.3,155.14272246166277,50.5000_-78.3000
3379,13,40,-640000.0,920000.0,51.91748413339952,-77.89632707362918,-77.89632707362918,50.5,-78.3,-78.3,160.10541594504855,50.5000_-78.3000
3380,14,40,-620000.0,920000.0,51.94082558655195,-77.60590138478544,-77.60590138478544,50.5,-78.3,-78.3,167.34444739931192,50.5000_-78.3000
3381,15,40,-600000.0,920000.0,51.963437891660476,-77.31517378170584,-77.31517378170584,50.5,-78.3,-78.3,176.5801294855283,50.5000_-78.3000
3382,16,40,-580000.0,920000.0,51.985319915699854,-77.02415340529286,-77.02415340529286,50.5,-78.3,-78.3,187.5177203063114,50.5000_-78.3000
3383,17,40,-560000.0,920000.0,52.0064705605603,-76.73284945360345,-76.73284945360345,52.0,-76.8,-76.8,4.6526635323859535,52.0000_-76.8000
3384,18,40,-540000.0,920000.0,52.02688876326427,-76.44127118021949,-76.44127118021949,52.0,-76.8,-76.8,24.732036192755835,52.0000_-76.8000
3385,19,40,-520000.0,920000.0,52.04657349617684,-76.1494278925921,-76.1494278925921,52.0,-76.8,-76.8,44.81411512154225,52.0000_-76.8000
3386,20,40,-500000.0,920000.0,52.06552376720991,-75.85732895035966,-75.85732895035966,52.0,-76.8,-76.8,64.89644946451638,52.0000_-76.8000
3387,21,40,-480000.0,920000.0,52.083738620019744,-75.56498376364065,-75.56498376364065,52.0,-76.8,-76.8,84.9789007043813,52.0000_-76.8000
3388,22,40,-460000.0,920000.0,52.10121713419807,-75.27240179130204,-75.27240179130204,52.0,-75.3,-75.3,11.411971443057885,52.0000_-75.3000
3389,23,40,-440000.0,920000.0,52.11795842545653,-74.97959253920386,-74.97959253920386,52.0,-75.3,-75.3,25.53229844092952,52.0000_-75.3000
3390,24,40,-420000.0,920000.0,52.13396164580421,-74.6865655584207,-74.6865655584207,52.0,-75.3,-75.3,44.49899540924287,52.0000_-75.3000
3391,25,40,-400000.0,920000.0,52.14922598371849,-74.39333044344114,-74.39333044344114,52.0,-75.3,-75.3,64.14846795202732,52.0000_-75.3000
3392,26,40,-380000.0,920000.0,52.16375066430882,-74.09989683034563,-74.09989683034563,52.0,-75.3,-75.3,84.00297368267614,52.0000_-75.3000
3393,27,40,-360000.0,920000.0,52.177534949473596,-73.80627439496392,-73.80627439496392,52.0,-75.3,-75.3,103.94511180712838,52.0000_-75.3000
3394,28,40,-340000.0,920000.0,52.190578138049716,-73.51247285101276,-73.51247285101276,52.0,-73.8,-73.8,28.894106585845314,52.0000_-73.8000
3395,29,40,-320000.0,920000.0,52.20287956595522,-73.21850194821461,-73.21850194821461,52.0,-73.8,-73.8,45.67753681285318,52.0000_-73.8000
3396,30,40,-300000.0,920000.0,52.21443860632442,-72.92437147039868,-72.92437147039868,52.0,-73.8,-73.8,64.37856327962342,52.0000_-73.8000
3397,31,40,-280000.0,920000.0,52.22525466963582,-72.63009123358461,-72.63009123358461,52.0,-73.8,-73.8,83.72191581044096,52.0000_-73.8000
3398,32,40,-260000.0,920000.0,52.235327203832625,-72.33567108405018,-72.33567108405018,52.0,-73.8,-73.8,103.3475686294962,52.0000_-73.8000
3399,33,40,-240000.0,920000.0,52.24465569443574,-72.04112089638377,-72.04112089638377,52.0,-72.3,-72.3,32.44152991250311,52.0000_-72.3000
3400,34,40,-220000.0,920000.0,52.253239664649264,-71.74645057152267,-71.74645057152267,52.0,-72.3,-72.3,47.125724308051126,52.0000_-72.3000
3401,35,40,-200000.0,920000.0,52.26107867545837,-71.45167003477782,-71.45167003477782,52.0,-72.3,-72.3,64.77500660268794,52.0000_-72.3000
3402,36,40,-180000.0,920000.0,52.26817232571962,-71.15678923384657,-71.15678923384657,52.0,-72.3,-72.3,83.53058087056499,52.0000_-72.3000
3403,37,40,-160000.0,920000.0,52.27452025224351,-70.86181813681387,-70.86181813681387,52.0,-72.3,-72.3,102.78864351579134,52.0000_-72.3000
3404,38,40,-140000.0,920000.0,52.280122129869326,-70.56676673014319,-70.56676673014319,52.0,-70.8,-70.8,34.97930600712347,52.0000_-70.8000
3405,39,40,-120000.0,920000.0,52.284977671532275,-70.27164501665814,-70.27164501665814,52.0,-70.8,-70.8,48.000930999764265,52.0000_-70.8000
3406,40,40,-100000.0,920000.0,52.28908662832263,-69.97646301351574,-69.97646301351574,52.0,-70.8,-70.8,64.73953744936166,52.0000_-70.8000
3407,41,40,-80000.0,920000.0,52.292448789537325,-69.68123075017235,-69.68123075017235,52.0,-70.8,-70.8,82.9753454720137,52.0000_-70.8000
3408,42,40,-60000.0,920000.0,52.295063982723406,-69.38595826634345,-69.38595826634345,52.0,-70.8,-70.8,101.90775695151352,52.0000_-70.8000
3409,43,40,-40000.0,920000.0,52.29693207371378,-69.09065560995802,-69.09065560995802,52.0,-69.3,-69.3,35.97461135145579,52.0000_-69.3000
3410,44,40,-20000.0,920000.0,52.298052966654986,-68.79533283510892,-68.79533283510892,52.0,-69.3,-69.3,47.791718133764235,52.0000_-69.3000
3411,45,40,0.0,920000.0,52.29842660402692,-68.5,-68.5,52.0,-69.3,-69.3,63.87879871411744,52.0000_-69.3000
3412,46,40,20000.0,920000.0,52.298052966654986,-68.20466716489108,-68.20466716489108,52.0,-69.3,-69.3,81.75286200446156,52.0000_-69.3000
3413,47,40,40000.0,920000.0,52.29693207371378,-67.90934439004198,-67.90934439004198,52.0,-69.3,-69.3,100.4646035593365,52.0000_-69.3000
3414,48,40,60000.0,920000.0,52.295063982723406,-67.61404173365655,-67.61404173365655,52.0,-67.8,-67.8,35.177664240262416,52.0000_-67.8000
3415,49,40,80000.0,920000.0,52.292448789537325,-67.31876924982765,-67.31876924982765,52.0,-67.8,-67.8,46.213665300727854,52.0000_-67.8000
3416,50,40,100000.0,920000.0,52.28908662832263,-67.02353698648426,-67.02353698648426,52.0,-67.8,-67.8,61.971869669529866,52.0000_-67.8000
3417,51,40,120000.0,920000.0,52.284977671532275,-66.72835498334186,-66.72835498334186,52.0,-67.8,-67.8,79.69878407488032,52.0000_-67.8000
3426,60,40,300000.0,920000.0,52.21443860632442,-64.07562852960132,-64.07562852960132,52.0,-64.8,-64.8,54.91682949696292,52.0000_-64.8000
3427,61,40,320000.0,920000.0,52.20287956595522,-63.78149805178539,-63.78149805178539,52.0,-64.8,-64.8,73.13262138127719,52.0000_-64.8000
3440,74,40,580000.0,920000.0,51.985319915699854,-59.975846594707136,-59.975846594707136,50.5,-60.3,-60.3,166.6940634152529,50.5000_-60.3000
3441,75,40,600000.0,920000.0,51.963437891660476,-59.68482621829416,-59.68482621829416,50.5,-60.3,-60.3,168.268202016692,50.5000_-60.3000
3442,76,40,620000.0,920000.0,51.94082558655195,-59.394098615214546,-59.394098615214546,50.5,-60.3,-60.3,172.18404854219474,50.5000_-60.3000
3443,77,40,640000.0,920000.0,51.91748413339952,-59.10367292637082,-59.10367292637082,50.5,-60.3,-60.3,178.28731855109996,50.5000_-60.3000
3444,78,40,660000.0,920000.0,51.893414699920974,-58.81355823390916,-58.81355823390916,50.5,-60.3,-60.3,186.3631712602144,50.5000_-60.3000
3445,79,40,680000.0,920000.0,51.868618488297834,-58.52376355964543,-58.52376355964543,50.5,-58.8,-58.8,153.39639747371533,50.5000_-58.8000
3446,80,40,700000.0,920000.0,51.843096734940374,-58.23429786351963,-58.23429786351963,50.5,-58.8,-58.8,154.46436634660247,50.5000_-58.8000
3447,81,40,720000.0,920000.0,51.8168507102471,-57.945170042079624,-57.945170042079624,50.5,-58.8,-58.8,158.09458282610228,50.5000_-58.8000
3448,82,40,740000.0,920000.0,51.78988171835828,-57.65638892699437,-57.65638892699437,50.5,-58.8,-58.8,164.1170347321034,50.5000_-58.8000
3449,83,40,760000.0,920000.0,51.762191096904175,-57.36796328359769,-57.36796328359769,50.5,-58.8,-58.8,172.28095453788976,50.5000_-58.8000
3455,11,41,-680000.0,940000.0,52.047912132520125,-78.5170429874098,-78.5170429874098,52.0,-79.8,-79.8,87.94270429532617,52.0000_-79.8000
3456,12,41,-660000.0,940000.0,52.07281003874943,-78.22609267704595,-78.22609267704595,52.0,-78.3,-78.3,9.544888145397529,52.0000_-78.3000
3457,13,41,-640000.0,940000.0,52.096978264129305,-77.93481845135857,-77.93481845135857,52.0,-78.3,-78.3,27.201427344669234,52.0000_-78.3000
3458,14,41,-620000.0,940000.0,52.120415594701186,-77.64322943644432,-77.64322943644432,52.0,-78.3,-78.3,46.85475336937484,52.0000_-78.3000
3459,15,41,-600000.0,940000.0,52.14312085128594,-77.35133481994664,-77.35133481994664,52.0,-78.3,-78.3,66.7642444379218,52.0000_-78.3000
3460,16,41,-580000.0,940000.0,52.16509288971694,-77.05914384945252,-77.05914384945252,52.0,-78.3,-78.3,86.75375913917844,52.0000_-78.3000
3461,17,41,-560000.0,940000.0,52.18633060106684,-76.76666583086057,-76.76666583086057,52.0,-76.8,-76.8,20.84381776559664,52.0000_-76.8000
3462,18,41,-540000.0,940000.0,52.206832911868524,-76.47391012672112,-76.47391012672112,52.0,-76.8,-76.8,32.01536942409893,52.0000_-76.8000
3463,19,41,-520000.0,940000.0,52.22659878432922,-76.18088615454893,-76.18088615454893,52.0,-76.8,-76.8,49.215140969339274,52.0000_-76.8000
3464,20,41,-500000.0,940000.0,52.245627216538416,-75.887603385109,-75.887603385109,52.0,-76.8,-76.8,68.01404100467002,52.0000_-76.8000
3465,21,41,-480000.0,940000.0,52.263917242669145,-75.59407134067678,-75.59407134067678,52.0,-76.8,-76.8,87.38608938823361,52.0000_-76.8000
3466,22,41,-460000.0,940000.0,52.28146793317256,-75.30029959327274,-75.30029959327274,52.0,-76.8,-76.8,107.02052023799776,52.0000_-76.8000
3467,23,41,-440000.0,940000.0,52.29827839496569,-75.00629776287282,-75.00629776287282,52.0,-75.3,-75.3,38.75082103762576,52.0000_-75.3000
3468,24,41,-420000.0,940000.0,52.314347771612425,-74.71207551559502,-74.71207551559502,52.0,-75.3,-75.3,53.20069064007418,52.0000_-75.3000
3469,25,41,-400000.0,940000.0,52.32967524349742,-74.41764256186322,-74.41764256186322,52.0,-75.3,-75.3,70.46717263296777,52.0000_-75.3000
3470,26,41,-380000.0,940000.0,52.34426002799293,-74.12300865454901,-74.12300865454901,52.0,-75.3,-75.3,88.92444549343963,52.0000_-75.3000
3471,27,41,-360000.0,940000.0,52.35810137961863,-73.82818358709231,-73.82818358709231,52.0,-75.3,-75.3,107.96351637532176,52.0000_-75.3000
3472,28,41,-340000.0,940000.0,52.37119859019398,-73.5331771916017,-73.5331771916017,52.0,-73.8,-73.8,45.10597650073141,52.0000_-73.8000
3473,29,41,-320000.0,940000.0,52.38355098898345,-73.23799933693545,-73.23799933693545,52.0,-73.8,-73.8,57.32758375462781,52.0000_-73.8000
3474,30,41,-300000.0,940000.0,52.395157942834246,-72.94265992676392,-72.94265992676392,52.0,-73.8,-73.8,73.10927300570268,52.0000_-73.8000
3475,31,41,-280000.0,940000.0,52.40601885630663,-72.64716889761465,-72.64716889761465,52.0,-73.8,-73.8,90.60956742694479,52.0000_-73.8000
3476,32,41,-260000.0,940000.0,52.41613317179663,-72.3515362169005,-72.3515362169005,52.0,-73.8,-73.8,109.00384409359036,52.0000_-73.8000
3477,33,41,-240000.0,940000.0,52.4255003696512,-72.05577188093247,-72.05577188093247,52.0,-72.3,-72.3,50.154270535775815,52.0000_-72.3000
3478,34,41,-220000.0,940000.0,52.43411996827574,-71.75988591291768,-71.75988591291768,52.0,-72.3,-72.3,60.696594171635944,52.0000_-72.3000
3479,35,41,-200000.0,940000.0,52.4419915242337,-71.46388836094373,-71.46388836094373,52.0,-72.3,-72.3,75.2283523477512,52.0000_-72.3000
3480,36,41,-180000.0,940000.0,52.449114632338755,-71.16778929595024,-71.16778929595024,52.0,-72.3,-72.3,91.87566564337419,52.0000_-72.3000
3481,37,41,-160000.0,940000.0,52.45548892573875,-70.87159880968902,-70.87159880968902,52.0,-72.3,-72.3,109.67942760164303,52.0000_-72.3000
3482,38,41,-140000.0,940000.0,52.46111407599212,-70.57532701267328,-70.57532701267328,52.0,-70.8,-70.8,53.50803723631116,52.0000_-70.8000
3483,39,41,-120000.0,940000.0,52.4659897931361,-70.27898403211742,-70.27898403211742,52.0,-70.8,-70.8,62.7997019228752,52.0000_-70.8000
3484,40,41,-100000.0,940000.0,52.47011582574725,-69.98258000986814,-69.98258000986814,52.0,-70.8,-70.8,76.36158483501148,52.0000_-70.8000
3485,41,41,-80000.0,940000.0,52.47349196099374,-69.68612510032824,-69.68612510032824,52.0,-70.8,-70.8,92.33080806405628,52.0000_-70.8000
3486,42,41,-60000.0,940000.0,52.476118024679856,-69.3896294683737,-69.3896294683737,52.0,-70.8,-70.8,109.6606703962281,52.0000_-70.8000
3487,43,41,-40000.0,940000.0,52.47799388128229,-69.09310328726558,-69.09310328726558,52.0,-69.3,-69.3,54.98591101068317,52.0000_-69.3000
3488,44,41,-20000.0,940000.0,52.47911943397845,-68.79655673655752,-68.79655673655752,52.0,-69.3,-69.3,63.35133715588556,52.0000_-69.3000
3489,45,41,0.0,940000.0,52.47949462466671,-68.5,-68.5,52.0,-69.3,-69.3,76.2228716802433,52.0000_-69.3000
3490,46,41,20000.0,940000.0,52.47911943397845,-68.20344326344248,-68.20344326344248,52.0,-69.3,-69.3,91.72269713072367,52.0000_-69.3000
3491,47,41,40000.0,940000.0,52.47799388128229,-67.90689671273442,-67.90689671273442,52.0,-69.3,-69.3,108.73257444522629,52.0000_-69.3000
3492,48,41,60000.0,940000.0,52.476118024679856,-67.6103705316263,-67.6103705316263,52.0,-67.8,-67.8,54.49388003366144,52.0000_-67.8000
3493,49,41,80000.0,940000.0,52.47349196099374,-67.31387489967176,-67.31387489967176,52.0,-67.8,-67.8,62.191599369492074,52.0000_-67.8000
3494,50,41,100000.0,940000.0,52.47011582574725,-67.01741999013187,-67.01741999013187,52.0,-67.8,-67.8,74.64983841372414,52.0000_-67.8000
3495,51,41,120000.0,940000.0,52.4659897931361,-66.7210159678826,-66.7210159678826,52.0,-67.8,-67.8,89.91102355244699,52.0000_-67.8000
3496,52,41,140000.0,940000.0,52.46111407599212,-66.42467298732672,-66.42467298732672,52.0,-67.8,-67.8,106.7800324062,52.0000_-67.8000
3504,60,41,300000.0,940000.0,52.395157942834246,-64.05734007323608,-64.05734007323608,52.0,-64.8,-64.8,67.02728858094493,52.0000_-64.8000
3525,81,41,720000.0,940000.0,51.99593230580383,-57.902064325074036,-57.902064325074036,50.5,-58.8,-58.8,177.69042741941985,50.5000_-58.8000
3526,82,41,740000.0,940000.0,51.96885298494964,-57.61213987836787,-57.61213987836787,50.5,-58.8,-58.8,183.06799097325987,50.5000_-58.8000
3527,83,41,760000.0,940000.0,51.941049182004434,-57.32257520488213,-57.32257520488213,50.5,-58.8,-58.8,190.41997456228125,50.5000_-58.8000
3534,12,42,-660000.0,960000.0,52.25219705935673,-78.2660675138456,-78.2660675138456,52.0,-78.3,-78.3,28.138579304479837,52.0000_-78.3000
3535,13,42,-640000.0,960000.0,52.2764646464502,-77.97362462857339,-77.97362462857339,52.0,-78.3,-78.3,37.96274540682918,52.0000_-78.3000
3536,14,42,-620000.0,960000.0,52.2999984085292,-77.68086309967799,-77.68086309967799,52.0,-78.3,-78.3,53.82580795076482,52.0000_-78.3000
3537,15,42,-600000.0,960000.0,52.322797154790386,-77.38779222190331,-77.38779222190331,52.0,-78.3,-78.3,71.83264627810948,52.0000_-78.3000
3538,16,42,-580000.0,960000.0,52.34485972976689,-77.09442135115272,-77.09442135115272,52.0,-78.3,-78.3,90.71554678975717,52.0000_-78.3000
3539,17,42,-560000.0,960000.0,52.36618501355944,-76.80075990282666,-76.80075990282666,52.0,-78.3,-78.3,110.02439256118844,52.0000_-78.3000
3540,18,42,-540000.0,960000.0,52.38677192206109,-76.50681735013131,-76.50681735013131,52.0,-76.8,-76.8,47.423259122821236,52.0000_-76.8000
3541,19,42,-520000.0,960000.0,52.406619407175455,-76.21260322235919,-76.21260322235919,52.0,-76.8,-76.8,60.38724255533196,52.0000_-76.8000
3542,20,42,-500000.0,960000.0,52.425726457028446,-75.9181271031422,-75.9181271031422,52.0,-76.8,-76.8,76.49131555080109,52.0000_-76.8000
3543,21,42,-480000.0,960000.0,52.44409209617318,-75.62339862867796,-75.62339862867796,52.0,-76.8,-76.8,94.13754074040399,52.0000_-76.8000
3544,22,42,-460000.0,960000.0,52.4617153857882,-75.32842748593032,-75.32842748593032,52.0,-76.8,-76.8,112.6032344806421,52.0000_-76.8000
3545,23,42,-440000.0,960000.0,52.47859542386879,-75.0332234108046,-75.0332234108046,52.0,-75.3,-75.3,56.23224620300823,52.0000_-75.3000
3546,24,42,-420000.0,960000.0,52.4947313454112,-74.73779618629851,-74.73779618629851,52.0,-75.3,-75.3,67.01618990676288,52.0000_-75.3000
3547,25,42,-400000.0,960000.0,52.510122322589886,-74.44215564062966,-74.44215564062966,52.0,-75.3,-75.3,81.40582805482245,52.0000_-75.3000
3548,26,42,-380000.0,960000.0,52.52476756492739,-74.1463116453402,-74.1463116453402,52.0,-75.3,-75.3,97.82272622712823,52.0000_-75.3000
3549,27,42,-360000.0,960000.0,52.538666319457185,-73.85027411338004,-73.85027411338004,52.0,-75.3,-75.3,115.40495217423666,52.0000_-75.3000
3550,28,42,-340000.0,960000.0,52.55181787087889,-73.5540529971688,-73.5540529971688,52.0,-73.8,-73.8,63.600051575831735,52.0000_-73.8000
3551,29,42,-320000.0,960000.0,52.56422154170624,-73.25765828663815,-73.25765828663815,52.0,-73.8,-73.8,72.78183712498993,52.0000_-73.8000
3552,30,42,-300000.0,960000.0,52.57587669240736,-72.96110000725496,-72.96110000725496,52.0,-73.8,-73.8,85.76740762832479,52.0000_-73.8000
3553,31,42,-280000.0,960000.0,52.58678272153757,-72.66438821802632,-72.66438821802632,52.0,-73.8,-73.8,101.10156091109492,52.0000_-73.8000
3554,32,42,-260000.0,960000.0,52.596939065864376,-72.36753300948777,-72.36753300948777,52.0,-73.8,-73.8,117.87124190726328,52.0000_-73.8000
3555,33,42,-240000.0,960000.0,52.60634520048484,-72.070544501675,-72.070544501675,52.0,-72.3,-72.3,69.20406668253707,52.0000_-72.3000
3556,34,42,-220000.0,960000.0,52.615000638935065,-71.7734328420809,-71.7734328420809,52.0,-72.3,-72.3,77.18850483146423,52.0000_-72.3000
3557,35,42,-200000.0,960000.0,52.62290493329186,-71.47620820359809,-71.47620820359809,52.0,-72.3,-72.3,89.07043002299174,52.0000_-72.3000
3558,36,42,-180000.0,960000.0,52.63005767426637,-71.17888078244881,-71.17888078244881,52.0,-72.3,-72.3,103.51634007111811,52.0000_-72.3000
3559,37,42,-160000.0,960000.0,52.63645849128991,-70.88146079610249,-70.88146079610249,52.0,-72.3,-72.3,119.60075138172296,52.0000_-72.3000
3560,38,42,-140000.0,960000.0,52.642107052591584,-70.58395848118245,-70.58395848118245,52.0,-70.8,-70.8,72.89328944483199,52.0000_-70.8000
3561,39,42,-120000.0,960000.0,52.647003065268024,-70.28638409136293,-70.28638409136293,52.0,-70.8,-70.8,79.96419109205863,52.0000_-70.8000
3562,40,42,-100000.0,960000.0,52.651146275344836,-69.98874789525688,-69.98874789525688,52.0,-70.8,-70.8,91.00395175405004,52.0000_-70.8000
3563,41,42,-80000.0,960000.0,52.65453646783008,-69.6910601742964,-69.6910601742964,52.0,-70.8,-70.8,104.76532987669603,52.0000_-70.8000
3564,42,42,-60000.0,960000.0,52.65717346675948,-69.3933312206064,-69.3933312206064,52.0,-70.8,-70.8,120.31806863637672,52.0000_-70.8000
3565,43,42,-40000.0,960000.0,52.65905713523347,-69.09557133487263,-69.09557133487263,52.0,-69.3,-69.3,74.58884703972407,52.0000_-69.3000
3566,44,42,-20000.0,960000.0,52.660187375446064,-68.79779082420542,-68.79779082420542,52.0,-69.3,-69.3,80.95367187376215,52.0000_-69.3000
3567,45,42,0.0,960000.0,52.66056412870537,-68.5,-68.5,52.0,-69.3,-69.3,91.37888848593605,52.0000_-69.3000
3568,46,42,20000.0,960000.0,52.660187375446064,-68.20220917579458,-68.20220917579458,52.0,-69.3,-69.3,104.65805737520276,52.0000_-69.3000
3569,47,42,40000.0,960000.0,52.65905713523347,-67.90442866512737,-67.90442866512737,52.0,-69.3,-69.3,119.84623517992866,52.0000_-69.3000
3570,48,42,60000.0,960000.0,52.65717346675948,-67.6066687793936,-67.6066687793936,52.0,-67.8,-67.8,74.24598649522349,52.0000_-67.8000
3571,49,42,80000.0,960000.0,52.65453646783008,-67.3089398257036,-67.3089398257036,52.0,-67.8,-67.8,80.06653642408092,52.0000_-67.8000
3572,50,42,100000.0,960000.0,52.651146275344836,-67.01125210474312,-67.01125210474312,52.0,-67.8,-67.8,90.08571710633751,52.0000_-67.8000
3573,51,42,120000.0,960000.0,52.647003065268024,-66.71361590863708,-66.71361590863708,52.0,-67.8,-67.8,103.08649061665402,52.0000_-67.8000
3582,60,42,300000.0,960000.0,52.57587669240736,-64.03889999274506,-64.03889999274506,52.0,-64.8,-64.8,82.34197285273613,52.0000_-64.8000
3611,12,43,-660000.0,980000.0,52.431573888044184,-78.30637023695333,-78.30637023695333,52.0,-79.8,-79.8,112.5032353886121,52.0000_-79.8000
3612,13,43,-640000.0,980000.0,52.4559414126236,-78.01274945987764,-78.01274945987764,52.0,-78.3,-78.3,54.3423131485555,52.0000_-78.3000
3613,14,43,-620000.0,980000.0,52.479572166109,-77.71880612198503,-77.71880612198503,52.0,-78.3,-78.3,66.40574831737779,52.0000_-78.3000
3614,15,43,-600000.0,980000.0,52.50246494590682,-77.42454962675285,-77.42454962675285,52.0,-78.3,-78.3,81.68865434707642,52.0000_-78.3000
3615,16,43,-580000.0,980000.0,52.52461858508823,-77.12998944006345,-77.12998944006345,52.0,-78.3,-78.3,98.70678628998961,52.0000_-78.3000
3616,17,43,-560000.0,980000.0,52.546031952624524,-76.83513508851048,-76.83513508851048,52.0,-78.3,-78.3,116.70350113175665,52.0000_-78.3000
3617,18,43,-540000.0,980000.0,52.5667039536159,-76.53999615767559,-76.53999615767559,52.0,-76.8,-76.8,65.44960895432612,52.0000_-76.8000
3618,19,43,-520000.0,980000.0,52.58663352951385,-76.24458229037606,-76.24458229037606,52.0,-76.8,-76.8,75.37773435098016,52.0000_-76.8000
3619,20,43,-500000.0,980000.0,52.605819658336706,-75.94890318488437,-75.94890318488437,52.0,-76.8,-76.8,88.80660547069591,52.0000_-76.8000
3620,21,43,-480000.0,980000.0,52.624261354878406,-75.65296859312012,-75.65296859312012,52.0,-76.8,-76.8,104.39389348069966,52.0000_-76.8000
3621,22,43,-460000.0,980000.0,52.64195767091037,-75.35678831881536,-75.35678831881536,52.0,-76.8,-76.8,121.31043049067479,52.0000_-76.8000
3622,23,43,-440000.0,980000.0,52.65890769537642,-75.06037221565401,-75.06037221565401,52.0,-75.3,-75.3,75.05486578831575,52.0000_-75.3000
3623,24,43,-420000.0,980000.0,52.675110554580456,-74.7637301853862,-74.7637301853862,52.0,-75.3,-75.3,83.44306000667122,52.0000_-75.3000
3624,25,43,-400000.0,980000.0,52.69056541236685,-74.46687217591854,-74.46687217591854,52.0,-75.3,-75.3,95.38814791557668,52.0000_-75.3000
3625,26,43,-380000.0,980000.0,52.705271470293816,-74.169808179381,-74.169808179381,52.0,-75.3,-75.3,109.73467097881726,52.0000_-75.3000
3626,27,43,-360000.0,980000.0,52.719227967799,-73.87254823017138,-73.87254823017138,52.0,-75.3,-75.3,125.66281627572695,52.0000_-75.3000
3627,28,43,-340000.0,980000.0,52.73243418235786,-73.57510240297835,-73.57510240297835,52.0,-73.8,-73.8,82.86208430834996,52.0000_-73.8000
3628,29,43,-320000.0,980000.0,52.74488942963427,-73.27748081078397,-73.27748081078397,52.0,-73.8,-73.8,90.1036701504525,52.0000_-73.8000
3629,30,43,-300000.0,980000.0,52.756593063623484,-72.97969360284655,-72.97969360284655,52.0,-73.8,-73.8,100.88531937413254,52.0000_-73.8000
3630,31,43,-280000.0,980000.0,52.76754447678747,-72.68175096266506,-72.68175096266506,52.0,-73.8,-73.8,114.20882124881328,52.0000_-73.8000
3631,32,43,-260000.0,980000.0,52.777743100182306,-72.38366310592579,-72.38366310592579,52.0,-73.8,-73.8,129.29073343508455,52.0000_-73.8000
3632,33,43,-240000.0,980000.0,52.78718840357769,-72.08544027843259,-72.08544027843259,52.0,-72.3,-72.3,88.73388415406102,52.0000_-72.3000
3633,34,43,-220000.0,980000.0,52.79587989556855,-71.78709275402137,-71.78709275402137,52.0,-72.3,-72.3,95.09359931686261,52.0000_-72.3000
3634,35,43,-200000.0,980000.0,52.80381712367864,-71.48863083246046,-71.48863083246046,52.0,-72.3,-72.3,104.96905617757297,52.0000_-72.3000
3635,36,43,-180000.0,980000.0,52.81099967445594,-71.19006483733705,-71.19006483733705,52.0,-72.3,-72.3,117.47694716047143,52.0000_-72.3000
3636,37,43,-160000.0,980000.0,52.81742717356016,-70.89140511393165,-70.89140511393165,52.0,-72.3,-72.3,131.87033099073915,52.0000_-72.3000
3637,38,43,-140000.0,980000.0,52.8230992858418,-70.59266202708116,-70.59266202708116,52.0,-70.8,-70.8,92.59861435280713,52.0000_-70.8000
3638,39,43,-120000.0,980000.0,52.8280157154132,-70.29384595903167,-70.29384595903167,52.0,-70.8,-70.8,98.26231994207554,52.0000_-70.8000
3639,40,43,-100000.0,980000.0,52.83217620571125,-69.9949673072823,-69.9949673072823,52.0,-70.8,-70.8,107.43870954056099,52.0000_-70.8000
3640,41,43,-80000.0,980000.0,52.83558053955176,-69.69603648242102,-69.69603648242102,52.0,-70.8,-70.8,119.3200822655107,52.0000_-70.8000
3641,42,43,-60000.0,980000.0,52.83822853917569,-69.39706390595371,-69.39706390595371,52.0,-70.8,-70.8,133.18446219702327,52.0000_-70.8000
3642,43,43,-40000.0,980000.0,52.840120066286744,-69.09806000812732,-69.09806000812732,52.0,-69.3,-69.3,94.41553484172223,52.0000_-69.3000
3643,44,43,-20000.0,980000.0,52.84125502208087,-68.79903522574875,-68.79903522574875,52.0,-69.3,-69.3,99.52058515791857,52.0000_-69.3000
3644,45,43,0.0,980000.0,52.84163334726726,-68.5,-68.5,52.0,-69.3,-69.3,108.17120428436084,52.0000_-69.3000
3645,46,43,20000.0,980000.0,52.84125502208087,-68.20096477425125,-68.20096477425125,52.0,-69.3,-69.3,119.60050592581013,52.0000_-69.3000
3646,47,43,40000.0,980000.0,52.840120066286744,-67.90193999187268,-67.90193999187268,52.0,-69.3,-69.3,133.0945592917476,52.0000_-69.3000
3647,48,43,60000.0,980000.0,52.83822853917569,-67.60293609404629,-67.60293609404629,52.0,-67.8,-67.8,94.15998249580223,52.0000_-67.8000
3648,49,43,80000.0,980000.0,52.83558053955176,-67.30396351757898,-67.30396351757898,52.0,-67.8,-67.8,98.8142313774171,52.0000_-67.8000
3651,52,43,140000.0,980000.0,52.8230992858418,-66.40733797291884,-66.40733797291884,52.0,-67.8,-67.8,131.52320215098797,52.0000_-67.8000
3660,61,43,320000.0,980000.0,52.74488942963427,-63.72251918921603,-63.72251918921603,52.0,-64.8,-64.8,110.50105601044558,52.0000_-64.8000
3686,11,44,-680000.0,1000000.0,52.585732115548126,-78.64147688921523,-78.64147688921523,52.0,-79.8,-79.8,102.2229387062177,52.0000_-79.8000
3687,12,44,-660000.0,1000000.0,52.610938642333956,-78.34700487123807,-78.34700487123807,52.0,-79.8,-79.8,119.88939523019228,52.0000_-79.8000
3688,13,44,-640000.0,1000000.0,52.635406686226744,-78.0521968626777,-78.0521968626777,52.0,-78.3,-78.3,72.63394395584977,52.0000_-78.3000
3689,14,44,-620000.0,1000000.0,52.6591349969223,-77.75706231203327,-77.75706231203327,52.0,-78.3,-78.3,82.0542777791318,52.0000_-78.3000
3690,15,44,-600000.0,1000000.0,52.682122359867726,-77.46161073317899,-77.46161073317899,52.0,-78.3,-78.3,94.85147833229355,52.0000_-78.3000
3691,16,44,-580000.0,1000000.0,52.704367596507375,-77.16585170366992,-77.16585170366992,52.0,-78.3,-78.3,109.85166102026076,52.0000_-78.3000
3692,17,44,-560000.0,1000000.0,52.72586956452258,-76.86979486301634,-76.86979486301634,52.0,-78.3,-78.3,126.27216534270701,52.0000_-78.3000
3693,18,44,-540000.0,1000000.0,52.7466271580648,-76.57344991092776,-76.57344991092776,52.0,-76.8,-76.8,84.43365983657188,52.0000_-76.8000
3694,19,44,-520000.0,1000000.0,52.766639307981904,-76.27682660552699,-76.27682660552699,52.0,-76.8,-76.8,92.34544501672242,52.0000_-76.8000
3695,20,44,-500000.0,1000000.0,52.78590498203795,-75.9799347615352,-75.9799347615352,52.0,-76.8,-76.8,103.60011219897329,52.0000_-76.8000
3696,21,44,-480000.0,1000000.0,52.8044231851257,-75.6827842484288,-75.6827842484288,52.0,-76.8,-76.8,117.23885932687512,52.0000_-76.8000
3697,22,44,-460000.0,1000000.0,52.822192959472375,-75.38538498856872,-75.38538498856872,52.0,-76.8,-76.8,132.52766760989718,52.0000_-76.8000
3698,23,44,-440000.0,1000000.0,52.839213384838075,-75.08774695530325,-75.08774695530325,52.0,-75.3,-75.3,94.4198775506916,52.0000_-75.3000
3699,24,44,-420000.0,1000000.0,52.855483578707094,-74.78988017104489,-74.78988017104489,52.0,-75.3,-75.3,101.2176896351055,52.0000_-75.3000
3700,25,44,-400000.0,1000000.0,52.87100269647176,-74.49179470532255,-74.49179470532255,52.0,-75.3,-75.3,111.27252251364801,52.0000_-75.3000
3701,26,44,-380000.0,1000000.0,52.88576993160887,-74.19350067280958,-74.19350067280958,52.0,-75.3,-75.3,123.79327284529154,52.0000_-75.3000
3702,27,44,-360000.0,1000000.0,52.89978451584861,-73.89500823132887,-73.89500823132887,52.0,-75.3,-75.3,138.1109023336052,52.0000_-75.3000
3703,28,44,-340000.0,1000000.0,52.9130457193358,-73.59632757983582,-73.59632757983582,52.0,-73.8,-73.8,102.45972953192816,52.0000_-73.8000
3704,29,44,-320000.0,1000000.0,52.9255528507834,-73.29746895638006,-73.29746895638006,52.0,-73.8,-73.8,108.40133329033222,52.0000_-73.8000
3705,30,44,-300000.0,1000000.0,52.937305257618185,-72.99844263604726,-72.99844263604726,52.0,-73.8,-73.8,117.5173755091485,52.0000_-73.8000
3706,31,44,-280000.0,1000000.0,52.94830232611868,-72.6992589288816,-72.6992589288816,52.0,-73.8,-73.8,129.137328799335,52.0000_-73.8000
3707,32,44,-260000.0,1000000.0,52.958543481544886,-72.3999281777902,-72.3999281777902,52.0,-73.8,-73.8,142.65061336203937,52.0000_-73.8000
3708,33,44,-240000.0,1000000.0,52.96802818826016,-72.10046075643054,-72.10046075643054,52.0,-72.3,-72.3,108.48460968746757,52.0000_-72.3000
3709,34,44,-220000.0,1000000.0,52.97675594984497,-71.80086706708175,-71.80086706708175,52.0,-72.3,-72.3,113.74629400483965,52.0000_-72.3000
3710,35,44,-200000.0,1000000.0,52.98472630920229,-71.50115753850119,-71.50115753850119,52.0,-72.3,-72.3,122.12349792753089,52.0000_-72.3000
3711,36,44,-180000.0,1000000.0,52.991938848655124,-71.20134262376693,-71.20134262376693,52.0,-72.3,-72.3,133.0289386900641,52.0000_-72.3000
3712,37,44,-160000.0,1000000.0,52.99839319003537,-70.90143279810772,-70.90143279810772,52.0,-72.3,-72.3,145.89677425610725,52.0000_-72.3000
3713,38,44,-140000.0,1000000.0,53.00408899476462,-70.60143855672126,-70.60143855672126,52.0,-70.8,-70.8,112.45568094790592,52.0000_-70.8000
3714,39,44,-120000.0,1000000.0,53.00902596392649,-70.30137041258196,-70.30137041258196,52.0,-70.8,-70.8,117.16395344850734,52.0000_-70.8000
3715,40,44,-100000.0,1000000.0,53.01320383833049,-70.00123889423944,-70.00123889423944,52.0,-70.8,-70.8,124.96046109835382,52.0000_-70.8000
3716,41,44,-80000.0,1000000.0,53.01662239856755,-69.7010545436087,-69.7010545436087,52.0,-70.8,-70.8,135.3124338039972,52.0000_-70.8000
3717,42,44,-60000.0,1000000.0,53.01928146505699,-69.4008279137535,-69.4008279137535,52.0,-70.8,-70.8,147.68346488340282,52.0000_-70.8000
3718,43,44,-40000.0,1000000.0,53.02118089808502,-69.10056956666348,-69.10056956666348,52.0,-69.3,-69.3,114.34943542804224,52.0000_-69.3000
3719,44,44,-20000.0,1000000.0,53.02232059783463,-68.80029007102698,-68.80029007102698,52.0,-69.3,-69.3,118.5997177038869,52.0000_-69.3000
3720,45,44,0.0,1000000.0,53.022700504407055,-68.5,-68.5,52.0,-69.3,-69.3,125.94682236720809,52.0000_-69.3000
3721,46,44,20000.0,1000000.0,53.02232059783463,-68.19970992897304,-68.19970992897304,52.0,-69.3,-69.3,135.88936897428994,52.0000_-69.3000
3722,47,44,40000.0,1000000.0,53.02118089808502,-67.89943043333653,-67.89943043333653,52.0,-69.3,-69.3,147.90486431064483,52.0000_-69.3000
3723,48,44,60000.0,1000000.0,53.01928146505699,-67.59917208624651,-67.59917208624651,52.0,-67.8,-67.8,114.15096180361465,52.0000_-67.8000
3727,52,44,140000.0,1000000.0,53.00408899476462,-66.39856144327874,-66.39856144327874,52.0,-67.8,-67.8,146.50100394308853,52.0000_-67.8000
3762,11,45,-680000.0,1020000.0,52.764978831036615,-78.68364004811781,-78.68364004811781,52.0,-79.8,-79.8,113.9119566103582,52.0000_-79.8000
3763,12,45,-660000.0,1020000.0,52.7902894309305,-78.38797550727985,-78.38797550727985,52.0,-79.8,-79.8,130.0020717045435,52.0000_-79.8000
3764,13,45,-640000.0,1020000.0,52.8148585821159,-78.09197081845862,-78.09197081845862,52.0,-78.3,-78.3,91.70042900262476,52.0000_-78.3000
3765,14,45,-620000.0,1020000.0,52.83868502182454,-77.7956355409057,-77.7956355409057,52.0,-78.3,-78.3,99.33151015683336,52.0000_-78.3000
3766,15,45,-600000.0,1020000.0,52.861767523371746,-77.49897930058667,-77.49897930058667,52.0,-78.3,-78.3,110.1417952147059,52.0000_-78.3000
3767,16,45,-580000.0,1020000.0,52.88410489640704,-77.20201178845488,-77.20201178845488,52.0,-78.3,-78.3,123.29788134459987,52.0000_-78.3000
3768,17,45,-560000.0,1020000.0,52.90569598715829,-76.90474275869354,-76.90474275869354,52.0,-78.3,-78.3,138.13112029114518,52.0000_-78.3000
3769,18,45,-540000.0,1020000.0,52.92653967866912,-76.607182026926,-76.607182026926,52.0,-76.8,-76.8,103.85138694517798,52.0000_-76.8000
3770,19,45,-520000.0,1020000.0,52.946634891029575,-76.30933946839558,-76.30933946839558,52.0,-76.8,-76.8,110.38216619157673,52.0000_-76.8000
3771,20,45,-500000.0,1020000.0,52.96598058159975,-76.0112250161155,-76.0112250161155,52.0,-76.8,-76.8,119.9583184551023,52.0000_-76.8000
3772,21,45,-480000.0,1020000.0,52.98457574522658,-75.71284865898974,-75.71284865898974,52.0,-76.8,-76.8,131.91829595799612,52.0000_-76.8000
3773,22,45,-460000.0,1020000.0,53.002419414453186,-75.41422043990556,-75.41422043990556,52.0,-76.8,-76.8,145.6761404123255,52.0000_-76.8000
3774,23,45,-440000.0,1020000.0,53.019510659721256,-75.11535045379877,-75.11535045379877,52.0,-75.3,-75.3,114.05112969511019,52.0000_-75.3000
3775,24,45,-420000.0,1020000.0,53.03584858956575,-74.81624884569229,-74.81624884569229,52.0,-75.3,-75.3,119.74118320631821,52.0000_-75.3000
3776,25,45,-400000.0,1020000.0,53.05143235080242,-74.51692580870937,-74.51692580870937,52.0,-75.3,-75.3,128.3545317126884,52.0000_-75.3000
3777,26,45,-380000.0,1020000.0,53.06626112870743,-74.2173915820619,-74.2173915820619,52.0,-75.3,-75.3,139.35014864762886,52.0000_-75.3000
3778,27,45,-360000.0,1020000.0,53.08033414718957,-73.91765644901501,-73.91765644901501,52.0,-75.3,-75.3,152.21262894775145,52.0000_-75.3000
3779,28,45,-340000.0,1020000.0,53.093650668954496,-73.61773073482915,-73.61773073482915,52.0,-73.8,-73.8,122.231419792553,52.0000_-73.8000
3780,29,45,-320000.0,1020000.0,53.1062099956612,-73.31762480468011,-73.31762480468011,52.0,-73.8,-73.8,127.25434224992557,52.0000_-73.8000
3781,30,45,-300000.0,1020000.0,53.11801146807052,-73.01734906155846,-73.01734906155846,52.0,-73.8,-73.8,135.1053050445638,52.0000_-73.8000
3782,31,45,-280000.0,1020000.0,53.12905446618555,-72.71691394414937,-72.71691394414937,52.0,-73.8,-73.8,145.3266892502549,52.0000_-73.8000
3783,32,45,-260000.0,1020000.0,53.139338409383974,-72.41632992469358,-72.41632992469358,52.0,-73.8,-73.8,157.4575380181765,52.0000_-73.8000
3784,33,45,-240000.0,1020000.0,53.1488627565423,-72.11560750683103,-72.11560750683103,52.0,-72.3,-72.3,128.35403235024103,52.0000_-72.3000
3785,34,45,-220000.0,1020000.0,53.157627006151635,-71.81475722342773,-71.81475722342773,52.0,-72.3,-72.3,132.8317525480048,52.0000_-72.3000
3786,35,45,-200000.0,1020000.0,53.16563069642532,-71.51378963438772,-71.51378963438772,52.0,-72.3,-72.3,140.07286520231798,52.0000_-72.3000
3787,36,45,-180000.0,1020000.0,53.172873405398114,-71.21271532445022,-71.21271532445022,52.0,-72.3,-72.3,149.6768392822116,52.0000_-72.3000
3788,37,45,-160000.0,1020000.0,53.17935475101694,-70.91154490097409,-70.91154490097409,52.0,-72.3,-72.3,161.22195858535272,52.0000_-72.3000
3789,38,45,-140000.0,1020000.0,53.18507439122313,-70.61028899171029,-70.61028899171029,52.0,-70.8,-70.8,132.3959402496593,52.0000_-70.8000
3790,39,45,-120000.0,1020000.0,53.190032024026216,-70.30895824256325,-70.30895824256325,52.0,-70.8,-70.8,136.418179565302,52.0000_-70.8000
3791,40,45,-100000.0,1020000.0,53.194227387568965,-70.00756331534302,-70.00756331534302,52.0,-70.8,-70.8,143.17039784724867,52.0000_-70.8000
3792,41,45,-80000.0,1020000.0,53.19766026018407,-69.70611488550867,-69.70611488550867,52.0,-70.8,-70.8,152.28990131592957,52.0000_-70.8000
3793,42,45,-60000.0,1020000.0,53.20033046044191,-69.4046236399046,-69.4046236399046,52.0,-70.8,-70.8,163.38076174091324,52.0000_-70.8000
3794,43,45,-40000.0,1020000.0,53.20223784718986,-69.10310027449081,-69.10310027449081,52.0,-69.3,-69.3,134.34253310809,52.0000_-69.3000
3795,44,45,-20000.0,1020000.0,53.20338231958281,-68.8015554920681,-68.8015554920681,52.0,-69.3,-69.3,137.97845832234646,52.0000_-69.3000
3796,45,45,0.0,1020000.0,53.203763817104914,-68.5,-68.5,52.0,-69.3,-69.3,144.342642691943,52.0000_-69.3000
3797,46,45,20000.0,1020000.0,53.20338231958281,-68.1984445079319,-68.1984445079319,52.0,-69.3,-69.3,153.0952220120316,52.0000_-69.3000
3798,47,45,40000.0,1020000.0,53.20223784718986,-67.8968997255092,-67.8968997255092,52.0,-69.3,-69.3,163.8539009427143,52.0000_-69.3000
3799,48,45,60000.0,1020000.0,53.20033046044191,-67.5953763600954,-67.5953763600954,52.0,-67.8,-67.8,134.18422251449917,52.0000_-67.8000
3800,49,45,80000.0,1020000.0,53.19766026018407,-67.29388511449133,-67.29388511449133,52.0,-67.8,-67.8,137.489900596081,52.0000_-67.8000
3801,50,45,100000.0,1020000.0,53.194227387568965,-66.99243668465698,-66.99243668465698,52.0,-67.8,-67.8,143.55537373975304,52.0000_-67.8000
3838,11,46,-680000.0,1040000.0,52.944209070297426,-78.72615285752687,-78.72615285752687,52.0,-79.8,-79.8,127.72205393659566,52.0000_-79.8000
3839,12,46,-660000.0,1040000.0,52.96962435368035,-78.42928630270703,-78.42928630270703,52.0,-79.8,-79.8,142.26090484366642,52.0000_-79.8000
3840,13,46,-640000.0,1040000.0,52.994295206388145,-78.13207537409109,-78.13207537409109,52.0,-78.3,-78.3,111.14352227570956,52.0000_-78.3000
3841,14,46,-620000.0,1040000.0,53.01822035300843,-77.8345297433765,-77.8345297433765,52.0,-78.3,-78.3,117.52111889811631,52.0000_-78.3000
3842,15,46,-600000.0,1040000.0,53.041398554549055,-77.53665915034621,-77.53665915034621,52.0,-78.3,-78.3,126.7920627246734,52.0000_-78.3000
3843,16,46,-580000.0,1040000.0,53.063828608693456,-77.23847340111031,-77.23847340111031,52.0,-78.3,-78.3,138.37601836700398,52.0000_-78.3000
3844,17,46,-560000.0,1040000.0,53.08550935004933,-76.93998236631445,-76.93998236631445,52.0,-78.3,-78.3,151.74418436221998,52.0000_-78.3000
3845,18,46,-540000.0,1040000.0,53.106439650390406,-76.64119597931622,-76.64119597931622,52.0,-76.8,-76.8,123.49814995548077,52.0000_-76.8000
3846,19,46,-520000.0,1040000.0,53.12661841889152,-76.34212423432972,-76.34212423432972,52.0,-76.8,-76.8,129.0401639237997,52.0000_-76.8000
3847,20,46,-500000.0,1040000.0,53.1460446023564,-76.04277718453947,-76.04277718453947,52.0,-76.8,-76.8,137.32295132072164,52.0000_-76.8000
3848,21,46,-480000.0,1040000.0,53.164717185438505,-75.74316494018458,-75.74316494018458,52.0,-76.8,-76.8,147.88670739946545,52.0000_-76.8000
3849,22,46,-460000.0,1040000.0,53.1826351908544,-75.44329766661362,-75.44329766661362,52.0,-76.8,-76.8,160.28105810817354,52.0000_-76.8000
3850,23,46,-440000.0,1040000.0,53.19979767958982,-75.14318558231133,-75.14318558231133,52.0,-75.3,-75.3,133.83121966192738,52.0000_-75.3000
3851,24,46,-420000.0,1040000.0,53.216203751098305,-74.84283895689822,-74.84283895689822,52.0,-75.3,-75.3,138.71357267734237,52.0000_-75.3000
3852,25,46,-400000.0,1040000.0,53.231852543491954,-74.54226810910362,-74.54226810910362,52.0,-75.3,-75.3,146.21474644579038,52.0000_-75.3000
3853,26,46,-380000.0,1040000.0,53.246743233724736,-74.24148340471339,-74.24148340471339,52.0,-75.3,-75.3,155.95731400779647,52.0000_-75.3000
3854,27,46,-360000.0,1040000.0,53.26087503776787,-73.94049525449329,-73.94049525449329,52.0,-75.3,-75.3,167.55073365647755,52.0000_-75.3000
3855,28,46,-340000.0,1040000.0,53.27424721077717,-73.63931411208871,-73.63931411208871,52.0,-73.8,-73.8,142.1042029084876,52.0000_-73.8000
3856,29,46,-320000.0,1040000.0,53.28685904725263,-73.33795047190236,-73.33795047190236,52.0,-73.8,-73.8,146.44805867787483,52.0000_-73.8000
3857,30,46,-300000.0,1040000.0,53.29870988118961,-73.03641486695022,-73.03641486695022,52.0,-73.8,-73.8,153.32019772741396,52.0000_-73.8000
3858,31,46,-280000.0,1040000.0,53.30979908622208,-72.73471786669748,-72.73471786669748,52.0,-73.8,-73.8,162.39996958036102,52.0000_-73.8000
3859,32,46,-260000.0,1040000.0,53.32012607575745,-72.43287007487521,-72.43287007487521,52.0,-73.8,-73.8,173.3408016548526,52.0000_-73.8000
3860,33,46,-240000.0,1040000.0,53.32969030310314,-72.1308821272789,-72.1308821272789,52.0,-72.3,-72.3,148.2941035696894,52.0000_-72.3000
3861,34,46,-220000.0,1040000.0,53.33849126158467,-71.82876468955006,-71.82876468955006,52.0,-72.3,-72.3,152.1869072378056,52.0000_-72.3000
3862,35,46,-200000.0,1040000.0,53.34652848465534,-71.526528454942,-71.526528454942,52.0,-72.3,-72.3,158.54707577280618,52.0000_-72.3000
3863,36,46,-180000.0,1040000.0,53.35380154599729,-71.22418414207105,-71.22418414207105,52.0,-72.3,-72.3,167.0930920524897,52.0000_-72.3000
3864,37,46,-160000.0,1040000.0,53.36031005961408,-70.92174249265405,-70.92174249265405,52.0,-72.3,-72.3,177.50952721067247,52.0000_-72.3000
3865,38,46,-140000.0,1040000.0,53.36605367991441,-70.6192142692337,-70.6192142692337,52.0,-70.8,-70.8,152.38637951198763,52.0000_-70.8000
3866,39,46,-120000.0,1040000.0,53.37103210178744,-70.31661025289279,-70.31661025289279,52.0,-70.8,-70.8,155.89405705955934,52.0000_-70.8000
3867,40,46,-100000.0,1040000.0,53.3752450606691,-70.01394124095843,-70.01394124095843,52.0,-70.8,-70.8,161.83604080776098,52.0000_-70.8000
3868,41,46,-80000.0,1040000.0,53.37869233259974,-69.71121804469772,-69.71121804469772,52.0,-70.8,-70.8,169.95719859086685,52.0000_-70.8000
3869,42,46,-60000.0,1040000.0,53.38137373427297,-69.40845148700573,-69.40845148700573,52.0,-70.8,-70.8,179.96275313344904,52.0000_-70.8000
3870,43,46,-40000.0,1040000.0,53.38328912307565,-69.10565240008754,-69.10565240008754,52.0,-69.3,-69.3,154.37146470684254,52.0000_-69.3000
3871,44,46,-20000.0,1040000.0,53.384438397118984,-68.802831623135,-68.802831623135,52.0,-69.3,-69.3,157.54592957405342,52.0000_-69.3000
3872,45,46,0.0,1040000.0,53.384821495260844,-68.5,-68.5,52.0,-69.3,-69.3,163.14866202662088,52.0000_-69.3000
3873,46,46,20000.0,1040000.0,53.384438397118984,-68.197168376865,-68.197168376865,52.0,-69.3,-69.3,170.94106391754642,52.0000_-69.3000
3874,47,46,40000.0,1040000.0,53.38328912307565,-67.89434759991248,-67.89434759991248,52.0,-69.3,-69.3,180.63998640410875,52.0000_-69.3000
3875,48,46,60000.0,1040000.0,53.38137373427297,-67.59154851299427,-67.59154851299427,52.0,-67.8,-67.8,154.24292638238677,52.0000_-67.8000
3876,49,46,80000.0,1040000.0,53.37869233259974,-67.28878195530228,-67.28878195530228,52.0,-67.8,-67.8,157.1270150359855,52.0000_-67.8000
3877,50,46,100000.0,1040000.0,53.3752450606691,-66.98605875904157,-66.98605875904157,52.0,-67.8,-67.8,162.4608065586595,52.0000_-67.8000
3914,11,47,-680000.0,1060000.0,53.12342091777315,-78.76901965453693,-78.76901965453693,52.0,-79.8,-79.8,143.03999579918764,52.0000_-79.8000
3915,12,47,-660000.0,1060000.0,53.14894150153078,-78.47094148356628,-78.47094148356628,52.0,-79.8,-79.8,156.1610944878465,52.0000_-79.8000
3916,13,47,-640000.0,1060000.0,53.17371465634184,-78.17251464317076,-78.17251464317076,52.0,-78.3,-78.3,130.79510302358096,52.0000_-78.3000
3917,14,47,-620000.0,1060000.0,53.19773909396632,-77.87374891921841,-77.87374891921841,52.0,-78.3,-78.3,136.2579291709035,52.0000_-78.3000
3918,15,47,-600000.0,1060000.0,53.22101356292555,-77.57465416706823,-77.57465416706823,52.0,-78.3,-78.3,144.3321253822595,52.0000_-78.3000
3919,16,47,-580000.0,1060000.0,53.24353684876231,-77.27524030977851,-77.27524030977851,52.0,-78.3,-78.3,154.60909781968803,52.0000_-78.3000
3920,17,47,-560000.0,1060000.0,53.26530777429413,-76.97551733628136,-76.97551733628136,52.0,-78.3,-78.3,166.68188816708883,52.0000_-78.3000
3921,18,47,-540000.0,1060000.0,53.28632519985967,-76.675495299524,-76.675495299524,52.0,-76.8,-76.8,143.27943829548462,52.0000_-76.8000
3922,19,47,-520000.0,1060000.0,53.306588023558135,-76.37518431457747,-76.37518431457747,52.0,-76.8,-76.8,148.08447010041434,52.0000_-76.8000
3923,20,47,-500000.0,1060000.0,53.32609518148144,-76.07459455671376,-76.07459455671376,52.0,-76.8,-76.8,155.35659283562723,52.0000_-76.8000
3924,21,47,-480000.0,1060000.0,53.34484564793912,-75.77373625945232,-75.77373625945232,52.0,-76.8,-76.8,164.76946274224522,52.0000_-76.8000
3925,22,47,-460000.0,1060000.0,53.3628384356758,-75.47261971257632,-75.47261971257632,52.0,-76.8,-76.8,175.9798893193146,52.0000_-76.8000
3926,23,47,-440000.0,1060000.0,53.38007259608123,-75.17125526012023,-75.17125526012023,52.0,-75.3,-75.3,153.70233788177407,52.0000_-75.3000
3927,24,47,-420000.0,1060000.0,53.396547219392524,-74.8696532983291,-74.8696532983291,52.0,-75.3,-75.3,157.97285165758672,52.0000_-75.3000
3928,25,47,-400000.0,1060000.0,53.41226143488876,-74.56782427359079,-74.56782427359079,52.0,-75.3,-75.3,164.59969568814455,52.0000_-75.3000
3929,26,47,-380000.0,1060000.0,53.42721441107772,-74.26577868034205,-74.26577868034205,52.0,-75.3,-75.3,173.31277863852387,52.0000_-75.3000
3930,27,47,-360000.0,1060000.0,53.441405355874515,-73.96352705894945,-73.96352705894945,52.0,-75.3,-75.3,183.81566018330017,52.0000_-75.3000
3931,28,47,-340000.0,1060000.0,53.45483351677233,-73.66107999356618,-73.66107999356618,52.0,-73.8,-73.8,162.0405062370479,52.0000_-73.8000
3932,29,47,-320000.0,1060000.0,53.467498181004885,-73.35844810996579,-73.35844810996579,52.0,-73.8,-73.8,165.86386772949254,52.0000_-73.8000
3933,30,47,-300000.0,1060000.0,53.47939867570069,-73.05564207335402,-73.05564207335402,52.0,-73.8,-73.8,171.96257104700757,52.0000_-73.8000
3934,31,47,-280000.0,1060000.0,53.49053436802897,-72.75267258615968,-72.75267258615968,52.0,-73.8,-73.8,180.10561517581607,52.0000_-73.8000
3935,32,47,-260000.0,1060000.0,53.50090466533707,-72.44955038580568,-72.44955038580568,53.5,-73.8,-73.8,89.31835185993889,53.5000_-73.8000
3936,33,47,-240000.0,1060000.0,53.51050901527956,-72.1462862424617,-72.1462862424617,53.5,-72.3,-72.3,10.23251903864058,53.5000_-72.3000
3937,34,47,-220000.0,1060000.0,53.519346905938555,-71.84289095677907,-71.84289095677907,53.5,-72.3,-72.3,30.303323586691963,53.5000_-72.3000
3938,35,47,-200000.0,1060000.0,53.527417865935504,-71.53937535760963,-71.53937535760963,53.5,-72.3,-72.3,50.38456621971507,53.5000_-72.3000
3939,36,47,-180000.0,1060000.0,53.53472146453427,-71.23575029970925,-71.23575029970925,53.5,-72.3,-72.3,70.46728883279637,53.5000_-72.3000
3940,37,47,-160000.0,1060000.0,53.54125731173541,-70.93202666142761,-70.93202666142761,53.5,-72.3,-72.3,90.55048292596408,53.5000_-72.3000
3941,38,47,-140000.0,1060000.0,53.54702505836166,-70.62821534238529,-70.62821534238529,53.5,-70.8,-70.8,12.501814840123593,53.5000_-70.8000
3942,39,47,-120000.0,1060000.0,53.55202439613463,-70.32432726113927,-70.32432726113927,53.5,-70.8,-70.8,31.970003822789366,53.5000_-70.8000
3943,40,47,-100000.0,1060000.0,53.55625505774231,-70.02037335283842,-70.02037335283842,53.5,-70.8,-70.8,51.909357083098435,53.5000_-70.8000
3944,41,47,-80000.0,1060000.0,53.55971681689812,-69.71636456686983,-69.71636456686983,53.5,-70.8,-70.8,71.92908695748623,53.5000_-70.8000
3945,42,47,-60000.0,1060000.0,53.562409488390394,-69.41231186449764,-69.41231186449764,53.5,-70.8,-70.8,91.97671423807473,53.5000_-70.8000
3946,43,47,-40000.0,1060000.0,53.5643329281234,-69.10822621649531,-69.10822621649531,53.5,-69.3,-69.3,14.553926180109729,53.5000_-69.3000
3947,44,47,-20000.0,1060000.0,53.56548703314884,-68.80411860077282,-68.80411860077282,53.5,-69.3,-69.3,33.572094077285236,53.5000_-69.3000
3948,45,47,0.0,1060000.0,53.56587174168872,-68.5,-68.5,53.5,-69.3,-69.3,53.37663185661114,53.5000_-69.3000
3949,46,47,20000.0,1060000.0,53.56548703314884,-68.19588139922718,-68.19588139922718,53.5,-69.3,-69.3,73.33317712209119,53.5000_-69.3000
3950,47,47,40000.0,1060000.0,53.5643329281234,-67.89177378350469,-67.89177378350469,53.5,-69.3,-69.3,93.34428969518936,53.5000_-69.3000
3951,48,47,60000.0,1060000.0,53.562409488390394,-67.58768813550236,-67.58768813550236,53.5,-67.8,-67.8,15.654471187070436,53.5000_-67.8000
3990,11,48,-680000.0,1080000.0,53.30261244885946,-78.8122448477547,-78.8122448477547,52.0,-79.8,-79.8,159.43148405092361,52.0000_-79.8000
3991,12,48,-660000.0,1080000.0,53.328238956486835,-78.512945345726,-78.512945345726,52.0,-79.8,-79.8,171.30328528897832,52.0000_-79.8000
3992,13,48,-640000.0,1080000.0,53.35311502043564,-78.21329280739,-78.21329280739,52.0,-78.3,-78.3,150.57321810525002,52.0000_-78.3000
3993,14,48,-620000.0,1080000.0,53.377239339451144,-77.91329713454236,-77.91329713454236,52.0,-78.3,-78.3,155.3437230642043,52.0000_-78.3000
3994,15,48,-600000.0,1080000.0,53.40061064938566,-77.6129682999097,-77.6129682999097,52.0,-78.3,-78.3,162.47372807100524,52.0000_-78.3000
3995,16,48,-580000.0,1080000.0,53.423227723463306,-77.31231634532419,-77.31231634532419,52.0,-78.3,-78.3,171.66947562821468,52.0000_-78.3000
3996,17,48,-560000.0,1080000.0,53.445089372538234,-77.01135137986333,-77.01135137986333,52.0,-78.3,-78.3,182.61915725045506,52.0000_-78.3000
3997,18,48,-540000.0,1080000.0,53.46619444534559,-76.71008357795532,-76.71008357795532,52.0,-76.8,-76.8,163.14594407956284,52.0000_-76.8000
3998,19,48,-520000.0,1080000.0,53.48654182874544,-76.40852317745109,-76.40852317745109,52.0,-76.8,-76.8,167.38289970255036,52.0000_-76.8000
3999,20,48,-500000.0,1080000.0,53.50613044795929,-76.10668047766393,-76.10668047766393,53.5,-76.8,-76.8,45.85867164409274,53.5000_-76.8000
4000,21,48,-480000.0,1080000.0,53.524959266799364,-75.80456583737727,-75.80456583737727,53.5,-76.8,-76.8,65.87794340570144,53.5000_-76.8000
4001,22,48,-460000.0,1080000.0,53.54302728789018,-75.50218967282166,-75.50218967282166,53.5,-76.8,-76.8,85.9274880800715,53.5000_-76.8000
4002,23,48,-440000.0,1080000.0,53.56033355288254,-75.19956245562204,-75.19956245562204,53.5,-75.3,-75.3,9.437985041771977,53.5000_-75.3000
4003,24,48,-420000.0,1080000.0,53.57687714265969,-74.89669471071599,-74.89669471071599,53.5,-75.3,-75.3,27.988322698189016,53.5000_-75.3000
4004,25,48,-400000.0,1080000.0,53.59265717753563,-74.59359701424401,-74.59359701424401,53.5,-75.3,-75.3,47.79487262815857,53.5000_-75.3000
4005,26,48,-380000.0,1080000.0,53.6076728174454,-74.29027999141299,-74.29027999141299,53.5,-75.3,-75.3,67.76485783916,53.5000_-75.3000
4006,27,48,-360000.0,1080000.0,53.62192326212726,-73.98675431433364,-73.98675431433364,53.5,-75.3,-75.3,87.7867558052017,53.5000_-75.3000
4007,28,48,-340000.0,1080000.0,53.63540775129657,-73.68303069983335,-73.68303069983335,53.5,-73.8,-73.8,16.92234549009661,53.5000_-73.8000
4008,29,48,-320000.0,1080000.0,53.64812556481151,-73.379119907245,-73.379119907245,53.5,-73.8,-73.8,32.30337560068451,53.5000_-73.8000
4009,30,48,-300000.0,1080000.0,53.660076022830225,-73.07503273617333,-73.07503273617333,53.5,-73.8,-73.8,51.062265598828176,53.5000_-73.8000
4010,31,48,-280000.0,1080000.0,53.67125848595966,-72.77078002423977,-72.77078002423977,53.5,-73.8,-73.8,70.55422196985973,53.5000_-73.8000
4011,32,48,-260000.0,1080000.0,53.68167235539562,-72.46637264480688,-72.46637264480688,53.5,-73.8,-73.8,90.30576002912338,53.5000_-73.8000
4012,33,48,-240000.0,1080000.0,53.691317073054286,-72.16182150468363,-72.16182150468363,53.5,-72.3,-72.3,23.145460744806368,53.5000_-72.3000
4013,34,48,-220000.0,1080000.0,53.700192121694975,-71.85713754181266,-71.85713754181266,53.5,-72.3,-72.3,36.73500413108239,53.5000_-72.3000
4014,35,48,-200000.0,1080000.0,53.70829702503406,-71.55233172294085,-71.55233172294085,53.5,-72.3,-72.3,54.4967222906269,53.5000_-72.3000
4015,36,48,-180000.0,1080000.0,53.71563134785008,-71.24741504127414,-71.24741504127414,53.5,-72.3,-72.3,73.46430017040338,53.5000_-72.3000
4016,37,48,-160000.0,1080000.0,53.722194696079875,-70.94239851411824,-70.94239851411824,53.5,-72.3,-72.3,92.90203248506772,53.5000_-72.3000
4017,38,48,-140000.0,1080000.0,53.7279867169057,-70.63729318050612,-70.63729318050612,53.5,-70.8,-70.8,27.529311044253994,53.5000_-70.8000
4018,39,48,-120000.0,1080000.0,53.73300709883338,-70.33211009881389,-70.33211009881389,53.5,-70.8,-70.8,40.29548308582721,53.5000_-70.8000
4019,40,48,-100000.0,1080000.0,53.73725557176135,-70.02686034436582,-70.02686034436582,53.5,-70.8,-70.8,57.41307054020511,53.5000_-70.8000
4020,41,48,-80000.0,1080000.0,53.740731907040505,-69.72155500703057,-69.72155500703057,53.5,-70.8,-70.8,75.9964758541068,53.5000_-70.8000
4021,42,48,-60000.0,1080000.0,53.74343591752503,-69.4162051888092,-69.4162051888092,53.5,-70.8,-70.8,95.19104472245444,53.5000_-70.8000
4022,43,48,-40000.0,1080000.0,53.74536745761387,-69.11082200141662,-69.11082200141662,53.5,-69.3,-69.3,30.000884735132892,53.5000_-69.3000
4023,44,48,-20000.0,1080000.0,53.74652642328321,-68.80541656385782,-68.80541656385782,53.5,-69.3,-69.3,42.6065254090275,53.5000_-69.3000
4024,45,48,0.0,1080000.0,53.746912752109445,-68.5,-68.5,53.5,-69.3,-69.3,59.47475745454525,53.5000_-69.3000
4025,46,48,20000.0,1080000.0,53.74652642328321,-68.19458343614218,-68.19458343614218,53.5,-69.3,-69.3,77.88353832412321,53.5000_-69.3000
4026,47,48,40000.0,1080000.0,53.74536745761387,-67.88917799858338,-67.88917799858338,53.5,-69.3,-69.3,96.95933816384765,53.5000_-69.3000
4027,48,48,60000.0,1080000.0,53.74343591752503,-67.5837948111908,-67.5837948111908,53.5,-67.8,-67.8,30.594796379677835,53.5000_-67.8000
4065,11,49,-680000.0,1100000.0,53.481781729858746,-78.85583291876807,-78.85583291876807,52.0,-79.8,-79.8,176.59749978917324,52.0000_-79.8000
4066,12,49,-660000.0,1100000.0,53.50751479156695,-78.55530225631412,-78.55530225631412,53.5,-79.8,-79.8,82.32190912004145,53.5000_-79.8000
4067,13,49,-640000.0,1100000.0,53.53249437824601,-78.25441411794372,-78.25441411794372,53.5,-78.3,-78.3,4.705237249254477,53.5000_-78.3000
4068,14,49,-620000.0,1100000.0,53.556719175435866,-77.95317852316991,-77.95317852316991,53.5,-78.3,-78.3,23.77563375964576,53.5000_-78.3000
4069,15,49,-600000.0,1100000.0,53.580187906133666,-77.65160556391245,-77.65160556391245,53.5,-78.3,-78.3,43.76293336513138,53.5000_-78.3000
4070,16,49,-580000.0,1100000.0,53.60289933106351,-77.34970540263795,-77.34970540263795,53.5,-78.3,-78.3,63.81116042210232,53.5000_-78.3000
4071,17,49,-560000.0,1100000.0,53.624852248939504,-77.04748827046386,-77.04748827046386,53.5,-78.3,-78.3,83.87654464463203,53.5000_-78.3000
4072,18,49,-540000.0,1100000.0,53.64604549672152,-76.74496446522743,-76.74496446522743,53.5,-76.8,-76.8,16.64113947147625,53.5000_-76.8000
4073,19,49,-520000.0,1100000.0,53.6664779498637,-76.44214434952019,-76.44214434952019,53.5,-76.8,-76.8,30.011641636628887,53.5000_-76.8000
4074,20,49,-500000.0,1100000.0,53.68614852255554,-76.13903834868897,-76.13903834868897,53.5,-76.8,-76.8,48.282467509072276,53.5000_-76.8000
4075,21,49,-480000.0,1100000.0,53.70505616795553,-75.83565694880433,-75.83565694880433,53.5,-76.8,-76.8,67.58999564570429,53.5000_-76.8000
4076,22,49,-460000.0,1100000.0,53.723199878416914,-75.53201069459718,-75.53201069459718,53.5,-76.8,-76.8,87.24859575364837,53.5000_-76.8000
4077,23,49,-440000.0,1100000.0,53.74057868570577,-75.22811018736486,-75.22811018736486,53.5,-75.3,-75.3,27.168096201055143,53.5000_-75.3000
4078,24,49,-420000.0,1100000.0,53.75719166121129,-74.92396608284727,-74.92396608284727,53.5,-75.3,-75.3,37.85101687611571,53.5000_-75.3000
4079,25,49,-400000.0,1100000.0,53.773037916147665,-74.61958908907431,-74.61958908907431,53.5,-75.3,-75.3,54.16624696168477,53.5000_-75.3000
4080,26,49,-380000.0,1100000.0,53.788116601748264,-74.31498996418563,-74.31498996418563,53.5,-75.3,-75.3,72.40125726395068,53.5000_-75.3000
4081,27,49,-360000.0,1100000.0,53.80242690945116,-74.01017951422367,-74.01017951422367,53.5,-75.3,-75.3,91.41426262343508,53.5000_-75.3000
4082,28,49,-340000.0,1100000.0,53.81596807107649,-73.70516859090117,-73.70516859090117,53.5,-73.8,-73.8,35.685466422303044,53.5000_-73.8000
4083,29,49,-320000.0,1100000.0,53.828739358995385,-73.39996808934418,-73.39996808934418,53.5,-73.8,-73.8,45.06475722487702,53.5000_-73.8000
4084,30,49,-300000.0,1100000.0,53.84074008629009,-73.09458894581189,-73.09458894581189,53.5,-73.8,-73.8,59.957240781053216,53.5000_-73.8000
4085,31,49,-280000.0,1100000.0,53.85196960690574,-72.7890421353941,-72.7890421353941,53.5,-73.8,-73.8,77.23702749733673,53.5000_-73.8000
4086,32,49,-260000.0,1100000.0,53.862427315793205,-72.48333866968785,-72.48333866968785,53.5,-73.8,-73.8,95.61844448960082,53.5000_-73.8000
4087,33,49,-240000.0,1100000.0,53.87211264904306,-72.1774895944544,-72.1774895944544,53.5,-72.3,-72.3,42.156204088138324,53.5000_-72.3000
4088,34,49,-220000.0,1100000.0,53.88102508401082,-71.87150598725738,-71.87150598725738,53.5,-72.3,-72.3,50.90232510050066,53.5000_-72.3000
4089,35,49,-200000.0,1100000.0,53.889164139433106,-71.56539895508395,-71.56539895508395,53.5,-72.3,-72.3,64.89672269477185,53.5000_-72.3000
4090,36,49,-180000.0,1100000.0,53.89652937553475,-71.25917963194978,-71.25917963194978,53.5,-72.3,-72.3,81.47854341715072,53.5000_-72.3000
4091,37,49,-160000.0,1100000.0,53.903120394126844,-70.95285917648918,-70.95285917648918,53.5,-72.3,-72.3,99.36068909656895,53.5000_-72.3000
4092,38,49,-140000.0,1100000.0,53.90893683869555,-70.6464487695321,-70.6464487695321,53.5,-70.8,-70.8,46.58144285627125,53.5000_-70.8000
4093,39,49,-120000.0,1100000.0,53.91397839448187,-70.33995961166858,-70.33995961166858,53.5,-70.8,-70.8,55.09776353675888,53.5000_-70.8000
4094,40,49,-100000.0,1100000.0,53.918244788551895,-70.03340292080263,-70.03340292080263,53.5,-70.8,-70.8,68.61719969856887,53.5000_-70.8000
4095,41,49,-80000.0,1100000.0,53.92173578985796,-69.72678992969657,-69.72678992969657,53.5,-70.8,-70.8,84.77910939652728,53.5000_-70.8000
4096,42,49,-60000.0,1100000.0,53.92445120929041,-69.42013188350711,-69.42013188350711,53.5,-70.8,-70.8,102.33910906742375,53.5000_-70.8000
4097,43,49,-40000.0,1100000.0,53.926390899719955,-69.11344003731463,-69.11344003731463,53.5,-69.3,-69.3,48.976287309622045,53.5000_-69.3000
4098,44,49,-20000.0,1100000.0,53.92755475603067,-68.80672565364715,-68.80672565364715,53.5,-69.3,-69.3,57.566720144598314,53.5000_-69.3000
4099,45,49,0.0,1100000.0,53.927942715143544,-68.5,-68.5,53.5,-69.3,-69.3,70.96335487686774,53.5000_-69.3000
4100,46,49,20000.0,1100000.0,53.92755475603067,-68.19327434635285,-68.19327434635285,53.5,-69.3,-69.3,86.97291714668627,53.5000_-69.3000
4101,47,49,40000.0,1100000.0,53.926390899719955,-67.88655996268538,-67.88655996268538,53.5,-69.3,-69.3,104.40019207729924,53.5000_-69.3000
4139,11,50,-680000.0,1120000.0,53.66092681793199,-78.89978842365126,-78.89978842365126,53.5,-79.8,-79.8,62.063269942140344,53.5000_-79.8000
4140,12,50,-660000.0,1120000.0,53.6867670707569,-78.59801665519137,-78.59801665519137,53.5,-79.8,-79.8,81.9979174014729,53.5000_-79.8000
4141,13,50,-640000.0,1120000.0,53.711850800423335,-78.29588289696969,-78.29588289696969,53.5,-78.3,-78.3,23.558332752035614,53.5000_-78.3000
4142,14,50,-620000.0,1120000.0,53.7361766790716,-77.9933972880399,-77.9933972880399,53.5,-78.3,-78.3,33.14551331928124,53.5000_-78.3000
4143,15,50,-600000.0,1120000.0,53.759743416653876,-77.69057004137507,-77.69057004137507,53.5,-78.3,-78.3,49.487203867368315,53.5000_-78.3000
4144,16,50,-580000.0,1120000.0,53.78254976120931,-77.38741144197218,-77.38741144197218,53.5,-78.3,-78.3,67.86790165615554,53.5000_-78.3000
4145,17,50,-560000.0,1120000.0,53.80459449913186,-77.08393184492002,-77.08393184492002,53.5,-78.3,-78.3,87.00467624670034,53.5000_-78.3000
4146,18,50,-540000.0,1120000.0,53.82587645543096,-76.78014167343048,-76.78014167343048,53.5,-76.8,-76.8,36.25947240524339,53.5000_-76.8000
4147,19,50,-520000.0,1120000.0,53.84639449398483,-76.47605141683478,-76.47605141683478,53.5,-76.8,-76.8,44.033177352071995,53.5000_-76.8000
4148,20,50,-500000.0,1120000.0,53.86614751778615,-76.17167162854507,-76.17167162854507,53.5,-76.8,-76.8,58.0497380184918,53.5000_-76.8000
4149,21,50,-480000.0,1120000.0,53.885134469180045,-75.86701292398244,-75.86701292398244,53.5,-76.8,-76.8,74.88182447164624,53.5000_-76.8000
4150,22,50,-460000.0,1120000.0,53.903354330094345,-75.56208597847244,-75.56208597847244,53.5,-76.8,-76.8,93.0131821246404,53.5000_-76.8000
4151,23,50,-440000.0,1120000.0,53.92080612226183,-75.25690152510873,-75.25690152510873,53.5,-75.3,-75.3,46.87745884955477,53.5000_-75.3000
4152,24,50,-420000.0,1120000.0,53.9374889074345,-74.95147035258627,-74.95147035258627,53.5,-75.3,-75.3,53.78106857103922,53.5000_-75.3000
4153,25,50,-400000.0,1120000.0,53.95340178758943,-74.64580330300484,-74.64580330300484,53.5,-75.3,-75.3,66.28687609649576,53.5000_-75.3000
4154,26,50,-380000.0,1120000.0,53.96854390512668,-74.33991126964396,-74.33991126964396,53.5,-75.3,-75.3,81.86649317529304,53.5000_-75.3000
4155,27,50,-360000.0,1120000.0,53.98291444305844,-74.03380519471045,-74.03380519471045,53.5,-75.3,-75.3,99.08031619994757,53.5000_-75.3000
4156,28,50,-340000.0,1120000.0,53.99651262518985,-73.72749606705958,-73.72749606705958,53.5,-73.8,-73.8,55.41520317547875,53.5000_-73.8000
4157,29,50,-320000.0,1120000.0,54.009337716291135,-73.42099491989107,-73.42099491989107,53.5,-73.8,-73.8,61.87448775703973,53.5000_-73.8000
4158,30,50,-300000.0,1120000.0,54.02138902226105,-73.11431282842108,-73.11431282842108,53.5,-73.8,-73.8,73.43478096396993,53.5000_-73.8000
4159,31,50,-280000.0,1120000.0,54.03266589028138,-72.80746090753138,-72.80746090753138,53.5,-73.8,-73.8,88.11060634794141,53.5000_-73.8000
4160,32,50,-260000.0,1120000.0,54.04316770896271,-72.50045030939694,-72.50045030939694,53.5,-73.8,-73.8,104.59865441820287,53.5000_-73.8000
4161,33,50,-240000.0,1120000.0,54.052893908481096,-72.19329222109307,-72.19329222109307,53.5,-72.3,-72.3,61.877612637641526,53.5000_-72.3000
4162,34,50,-220000.0,1120000.0,54.0618439607056,-71.88599786218364,-71.88599786218364,53.5,-72.3,-72.3,68.13871145096135,53.5000_-72.3000
4163,35,50,-200000.0,1120000.0,54.07001737931684,-71.57857848229133,-71.57857848229133,53.5,-72.3,-72.3,79.14236143045619,53.5000_-72.3000
4164,36,50,-180000.0,1120000.0,54.07741371991616,-71.27104535865139,-71.27104535865139,53.5,-72.3,-72.3,93.22403203345404,53.5000_-72.3000
4165,37,50,-160000.0,1120000.0,54.08403258012564,-70.96340979365029,-70.96340979365029,53.5,-72.3,-72.3,109.19935136228598,53.5000_-72.3000
4166,38,50,-140000.0,1120000.0,54.08987359967868,-70.65568311235042,-70.65568311235042,53.5,-70.8,-70.8,66.27236950952883,53.5000_-70.8000
4167,39,50,-120000.0,1120000.0,54.09493646050122,-70.34787666000227,-70.34787666000227,53.5,-70.8,-70.8,72.51221575224211,53.5000_-70.8000
4168,40,50,-100000.0,1120000.0,54.09922088678356,-70.04000179954548,-70.04000179954548,53.5,-70.8,-70.8,83.25014521452239,53.5000_-70.8000
4169,41,50,-80000.0,1120000.0,54.10272664504258,-69.73206990910009,-69.73206990910009,53.5,-70.8,-70.8,97.00370771281827,53.5000_-70.8000
4170,42,50,-60000.0,1120000.0,54.1054535441746,-69.42409237944936,-69.42409237944936,53.5,-70.8,-70.8,112.67394078660888,53.5000_-70.8000
4171,43,50,-40000.0,1120000.0,54.10740143549854,-69.11608061151559,-69.11608061151559,53.5,-69.3,-69.3,68.61131320759367,53.5000_-69.3000
4172,44,50,-20000.0,1120000.0,54.10857021278956,-68.80804601383026,-68.80804601383026,53.5,-69.3,-69.3,74.98495693465672,53.5000_-69.3000
4173,45,50,0.0,1120000.0,54.10895981230315,-68.5,-68.5,53.5,-69.3,-69.3,85.70030388480183,53.5000_-69.3000
4174,46,50,20000.0,1120000.0,54.10857021278956,-68.19195398616974,-68.19195398616974,53.5,-69.3,-69.3,99.36250548536921,53.5000_-69.3000
4175,47,50,40000.0,1120000.0,54.10740143549854,-67.88391938848441,-67.88391938848441,53.5,-69.3,-69.3,114.92537247088718,53.5000_-69.3000
4213,11,51,-680000.0,1140000.0,53.84004576104911,-78.94411599450689,-78.94411599450689,53.5,-79.8,-79.8,67.88623926287563,53.5000_-79.8000
4214,12,51,-660000.0,1140000.0,53.86599384896225,-78.64109305646097,-78.64109305646097,53.5,-79.8,-79.8,86.4914714161216,53.5000_-79.8000
4215,13,51,-640000.0,1140000.0,53.891182348646396,-78.33770353902467,-78.33770353902467,53.5,-79.8,-79.8,105.63939327905001,53.5000_-79.8000
4216,14,51,-620000.0,1140000.0,53.91560991864404,-78.03395770265,-78.03395770265,53.5,-78.3,-78.3,49.419687867058336,53.5000_-78.3000
4217,15,51,-600000.0,1140000.0,53.939275255669,-77.72986588325865,-77.72986588325865,53.5,-78.3,-78.3,61.58808257811393,53.5000_-78.3000
4218,16,51,-580000.0,1140000.0,53.96217709488684,-77.42543849031058,-77.42543849031058,53.5,-78.3,-78.3,77.13972810720064,53.5000_-78.3000
4219,17,51,-560000.0,1140000.0,53.98431421018768,-77.1206860048344,-77.1206860048344,53.5,-78.3,-78.3,94.41728252966996,53.5000_-78.3000
4220,18,51,-540000.0,1140000.0,54.00568541445198,-76.81561897742077,-76.81561897742077,53.5,-78.3,-78.3,112.62916860345696,53.5000_-78.3000
4221,19,51,-520000.0,1140000.0,54.026289559808625,-76.51024802617911,-76.51024802617911,53.5,-76.8,-76.8,61.541828778241076,53.5000_-76.8000
4222,20,51,-500000.0,1140000.0,54.04612553788528,-76.20458383465899,-76.20458383465899,53.5,-76.8,-76.8,72.23976931047432,53.5000_-76.8000
4223,21,51,-480000.0,1140000.0,54.06519228005104,-75.89863714973684,-75.89863714973684,53.5,-76.8,-76.8,86.35034571288482,53.5000_-76.8000
4224,22,51,-460000.0,1140000.0,54.083488757651125,-75.59241877946911,-75.59241877946911,53.5,-76.8,-76.8,102.47328215034759,53.5000_-76.8000
4225,23,51,-440000.0,1140000.0,54.101013982233376,-75.28593959091292,-75.28593959091292,53.5,-75.3,-75.3,66.83617627119965,53.5000_-75.3000
4226,24,51,-420000.0,1140000.0,54.11776700576663,-74.97921050791496,-74.97921050791496,53.5,-75.3,-75.3,71.84902919524204,53.5000_-75.3000
4227,25,51,-400000.0,1140000.0,54.13374692085078,-74.67224250887008,-74.67224250887008,53.5,-75.3,-75.3,81.63379452466026,53.5000_-75.3000
4228,26,51,-380000.0,1140000.0,54.1489528609183,-74.36504662445036,-74.36504662445036,53.5,-75.3,-75.3,94.72296478071601,53.5000_-75.3000
4229,27,51,-360000.0,1140000.0,54.16338400042722,-74.057633935306,-74.057633935306,53.5,-75.3,-75.3,109.94253090971083,53.5000_-75.3000
4230,28,51,-340000.0,1140000.0,54.177039555045475,-73.750015569739,-73.750015569739,53.5,-73.8,-73.8,75.35486275675821,53.5000_-73.8000
4231,29,51,-320000.0,1140000.0,54.189918781826336,-73.44220270135095,-73.44220270135095,53.5,-73.8,-73.8,80.22580248322353,53.5000_-73.8000
4232,30,51,-300000.0,1140000.0,54.202020979375135,-73.13420654666605,-73.13420654666605,53.5,-73.8,-73.8,89.44581822801995,53.5000_-73.8000
4233,31,51,-280000.0,1140000.0,54.21334548800678,-72.82603836273069,-72.82603836273069,53.5,-73.8,-73.8,101.84040998985031,53.5000_-73.8000
4234,32,51,-260000.0,1140000.0,54.22389168989439,-72.51770944469067,-72.51770944469067,53.5,-73.8,-73.8,116.39979885124791,53.5000_-73.8000
4235,33,51,-240000.0,1140000.0,54.233659009208594,-72.20923112334758,-72.20923112334758,53.5,-72.3,-72.3,81.79605701578329,53.5000_-72.3000
4236,34,51,-220000.0,1140000.0,54.242646912247736,-71.90061476269534,-71.90061476269534,53.5,-72.3,-72.3,86.63009823242155,53.5000_-72.3000
4237,35,51,-200000.0,1140000.0,54.25085490755865,-71.59187175743857,-71.59187175743857,53.5,-72.3,-72.3,95.52737651199806,53.5000_-72.3000
4238,36,51,-180000.0,1140000.0,54.25828254604796,-71.28301353049383,-71.28301353049383,53.5,-72.3,-72.3,107.48350841862913,53.5000_-72.3000
4239,37,51,-160000.0,1140000.0,54.26492942108421,-70.9740515304752,-70.9740515304752,53.5,-72.3,-72.3,121.59951530967294,53.5000_-72.3000
4240,38,51,-140000.0,1140000.0,54.27079516859008,-70.6649972291655,-70.6649972291655,53.5,-70.8,-70.8,86.16406897957924,53.5000_-70.8000
4241,39,51,-120000.0,1140000.0,54.275879467125364,-70.35586211897491,-70.35586211897491,53.5,-70.8,-70.8,91.05105429773475,53.5000_-70.8000
4242,40,51,-100000.0,1140000.0,54.28018203796008,-70.04665771038768,-70.04665771038768,53.5,-70.8,-70.8,99.81410127263442,53.5000_-70.8000
4243,41,51,-80000.0,1140000.0,54.28370264513809,-69.73739552939894,-69.73739552939894,53.5,-70.8,-70.8,111.5433729786067,53.5000_-70.8000
4244,42,51,-60000.0,1140000.0,54.28644109553079,-69.42808711494301,-69.42808711494301,53.5,-70.8,-70.8,125.4093282500724,53.5000_-70.8000
4245,43,51,-40000.0,1140000.0,54.28839723888135,-69.11874401631407,-69.11874401631407,53.5,-69.3,-69.3,88.46667043061396,53.5000_-69.3000
4246,44,51,-20000.0,1140000.0,54.289570967838905,-68.80937779058137,-68.80937779058137,53.5,-69.3,-69.3,93.49629564696582,53.5000_-69.3000
4247,45,51,0.0,1140000.0,54.28996221798312,-68.5,-68.5,53.5,-69.3,-69.3,102.290133996382,53.5000_-69.3000
4248,46,51,20000.0,1140000.0,54.289570967838905,-68.19062220941863,-68.19062220941863,53.5,-69.3,-69.3,113.98023818435176,53.5000_-69.3000
4249,47,51,40000.0,1140000.0,54.28839723888135,-67.88125598368593,-67.88125598368593,53.5,-69.3,-69.3,127.77412977215019,53.5000_-69.3000
4287,11,52,-680000.0,1160000.0,54.01913659793759,-78.98882034104643,-78.98882034104643,53.5,-79.8,-79.8,78.58411259414716,53.5000_-79.8000
4288,12,52,-660000.0,1160000.0,54.04519317195916,-78.68453605001577,-78.68453605001577,53.5,-79.8,-79.8,95.12145739783779,53.5000_-79.8000
4289,13,52,-640000.0,1160000.0,54.07048707557529,-78.37988051259735,-78.37988051259735,53.5,-79.8,-79.8,112.81549900326269,53.5000_-79.8000
4290,14,52,-620000.0,1160000.0,54.09501695352857,-78.07486411253421,-78.07486411253421,53.5,-78.3,-78.3,67.79493103765166,53.5000_-78.3000
4291,15,52,-600000.0,1160000.0,54.11878148909729,-77.76949731062818,-77.76949731062818,53.5,-78.3,-78.3,77.11905220313642,53.5000_-78.3000
4292,16,52,-580000.0,1160000.0,54.14177940438103,-77.46379064277173,-77.46379064277173,53.5,-78.3,-78.3,90.02858919876407,53.5000_-78.3000
4293,17,52,-560000.0,1160000.0,54.164009460578846,-77.15775471794035,-77.15775471794035,53.5,-78.3,-78.3,105.21182042479018,53.5000_-78.3000
4294,18,52,-540000.0,1160000.0,54.18547045826006,-76.85140021614673,-76.85140021614673,53.5,-78.3,-78.3,121.82146004029073,53.5000_-78.3000
4295,19,52,-520000.0,1160000.0,54.20616123762732,-76.54473788635732,-76.54473788635732,53.5,-76.8,-76.8,80.28659011269372,53.5000_-76.8000
4296,20,52,-500000.0,1160000.0,54.22608067877187,-76.23777854437253,-76.23777854437253,53.5,-76.8,-76.8,88.7549506991562,53.5000_-76.8000
4297,21,52,-480000.0,1160000.0,54.245227701920804,-75.9305330706711,-75.9305330706711,53.5,-76.8,-76.8,100.57582897850624,53.5000_-76.8000
4298,22,52,-460000.0,1160000.0,54.26360126767628,-75.62301240822005,-75.62301240822005,53.5,-76.8,-76.8,114.71741927122142,53.5000_-76.8000
4299,23,52,-440000.0,1160000.0,54.281200377246535,-75.31522756025107,-75.31522756025107,53.5,-76.8,-76.8,130.42695352470574,53.5000_-76.8000
4300,24,52,-420000.0,1160000.0,54.29802407266846,-75.00718958800425,-75.00718958800425,53.5,-75.3,-75.3,90.78618435643538,53.5000_-75.3000
4301,25,52,-400000.0,1160000.0,54.314071437021724,-74.69890960844059,-74.69890960844059,53.5,-75.3,-75.3,98.71247610435601,53.5000_-75.3000
4302,26,52,-380000.0,1160000.0,54.32934159463429,-74.3903987919241,-74.3903987919241,53.5,-75.3,-75.3,109.78471568454427,53.5000_-75.3000
4303,27,52,-360000.0,1160000.0,54.3438337112792,-74.08166835987481,-74.08166835987481,53.5,-75.3,-75.3,123.15725203612683,53.5000_-75.3000
4304,28,52,-340000.0,1160000.0,54.35754699436239,-73.77272958239391,-73.77272958239391,53.5,-73.8,-73.8,95.37171816507038,53.5000_-73.8000
4305,29,52,-320000.0,1160000.0,54.370480693101825,-73.46359377586198,-73.46359377586198,53.5,-73.8,-73.8,99.2662724378331,53.5000_-73.8000
4306,30,52,-300000.0,1160000.0,54.38263409869724,-73.15427230051199,-73.15427230051199,53.5,-73.8,-73.8,106.85649526542507,53.5000_-73.8000
4307,31,52,-280000.0,1160000.0,54.39400654449101,-72.84477655797782,-72.84477655797782,53.5,-73.8,-73.8,117.42787372588732,53.5000_-73.8000
4308,32,52,-260000.0,1160000.0,54.40459740611956,-72.53511798882008,-72.53511798882008,53.5,-73.8,-73.8,130.25654081159857,53.5000_-73.8000
4309,33,52,-240000.0,1160000.0,54.41440610165548,-72.22530807003012,-72.22530807003012,53.5,-72.3,-72.3,101.79480939395599,53.5000_-72.3000
4310,34,52,-220000.0,1160000.0,54.423432091740295,-71.91535831251396,-71.91535831251396,53.5,-72.3,-72.3,105.71889731459176,53.5000_-72.3000
4311,35,52,-200000.0,1160000.0,54.43167487970763,-71.60528025855712,-71.60528025855712,53.5,-72.3,-72.3,113.1249371838431,53.5000_-72.3000
4312,36,52,-180000.0,1160000.0,54.43913401169684,-71.29508547927203,-71.29508547927203,53.5,-72.3,-72.3,123.38749306030317,53.5000_-72.3000
4313,37,52,-160000.0,1160000.0,54.44580907675691,-70.98478557202928,-70.98478557202928,53.5,-72.3,-72.3,135.8607530611675,53.5000_-72.3000
4314,38,52,-140000.0,1160000.0,54.45169970694082,-70.67439215787411,-70.67439215787411,53.5,-70.8,-70.8,106.14260636538711,53.5000_-70.8000
4315,39,52,-120000.0,1160000.0,54.456805577389964,-70.36391687892961,-70.36391687892961,53.5,-70.8,-70.8,110.14692362579838,53.5000_-70.8000
4316,40,52,-100000.0,1160000.0,54.461126406408766,-70.05337139578803,-70.05337139578803,53.5,-70.8,-70.8,117.49419595143651,53.5000_-70.8000
4317,41,52,-80000.0,1160000.0,54.464661955529586,-69.74276738489185,-69.74276738489185,53.5,-70.8,-70.8,127.6082785867862,53.5000_-70.8000
4318,42,52,-60000.0,1160000.0,54.46741202956754,-69.43211653590562,-69.43211653590562,53.5,-70.8,-70.8,139.89032138126865,53.5000_-70.8000
4319,43,52,-40000.0,1160000.0,54.469376476665495,-69.12143054908064,-69.12143054908064,53.5,-69.3,-69.3,108.42026683512195,53.5000_-69.3000
4320,44,52,-20000.0,1160000.0,54.47055518832903,-68.81072113261348,-68.81072113261348,53.5,-69.3,-69.3,112.5616578856778,53.5000_-69.3000
4321,45,52,0.0,1160000.0,54.4709480994515,-68.5,-68.5,53.5,-69.3,-69.3,119.96559866474591,53.5000_-69.3000
4322,46,52,20000.0,1160000.0,54.47055518832903,-68.18927886738652,-68.18927886738652,53.5,-69.3,-69.3,130.0761649713167,53.5000_-69.3000
4323,47,52,40000.0,1160000.0,54.469376476665495,-67.87856945091936,-67.87856945091936,53.5,-69.3,-69.3,142.3176723276232,53.5000_-69.3000
4361,11,53,-680000.0,1180000.0,54.1981973580293,-79.0339062522098,-79.0339062522098,53.5,-79.8,-79.8,92.47935113498794,53.5000_-79.8000
4362,12,53,-660000.0,1180000.0,54.22436307634339,-78.72835030312395,-78.72835030312395,53.5,-79.8,-79.8,106.8897754535835,53.5000_-79.8000
4363,13,53,-640000.0,1180000.0,54.24976302480258,-78.42241836165906,-78.42241836165906,53.5,-79.8,-79.8,122.90228423265256,53.5000_-79.8000
4364,14,53,-620000.0,1180000.0,54.27439583414357,-78.11612093677748,-78.11612093677748,53.5,-78.3,-78.3,86.94805807344098,53.5000_-78.3000
4365,15,53,-600000.0,1180000.0,54.298260174007964,-77.80946861612969,-77.80946861612969,53.5,-78.3,-78.3,94.4009974146974,53.5000_-78.3000
4366,16,53,-580000.0,1180000.0,54.321354753233194,-77.50247206404836,-77.50247206404836,53.5,-78.3,-78.3,105.21251613420384,53.5000_-78.3000
4367,17,53,-560000.0,1180000.0,54.34367832013627,-77.19514201950184,-77.19514201950184,53.5,-78.3,-78.3,118.46652282086836,53.5000_-78.3000
4368,18,53,-540000.0,1180000.0,54.3652296627896,-76.8874892940084,-76.8874892940084,53.5,-78.3,-78.3,133.43708599631736,53.5000_-78.3000
4369,19,53,-520000.0,1180000.0,54.386007609289244,-76.57952476951162,-76.57952476951162,53.5,-76.8,-76.8,99.57066810045691,53.5000_-76.8000
4370,20,53,-500000.0,1180000.0,54.406011028015044,-76.27125939621837,-76.27125939621837,53.5,-76.8,-76.8,106.51816176007208,53.5000_-76.8000
4371,21,53,-480000.0,1180000.0,54.42523882788278,-75.96270419039998,-75.96270419039998,53.5,-76.8,-76.8,116.55216391769375,53.5000_-76.8000
4372,22,53,-460000.0,1180000.0,54.443689958587996,-75.65387023215789,-75.65387023215789,53.5,-76.8,-76.8,128.9541085878631,53.5000_-76.8000
4373,23,53,-440000.0,1180000.0,54.4613634108415,-75.34476866315471,-75.34476866315471,53.5,-76.8,-76.8,143.10962607132026,53.5000_-76.8000
4374,24,53,-420000.0,1180000.0,54.478258216596366,-75.03541068431169,-75.03541068431169,53.5,-75.3,-75.3,110.1440348877166,53.5000_-75.3000
4375,25,53,-400000.0,1180000.0,54.494373449266206,-74.72580755347406,-74.72580755347406,53.5,-75.3,-75.3,116.76445601048165,53.5000_-75.3000
4376,26,53,-380000.0,1180000.0,54.5097082239347,-74.41597058304488,-74.41597058304488,53.5,-75.3,-75.3,126.26405273380313,53.5000_-75.3000
4377,27,53,-360000.0,1180000.0,54.52426169755631,-74.10591113758922,-74.10591113758922,53.5,-75.3,-75.3,138.04966675740422,53.5000_-75.3000
4378,28,53,-340000.0,1180000.0,54.53803306914784,-73.79564063140923,-73.79564063140923,53.5,-73.8,-73.8,115.42452168768543,53.5000_-73.8000
4379,29,53,-320000.0,1180000.0,54.55102157997102,-73.4851705260919,-73.4851705260919,53.5,-73.8,-73.8,118.663553532755,53.5000_-73.8000
4380,30,53,-300000.0,1180000.0,54.56322651370565,-73.17451232803049,-73.17451232803049,53.5,-73.8,-73.8,125.08269535670115,53.5000_-73.8000
4381,31,53,-280000.0,1180000.0,54.574647196613654,-72.8636775859209,-72.8636775859209,53.5,-73.8,-73.8,134.22642096380838,53.5000_-73.8000
4382,32,53,-260000.0,1180000.0,54.585282997693504,-72.55267788823464,-72.55267788823464,53.5,-73.8,-73.8,145.58221377340627,53.5000_-73.8000
4383,33,53,-240000.0,1180000.0,54.59513332882521,-72.24152486066929,-72.24152486066929,53.5,-72.3,-72.3,121.83324919139088,53.5000_-72.3000
4384,34,53,-220000.0,1180000.0,54.60419764490566,-71.9302301635782,-71.9302301635782,53.5,-72.3,-72.3,125.13094703458624,53.5000_-72.3000
4385,35,53,-200000.0,1180000.0,54.612475443974255,-71.61880548938068,-71.61880548938068,53.5,-72.3,-72.3,131.4479504064993,53.5000_-72.3000
4386,36,53,-180000.0,1180000.0,54.619966267328856,-71.30726255995404,-71.30726255995404,53.5,-72.3,-72.3,140.3772094953098,53.5000_-72.3000
4387,37,53,-160000.0,1180000.0,54.626669699631734,-70.99561312400914,-70.99561312400914,53.5,-72.3,-72.3,151.45738032597322,53.5000_-72.3000
4388,38,53,-140000.0,1180000.0,54.632585369005824,-70.68386895445056,-70.68386895445056,53.5,-70.8,-70.8,126.16566460318835,53.5000_-70.8000
4389,39,53,-120000.0,1180000.0,54.63771294712078,-70.37204184572329,-70.37204184572329,53.5,-70.8,-70.8,129.55269753282172,53.5000_-70.8000
4390,40,53,-100000.0,1180000.0,54.64205214926918,-70.06014361114693,-70.06014361114693,53.5,-70.8,-70.8,135.85436728098358,53.5000_-70.8000
4391,41,53,-80000.0,1180000.0,54.645602734432735,-69.74818608023939,-69.74818608023939,53.5,-70.8,-70.8,144.69033694344944,53.5000_-70.8000
4392,42,53,-60000.0,1180000.0,54.64836450533809,-69.4361810960313,-69.4361810960313,53.5,-70.8,-70.8,155.62953415902314,53.5000_-70.8000
4393,43,53,-40000.0,1180000.0,54.65033730850285,-69.12414051237273,-69.12414051237273,53.5,-69.3,-69.3,128.42525402729567,53.5000_-69.3000
4394,44,53,-20000.0,1180000.0,54.65152103427117,-68.81207619123367,-68.81207619123367,53.5,-69.3,-69.3,131.94005575050844,53.5000_-69.3000
4395,45,53,0.0,1180000.0,54.65191561683936,-68.5,-68.5,53.5,-69.3,-69.3,138.31011528127502,53.5000_-69.3000
4396,46,53,20000.0,1180000.0,54.65152103427117,-68.18792380876633,-68.18792380876633,53.5,-69.3,-69.3,147.16512925982119,53.5000_-69.3000
4397,47,53,40000.0,1180000.0,54.65033730850285,-67.87585948762727,-67.87585948762727,53.5,-69.3,-69.3,158.08808255136438,53.5000_-69.3000
4398,48,53,60000.0,1180000.0,54.64836450533809,-67.5638189039687,-67.5638189039687,53.5,-67.8,-67.8,128.61863758031308,53.5000_-67.8000
4399,49,53,80000.0,1180000.0,54.645602734432735,-67.25181391976061,-67.25181391976061,53.5,-67.8,-67.8,132.31008751902075,53.5000_-67.8000
4434,10,54,-700000.0,1200000.0,54.35018306904078,-79.38582526078015,-79.38582526078015,53.5,-79.8,-79.8,98.34845401431645,53.5000_-79.8000
4435,11,54,-680000.0,1200000.0,54.37722606140558,-79.07937859782538,-79.07937859782538,53.5,-79.8,-79.8,108.34772498648837,53.5000_-79.8000
4436,12,54,-660000.0,1200000.0,54.40350158947768,-78.77254056205449,-78.77254056205449,53.5,-79.8,-79.8,120.88239937182881,53.5000_-79.8000
4437,13,54,-640000.0,1200000.0,54.429008230802964,-78.46532170725328,-78.46532170725328,53.5,-79.8,-79.8,135.24927116823815,53.5000_-79.8000
4438,14,54,-620000.0,1200000.0,54.45374460190218,-78.1577326695684,-78.1577326695684,53.5,-78.3,-78.3,106.45895036928633,53.5000_-78.3000
4439,15,54,-600000.0,1200000.0,54.47770935857506,-77.84978416550514,-77.84978416550514,53.5,-78.3,-78.3,112.62972990054287,53.5000_-78.3000
4440,16,54,-580000.0,1200000.0,54.50090119619695,-77.54148698988287,-77.54148698988287,53.5,-78.3,-78.3,121.8354596475822,53.5000_-78.3000
4441,17,54,-560000.0,1200000.0,54.52331885000792,-77.23285201374891,-77.23285201374891,53.5,-78.3,-78.3,133.44943662153486,53.5000_-78.3000
4442,18,54,-540000.0,1200000.0,54.54496109539397,-76.92389018225167,-76.92389018225167,53.5,-78.3,-78.3,146.90149778655993,53.5000_-78.3000
4443,19,54,-520000.0,1200000.0,54.56582674816059,-76.61461251247417,-76.61461251247417,53.5,-76.8,-76.8,119.13138149300687,53.5000_-76.8000
4444,20,54,-500000.0,1200000.0,54.585914664797805,-76.30503009122864,-76.30503009122864,53.5,-76.8,-76.8,124.9974399461314,53.5000_-76.8000
4445,21,54,-480000.0,1200000.0,54.605223742737316,-75.99515407281365,-75.99515407281365,53.5,-76.8,-76.8,133.65198111527474,53.5000_-76.8000
4446,22,54,-460000.0,1200000.0,54.623752920601156,-75.68499567673418,-75.68499567673418,53.5,-76.8,-76.8,144.59509114875345,53.5000_-76.8000
4447,23,54,-440000.0,1200000.0,54.64150117844173,-75.37456618538633,-75.37456618538633,53.5,-76.8,-76.8,157.3499415283641,53.5000_-76.8000
4448,24,54,-420000.0,1200000.0,54.65846753797329,-75.06387694170758,-75.06387694170758,53.5,-75.3,-75.3,129.73334967920704,53.5000_-75.3000
4449,25,54,-400000.0,1200000.0,54.67465106279454,-74.75293934679348,-74.75293934679348,53.5,-75.3,-75.3,135.39999293128406,53.5000_-75.3000
4450,26,54,-380000.0,1200000.0,54.69005085860235,-74.44176485748244,-74.44176485748244,53.5,-75.3,-75.3,143.67305257194883,53.5000_-75.3000
4451,27,54,-360000.0,1200000.0,54.704666073396325,-74.13036498390947,-74.13036498390947,53.5,-75.3,-75.3,154.13334541513186,53.5000_-75.3000
4452,28,54,-340000.0,1200000.0,54.71849589767425,-73.81875128703027,-73.81875128703027,53.5,-75.3,-75.3,166.36877094883593,53.5000_-75.3000
4453,29,54,-320000.0,1200000.0,54.73153956461828,-73.50693537611701,-73.50693537611701,53.5,-73.8,-73.8,138.26652200759148,53.5000_-73.8000
4454,30,54,-300000.0,1200000.0,54.74379635027155,-73.194928906227,-73.194928906227,53.5,-73.8,-73.8,143.81368803512623,53.5000_-73.8000
4455,31,54,-280000.0,1200000.0,54.755265573705444,-72.88274357564559,-72.88274357564559,53.5,-73.8,-73.8,151.8336580846835,53.5000_-73.8000
4456,32,54,-260000.0,1200000.0,54.76594659717718,-72.5703911233048,-72.5703911233048,53.5,-73.8,-73.8,161.9594596389306,53.5000_-73.8000
4457,33,54,-240000.0,1200000.0,54.77583882627763,-72.25788332617903,-72.25788332617903,53.5,-72.3,-72.3,141.89351974188546,53.5000_-72.3000
4458,34,54,-220000.0,1200000.0,54.784941710069404,-71.945231996659,-71.945231996659,53.5,-72.3,-72.3,144.73521614169965,53.5000_-72.3000
4459,35,54,-200000.0,1200000.0,54.79325474121499,-71.63244897990599,-71.63244897990599,53.5,-72.3,-72.3,150.23021812029657,53.5000_-72.3000
4460,36,54,-180000.0,1200000.0,54.80077745609504,-71.31954615118697,-71.31954615118697,53.5,-72.3,-72.3,158.1020817536574,53.5000_-72.3000
4461,37,54,-160000.0,1200000.0,54.80750943491647,-71.00653541319302,-71.00653541319302,53.5,-72.3,-72.3,168.01703480608046,53.5000_-72.3000
4462,38,54,-140000.0,1200000.0,54.8134503018106,-70.69342869334182,-70.69342869334182,53.5,-70.8,-70.8,146.21391677851406,53.5000_-70.8000
4463,39,54,-120000.0,1200000.0,54.81859972492096,-70.38023794106604,-70.38023794106604,53.5,-70.8,-70.8,149.14643966195118,53.5000_-70.8000
4464,40,54,-100000.0,1200000.0,54.82295741648109,-70.06697512508931,-70.06697512508931,53.5,-70.8,-70.8,154.6516065356026,53.5000_-70.8000
4465,41,54,-80000.0,1200000.0,54.82652313288194,-69.75365223069089,-69.75365223069089,53.5,-70.8,-70.8,162.46809418386172,53.5000_-70.8000
4466,42,54,-60000.0,1200000.0,54.82929667472896,-69.44028125696096,-69.44028125696096,53.5,-70.8,-70.8,172.28158318128288,53.5000_-70.8000
4467,43,54,-40000.0,1200000.0,54.831277886888934,-69.12687421404806,-69.12687421404806,53.5,-69.3,-69.3,148.45982483785113,53.5000_-69.3000
4468,44,54,-20000.0,1200000.0,54.83246665852642,-68.81344312039995,-68.81344312039995,53.5,-69.3,-69.3,151.5104107914514,53.5000_-69.3000
4469,45,54,0.0,1200000.0,54.832862923129674,-68.5,-68.5,53.5,-69.3,-69.3,157.08848970938786,53.5000_-69.3000
4470,46,54,20000.0,1200000.0,54.83246665852642,-68.18655687960005,-68.18655687960005,53.5,-69.3,-69.3,164.93782787062932,53.5000_-69.3000
4471,47,54,40000.0,1200000.0,54.831277886888934,-67.87312578595194,-67.87312578595194,53.5,-69.3,-69.3,174.75264465066462,53.5000_-69.3000
4472,48,54,60000.0,1200000.0,54.82929667472896,-67.55971874303904,-67.55971874303904,53.5,-67.8,-67.8,148.63638052808903,53.5000_-67.8000
4473,49,54,80000.0,1200000.0,54.82652313288194,-67.24634776930911,-67.24634776930911,53.5,-67.8,-67.8,151.84156456016225,53.5000_-67.8000
4474,50,54,100000.0,1200000.0,54.82295741648109,-66.93302487491069,-66.93302487491069,53.5,-67.8,-67.8,157.56033731430222,53.5000_-67.8000
4475,51,54,120000.0,1200000.0,54.81859972492096,-66.61976205893396,-66.61976205893396,53.5,-67.8,-67.8,165.53240333668185,53.5000_-67.8000
4478,54,54,180000.0,1200000.0,54.80077745609504,-65.68045384881303,-65.68045384881303,53.5,-66.3,-66.3,150.16022637667353,53.5000_-66.3000
4481,57,54,240000.0,1200000.0,54.77583882627763,-64.74211667382099,-64.74211667382099,53.5,-64.8,-64.8,141.91708722938705,53.5000_-64.8000
4483,59,54,280000.0,1200000.0,54.755265573705444,-64.11725642435441,-64.11725642435441,53.5,-64.8,-64.8,146.49534842261494,53.5000_-64.8000
4508,10,55,-700000.0,1220000.0,54.529064124048354,-79.43297659760887,-79.43297659760887,53.5,-79.8,-79.8,116.91208807115623,53.5000_-79.8000
4509,11,55,-680000.0,1220000.0,54.55622071874046,-79.1252423303116,-79.1252423303116,53.5,-79.8,-79.8,125.44167226714787,53.5000_-79.8000
4510,12,55,-660000.0,1220000.0,54.58260672943722,-78.81711165374335,-78.81711165374335,53.5,-79.8,-79.8,136.4156632584869,53.5000_-79.8000
4511,13,55,-640000.0,1220000.0,54.60822071888098,-78.50859524912549,-78.50859524912549,53.5,-79.8,-79.8,149.29590162149148,53.5000_-79.8000
4512,14,55,-620000.0,1220000.0,54.633061289162264,-78.19970388179122,-78.19970388179122,53.5,-78.3,-78.3,126.1606771361032,53.5000_-78.3000
4513,15,55,-600000.0,1220000.0,54.65712708202974,-77.8904483991454,-77.8904483991454,53.5,-78.3,-78.3,131.41081734285763,53.5000_-78.3000
4514,16,55,-580000.0,1220000.0,54.68041677919258,-77.58083972858039,-77.58083972858039,53.5,-78.3,-78.3,139.38254205291446,53.5000_-78.3000
4515,17,55,-560000.0,1220000.0,54.70292910261523,-77.27088887534941,-77.27088887534941,53.5,-78.3,-78.3,149.64143576667797,53.5000_-78.3000
4516,18,55,-540000.0,1220000.0,54.72466281480404,-76.9606069203978,-76.9606069203978,53.5,-78.3,-78.3,161.75282095459335,53.5000_-78.3000
4517,19,55,-520000.0,1220000.0,54.745616719086115,-76.6500050181534,-76.6500050181534,53.5,-76.8,-76.8,138.85083168746556,53.5000_-76.8000
4518,20,55,-500000.0,1220000.0,54.76578965987966,-76.33909439427714,-76.33909439427714,53.5,-76.8,-76.8,143.91620980684434,53.5000_-76.8000
4519,21,55,-480000.0,1220000.0,54.7851805229561,-76.02788634337465,-76.02788634337465,53.5,-76.8,-76.8,151.4943608112115,53.5000_-76.8000
4520,22,55,-460000.0,1220000.0,54.803788235693595,-75.71639222666995,-75.71639222666995,53.5,-76.8,-76.8,161.23128629088376,53.5000_-76.8000
4521,23,55,-440000.0,1220000.0,54.82161176732189,-75.4046234696428,-75.4046234696428,53.5,-76.8,-76.8,172.7622990636715,53.5000_-76.8000
4522,24,55,-420000.0,1220000.0,54.83865012915832,-75.09259155963015,-75.09259155963015,53.5,-75.3,-75.3,149.46212493891161,53.5000_-75.3000
4523,25,55,-400000.0,1220000.0,54.85490237483481,-74.78030804339345,-74.78030804339345,53.5,-75.3,-75.3,154.40694833979452,53.5000_-75.3000
4524,26,55,-380000.0,1220000.0,54.87036760051588,-74.46778452465287,-74.46778452465287,53.5,-75.3,-75.3,161.710792165459,53.5000_-75.3000
4525,27,55,-360000.0,1220000.0,54.88504494510718,-74.15503266158943,-74.15503266158943,53.5,-75.3,-75.3,171.07171482855907,53.5000_-75.3000
4526,28,55,-340000.0,1220000.0,54.89893359045504,-73.84206416431694,-73.84206416431694,53.5,-75.3,-75.3,182.17283523759912,53.5000_-75.3000
4527,29,55,-320000.0,1220000.0,54.91203276153607,-73.52889079232426,-73.52889079232426,53.5,-73.8,-73.8,157.9976258495808,53.5000_-73.8000
4528,30,55,-300000.0,1220000.0,54.92434172663762,-73.21552435189001,-73.21552435189001,53.5,-73.8,-73.8,162.87442485867678,53.5000_-73.8000
4529,31,55,-280000.0,1220000.0,54.935859797528195,-72.90197669347062,-72.90197669347062,53.5,-73.8,-73.8,169.99754802680218,53.5000_-73.8000
4530,32,55,-260000.0,1220000.0,54.94658632961823,-72.58825970906328,-72.58825970906328,53.5,-73.8,-73.8,179.09913427272227,53.5000_-73.8000
4531,33,55,-240000.0,1220000.0,54.95652072211095,-72.27438532954524,-72.27438532954524,53.5,-72.3,-72.3,161.96649318134564,53.5000_-72.3000
4532,34,55,-220000.0,1220000.0,54.96566241814318,-71.96036552199095,-71.96036552199095,53.5,-72.3,-72.3,164.4619762861517,53.5000_-72.3000
4533,35,55,-200000.0,1220000.0,54.97401090491612,-71.6462122869684,-71.6462122869684,53.5,-72.3,-72.3,169.31799832442988,53.5000_-72.3000
4534,36,55,-180000.0,1220000.0,54.98156571381592,-71.33193765581633,-71.33193765581633,53.5,-72.3,-72.3,176.3396249933883,53.5000_-72.3000
4535,37,55,-160000.0,1220000.0,54.98832642052403,-71.01755368790371,-71.01755368790371,53.5,-72.3,-72.3,185.28078466562707,53.5000_-72.3000
4536,38,55,-140000.0,1220000.0,54.99429264511733,-70.70307246787307,-70.70307246787307,53.5,-70.8,-70.8,166.27723778455228,53.5000_-70.8000
4537,39,55,-120000.0,1220000.0,54.99946405215772,-70.38850610286929,-70.38850610286929,53.5,-70.8,-70.8,168.86173225392238,53.5000_-70.8000
4538,40,55,-100000.0,1220000.0,55.00384035077142,-70.07386671975544,-70.07386671975544,55.0,-70.8,-70.8,46.31150995441109,55.0000_-70.8000
4539,41,55,-80000.0,1220000.0,55.0074212947178,-69.7591664623171,-69.7591664623171,55.0,-70.8,-70.8,66.38157169561401,55.0000_-70.8000
4540,42,55,-60000.0,1220000.0,55.01020668244765,-69.44441748845695,-69.44441748845695,55.0,-70.8,-70.8,86.45262922038343,55.0000_-70.8000
4541,43,55,-40000.0,1220000.0,55.012196357150906,-69.12963196738123,-69.12963196738123,55.0,-69.3,-69.3,10.948545455089652,55.0000_-69.3000
4542,44,55,-20000.0,1220000.0,55.01339020679379,-68.81482207677959,-68.81482207677959,55.0,-69.3,-69.3,30.9746831016203,55.0000_-69.3000
4543,45,55,0.0,1220000.0,55.01378816414544,-68.5,-68.5,55.0,-69.3,-69.3,51.037088894093515,55.0000_-69.3000
4544,46,55,20000.0,1220000.0,55.01339020679379,-68.18517792322041,-68.18517792322041,55.0,-69.3,-69.3,71.10507180609547,55.0000_-69.3000
4545,47,55,40000.0,1220000.0,55.012196357150906,-67.87036803261877,-67.87036803261877,55.0,-69.3,-69.3,91.1749607862378,55.0000_-69.3000
4546,48,55,60000.0,1220000.0,55.01020668244765,-67.55558251154305,-67.55558251154305,55.0,-67.8,-67.8,15.62794707214721,55.0000_-67.8000
4548,50,55,100000.0,1220000.0,55.00384035077142,-66.92613328024456,-66.92613328024456,55.0,-67.8,-67.8,55.73284462154525,55.0000_-67.8000
4551,53,55,160000.0,1220000.0,54.98832642052403,-65.98244631209629,-65.98244631209629,53.5,-66.3,-66.3,166.77533587611475,53.5000_-66.3000
4552,54,55,180000.0,1220000.0,54.98156571381592,-65.66806234418367,-65.66806234418367,53.5,-66.3,-66.3,169.78148732023953,53.5000_-66.3000
4553,55,55,200000.0,1220000.0,54.97401090491612,-65.35378771303161,-65.35378771303161,53.5,-66.3,-66.3,175.05356216113518,53.5000_-66.3000
4554,56,55,220000.0,1220000.0,54.96566241814318,-65.03963447800905,-65.03963447800905,53.5,-66.3,-66.3,182.3952091153513,53.5000_-66.3000
4555,57,55,240000.0,1220000.0,54.95652072211095,-64.72561467045476,-64.72561467045476,53.5,-64.8,-64.8,162.0300680234952,53.5000_-64.8000
4556,58,55,260000.0,1220000.0,54.94658632961823,-64.41174029093672,-64.41174029093672,53.5,-64.8,-64.8,162.8207592779286,53.5000_-64.8000
4557,59,55,280000.0,1220000.0,54.935859797528195,-64.09802330652938,-64.09802330652938,53.5,-64.8,-64.8,166.05339473503264,53.5000_-64.8000
4581,10,56,-700000.0,1240000.0,54.70790843626745,-79.48053495349978,-79.48053495349978,53.5,-79.8,-79.8,135.91833334842974,53.5000_-79.8000
4582,11,56,-680000.0,1240000.0,54.73517933124194,-79.17150248642129,-79.17150248642129,53.5,-79.8,-79.8,143.32237109817456,53.5000_-79.8000
4583,12,56,-660000.0,1240000.0,54.761676504953336,-78.86206848750172,-78.86206848750172,53.5,-79.8,-79.8,153.02018919816766,53.5000_-79.8000
4584,13,56,-640000.0,1240000.0,54.78739850511703,-78.55224376739388,-78.55224376739388,53.5,-79.8,-79.8,164.60677259719745,53.5000_-79.8000
4585,14,56,-620000.0,1240000.0,54.81234391917476,-78.24203922265806,-78.24203922265806,53.5,-78.3,-78.3,145.97496773914116,53.5000_-78.3000
4586,15,56,-600000.0,1240000.0,54.83651137461072,-77.93146583368278,-77.93146583368278,53.5,-78.3,-78.3,150.53666610334963,53.5000_-78.3000
4587,16,56,-580000.0,1240000.0,54.85989953925983,-77.62053466256036,-77.62053466256036,53.5,-78.3,-78.3,157.54431608616483,53.5000_-78.3000
4588,17,56,-560000.0,1240000.0,54.88250712160812,-77.30925685091876,-77.30925685091876,53.5,-78.3,-78.3,166.68963001159926,53.5000_-78.3000
4589,18,56,-540000.0,1240000.0,54.90433287108514,-76.99764361770994,-76.99764361770994,53.5,-78.3,-78.3,177.6426833696882,53.5000_-78.3000
4590,19,56,-520000.0,1240000.0,54.92537557834807,-76.68570625695632,-76.68570625695632,53.5,-76.8,-76.8,158.6688374733584,53.5000_-76.8000
4591,20,56,-500000.0,1240000.0,54.94563407555758,-76.37345613545601,-76.37345613545601,53.5,-76.8,-76.8,163.12063910605247,53.5000_-76.8000
4592,21,56,-480000.0,1240000.0,54.965107236645025,-76.06090469044807,-76.06090469044807,53.5,-76.8,-76.8,169.84448932829605,53.5000_-76.8000
4593,22,56,-460000.0,1240000.0,54.98379397757086,-75.74806342723869,-75.74806342723869,53.5,-76.8,-76.8,178.58386757811655,53.5000_-76.8000
4594,23,56,-440000.0,1240000.0,55.0016932565746,-75.43494391678978,-75.43494391678978,55.0,-76.8,-76.8,87.058729831676,55.0000_-76.8000
4595,24,56,-420000.0,1240000.0,55.01880407441523,-75.12155779327074,-75.12155779327074,55.0,-75.3,-75.3,11.56869779412202,55.0000_-75.3000
4596,25,56,-400000.0,1240000.0,55.03512547460296,-74.80791675157501,-74.80791675157501,55.0,-75.3,-75.3,31.612916272567656,55.0000_-75.3000
4597,26,56,-380000.0,1240000.0,55.05065654362137,-74.49403254480237,-74.49403254480237,55.0,-75.3,-75.3,51.678835588488965,55.0000_-75.3000
4598,27,56,-360000.0,1240000.0,55.065396411140355,-74.17991698170844,-74.17991698170844,55.0,-75.3,-75.3,71.74806381940273,55.0000_-75.3000
4599,28,56,-340000.0,1240000.0,55.079344250219364,-73.86558192412281,-73.86558192412281,55.0,-75.3,-75.3,91.81829427514695,55.0000_-75.3000
4600,29,56,-320000.0,1240000.0,55.092499277501105,-73.55103928433672,-73.55103928433672,55.0,-73.8,-73.8,18.903271989332605,55.0000_-73.8000
4601,30,56,-300000.0,1240000.0,55.10486075339545,-73.23630102246227,-73.23630102246227,55.0,-73.8,-73.8,37.75078026525216,55.0000_-73.8000
4602,31,56,-280000.0,1240000.0,55.116427982253306,-72.92137914376424,-72.92137914376424,55.0,-73.8,-73.8,57.43380551959099,55.0000_-73.8000
4603,32,56,-260000.0,1240000.0,55.127200312530704,-72.60628569596588,-72.60628569596588,55.0,-73.8,-73.8,77.31672247954121,55.0000_-73.8000
4604,33,56,-240000.0,1240000.0,55.13717713694265,-72.29103276653052,-72.29103276653052,55.0,-72.3,-72.3,15.26410426761271,55.0000_-72.3000
4605,34,56,-220000.0,1240000.0,55.146357892606744,-71.9756324799201,-71.9756324799201,55.0,-72.3,-72.3,26.292090165280825,55.0000_-72.3000
4606,35,56,-200000.0,1240000.0,55.1547420611767,-71.6600969948325,-71.6600969948325,55.0,-72.3,-72.3,44.21842229105984,55.0000_-72.3000
4607,36,56,-180000.0,1240000.0,55.16232916896529,-71.34443850141894,-71.34443850141894,55.0,-72.3,-72.3,63.44259516982135,55.0000_-72.3000
4608,37,56,-160000.0,1240000.0,55.16911878705698,-71.02866921848317,-71.02866921848317,55.0,-72.3,-72.3,83.06830529339602,55.0000_-72.3000
4609,38,56,-140000.0,1240000.0,55.175110531410034,-70.71280139066411,-70.71280139066411,55.0,-70.8,-70.8,20.246752009795138,55.0000_-70.8000
4610,39,56,-120000.0,1240000.0,55.18030406294799,-70.39684728560331,-70.39684728560331,55.0,-70.8,-70.8,32.559534432749984,55.0000_-70.8000
4611,40,56,-100000.0,1240000.0,55.18469908764054,-70.08081919109915,-70.08081919109915,55.0,-70.8,-70.8,50.15980323712154,55.0000_-70.8000
4612,41,56,-80000.0,1240000.0,55.188295356573775,-69.76472941224921,-69.76472941224921,55.0,-70.8,-70.8,69.11997894850234,55.0000_-70.8000
4613,42,56,-60000.0,1240000.0,55.191092666009624,-69.44859026858252,-69.44859026858252,55.0,-70.8,-70.8,88.57095977841634,55.0000_-70.8000
4614,43,56,-40000.0,1240000.0,55.19309085743456,-69.13241409118348,-69.13241409118348,55.0,-69.3,-69.3,23.972602975426017,55.0000_-69.3000
4615,44,56,-20000.0,1240000.0,55.19428981759754,-68.81621321980889,-68.81621321980889,55.0,-69.3,-69.3,37.60548075135642,55.0000_-69.3000
4616,45,56,0.0,1240000.0,55.194689478537065,-68.5,-68.5,55.0,-69.3,-69.3,55.311329104592616,55.0000_-69.3000
4617,46,56,20000.0,1240000.0,55.19428981759754,-68.18378678019111,-68.18378678019111,55.0,-69.3,-69.3,74.23071336680853,55.0000_-69.3000
4618,47,56,40000.0,1240000.0,55.19309085743456,-67.86758590881652,-67.86758590881652,55.0,-69.3,-69.3,93.63087885349279,55.0000_-69.3000
4619,48,56,60000.0,1240000.0,55.191092666009624,-67.5514097314175,-67.5514097314175,55.0,-67.8,-67.8,26.489203482929764,55.0000_-67.8000
4620,49,56,80000.0,1240000.0,55.188295356573775,-67.23527058775079,-67.23527058775079,55.0,-67.8,-67.8,41.587999890162145,55.0000_-67.8000
4621,50,56,100000.0,1240000.0,55.18469908764054,-66.91918080890085,-66.91918080890085,55.0,-67.8,-67.8,59.692059009392956,55.0000_-67.8000
4623,52,56,140000.0,1240000.0,55.175110531410034,-66.28719860933589,-66.28719860933589,55.0,-66.3,-66.3,19.488464865640992,55.0000_-66.3000
4624,53,56,160000.0,1240000.0,55.16911878705698,-65.97133078151683,-65.97133078151683,55.0,-66.3,-66.3,28.128138724806224,55.0000_-66.3000
4625,54,56,180000.0,1240000.0,55.16232916896529,-65.65556149858106,-65.65556149858106,55.0,-66.3,-66.3,44.81402299267575,55.0000_-66.3000
4626,55,56,200000.0,1240000.0,55.1547420611767,-65.3399030051675,-65.3399030051675,55.0,-66.3,-66.3,63.49115540515821,55.0000_-66.3000
4627,56,56,220000.0,1240000.0,55.146357892606744,-65.0243675200799,-65.0243675200799,55.0,-66.3,-66.3,82.8232919763308,55.0000_-66.3000
4628,57,56,240000.0,1240000.0,55.13717713694265,-64.7089672334695,-64.7089672334695,55.0,-64.8,-64.8,16.317500927409192,55.0000_-64.8000
4629,58,56,260000.0,1240000.0,55.127200312530704,-64.39371430403412,-64.39371430403412,55.0,-64.8,-64.8,29.485200993952443,55.0000_-64.8000
4630,59,56,280000.0,1240000.0,55.116427982253306,-64.07862085623576,-64.07862085623576,55.0,-64.8,-64.8,47.73096587064244,55.0000_-64.8000
4631,60,56,300000.0,1240000.0,55.10486075339545,-63.76369897753773,-63.76369897753773,55.0,-64.8,-64.8,67.02898741819563,55.0000_-64.8000
4657,14,57,-620000.0,1260000.0,54.99159050603013,-78.28474342138294,-78.28474342138294,53.5,-78.3,-78.3,165.86048697285995,53.5000_-78.3000
4658,15,57,-600000.0,1260000.0,55.015860257513125,-77.97284106362437,-77.97284106362437,55.0,-78.3,-78.3,20.936096905657507,55.0000_-78.3000
4659,16,57,-580000.0,1260000.0,55.039347504508825,-77.66057624994804,-77.66057624994804,55.0,-78.3,-78.3,40.99572217210018,55.0000_-78.3000
4660,17,57,-560000.0,1260000.0,55.062050941818086,-77.3479602605682,-77.3479602605682,55.0,-78.3,-78.3,61.06363470318419,55.0000_-78.3000
4661,18,57,-540000.0,1260000.0,55.08396930559242,-77.03500445469729,-77.03500445469729,55.0,-78.3,-78.3,81.13343979092949,55.0000_-78.3000
4662,19,57,-520000.0,1260000.0,55.10510137362373,-76.72172026824715,-76.72172026824715,55.0,-76.8,-76.8,12.705940233988885,55.0000_-76.8000
4663,20,57,-500000.0,1260000.0,55.125445965625595,-76.40811921148811,-76.40811921148811,55.0,-76.8,-76.8,28.588526345432648,55.0000_-76.8000
4664,21,57,-480000.0,1260000.0,55.145001943505754,-76.09421286666655,-76.09421286666655,55.0,-76.8,-76.8,47.73793527911733,55.0000_-76.8000
4665,22,57,-460000.0,1260000.0,55.16376821162974,-75.78001288558254,-75.78001288558254,55.0,-76.8,-76.8,67.42570549956122,55.0000_-76.8000
4666,23,57,-440000.0,1260000.0,55.18174371707564,-75.46553098712849,-75.46553098712849,55.0,-76.8,-76.8,87.28812223891113,55.0000_-76.8000
4667,24,57,-420000.0,1260000.0,55.19892744987951,-75.15077895479,-75.15077895479,55.0,-75.3,-75.3,24.070939963247014,55.0000_-75.3000
4668,25,57,-400000.0,1260000.0,55.21531844327156,-74.83576863411032,-74.83576863411032,55.0,-75.3,-75.3,38.01534946910294,55.0000_-75.3000
4669,26,57,-380000.0,1260000.0,55.230915773902936,-74.5205119301196,-74.5205119301196,55.0,-75.3,-75.3,55.82648892342894,55.0000_-75.3000
4670,27,57,-360000.0,1260000.0,55.245718562062805,-74.20502080473027,-74.20502080473027,55.0,-75.3,-75.3,74.79085582895593,55.0000_-75.3000
4671,28,57,-340000.0,1260000.0,55.259725971885736,-73.88930727410005,-73.88930727410005,55.0,-75.3,-75.3,94.2144685402103,55.0000_-75.3000
4672,29,57,-320000.0,1260000.0,55.27293721154936,-73.57338340596368,-73.57338340596368,55.0,-73.8,-73.8,33.593971789516004,55.0000_-73.8000
4673,30,57,-300000.0,1260000.0,55.28535153346186,-73.25726131693523,-73.25726131693523,55.0,-73.8,-73.8,46.86631146810265,55.0000_-73.8000
4674,31,57,-280000.0,1260000.0,55.29696823443953,-72.94095316978215,-72.94095316978215,55.0,-73.8,-73.8,63.796299596809185,55.0000_-73.8000
4675,32,57,-260000.0,1260000.0,55.307786655874054,-72.62447117067252,-72.62447117067252,55.0,-73.8,-73.8,82.15280914522562,55.0000_-73.8000
4676,33,57,-240000.0,1260000.0,55.31780618388946,-72.30782756639735,-72.30782756639735,55.0,-73.8,-73.8,101.16215073658755,55.0000_-73.8000
4677,34,57,-220000.0,1260000.0,55.327026249488846,-71.99103464156914,-71.99103464156914,55.0,-72.3,-72.3,41.32135803605282,55.0000_-72.3000
4678,35,57,-200000.0,1260000.0,55.335446328690416,-71.67410471579845,-71.67410471579845,55.0,-72.3,-72.3,54.51104867752201,55.0000_-72.3000
4679,36,57,-180000.0,1260000.0,55.34306594265301,-71.35705014085,-71.35705014085,55.0,-72.3,-72.3,71.00028005741314,55.0000_-72.3000
4680,37,57,-160000.0,1260000.0,55.349884657791065,-71.03988329778008,-71.03988329778008,55.0,-72.3,-72.3,88.97301454616738,55.0000_-72.3000
4681,38,57,-140000.0,1260000.0,55.35590208587873,-70.72261659405669,-70.72261659405669,55.0,-70.8,-70.8,39.8784141091434,55.0000_-70.8000
4682,39,57,-120000.0,1260000.0,55.36111788414327,-70.40526246066418,-70.40526246066418,55.0,-70.8,-70.8,47.33389908263108,55.0000_-70.8000
4683,40,57,-100000.0,1260000.0,55.36553175534758,-70.08783334919414,-70.08783334919414,55.0,-70.8,-70.8,60.79707772600903,55.0000_-70.8000
4684,41,57,-80000.0,1260000.0,55.3691434478619,-69.77034172892412,-69.77034172892412,55.0,-70.8,-70.8,77.18575203027018,55.0000_-70.8000
4685,42,57,-60000.0,1260000.0,55.37195275572436,-69.45280008388599,-69.45280008388599,55.0,-70.8,-70.8,94.99768143123882,55.0000_-70.8000
4686,43,57,-40000.0,1260000.0,55.37395951869085,-69.13522090992544,-69.13522090992544,55.0,-69.3,-69.3,42.87794023194793,55.0000_-69.3000
4687,44,57,-20000.0,1260000.0,55.37516362227358,-68.81761671175472,-68.81761671175472,55.0,-69.3,-69.3,51.74865801971295,55.0000_-69.3000
4688,45,57,0.0,1260000.0,55.37556499776886,-68.5,-68.5,55.0,-69.3,-69.3,65.74876511788968,55.0000_-69.3000
4689,46,57,20000.0,1260000.0,55.37516362227358,-68.18238328824528,-68.18238328824528,55.0,-69.3,-69.3,82.30095746893252,55.0000_-69.3000
4690,47,57,40000.0,1260000.0,55.37395951869085,-67.86477909007456,-67.86477909007456,55.0,-69.3,-69.3,100.14773323833668,55.0000_-69.3000
4691,48,57,60000.0,1260000.0,55.37195275572436,-67.54719991611401,-67.54719991611401,55.0,-67.8,-67.8,44.3637233700769,55.0000_-67.8000
4692,49,57,80000.0,1260000.0,55.3691434478619,-67.22965827107588,-67.22965827107588,55.0,-67.8,-67.8,54.734320634565854,55.0000_-67.8000
4693,50,57,100000.0,1260000.0,55.36553175534758,-66.91216665080586,-66.91216665080586,55.0,-67.8,-67.8,69.49197750937755,55.0000_-67.8000
4694,51,57,120000.0,1260000.0,55.36111788414327,-66.59473753933582,-66.59473753933582,55.0,-67.8,-67.8,86.41767976224473,55.0000_-67.8000
4695,52,57,140000.0,1260000.0,55.35590208587873,-66.27738340594331,-66.27738340594331,55.0,-66.3,-66.3,39.60060714994518,55.0000_-66.3000
4696,53,57,160000.0,1260000.0,55.349884657791065,-65.96011670221992,-65.96011670221992,55.0,-66.3,-66.3,44.49087458979932,55.0000_-66.3000
4697,54,57,180000.0,1260000.0,55.34306594265301,-65.64294985915,-65.64294985915,55.0,-66.3,-66.3,56.53554450996317,55.0000_-66.3000
4698,55,57,200000.0,1260000.0,55.335446328690416,-65.32589528420155,-65.32589528420155,55.0,-66.3,-66.3,72.2406503288312,55.0000_-66.3000
4699,56,57,220000.0,1260000.0,55.327026249488846,-65.00896535843086,-65.00896535843086,55.0,-66.3,-66.3,89.70387440119222,55.0000_-66.3000
4700,57,57,240000.0,1260000.0,55.31780618388946,-64.69217243360265,-64.69217243360265,55.0,-64.8,-64.8,35.996223560633446,55.0000_-64.8000
4701,58,57,260000.0,1260000.0,55.307786655874054,-64.3755288293275,-64.3755288293275,55.0,-64.8,-64.8,43.57274421004478,55.0000_-64.8000
4702,59,57,280000.0,1260000.0,55.29696823443953,-64.05904683021785,-64.05904683021785,55.0,-64.8,-64.8,57.507225220789316,55.0000_-64.8000
4703,60,57,300000.0,1260000.0,55.28535153346186,-63.74273868306477,-63.74273868306477,55.0,-64.8,-64.8,74.30504829009747,55.0000_-64.8000
4731,16,58,-580000.0,1280000.0,55.21875869406944,-77.70096902620678,-77.70096902620678,55.0,-78.3,-78.3,45.20383992190601,55.0000_-78.3000
4732,17,58,-560000.0,1280000.0,55.2415585892098,-77.38700349949315,-77.38700349949315,55.0,-78.3,-78.3,63.966420434326125,55.0000_-78.3000
4733,18,58,-540000.0,1280000.0,55.26357015092466,-77.07269368465806,-77.07269368465806,55.0,-78.3,-78.3,83.34059281329287,55.0000_-78.3000
4734,19,58,-520000.0,1280000.0,55.284792143941246,-76.75805116184405,-76.75805116184405,55.0,-76.8,-76.8,31.77950258965779,55.0000_-76.8000
4735,20,58,-500000.0,1280000.0,55.305223375332645,-76.4430875871761,-76.4430875871761,55.0,-76.8,-76.8,40.81796261936891,55.0000_-76.8000
4736,21,58,-480000.0,1280000.0,55.32486269479574,-76.12781469033057,-76.12781469033057,55.0,-76.8,-76.8,55.927687079035934,55.0000_-76.8000
4737,22,58,-460000.0,1280000.0,55.34370899492013,-75.812244272063,-75.812244272063,55.0,-76.8,-76.8,73.45270766025564,55.0000_-76.8000
4738,23,58,-440000.0,1280000.0,55.3617612114479,-75.49638820169557,-75.49638820169557,55.0,-76.8,-76.8,92.02311209836668,55.0000_-76.8000
4739,24,58,-420000.0,1280000.0,55.37901832352404,-75.18025841456587,-75.18025841456587,55.0,-75.3,-75.3,42.824880565871716,55.0000_-75.3000
4740,25,58,-400000.0,1280000.0,55.395479353937354,-74.86386690943796,-74.86386690943796,55.0,-75.3,-75.3,51.960796862696554,55.0000_-75.3000
4741,26,58,-380000.0,1280000.0,55.411143369351755,-74.54722574587717,-74.54722574587717,55.0,-75.3,-75.3,66.11683783551798,55.0000_-75.3000
4742,27,58,-360000.0,1280000.0,55.42600948052782,-74.23034704159002,-74.23034704159002,55.0,-75.3,-75.3,82.75552081179131,55.0000_-75.3000
4743,28,58,-340000.0,1280000.0,55.44007684253431,-73.91324296973076,-73.91324296973076,55.0,-75.3,-75.3,100.65295112164539,55.0000_-75.3000
4744,29,58,-320000.0,1280000.0,55.45334465494985,-73.59592575617566,-73.59592575617566,55.0,-73.8,-73.8,52.04446132094717,55.0000_-73.8000
4745,30,58,-300000.0,1280000.0,55.46581216205419,-73.278407676767,-73.278407676767,55.0,-73.8,-73.8,61.45416117163818,55.0000_-73.8000
4746,31,58,-280000.0,1280000.0,55.47747865300944,-72.96070105452775,-72.96070105452775,55.0,-73.8,-73.8,75.16717919097607,55.0000_-73.8000
4747,32,58,-260000.0,1280000.0,55.4883434620307,-72.6428182568489,-72.6428182568489,55.0,-73.8,-73.8,91.26377517903997,55.0000_-73.8000
4748,33,58,-240000.0,1280000.0,55.49840596854624,-72.32477169265081,-72.32477169265081,55.0,-73.8,-73.8,108.68996948967052,55.0000_-73.8000
4749,34,58,-220000.0,1280000.0,55.50766559734723,-72.00657380952025,-72.00657380952025,55.0,-72.3,-72.3,59.43383000781186,55.0000_-72.3000
4750,35,58,-200000.0,1280000.0,55.516121818726525,-71.68823709082454,-71.68823709082454,55.0,-72.3,-72.3,69.25582598914914,55.0000_-72.3000
4751,36,58,-180000.0,1280000.0,55.52377414860678,-71.36977405280491,-71.36977405280491,55.0,-72.3,-72.3,82.86027713914922,55.0000_-72.3000
4752,37,58,-160000.0,1280000.0,55.53062214865781,-71.05119724165027,-71.05119724165027,55.0,-72.3,-72.3,98.69515924695237,55.0000_-72.3000
4753,38,58,-140000.0,1280000.0,55.53666542640277,-70.73251923055327,-70.73251923055327,55.0,-70.8,-70.8,59.827479584160535,55.0000_-70.8000
4754,39,58,-120000.0,1280000.0,55.54190363531352,-70.41375261675051,-70.41375261675051,55.0,-70.8,-70.8,65.03496327049248,55.0000_-70.8000
4755,40,58,-100000.0,1280000.0,55.546336474894844,-70.09491001854836,-70.09491001854836,55.0,-70.8,-70.8,75.4004200375597,55.0000_-70.8000
4756,41,58,-80000.0,1280000.0,55.549963690757565,-69.77600407233636,-69.77600407233636,55.0,-70.8,-70.8,89.14230235895941,55.0000_-70.8000
4757,42,58,-60000.0,1280000.0,55.552785074680465,-69.45704742958978,-69.45704742958978,55.0,-70.8,-70.8,104.94246469206496,55.0000_-70.8000
4758,43,58,-40000.0,1280000.0,55.55480046466107,-69.13805275386333,-69.13805275386333,55.0,-69.3,-69.3,62.537950902781084,55.0000_-69.3000
4759,44,58,-20000.0,1280000.0,55.55600974495506,-68.81903271777757,-68.81903271777757,55.0,-69.3,-69.3,68.92251858964227,55.0000_-69.3000
4760,45,58,0.0,1280000.0,55.556412846104564,-68.5,-68.5,55.0,-69.3,-69.3,79.96926655886368,55.0000_-69.3000
4761,46,58,20000.0,1280000.0,55.55600974495506,-68.18096728222243,-68.18096728222243,55.0,-69.3,-69.3,94.04948557906539,55.0000_-69.3000
4762,47,58,40000.0,1280000.0,55.55480046466107,-67.86194724613667,-67.86194724613667,55.0,-69.3,-69.3,110.00446611492589,55.0000_-69.3000
4763,48,58,60000.0,1280000.0,55.552785074680465,-67.54295257041022,-67.54295257041022,55.0,-67.8,-67.8,63.58653535095056,55.0000_-67.8000
4764,49,58,80000.0,1280000.0,55.549963690757565,-67.22399592766364,-67.22399592766364,55.0,-67.8,-67.8,71.20934184191479,55.0000_-67.8000
4765,50,58,100000.0,1280000.0,55.546336474894844,-66.90508998145164,-66.90508998145164,55.0,-67.8,-67.8,83.08885708030549,55.0000_-67.8000
4766,51,58,120000.0,1280000.0,55.54190363531352,-66.58624738324949,-66.58624738324949,55.0,-67.8,-67.8,97.68428485413969,55.0000_-67.8000
4767,52,58,140000.0,1280000.0,55.53666542640277,-66.26748076944673,-66.26748076944673,55.0,-66.3,-66.3,59.71010388335223,55.0000_-66.3000
4768,53,58,160000.0,1280000.0,55.53062214865781,-65.94880275834973,-65.94880275834973,55.0,-66.3,-66.3,63.05843366812658,55.0000_-66.3000
4769,54,58,180000.0,1280000.0,55.52377414860678,-65.63022594719509,-65.63022594719509,55.0,-66.3,-66.3,72.06190416894697,55.0000_-66.3000
4770,55,58,200000.0,1280000.0,55.516121818726525,-65.31176290917547,-65.31176290917547,55.0,-66.3,-66.3,84.94096191178829,55.0000_-66.3000
4771,56,58,220000.0,1280000.0,55.50766559734723,-64.99342619047975,-64.99342619047975,55.0,-66.3,-66.3,100.212422804185,55.0000_-66.3000
4772,57,58,240000.0,1280000.0,55.49840596854624,-64.67522830734919,-64.67522830734919,55.0,-64.8,-64.8,55.98166621694973,55.0000_-64.8000
4773,58,58,260000.0,1280000.0,55.4883434620307,-64.3571817431511,-64.3571817431511,55.0,-64.8,-64.8,61.127293166043096,55.0000_-64.8000
4774,59,58,280000.0,1280000.0,55.47747865300944,-64.03929894547225,-64.03929894547225,55.0,-64.8,-64.8,71.72635545654471,55.0000_-64.8000
4804,17,59,-560000.0,1300000.0,55.42102808083082,-77.42639103960258,-77.42639103960258,55.0,-78.3,-78.3,72.55038677740244,55.0000_-78.3000
4805,18,59,-540000.0,1300000.0,55.443133430876195,-77.11071563526264,-77.11071563526264,55.0,-78.3,-78.3,90.097494927402,55.0000_-78.3000
4806,19,59,-520000.0,1300000.0,55.46444591963385,-76.79470311955464,-76.79470311955464,55.0,-76.8,-76.8,51.64519342223871,55.0000_-76.8000
4807,20,59,-500000.0,1300000.0,55.484964341339015,-76.4783652968893,-76.4783652968893,55.0,-76.8,-76.8,57.651381363174856,55.0000_-76.8000
4808,21,59,-480000.0,1300000.0,55.50468753328662,-76.16171404684552,-76.16171404684552,55.0,-76.8,-76.8,69.17839499689707,55.0000_-76.8000
4809,22,59,-460000.0,1300000.0,55.523614376105556,-75.84476132164689,-75.84476132164689,55.0,-76.8,-76.8,83.98269469918812,55.0000_-76.8000
4810,23,59,-440000.0,1300000.0,55.541743794023716,-75.52751914359698,-75.52751914359698,55.0,-76.8,-76.8,100.62789338328267,55.0000_-76.8000
4811,24,59,-420000.0,1300000.0,55.559074755123454,-75.20999960247448,-75.20999960247448,55.0,-75.3,-75.3,62.42712082245152,55.0000_-75.3000
4812,25,59,-400000.0,1300000.0,55.57560627158729,-74.89221485288964,-74.89221485288964,55.0,-75.3,-75.3,69.01650205550044,55.0000_-75.3000
4813,26,59,-380000.0,1300000.0,55.59133739993401,-74.57417711160326,-74.57417711160326,55.0,-75.3,-75.3,80.21749677281383,55.0000_-75.3000
4814,27,59,-360000.0,1300000.0,55.60626724124456,-74.25589865480977,-74.25589865480977,55.0,-75.3,-75.3,94.40244700331144,55.0000_-75.3000
4815,28,59,-340000.0,1300000.0,55.620394941378024,-73.93739181538575,-73.93739181538575,55.0,-75.3,-75.3,110.42723436147233,55.0000_-75.3000
4816,29,59,-320000.0,1300000.0,55.6337196911773,-73.61866898010545,-73.61866898010545,55.0,-73.8,-73.8,71.39441375994357,55.0000_-73.8000
4817,30,59,-300000.0,1300000.0,55.64624072666427,-73.29974258682475,-73.29974258682475,55.0,-73.8,-73.8,78.51894052181298,55.0000_-73.8000
4818,31,59,-280000.0,1300000.0,55.65795732922479,-72.98062512163517,-72.98062512163517,55.0,-73.8,-73.8,89.65860809166219,55.0000_-73.8000
4819,32,59,-260000.0,1300000.0,55.6688688257828,-72.66132911598952,-72.66132911598952,55.0,-73.8,-73.8,103.52519126696478,55.0000_-73.8000
4820,33,59,-240000.0,1300000.0,55.678974588963776,-72.34186714380081,-72.34186714380081,55.0,-73.8,-73.8,119.17046952141864,55.0000_-73.8000
4821,34,59,-220000.0,1300000.0,55.68827403724748,-72.022251818516,-72.022251818516,55.0,-72.3,-72.3,78.52168780228678,55.0000_-72.3000
4822,35,59,-200000.0,1300000.0,55.69676663510968,-71.70249579016631,-71.70249579016631,55.0,-72.3,-72.3,86.19523112832371,55.0000_-72.3000
4823,36,59,-180000.0,1300000.0,55.7044518931529,-71.38261174239594,-71.38261174239594,55.0,-72.3,-72.3,97.46241982813285,55.0000_-72.3000
4824,37,59,-160000.0,1300000.0,55.71132936822609,-71.06261238947052,-71.06261238947052,55.0,-72.3,-72.3,111.2364916212489,55.0000_-72.3000
4825,38,59,-140000.0,1300000.0,55.717398663533125,-70.7425104732676,-70.7425104732676,55.0,-70.8,-70.8,79.85391434945838,55.0000_-70.8000
4826,39,59,-120000.0,1300000.0,55.7226594287301,-70.42231876025039,-70.42231876025039,55.0,-70.8,-70.8,83.82640708356699,55.0000_-70.8000
4827,40,59,-100000.0,1300000.0,55.727111360011214,-70.10205003842701,-70.10205003842701,55.0,-70.8,-70.8,92.10005048331746,55.0000_-70.8000
4828,41,59,-80000.0,1300000.0,55.730754200183505,-69.7817171142966,-69.7817171142966,55.0,-70.8,-70.8,103.64988024421125,55.0000_-70.8000
4829,42,59,-60000.0,1300000.0,55.73358773873,-69.46133280978455,-69.46133280978455,55.0,-70.8,-70.8,117.51381056329302,55.0000_-70.8000
4830,43,59,-40000.0,1300000.0,55.73561181186149,-69.14090995916844,-69.14090995916844,55.0,-69.3,-69.3,82.41185085225874,55.0000_-69.3000
4831,44,59,-20000.0,1300000.0,55.73682630255689,-68.82046140599638,-68.82046140599638,55.0,-69.3,-69.3,87.35523305364937,55.0000_-69.3000
4832,45,59,0.0,1300000.0,55.73723114059202,-68.5,-68.5,55.0,-69.3,-69.3,96.30933560584391,55.0000_-69.3000
4833,46,59,20000.0,1300000.0,55.73682630255689,-68.17953859400363,-68.17953859400363,55.0,-69.3,-69.3,108.28373705049354,55.0000_-69.3000
4834,47,59,40000.0,1300000.0,55.73561181186149,-67.85909004083156,-67.85909004083156,55.0,-69.3,-69.3,122.39517237127887,55.0000_-69.3000
4835,48,59,60000.0,1300000.0,55.73358773873,-67.53866719021545,-67.53866719021545,55.0,-67.8,-67.8,83.22617049833643,55.0000_-67.8000
4836,49,59,80000.0,1300000.0,55.730754200183505,-67.2182828857034,-67.2182828857034,55.0,-67.8,-67.8,89.18481081559138,55.0000_-67.8000
4837,50,59,100000.0,1300000.0,55.727111360011214,-66.89794996157299,-66.89794996157299,55.0,-67.8,-67.8,98.92728191655632,55.0000_-67.8000
4838,51,59,120000.0,1300000.0,55.7226594287301,-66.57768123974961,-66.57768123974961,55.0,-67.8,-67.8,111.46584405783577,55.0000_-67.8000
4839,52,59,140000.0,1300000.0,55.717398663533125,-66.25748952673241,-66.25748952673241,55.0,-66.3,-66.3,79.81643824442934,55.0000_-66.3000
4840,53,59,160000.0,1300000.0,55.71132936822609,-65.93738761052948,-65.93738761052948,55.0,-66.3,-66.3,82.35032167391282,55.0000_-66.3000
4841,54,59,180000.0,1300000.0,55.7044518931529,-65.61738825760406,-65.61738825760406,55.0,-66.3,-66.3,89.43068209764331,55.0000_-66.3000
4842,55,59,200000.0,1300000.0,55.69676663510968,-65.29750420983369,-65.29750420983369,55.0,-66.3,-66.3,100.09741942548368,55.0000_-66.3000
4843,56,59,220000.0,1300000.0,55.68827403724748,-64.977748181484,-64.977748181484,55.0,-66.3,-66.3,113.34254469240051,55.0000_-66.3000
4844,57,59,240000.0,1300000.0,55.678974588963776,-64.65813285619919,-64.65813285619919,55.0,-64.8,-64.8,76.0297502218413,55.0000_-64.8000
4845,58,59,260000.0,1300000.0,55.6688688257828,-64.33867088401048,-64.33867088401048,55.0,-64.8,-64.8,79.89286211821545,55.0000_-64.8000
4846,59,59,280000.0,1300000.0,55.65795732922479,-64.01937487836483,-64.01937487836483,55.0,-64.8,-64.8,88.26448902603533,55.0000_-64.8000
4847,60,59,300000.0,1300000.0,55.64624072666427,-63.70025741317525,-63.70025741317525,55.0,-64.8,-64.8,100.01898975841496,55.0000_-64.8000
4877,18,60,-540000.0,1320000.0,55.622657160387305,-77.149074710178,-77.149074710178,55.0,-78.3,-78.3,100.48867786597228,55.0000_-78.3000
4878,19,60,-520000.0,1320000.0,55.64406072229249,-76.83168039675172,-76.83168039675172,55.0,-78.3,-78.3,117.2916601437224,55.0000_-78.3000
4879,20,60,-500000.0,1320000.0,55.66466689167113,-76.51395644608954,-76.51395644608954,55.0,-76.8,-76.8,76.0897073826991,55.0000_-76.8000
4880,21,60,-480000.0,1320000.0,55.684474493221124,-76.1959148901964,-76.1959148901964,55.0,-76.8,-76.8,85.15722819228442,55.0000_-76.8000
4881,22,60,-460000.0,1320000.0,55.703482395422135,-75.87756783532899,-75.87756783532899,55.0,-76.8,-76.8,97.5664522177322,55.0000_-76.8000
4882,23,60,-440000.0,1320000.0,55.721689510805916,-75.55892745937726,-75.55892745937726,55.0,-76.8,-76.8,112.21400193099335,55.0000_-76.8000
4883,24,60,-420000.0,1320000.0,55.73909479621698,-75.24000600920486,-75.24000600920486,55.0,-75.3,-75.3,82.27108731093843,55.0000_-75.3000
4884,25,60,-400000.0,1320000.0,55.75569725306337,-74.92081579794942,-74.92081579794942,55.0,-75.3,-75.3,87.37746348716065,55.0000_-75.3000
4885,26,60,-380000.0,1320000.0,55.77149592755738,-74.6013692022844,-74.6013692022844,55.0,-75.3,-75.3,96.46979696612797,55.0000_-75.3000
4886,27,60,-360000.0,1320000.0,55.78648991094625,-74.28167865964386,-74.28167865964386,55.0,-75.3,-75.3,108.5509145768859,55.0000_-75.3000
4887,28,60,-340000.0,1320000.0,55.800678339732436,-73.96175666541147,-73.96175666541147,55.0,-75.3,-75.3,122.7413079607831,55.0000_-75.3000
4888,29,60,-320000.0,1320000.0,55.814060395883466,-73.6416157700757,-73.6416157700757,55.0,-73.8,-73.8,91.07000663216661,55.0000_-73.8000
4889,30,60,-300000.0,1320000.0,55.82663530703128,-73.32126857635232,-73.32126857635232,55.0,-73.8,-73.8,96.75671655135525,55.0000_-73.8000
4890,31,60,-280000.0,1320000.0,55.8384023466608,-73.00072773627605,-73.00072773627605,55.0,-73.8,-73.8,105.99637192057797,55.0000_-73.8000
4891,32,60,-260000.0,1320000.0,55.84936083428777,-72.68000594826285,-72.68000594826285,55.0,-73.8,-73.8,117.95689046076859,55.0000_-73.8000
4892,33,60,-240000.0,1320000.0,55.85951013562551,-72.35911595414491,-72.35911595414491,55.0,-73.8,-73.8,131.90008274406165,55.0000_-73.8000
4893,34,60,-220000.0,1320000.0,55.868849662740914,-72.03807053617932,-72.03807053617932,55.0,-72.3,-72.3,98.01454889560937,55.0000_-72.3000
4894,35,60,-200000.0,1320000.0,55.8773788741989,-71.71688251403289,-71.71688251403289,55.0,-72.3,-72.3,104.26298508138365,55.0000_-72.3000
4895,36,60,-180000.0,1320000.0,55.885097275196074,-71.39556474174441,-71.39556474174441,55.0,-72.3,-72.3,113.7536920969935,55.0000_-72.3000
4896,37,60,-160000.0,1320000.0,55.89200441768278,-71.0741301046663,-71.0741301046663,55.0,-72.3,-72.3,125.75465699927045,55.0000_-72.3000
4897,38,60,-140000.0,1320000.0,55.898099900473795,-70.75259151638735,-70.75259151638735,55.0,-70.8,-70.8,99.90902672628607,55.0000_-70.8000
4898,39,60,-120000.0,1320000.0,55.90338336934775,-70.43096191563863,-70.43096191563863,55.0,-70.8,-70.8,103.11169867309894,55.0000_-70.8000
4899,40,60,-100000.0,1320000.0,55.907854517134794,-70.10925426318397,-70.10925426318397,55.0,-70.8,-70.8,109.94287689232004,55.0000_-70.8000
4900,41,60,-80000.0,1320000.0,55.91151308379276,-69.78748153869734,-69.78748153869734,55.0,-70.8,-70.8,119.78333065555286,55.0000_-70.8000
4901,42,60,-60000.0,1320000.0,55.91435885647172,-69.46565673762868,-69.46565673762868,55.0,-70.8,-70.8,131.9615343681463,55.0000_-70.8000
4902,43,60,-40000.0,1320000.0,55.916391669566856,-69.14379286806019,-69.14379286806019,55.0,-69.3,-69.3,102.37300616276104,55.0000_-69.3000
4903,44,60,-20000.0,1320000.0,55.91761140475961,-68.82190294755499,-68.82190294755499,55.0,-69.3,-69.3,106.39245284549199,55.0000_-69.3000
4904,45,60,0.0,1320000.0,55.918017991047066,-68.5,-68.5,55.0,-69.3,-69.3,113.85813316427871,55.0000_-69.3000
4905,46,60,20000.0,1320000.0,55.91761140475961,-68.17809705244501,-68.17809705244501,55.0,-69.3,-69.3,124.14988613644928,55.0000_-69.3000
4906,47,60,40000.0,1320000.0,55.916391669566856,-67.85620713193983,-67.85620713193983,55.0,-69.3,-69.3,136.63058268941575,55.0000_-69.3000
4907,48,60,60000.0,1320000.0,55.91435885647172,-67.53434326237132,-67.53434326237132,55.0,-67.8,-67.8,103.04244313822986,55.0000_-67.8000
4908,49,60,80000.0,1320000.0,55.91151308379276,-67.21251846130266,-67.21251846130266,55.0,-67.8,-67.8,107.91148060846507,55.0000_-67.8000
4909,50,60,100000.0,1320000.0,55.907854517134794,-66.89074573681603,-66.89074573681603,55.0,-67.8,-67.8,116.09153064333007,55.0000_-67.8000
4910,51,60,120000.0,1320000.0,55.90338336934775,-66.56903808436137,-66.56903808436137,55.0,-67.8,-67.8,126.94416924644229,55.0000_-67.8000
4911,52,60,140000.0,1320000.0,55.898099900473795,-66.24740848361265,-66.24740848361265,55.0,-66.3,-66.3,99.91934035711348,55.0000_-66.3000
4912,53,60,160000.0,1320000.0,55.89200441768278,-65.9258698953337,-65.9258698953337,55.0,-66.3,-66.3,101.95406495612745,55.0000_-66.3000
4913,54,60,180000.0,1320000.0,55.885097275196074,-65.60443525825559,-65.60443525825559,55.0,-66.3,-66.3,107.75258798528172,55.0000_-66.3000
4914,55,60,200000.0,1320000.0,55.8773788741989,-65.28311748596711,-65.28311748596711,55.0,-66.3,-66.3,116.75554450617757,55.0000_-66.3000
4915,56,60,220000.0,1320000.0,55.868849662740914,-64.96192946382068,-64.96192946382068,55.0,-66.3,-66.3,128.2901422671856,55.0000_-66.3000
4916,57,60,240000.0,1320000.0,55.85951013562551,-64.6408840458551,-64.6408840458551,55.0,-64.8,-64.8,96.09905273769355,55.0000_-64.8000
4917,58,60,260000.0,1320000.0,55.84936083428777,-64.31999405173715,-64.31999405173715,55.0,-64.8,-64.8,99.18229334826239,55.0000_-64.8000
4918,59,60,280000.0,1320000.0,55.8384023466608,-63.99927226372395,-63.99927226372395,55.0,-64.8,-64.8,106.04010941577904,55.0000_-64.8000
4950,19,61,-520000.0,1340000.0,55.823634564716464,-76.86898732399052,-76.86898732399052,55.0,-78.3,-78.3,128.6300673000122,55.0000_-78.3000
4951,20,61,-500000.0,1340000.0,55.84432904567448,-76.54986521289719,-76.54986521289719,55.0,-76.8,-76.8,95.20278800259572,55.0000_-76.8000
4952,21,61,-480000.0,1340000.0,55.864221600268294,-76.23042124446164,-76.23042124446164,55.0,-76.8,-76.8,102.59528755005707,55.0000_-76.8000
4953,22,61,-460000.0,1340000.0,55.883311084635864,-75.91066768159212,-75.91066768159212,55.0,-76.8,-76.8,113.10718062938862,55.0000_-76.8000
4954,23,61,-440000.0,1340000.0,55.901596399427085,-75.59061686042496,-75.59061686042496,55.0,-76.8,-76.8,125.95973309727891,55.0000_-76.8000
4955,24,61,-420000.0,1340000.0,55.919076490069834,-75.2702811876086,-75.2702811876086,55.0,-75.3,-75.3,102.21395562037365,55.0000_-75.3000
4956,25,61,-400000.0,1340000.0,55.93575034702579,-74.94967313754653,-74.94967313754653,55.0,-75.3,-75.3,106.36783597919579,55.0000_-75.3000
4957,26,61,-380000.0,1340000.0,55.95161700603617,-74.62880524960032,-74.62880524960032,55.0,-75.3,-75.3,113.95490678452184,55.0000_-75.3000
4958,27,61,-360000.0,1340000.0,55.96667554835706,-74.3076901252548,-74.3076901252548,55.0,-75.3,-75.3,124.34818641520583,55.0000_-75.3000
4959,28,61,-340000.0,1340000.0,55.98092510098424,-73.98634042524596,-73.98634042524596,55.0,-75.3,-75.3,136.90995879202052,55.0000_-75.3000
4960,29,61,-320000.0,1340000.0,55.994364836867376,-73.66476886665421,-73.66476886665421,55.0,-73.8,-73.8,110.89601329881525,55.0000_-73.8000
4961,30,61,-300000.0,1340000.0,56.006993975113424,-73.34298821996383,-73.34298821996383,55.0,-73.8,-73.8,115.61174485607638,55.0000_-73.8000
4962,31,61,-280000.0,1340000.0,56.018811781179146,-73.02101130609054,-73.02101130609054,55.0,-73.8,-73.8,123.44774274238993,55.0000_-73.8000
4963,32,61,-260000.0,1340000.0,56.02981756705253,-72.69885099337912,-72.69885099337912,55.0,-73.8,-73.8,133.85704891536204,55.0000_-73.8000
4964,33,61,-240000.0,1340000.0,56.04001069142318,-72.37652019457221,-72.37652019457221,55.0,-73.8,-73.8,146.2913048421925,55.0000_-73.8000
4965,34,61,-220000.0,1340000.0,56.04939055984124,-72.05403186375271,-72.05403186375271,55.0,-72.3,-72.3,117.70941604824337,55.0000_-72.3000
4966,35,61,-200000.0,1340000.0,56.05795662486521,-71.73139899326097,-71.73139899326097,55.0,-72.3,-72.3,122.96081699563594,55.0000_-72.3000
4967,36,61,-180000.0,1340000.0,56.06570838619814,-71.40863461058909,-71.40863461058909,55.0,-72.3,-72.3,131.10415215004386,55.0000_-72.3000
4968,37,61,-160000.0,1340000.0,56.07264539081223,-71.08575177525368,-71.08575177525368,55.0,-72.3,-72.3,141.64144626936326,55.0000_-72.3000
4969,38,61,-140000.0,1340000.0,56.078767233062,-70.76276357564942,-70.76276357564942,55.0,-70.8,-70.8,119.97648157914799,55.0000_-70.8000
4970,39,61,-120000.0,1340000.0,56.08407355478559,-70.4396831258848,-70.4396831258848,55.0,-70.8,-70.8,122.65620396121571,55.0000_-70.8000
4971,40,61,-100000.0,1340000.0,56.08856404539436,-70.1165235626025,-70.1165235626025,55.0,-70.8,-70.8,128.45156183618812,55.0000_-70.8000
4972,41,61,-80000.0,1340000.0,56.092238441950585,-69.7932980417857,-69.7932980417857,55.0,-70.8,-70.8,136.96760648691807,55.0000_-70.8000
4973,42,61,-60000.0,1340000.0,56.095096529233466,-69.47001973555294,-69.47001973555294,55.0,-70.8,-70.8,147.734567286187,55.0000_-70.8000
4974,43,61,-40000.0,1340000.0,56.097138139792996,-69.14670182894272,-69.14670182894272,55.0,-69.3,-69.3,122.37679571372,55.0000_-69.3000
4975,44,61,-20000.0,1340000.0,56.09836315399199,-68.82335751669058,-68.82335751669058,55.0,-69.3,-69.3,125.75807084114037,55.0000_-69.3000
4976,45,61,0.0,1340000.0,56.09877150003614,-68.5,-68.5,55.0,-69.3,-69.3,132.13315078470052,55.0000_-69.3000
4977,46,61,20000.0,1340000.0,56.09836315399199,-68.17664248330942,-68.17664248330942,55.0,-69.3,-69.3,141.09681809544713,55.0000_-69.3000
4978,47,61,40000.0,1340000.0,56.097138139792996,-67.85329817105728,-67.85329817105728,55.0,-69.3,-69.3,152.19238827122987,55.0000_-69.3000
4979,48,61,60000.0,1340000.0,56.095096529233466,-67.52998026444706,-67.52998026444706,55.0,-67.8,-67.8,122.9480526798809,55.0000_-67.8000
4980,49,61,80000.0,1340000.0,56.092238441950585,-67.2067019582143,-67.2067019582143,55.0,-67.8,-67.8,127.05577279109364,55.0000_-67.8000
4981,50,61,100000.0,1340000.0,56.08856404539436,-66.8834764373975,-66.8834764373975,55.0,-67.8,-67.8,134.07160452926692,55.0000_-67.8000
4982,51,61,120000.0,1340000.0,56.08407355478559,-66.5603168741152,-66.5603168741152,55.0,-67.8,-67.8,143.56988133529546,55.0000_-67.8000
4983,52,61,140000.0,1340000.0,56.078767233062,-66.23723642435058,-66.23723642435058,55.0,-66.3,-66.3,120.0185797566282,55.0000_-66.3000
4984,53,61,160000.0,1340000.0,56.07264539081223,-65.91424822474632,-65.91424822474632,55.0,-66.3,-66.3,121.71715165303351,55.0000_-66.3000
4985,54,61,180000.0,1340000.0,56.06570838619814,-65.59136538941091,-65.59136538941091,55.0,-66.3,-66.3,126.61267690285644,55.0000_-66.3000
4986,55,61,200000.0,1340000.0,56.05795662486521,-65.26860100673903,-65.26860100673903,55.0,-66.3,-66.3,134.35620968797642,55.0000_-66.3000
4987,56,61,220000.0,1340000.0,56.04939055984124,-64.9459681362473,-64.9459681362473,55.0,-66.3,-66.3,144.4906488966605,55.0000_-66.3000
4988,57,61,240000.0,1340000.0,56.04001069142318,-64.62347980542779,-64.62347980542779,55.0,-64.8,-64.8,116.17659041044772,55.0000_-64.8000
4989,58,61,260000.0,1340000.0,56.02981756705253,-64.30114900662088,-64.30114900662088,55.0,-64.8,-64.8,118.73861560187437,55.0000_-64.8000
4990,59,61,280000.0,1340000.0,56.018811781179146,-63.97898869390946,-63.97898869390946,55.0,-64.8,-64.8,124.52254679349406,55.0000_-64.8000
4991,60,61,300000.0,1340000.0,56.006993975113424,-63.65701178003617,-63.65701178003617,55.0,-64.8,-64.8,133.10914118324763,55.0000_-64.8000
5022,20,62,-500000.0,1360000.0,56.023948813964985,-76.58609584969854,-76.58609584969854,55.0,-76.8,-76.8,114.65168813111848,55.0000_-76.8000
5023,21,62,-480000.0,1360000.0,56.04392687147702,-76.26523720536665,-76.26523720536665,55.0,-76.8,-76.8,120.86071637800869,55.0000_-76.8000
5024,22,62,-460000.0,1360000.0,56.063098466998376,-75.94406479790604,-75.94406479790604,55.0,-76.8,-76.8,129.90265573005365,55.0000_-76.8000
5025,23,62,-440000.0,1360000.0,56.0814624891075,-75.62259112441548,-75.62259112441548,55.0,-76.8,-76.8,141.23430577215285,55.0000_-76.8000
5026,24,62,-420000.0,1360000.0,56.099017871633016,-75.30082875408553,-75.30082875408553,55.0,-76.8,-76.8,154.35206634283622,55.0000_-76.8000
5027,25,62,-400000.0,1360000.0,56.11576359391483,-74.97879032538258,-74.97879032538258,55.0,-75.3,-75.3,125.70080175158814,55.0000_-75.3000
5028,26,62,-380000.0,1360000.0,56.131698681054914,-74.65648854319177,-74.65648854319177,55.0,-75.3,-75.3,132.1827145154322,55.0000_-75.3000
5029,27,62,-360000.0,1360000.0,56.146822204157466,-74.33393617592068,-74.33393617592068,55.0,-75.3,-75.3,141.24042488134097,55.0000_-75.3000
5030,28,62,-340000.0,1360000.0,56.161133280558396,-74.0111460525649,-74.0111460525649,55.0,-75.3,-75.3,152.4152920892311,55.0000_-75.3000
5031,29,62,-320000.0,1360000.0,56.1746310740439,-73.68813105973747,-73.68813105973747,55.0,-73.8,-73.8,130.80220157025326,55.0000_-73.8000
5032,30,62,-300000.0,1360000.0,56.187314795058136,-73.36490413866382,-73.36490413866382,55.0,-73.8,-73.8,134.82350445082267,55.0000_-73.8000
5033,31,62,-280000.0,1360000.0,56.19918370089965,-73.0414782821436,-73.0414782821436,55.0,-73.8,-73.8,141.59986210301324,55.0000_-73.8000
5034,32,62,-260000.0,1360000.0,56.21023709590669,-72.71786653148158,-72.71786653148158,55.0,-73.8,-73.8,150.76014236173637,55.0000_-73.8000
5035,33,62,-240000.0,1360000.0,56.22047433163098,-72.39408197338902,-72.39408197338902,55.0,-73.8,-73.8,161.90013094931047,55.0000_-73.8000
5036,34,62,-220000.0,1360000.0,56.2298948070001,-72.07013773685752,-72.07013773685752,55.0,-72.3,-72.3,137.51772056983333,55.0000_-72.3000
5037,35,62,-200000.0,1360000.0,56.23849796846832,-71.74604699000717,-71.74604699000717,55.0,-72.3,-72.3,142.0383673802692,55.0000_-72.3000
5038,36,62,-180000.0,1360000.0,56.246283310155576,-71.42182293691076,-71.42182293691076,55.0,-72.3,-72.3,149.14293033831456,55.0000_-72.3000
5039,37,62,-160000.0,1360000.0,56.253250373974865,-71.09747881439603,-71.09747881439603,55.0,-72.3,-72.3,158.4842405280503,55.0000_-72.3000
5040,38,62,-140000.0,1360000.0,56.259398749747554,-70.77302788882787,-70.77302788882787,55.0,-70.8,-70.8,140.04917712788657,55.0000_-70.8000
5041,39,62,-120000.0,1360000.0,56.26472807530698,-70.44848345287242,-70.44848345287242,55.0,-70.8,-70.8,142.35142669238405,55.0000_-70.8000
5042,40,62,-100000.0,1360000.0,56.269238036589805,-70.12385882224497,-70.12385882224497,55.0,-70.8,-70.8,147.37373474049465,55.0000_-70.8000
5043,41,62,-80000.0,1360000.0,56.27292836771547,-69.79916733244363,-69.79916733244363,55.0,-70.8,-70.8,154.85163761139646,55.0000_-70.8000
5044,42,62,-60000.0,1360000.0,56.275798851053466,-69.47442233547096,-69.47442233547096,55.0,-70.8,-70.8,164.45047251740843,55.0000_-70.8000
5045,43,62,-40000.0,1360000.0,56.2778493172784,-69.14963719654527,-69.14963719654527,55.0,-69.3,-69.3,142.40347412308427,55.0000_-69.3000
5046,44,62,-20000.0,1360000.0,56.27907964541288,-68.82482529080383,-68.82482529080383,55.0,-69.3,-69.3,145.31911339514792,55.0000_-69.3000
5047,45,62,0.0,1360000.0,56.27948976285826,-68.5,-68.5,55.0,-69.3,-69.3,150.8690360896102,55.0000_-69.3000
5048,46,62,20000.0,1360000.0,56.27907964541288,-68.17517470919617,-68.17517470919617,55.0,-69.3,-69.3,158.7772463768663,55.0000_-69.3000
5049,47,62,40000.0,1360000.0,56.2778493172784,-67.85036280345474,-67.85036280345474,55.0,-69.3,-69.3,168.71245263815578,55.0000_-69.3000
5050,48,62,60000.0,1360000.0,56.275798851053466,-67.52557766452904,-67.52557766452904,55.0,-67.8,-67.8,142.903899115376,55.0000_-67.8000
5051,49,62,80000.0,1360000.0,56.27292836771547,-67.20083266755637,-67.20083266755637,55.0,-67.8,-67.8,146.4522762166837,55.0000_-67.8000
5052,50,62,100000.0,1360000.0,56.269238036589805,-66.87614117775503,-66.87614117775503,55.0,-67.8,-67.8,152.57770428412746,55.0000_-67.8000
5053,51,62,120000.0,1360000.0,56.26472807530698,-66.55151654712758,-66.55151654712758,55.0,-67.8,-67.8,160.98631830961074,55.0000_-67.8000
5054,52,62,140000.0,1360000.0,56.259398749747554,-66.22697211117213,-66.22697211117213,55.0,-66.3,-66.3,140.11393653542427,55.0000_-66.3000
5055,53,62,160000.0,1360000.0,56.253250373974865,-65.90252118560399,-65.90252118560399,55.0,-66.3,-66.3,141.57109066381724,55.0000_-66.3000
5056,54,62,180000.0,1360000.0,56.246283310155576,-65.57817706308924,-65.57817706308924,55.0,-66.3,-66.3,145.80052838132497,55.0000_-66.3000
5057,55,62,200000.0,1360000.0,56.23849796846832,-65.25395300999283,-65.25395300999283,55.0,-66.3,-66.3,152.57192991194634,55.0000_-66.3000
5058,56,62,220000.0,1360000.0,56.2298948070001,-64.92986226314248,-64.92986226314248,55.0,-66.3,-66.3,161.56606373982356,55.0000_-66.3000
5059,57,62,240000.0,1360000.0,56.22047433163098,-64.60591802661098,-64.60591802661098,55.0,-64.8,-64.8,136.25690374231976,55.0000_-64.8000
5060,58,62,260000.0,1360000.0,56.21023709590669,-64.28213346851842,-64.28213346851842,55.0,-64.8,-64.8,138.4469907781623,55.0000_-64.8000
5061,59,62,280000.0,1360000.0,56.19918370089965,-63.9585217178564,-63.9585217178564,55.0,-64.8,-64.8,143.4371149790089,55.0000_-64.8000
5093,21,63,-480000.0,1380000.0,56.2235883152278,-76.30036694187916,-76.30036694187916,55.0,-76.8,-76.8,139.62744375275264,55.0000_-76.8000
5094,22,63,-460000.0,1380000.0,56.24284255720092,-75.97776319226641,-75.97776319226641,55.0,-76.8,-76.8,147.52327881631757,55.0000_-76.8000
5095,23,63,-440000.0,1380000.0,56.261285800611205,-75.65485409679248,-75.65485409679248,55.0,-76.8,-76.8,157.59223552214644,55.0000_-76.8000
5096,24,63,-420000.0,1380000.0,56.278916967501594,-75.33165239000637,-75.33165239000637,55.0,-76.8,-76.8,169.44723740140205,55.0000_-76.8000
5097,25,63,-400000.0,1380000.0,56.29573502591104,-75.00817087729459,-75.00817087729459,55.0,-75.3,-75.3,145.23787467748883,55.0000_-75.3000
5098,26,63,-380000.0,1380000.0,56.31173899013058,-74.68442243196255,-74.68442243196255,55.0,-75.3,-75.3,150.8826090360924,55.0000_-75.3000
5099,27,63,-360000.0,1380000.0,56.326927920948364,-74.36041999227515,-74.36041999227515,55.0,-75.3,-75.3,158.87715409406525,55.0000_-75.3000
5100,28,63,-340000.0,1380000.0,56.34130092588394,-74.03617655845842,-74.03617655845842,55.0,-75.3,-75.3,168.88804259701095,55.0000_-75.3000
5101,29,63,-320000.0,1380000.0,56.35485715941135,-73.71170518966355,-73.71170518966355,55.0,-73.8,-73.8,150.75509057091392,55.0000_-73.8000
5102,30,63,-300000.0,1380000.0,56.36759582317114,-73.38701900089536,-73.38701900089536,55.0,-73.8,-73.8,154.25708065484616,55.0000_-73.8000
5103,31,63,-280000.0,1380000.0,56.379516166170916,-73.06213115990698,-73.06213115990698,55.0,-73.8,-73.8,160.21309596486785,55.0000_-73.8000
5104,32,63,-260000.0,1380000.0,56.39061748497441,-72.73705488406203,-72.73705488406203,55.0,-73.8,-73.8,168.36281547553702,55.0000_-73.8000
5105,33,63,-240000.0,1380000.0,56.400899123879014,-72.41180343716682,-72.41180343716682,55.0,-73.8,-73.8,178.40579266184997,55.0000_-73.8000
5106,34,63,-220000.0,1380000.0,56.41036047508149,-72.08639012627391,-72.08639012627391,55.0,-72.3,-72.3,157.3949547139623,55.0000_-72.3000
5107,35,63,-200000.0,1380000.0,56.419000978832045,-71.76082829845916,-71.76082829845916,55.0,-72.3,-72.3,161.35936415545257,55.0000_-72.3000
5108,36,63,-180000.0,1380000.0,56.426820123576086,-71.43513133757412,-71.43513133757412,55.0,-72.3,-72.3,167.6463983657746,55.0000_-72.3000
5109,37,63,-160000.0,1380000.0,56.43381744608441,-71.10931266097577,-71.10931266097577,55.0,-72.3,-72.3,176.00728964483412,55.0000_-72.3000
5110,38,63,-140000.0,1380000.0,56.43999253157092,-70.78338571623553,-70.78338571623553,55.0,-70.8,-70.8,160.12346469646397,55.0000_-70.8000
5111,39,63,-120000.0,1380000.0,56.44534501379836,-70.45736397782956,-70.45736397782956,55.0,-70.8,-70.8,162.14079503977175,55.0000_-70.8000
5112,40,63,-100000.0,1380000.0,56.449874575171684,-70.13126094381235,-70.13126094381235,55.0,-70.8,-70.8,166.56692219367397,55.0000_-70.8000
5113,41,63,-80000.0,1380000.0,56.45358094681904,-69.80509013247575,-69.80509013247575,55.0,-70.8,-70.8,173.21726434319825,55.0000_-70.8000
5114,42,63,-60000.0,1380000.0,56.45646390866061,-69.47886507899536,-69.47886507899536,55.0,-70.8,-70.8,181.84794129983962,55.0000_-70.8000
5115,43,63,-40000.0,1380000.0,56.458523289464765,-69.15259933206634,-69.15259933206634,55.0,-69.3,-69.3,162.44291052491317,55.0000_-69.3000
5116,44,63,-20000.0,1380000.0,56.459758966891854,-68.82630645053105,-68.82630645053105,55.0,-69.3,-69.3,165.00445360725666,55.0000_-69.3000
5117,45,63,0.0,1380000.0,56.46017086752562,-68.5,-68.5,55.0,-69.3,-69.3,169.91180826967292,55.0000_-69.3000
5118,46,63,20000.0,1380000.0,56.459758966891854,-68.17369354946895,-68.17369354946895,55.0,-69.3,-69.3,176.96993639615394,55.0000_-69.3000
5119,47,63,40000.0,1380000.0,56.458523289464765,-67.84740066793366,-67.84740066793366,55.0,-69.3,-69.3,185.93407562547966,55.0000_-69.3000
5120,48,63,60000.0,1380000.0,56.45646390866061,-67.52113492100464,-67.52113492100464,55.0,-67.8,-67.8,162.8898593071629,55.0000_-67.8000
5121,49,63,80000.0,1380000.0,56.45358094681904,-67.19490986752425,-67.19490986752425,55.0,-67.8,-67.8,166.01098258450537,55.0000_-67.8000
5122,50,63,100000.0,1380000.0,56.449874575171684,-66.86873905618765,-66.86873905618765,55.0,-67.8,-67.8,171.43799220399487,55.0000_-67.8000
5123,51,63,120000.0,1380000.0,56.44534501379836,-66.54263602217046,-66.54263602217046,55.0,-67.8,-67.8,178.96126287022233,55.0000_-67.8000
5124,52,63,140000.0,1380000.0,56.43999253157092,-66.21661428376447,-66.21661428376447,55.0,-66.3,-66.3,160.20519421276103,55.0000_-66.3000
5125,53,63,160000.0,1380000.0,56.43381744608441,-65.89068733902424,-65.89068733902424,55.0,-66.3,-66.3,161.48071282951673,55.0000_-66.3000
5126,54,63,180000.0,1380000.0,56.426820123576086,-65.56486866242588,-65.56486866242588,55.0,-66.3,-66.3,165.20035234825318,55.0000_-66.3000
5127,55,63,200000.0,1380000.0,56.419000978832045,-65.23917170154084,-65.23917170154084,55.0,-66.3,-66.3,171.20493533821596,55.0000_-66.3000
5128,56,63,220000.0,1380000.0,56.41036047508149,-64.91360987372609,-64.91360987372609,55.0,-66.3,-66.3,179.26506061611713,55.0000_-66.3000
5129,57,63,240000.0,1380000.0,56.400899123879014,-64.58819656283318,-64.58819656283318,55.0,-64.8,-64.8,156.33722870085947,55.0000_-64.8000
5130,58,63,260000.0,1380000.0,56.39061748497441,-64.26294511593798,-64.26294511593798,55.0,-64.8,-64.8,158.2489488230774,55.0000_-64.8000
5163,21,64,-480000.0,1400000.0,56.40320393118276,-76.33581469784684,-76.33581469784684,55.0,-76.8,-76.8,158.71610036762473,55.0000_-76.8000
5164,22,64,-460000.0,1400000.0,56.422541361326644,-76.01176694477479,-76.01176694477479,55.0,-76.8,-76.8,165.7044425638471,55.0000_-76.8000
5165,23,64,-440000.0,1400000.0,56.44106434620054,-75.68740969228912,-75.68740969228912,55.0,-76.8,-76.8,174.7280099932678,55.0000_-76.8000
5166,24,64,-420000.0,1400000.0,56.45877179587125,-75.36275584317382,-75.36275584317382,55.0,-76.8,-76.8,185.48989985086885,55.0000_-76.8000
5167,25,64,-400000.0,1400000.0,56.475662666893925,-75.03781837265454,-75.03781837265454,55.0,-75.3,-75.3,164.90488983702429,55.0000_-75.3000
5168,26,64,-380000.0,1400000.0,56.49173596257319,-74.71261032541653,-74.71261032541653,55.0,-75.3,-75.3,169.89718714119175,55.0000_-75.3000
5169,27,64,-360000.0,1400000.0,56.50699073321353,-74.38714481258084,-74.38714481258084,56.5,-75.3,-75.3,56.02418376815181,56.5000_-75.3000
5170,28,64,-340000.0,1400000.0,56.52142607635827,-74.06143500864,-74.06143500864,56.5,-75.3,-75.3,76.0288805468877,56.5000_-75.3000
5171,29,64,-320000.0,1400000.0,56.53504113701742,-73.73549414835516,-73.73549414835516,56.5,-73.8,-73.8,5.553406887768405,56.5000_-73.8000
5172,30,64,-300000.0,1400000.0,56.54783510788413,-73.4093355236164,-73.4093355236164,56.5,-73.8,-73.8,24.544242629449563,56.5000_-73.8000
5173,31,64,-280000.0,1400000.0,56.55980722953934,-73.08297248026814,-73.08297248026814,56.5,-73.8,-73.8,44.471034761277664,56.5000_-73.8000
5174,32,64,-260000.0,1400000.0,56.57095679064494,-72.75641841490118,-72.75641841490118,56.5,-73.8,-73.8,64.47143282163927,56.5000_-73.8000
5175,33,64,-240000.0,1400000.0,56.58128312812498,-72.42968677161358,-72.42968677161358,56.5,-73.8,-73.8,84.49300056615441,56.5000_-73.8000
5176,34,64,-220000.0,1400000.0,56.59078562733486,-72.10279103874207,-72.10279103874207,56.5,-72.3,-72.3,15.749440330180414,56.5000_-72.3000
5177,35,64,-200000.0,1400000.0,56.599463722218594,-71.77574474556626,-71.77574474556626,56.5,-72.3,-72.3,33.98274525253424,56.5000_-72.3000
5178,36,64,-180000.0,1400000.0,56.60731689545376,-71.44856145898704,-71.44856145898704,56.5,-72.3,-72.3,53.52780118982972,56.5000_-72.3000
5179,37,64,-160000.0,1400000.0,56.614344678584175,-71.121254780182,-71.121254780182,56.5,-72.3,-72.3,73.34315796919428,56.5000_-72.3000
5180,38,64,-140000.0,1400000.0,56.620546652140305,-70.79383834123907,-70.79383834123907,56.5,-70.8,-70.8,13.40951090490417,56.5000_-70.8000
5181,39,64,-120000.0,1400000.0,56.62592244574712,-70.46632580177115,-70.46632580177115,56.5,-70.8,-70.8,24.779606382254357,56.5000_-70.8000
5182,40,64,-100000.0,1400000.0,56.630471738219484,-70.13873084551335,-70.13873084551335,56.5,-70.8,-70.8,43.03305945016982,56.5000_-70.8000
5183,41,64,-80000.0,1400000.0,56.63419425764489,-69.8110671769052,-69.8110671769052,56.5,-70.8,-70.8,62.39590225895089,56.5000_-70.8000
5184,42,64,-60000.0,1400000.0,56.637089781453696,-69.48334851765969,-69.48334851765969,56.5,-70.8,-70.8,82.0867411868114,56.5000_-70.8000
5185,43,64,-40000.0,1400000.0,56.6391581364765,-69.15558860332187,-69.15558860332187,56.5,-69.3,-69.3,17.824090926417274,56.5000_-69.3000
5186,44,64,-20000.0,1400000.0,56.640399198988895,-68.82780117981824,-68.82780117981824,56.5,-69.3,-69.3,32.87031280542849,56.5000_-69.3000
5187,45,64,0.0,1400000.0,56.640812894743455,-68.5,-68.5,56.5,-69.3,-69.3,51.447139923728855,56.5000_-69.3000
5188,46,64,20000.0,1400000.0,56.640399198988895,-68.17219882018176,-68.17219882018176,56.5,-69.3,-69.3,70.8290249953572,56.5000_-69.3000
5189,47,64,40000.0,1400000.0,56.6391581364765,-67.84441139667813,-67.84441139667813,56.5,-69.3,-69.3,90.50021434964849,56.5000_-69.3000
5190,48,64,60000.0,1400000.0,56.637089781453696,-67.51665148234031,-67.51665148234031,56.5,-67.8,-67.8,23.101593430766826,56.5000_-67.8000
5191,49,64,80000.0,1400000.0,56.63419425764489,-67.18893282309482,-67.18893282309482,56.5,-67.8,-67.8,40.30051894001105,56.5000_-67.8000
5192,50,64,100000.0,1400000.0,56.630471738219484,-66.86126915448665,-66.86126915448665,56.5,-67.8,-67.8,59.31434559101592,56.5000_-67.8000
5193,51,64,120000.0,1400000.0,56.62592244574712,-66.53367419822885,-66.53367419822885,56.5,-67.8,-67.8,78.8408261321698,56.5000_-67.8000
5194,52,64,140000.0,1400000.0,56.620546652140305,-66.20616165876093,-66.20616165876093,56.5,-66.3,-66.3,14.585414015540906,56.5000_-66.3000
5195,53,64,160000.0,1400000.0,56.614344678584175,-65.878745219818,-65.878745219818,56.5,-66.3,-66.3,28.77580685578157,56.5000_-66.3000
5196,54,64,180000.0,1400000.0,56.60731689545376,-65.55143854101296,-65.55143854101296,56.5,-66.3,-66.3,47.40252043464462,56.5000_-66.3000
5197,55,64,200000.0,1400000.0,56.599463722218594,-65.22425525443374,-65.22425525443374,56.5,-66.3,-66.3,66.85515791486488,56.5000_-66.3000
5198,56,64,220000.0,1400000.0,56.59078562733486,-64.89720896125793,-64.89720896125793,56.5,-66.3,-66.3,86.57893510875908,56.5000_-66.3000
5199,57,64,240000.0,1400000.0,56.58128312812498,-64.57031322838642,-64.57031322838642,56.5,-64.8,-64.8,16.73246664098196,56.5000_-64.8000
5200,58,64,260000.0,1400000.0,56.57095679064494,-64.24358158509882,-64.24358158509882,56.5,-64.8,-64.8,35.01728818896595,56.5000_-64.8000
5233,21,65,-480000.0,1420000.0,56.58277171023384,-76.37158479367898,-76.37158479367898,56.5,-76.8,-76.8,27.83019384675863,56.5000_-76.8000
5234,22,65,-460000.0,1420000.0,56.60219287680109,-76.04608020926138,-76.04608020926138,56.5,-76.8,-76.8,47.584163710794535,56.5000_-76.8000
5235,23,65,-440000.0,1420000.0,56.620796129588854,-75.7202618964902,-75.7202618964902,56.5,-76.8,-76.8,67.50978481776615,56.5000_-76.8000
5236,24,65,-420000.0,1420000.0,56.63858036649335,-75.39414292932307,-75.39414292932307,56.5,-76.8,-76.8,87.48955067386815,56.5000_-76.8000
5237,25,65,-400000.0,1420000.0,56.65554453239896,-75.06773645580692,-75.06773645580692,56.5,-75.3,-75.3,22.394302113724255,56.5000_-75.3000
5238,26,65,-380000.0,1420000.0,56.671687619444896,-74.74105569503118,-74.74105569503118,56.5,-75.3,-75.3,39.19030534442602,56.5000_-75.3000
5239,27,65,-360000.0,1420000.0,56.68700866728061,-74.41411393403749,-74.41411393403749,56.5,-75.3,-75.3,58.084340745917125,56.5000_-75.3000
5240,28,65,-340000.0,1420000.0,56.70150676330996,-74.08692452468806,-74.08692452468806,56.5,-75.3,-75.3,77.55767019732474,56.5000_-75.3000
5241,29,65,-320000.0,1420000.0,56.7151810429238,-73.75950088049396,-73.75950088049396,56.5,-73.8,-73.8,24.05509636125935,56.5000_-73.8000
5242,30,65,-300000.0,1420000.0,56.72803068972091,-73.43185647340553,-73.43185647340553,56.5,-73.8,-73.8,33.91658159914258,56.5000_-73.8000
5243,31,65,-280000.0,1420000.0,56.74005493571701,-73.10400483056671,-73.10400483056671,56.5,-73.8,-73.8,50.254504382944035,56.5000_-73.8000
5244,32,65,-260000.0,1420000.0,56.751253061541995,-72.77595953103487,-72.77595953103487,56.5,-73.8,-73.8,68.5868403569266,56.5000_-73.8000
5245,33,65,-240000.0,1420000.0,56.76162439662497,-72.4477342024687,-72.4477342024687,56.5,-73.8,-73.8,87.67109553887732,56.5000_-73.8000
5246,34,65,-220000.0,1420000.0,56.77116831936698,-72.11934251778544,-72.11934251778544,56.5,-72.3,-72.3,32.11276133138754,56.5000_-72.3000
5247,35,65,-200000.0,1420000.0,56.77988425730171,-71.79079819179007,-71.79079819179007,56.5,-72.3,-72.3,44.02241868123493,56.5000_-72.3000
5248,36,65,-180000.0,1420000.0,56.7877716872433,-71.46211497777809,-71.46211497777809,56.5,-72.3,-72.3,60.39993695906181,56.5000_-72.3000
5249,37,65,-160000.0,1420000.0,56.79483013542212,-71.13330666411406,-71.13330666411406,56.5,-72.3,-72.3,78.49677831884682,56.5000_-72.3000
5250,38,65,-140000.0,1420000.0,56.801059177607506,-70.80438707078838,-70.80438707078838,56.5,-72.3,-72.3,97.358768433266,56.5000_-72.3000
5251,39,65,-120000.0,1420000.0,56.80645843921803,-70.47537004595371,-70.47537004595371,56.5,-70.8,-70.8,39.43284816483094,56.5000_-70.8000
5252,40,65,-100000.0,1420000.0,56.811027595418864,-70.14626946244398,-70.14626946244398,56.5,-70.8,-70.8,52.8449084579585,56.5000_-70.8000
5253,41,65,-80000.0,1420000.0,56.814766371206325,-69.81709921427749,-69.81709921427749,56.5,-70.8,-70.8,69.52428595086798,56.5000_-70.8000
5254,42,65,-60000.0,1420000.0,56.817674541479555,-69.48787321314683,-69.48787321314683,56.5,-70.8,-70.8,87.62457499821414,56.5000_-70.8000
5255,43,65,-40000.0,1420000.0,56.81975193109919,-69.15860538489746,-69.15860538489746,56.5,-69.3,-69.3,36.58981624923523,56.5000_-69.3000
5256,44,65,-20000.0,1420000.0,56.820998414933015,-68.82930966599736,-68.82930966599736,56.5,-69.3,-69.3,45.84141895224563,56.5000_-69.3000
5257,45,65,0.0,1420000.0,56.8214139178886,-68.5,-68.5,56.5,-69.3,-69.3,60.55961104165232,56.5000_-69.3000
5258,46,65,20000.0,1420000.0,56.820998414933015,-68.17069033400264,-68.17069033400264,56.5,-69.3,-69.3,77.69753807239645,56.5000_-69.3000
5259,47,65,40000.0,1420000.0,56.81975193109919,-67.84139461510256,-67.84139461510256,56.5,-69.3,-69.3,95.9675062858063,56.5000_-69.3000
5260,48,65,60000.0,1420000.0,56.817674541479555,-67.51212678685319,-67.51212678685319,56.5,-67.8,-67.8,39.462615515105746,56.5000_-67.8000
5261,49,65,80000.0,1420000.0,56.814766371206325,-67.18290078572251,-67.18290078572251,56.5,-67.8,-67.8,51.45357239171603,56.5000_-67.8000
5262,50,65,100000.0,1420000.0,56.811027595418864,-66.85373053755602,-66.85373053755602,56.5,-67.8,-67.8,67.3874820109667,56.5000_-67.8000
5263,51,65,120000.0,1420000.0,56.80645843921803,-66.52462995404629,-66.52462995404629,56.5,-67.8,-67.8,85.07713742578211,56.5000_-67.8000
5264,52,65,140000.0,1420000.0,56.801059177607506,-66.19561292921162,-66.19561292921162,56.5,-66.3,-66.3,34.07902330270993,56.5000_-66.3000
5265,53,65,160000.0,1420000.0,56.79483013542212,-65.86669333588594,-65.86669333588594,56.5,-66.3,-66.3,42.14806701109802,56.5000_-66.3000
5266,54,65,180000.0,1420000.0,56.7877716872433,-65.53788502222191,-65.53788502222191,56.5,-66.3,-66.3,56.524315004400655,56.5000_-66.3000
5267,55,65,200000.0,1420000.0,56.77988425730171,-65.20920180820993,-65.20920180820993,56.5,-66.3,-66.3,73.60039888291867,56.5000_-66.3000
5268,56,65,220000.0,1420000.0,56.77116831936698,-64.88065748221456,-64.88065748221456,56.5,-66.3,-66.3,91.88333590941598,56.5000_-66.3000
5269,57,65,240000.0,1420000.0,56.76162439662497,-64.5522657975313,-64.5522657975313,56.5,-64.8,-64.8,32.80053025073243,56.5000_-64.8000
5270,58,65,260000.0,1420000.0,56.751253061541995,-64.22404046896513,-64.22404046896513,56.5,-64.8,-64.8,44.96373895748506,56.5000_-64.8000
5303,21,66,-480000.0,1440000.0,56.762289634448955,-76.40768162807356,-76.40768162807356,56.5,-76.8,-76.8,37.76681992952671,56.5000_-76.8000
5304,22,66,-460000.0,1440000.0,56.78179509234083,-76.08070721495137,-76.08070721495137,56.5,-76.8,-76.8,54.000870585163035,56.5000_-76.8000
5305,23,66,-440000.0,1440000.0,56.8004791458915,-75.7534147674367,-75.7534147674367,56.5,-76.8,-76.8,72.17518950333591,56.5000_-76.8000
5306,24,66,-420000.0,1440000.0,56.81834068062799,-75.42581753366294,-75.42581753366294,56.5,-76.8,-76.8,91.13599350589995,56.5000_-76.8000
5307,25,66,-400000.0,1440000.0,56.83537862957304,-75.09792883754547,-75.09792883754547,56.5,-75.3,-75.3,39.28315102090329,56.5000_-75.3000
5308,26,66,-380000.0,1440000.0,56.85159197351738,-74.76976207566827,-74.76976207566827,56.5,-75.3,-75.3,50.77002440141749,56.5000_-75.3000
5309,27,66,-360000.0,1440000.0,56.86697974128055,-74.44133071412577,-74.44133071412577,56.5,-75.3,-75.3,66.44829737943839,56.5000_-75.3000
5310,28,66,-340000.0,1440000.0,56.881541009960124,-74.11264828532167,-74.11264828532167,56.5,-75.3,-75.3,84.00275369208454,56.5000_-75.3000
5311,29,66,-320000.0,1440000.0,56.89527490516927,-73.78372838472694,-73.78372838472694,56.5,-73.8,-73.8,43.96384972940429,56.5000_-73.8000
5312,30,66,-300000.0,1440000.0,56.90818060126226,-73.45458466759825,-73.45458466759825,56.5,-73.8,-73.8,50.04593620084502,56.5000_-73.8000
5313,31,66,-280000.0,1440000.0,56.92025732154806,-73.12523084565932,-73.12523084565932,56.5,-73.8,-73.8,62.287080821781274,56.5000_-73.8000
5314,32,66,-260000.0,1440000.0,56.93150433849158,-72.7956806837468,-72.7956806837468,56.5,-73.8,-73.8,77.83339857452242,56.5000_-73.8000
5315,33,66,-240000.0,1440000.0,56.94192097390266,-72.46594799642291,-72.46594799642291,56.5,-73.8,-73.8,95.07699660174357,56.5000_-73.8000
5316,34,66,-220000.0,1440000.0,56.95150659911266,-72.13604664455669,-72.13604664455669,56.5,-72.3,-72.3,51.191940912414786,56.5000_-72.3000
5317,35,66,-200000.0,1440000.0,56.96026063513828,-71.80599053187602,-71.80599053187602,56.5,-72.3,-72.3,59.39110884059154,56.5000_-72.3000
5318,36,66,-180000.0,1440000.0,56.96818255283282,-71.47579360149264,-71.47579360149264,56.5,-72.3,-72.3,72.36878870066585,56.5000_-72.3000
5319,37,66,-160000.0,1440000.0,56.97527187302466,-71.14546983240203,-71.14546983240203,56.5,-72.3,-72.3,88.0363847866654,56.5000_-72.3000
5320,38,66,-140000.0,1440000.0,56.98152816664267,-70.81503323596063,-70.81503323596063,56.5,-72.3,-72.3,105.19873855862696,56.5000_-72.3000
5321,39,66,-120000.0,1440000.0,56.986951054828836,-70.48449785234247,-70.48449785234247,56.5,-70.8,-70.8,57.46268439346927,56.5000_-70.8000
5322,40,66,-100000.0,1440000.0,56.991540209037765,-70.15387774697739,-70.15387774697739,56.5,-70.8,-70.8,67.37506876210657,56.5000_-70.8000
5323,41,66,-80000.0,1440000.0,56.99529535112295,-69.82318700697303,-69.82318700697303,56.5,-70.8,-70.8,81.11756796006145,56.5000_-70.8000
5324,42,66,-60000.0,1440000.0,56.99821625341006,-69.49243973752326,-69.49243973752326,56.5,-70.8,-70.8,97.0769298501782,56.5000_-70.8000
5325,43,66,-40000.0,1440000.0,57.00030273875681,-69.16165005830477,-69.16165005830477,56.5,-69.3,-69.3,56.266982152225935,56.5000_-69.3000
5326,44,66,-20000.0,1440000.0,57.00155468059963,-68.83083209986445,-68.83083209986445,56.5,-69.3,-69.3,62.677339930293265,56.5000_-69.3000
5327,45,66,0.0,1440000.0,57.001972002987024,-68.5,-68.5,56.5,-69.3,-69.3,74.12251735417074,56.5000_-69.3000
5328,46,66,20000.0,1440000.0,57.00155468059963,-68.16916790013555,-68.16916790013555,56.5,-69.3,-69.3,88.67395113278728,56.5000_-69.3000
5329,47,66,40000.0,1440000.0,57.00030273875681,-67.83834994169524,-67.83834994169524,56.5,-69.3,-69.3,105.04865049809702,56.5000_-69.3000
5330,48,66,60000.0,1440000.0,56.99821625341006,-67.50756026247674,-67.50756026247674,56.5,-67.8,-67.8,58.1975456436886,56.5000_-67.8000
5331,49,66,80000.0,1440000.0,56.99529535112295,-67.17681299302697,-67.17681299302697,56.5,-67.8,-67.8,66.90923350866765,56.5000_-67.8000
5332,50,66,100000.0,1440000.0,56.991540209037765,-66.84612225302261,-66.84612225302261,56.5,-67.8,-67.8,79.8121619925751,56.5000_-67.8000
5333,51,66,120000.0,1440000.0,56.986951054828836,-66.51550214765753,-66.51550214765753,56.5,-67.8,-67.8,95.21751547342986,56.5000_-67.8000
5334,52,66,140000.0,1440000.0,56.98152816664267,-66.18496676403937,-66.18496676403937,56.5,-66.3,-66.3,54.001122715047735,56.5000_-66.3000
5335,53,66,160000.0,1440000.0,56.97527187302466,-65.85453016759799,-65.85453016759799,56.5,-66.3,-66.3,59.421970441895816,56.5000_-66.3000
5336,54,66,180000.0,1440000.0,56.96818255283282,-65.52420639850736,-65.52420639850736,56.5,-66.3,-66.3,70.34979416202226,56.5000_-66.3000
5337,55,66,200000.0,1440000.0,56.96026063513828,-65.19400946812398,-65.19400946812398,56.5,-66.3,-66.3,84.6788872337165,56.5000_-66.3000
5338,56,66,220000.0,1440000.0,56.95150659911266,-64.86395335544331,-64.86395335544331,56.5,-66.3,-66.3,100.9715751634787,56.5000_-66.3000
5339,57,66,240000.0,1440000.0,56.94192097390266,-64.53405200357709,-64.53405200357709,56.5,-64.8,-64.8,51.749203637669275,56.5000_-64.8000
5340,58,66,260000.0,1440000.0,56.93150433849158,-64.2043193162532,-64.2043193162532,56.5,-64.8,-64.8,60.19531451527534,56.5000_-64.8000
5373,21,67,-480000.0,1460000.0,56.94175567701638,-76.44410967979104,-76.44410967979104,56.5,-76.8,-76.8,53.70643354052895,56.5000_-76.8000
5374,22,67,-460000.0,1460000.0,56.96134598790023,-76.11565226817667,-76.11565226817667,56.5,-76.8,-76.8,66.13726412853927,56.5000_-76.8000
5375,23,67,-440000.0,1460000.0,56.980111381574964,-75.78687243727391,-75.78687243727391,56.5,-76.8,-76.8,81.65236729096921,56.5000_-76.8000
5376,24,67,-420000.0,1460000.0,56.9980507309955,-75.45778361245917,-75.45778361245917,56.5,-76.8,-76.8,98.80909919970271,56.5000_-76.8000
5377,25,67,-400000.0,1460000.0,57.01516295712795,-75.12839929663,-75.12839929663,56.5,-75.3,-75.3,58.230696390008895,56.5000_-75.3000
5378,26,67,-380000.0,1460000.0,57.03144702922763,-74.79873306702339,-74.79873306702339,56.5,-75.3,-75.3,66.52270918802367,56.5000_-75.3000
5379,27,67,-360000.0,1460000.0,57.04690196510537,-74.46879857198788,-74.46879857198788,56.5,-75.3,-75.3,79.13842375265031,56.5000_-75.3000
5380,28,67,-340000.0,1460000.0,57.06152683138208,-74.13860952771127,-74.13860952771127,56.5,-75.3,-75.3,94.3590190227598,56.5000_-75.3000
5381,29,67,-320000.0,1460000.0,57.07532074373125,-73.80817971490605,-73.80817971490605,56.5,-75.3,-75.3,111.11898975116132,56.5000_-75.3000
5382,30,67,-300000.0,1460000.0,57.08828286710929,-73.4775229754543,-73.4775229754543,56.5,-73.8,-73.8,68.29799765003722,56.5000_-73.8000
5383,31,67,-280000.0,1460000.0,57.100412415973686,-73.14665320901396,-73.14665320901396,56.5,-73.8,-73.8,77.71473625168184,56.5000_-73.8000
5384,32,67,-260000.0,1460000.0,57.11170865448844,-72.81558436958869,-72.81558436958869,56.5,-73.8,-73.8,90.65112111400653,56.5000_-73.8000
5385,33,67,-240000.0,1460000.0,57.1221708967173,-72.48433046206335,-72.48433046206335,56.5,-73.8,-73.8,105.82400050636241,56.5000_-73.8000
5386,34,67,-220000.0,1460000.0,57.13179850680382,-72.15290553870703,-72.15290553870703,56.5,-72.3,-72.3,70.82092973470297,56.5000_-72.3000
5387,35,67,-200000.0,1460000.0,57.14059089913897,-71.82132369564597,-71.82132369564597,56.5,-72.3,-72.3,76.9559645489617,56.5000_-72.3000
5388,36,67,-180000.0,1460000.0,57.148547538515466,-71.48959906930851,-71.48959906930851,56.5,-72.3,-72.3,87.36071352991338,56.5000_-72.3000
5389,37,67,-160000.0,1460000.0,57.15566794026925,-71.15774583284418,-71.15774583284418,56.5,-72.3,-72.3,100.72041328065085,56.5000_-72.3000
5390,38,67,-140000.0,1460000.0,57.16195167040764,-70.82577819251938,-70.82577819251938,56.5,-72.3,-72.3,116.01862957023195,56.5000_-72.3000
5391,39,67,-120000.0,1460000.0,57.1673983457244,-70.49371038409154,-70.49371038409154,56.5,-70.8,-70.8,76.5144194150701,56.5000_-70.8000
5392,40,67,-100000.0,1460000.0,57.172007633901224,-70.16155666916472,-70.16155666916472,56.5,-70.8,-70.8,84.21214884343794,56.5000_-70.8000
5393,41,67,-80000.0,1460000.0,57.1757792535961,-69.82933133152805,-69.82933133152805,56.5,-70.8,-70.8,95.56120440990854,56.5000_-70.8000
5394,42,67,-60000.0,1460000.0,57.17871297451792,-69.49704867348034,-69.49704867348034,56.5,-70.8,-70.8,109.4313474848065,56.5000_-70.8000
5395,43,67,-40000.0,1460000.0,57.180808617487884,-69.16472301214246,-69.16472301214246,56.5,-69.3,-69.3,76.14831980717881,56.5000_-69.3000
5396,44,67,-20000.0,1460000.0,57.182066054486995,-68.83236867576021,-68.83236867576021,56.5,-69.3,-69.3,80.999318211854,56.5000_-69.3000
5397,45,67,0.0,1460000.0,57.18248520869023,-68.5,-68.5,56.5,-69.3,-69.3,90.14568040075346,56.5000_-69.3000
5398,46,67,20000.0,1460000.0,57.182066054486995,-68.16763132423979,-68.16763132423979,56.5,-69.3,-69.3,102.44329893148002,56.5000_-69.3000
5399,47,67,40000.0,1460000.0,57.180808617487884,-67.83527698785754,-67.83527698785754,56.5,-69.3,-69.3,116.90188647504897,56.5000_-69.3000
5400,48,67,60000.0,1460000.0,57.17871297451792,-67.50295132651966,-67.50295132651966,56.5,-67.8,-67.8,77.60183742604843,56.5000_-67.8000
5401,49,67,80000.0,1460000.0,57.1757792535961,-67.17066866847195,-67.17066866847195,56.5,-67.8,-67.8,84.33060539225556,56.5000_-67.8000
5402,50,67,100000.0,1460000.0,57.172007633901224,-66.83844333083529,-66.83844333083529,56.5,-67.8,-67.8,94.89104407730169,56.5000_-67.8000
5403,51,67,120000.0,1460000.0,57.1673983457244,-66.50628961590846,-66.50628961590846,56.5,-67.8,-67.8,108.16671066029787,56.5000_-67.8000
5404,52,67,140000.0,1460000.0,57.16195167040764,-66.17422180748062,-66.17422180748062,56.5,-66.3,-66.3,74.00239685451294,56.5000_-66.3000
5405,53,67,160000.0,1460000.0,57.15566794026925,-65.84225416715582,-65.84225416715582,56.5,-66.3,-66.3,78.04471103512653,56.5000_-66.3000
5406,54,67,180000.0,1460000.0,57.148547538515466,-65.51040093069149,-65.51040093069149,56.5,-66.3,-66.3,86.65265430646807,56.5000_-66.3000
5407,55,67,200000.0,1460000.0,57.14059089913897,-65.17867630435403,-65.17867630435403,56.5,-66.3,-66.3,98.63820794427936,56.5000_-66.3000
5408,56,67,220000.0,1460000.0,57.13179850680382,-64.84709446129297,-64.84709446129297,56.5,-66.3,-66.3,112.93115498015543,56.5000_-66.3000
5409,57,67,240000.0,1460000.0,57.1221708967173,-64.51566953793665,-64.51566953793665,56.5,-64.8,-64.8,71.31405995027656,56.5000_-64.8000
5410,58,67,260000.0,1460000.0,57.11170865448844,-64.18441563041131,-64.18441563041131,56.5,-64.8,-64.8,77.65841600756211,56.5000_-64.8000
5411,59,67,280000.0,1460000.0,57.100412415973686,-63.85334679098605,-63.85334679098605,56.5,-64.8,-64.8,88.19932121765089,56.5000_-64.8000
5442,21,68,-480000.0,1480000.0,57.12116780218694,-76.48087350947634,-76.48087350947634,56.5,-76.8,-76.8,71.75008429110493,56.5000_-76.8000
5443,22,68,-460000.0,1480000.0,57.1408435346162,-76.15091975413429,-76.15091975413429,56.5,-76.8,-76.8,81.47264259441059,56.5000_-76.8000
5444,23,68,-440000.0,1480000.0,57.159690814404065,-75.82063911394464,-75.82063911394464,56.5,-76.8,-76.8,94.5014818180596,56.5000_-76.8000
5445,24,68,-420000.0,1480000.0,57.177708501726045,-75.490045194661,-75.490045194661,56.5,-76.8,-76.8,109.66417577423833,56.5000_-76.8000
5446,25,68,-400000.0,1480000.0,57.194895505292365,-75.1591516813451,-75.1591516813451,56.5,-75.3,-75.3,77.74215312362332,56.5000_-75.3000
5447,26,68,-380000.0,1480000.0,57.21125078263195,-74.82797233511516,-74.82797233511516,56.5,-75.3,-75.3,84.13262198141449,56.5000_-75.3000
5448,27,68,-360000.0,1480000.0,57.2267733403643,-74.49652098984633,-74.49652098984633,56.5,-75.3,-75.3,94.42310222597835,56.5000_-75.3000
5449,28,68,-340000.0,1480000.0,57.24146223445949,-74.16481154882543,-74.16481154882543,56.5,-75.3,-75.3,107.49914403865974,56.5000_-75.3000
5450,29,68,-320000.0,1480000.0,57.255316570485824,-73.83285798136203,-73.83285798136203,56.5,-75.3,-75.3,122.47156358499537,56.5000_-75.3000
5451,30,68,-300000.0,1480000.0,57.26833550384514,-73.50067431935754,-73.50067431935754,56.5,-73.8,-73.8,87.3485851670041,56.5000_-73.8000
5452,31,68,-280000.0,1480000.0,57.280518239995516,-73.16827465383462,-73.16827465383462,56.5,-73.8,-73.8,94.8925275357387,56.5000_-73.8000
5453,32,68,-260000.0,1480000.0,57.291864034661295,-72.83567313142889,-72.83567313142889,56.5,-73.8,-73.8,105.74636644205656,56.5000_-73.8000
5454,33,68,-240000.0,1480000.0,57.30237219403022,-72.5028839508451,-72.5028839508451,56.5,-73.8,-73.8,119.00776021732636,56.5000_-73.8000
5455,34,68,-220000.0,1480000.0,57.3120420749376,-72.16992135927984,-72.16992135927984,56.5,-72.3,-72.3,90.63975853514853,56.5000_-72.3000
5456,35,68,-200000.0,1480000.0,57.32087308503732,-71.83679964881317,-71.83679964881317,56.5,-72.3,-72.3,95.50963786818951,56.5000_-72.3000
5457,36,68,-180000.0,1480000.0,57.32886468295965,-71.50353315277127,-71.50353315277127,56.5,-72.3,-72.3,104.0743824376443,56.5000_-72.3000
5458,37,68,-160000.0,1480000.0,57.33601637845568,-71.17013624206257,-71.17013624206257,56.5,-72.3,-72.3,115.51493303203625,56.5000_-72.3000
5459,38,68,-140000.0,1480000.0,57.34232773252832,-70.83662332148934,-70.83662332148934,56.5,-72.3,-72.3,129.06873409794548,56.5000_-72.3000
5460,39,68,-120000.0,1480000.0,57.34779835754971,-70.50300882603759,-70.50300882603759,56.5,-70.8,-70.8,95.9781197084077,56.5000_-70.8000
5461,40,68,-100000.0,1480000.0,57.35242791736512,-70.16930721714715,-70.16930721714715,56.5,-70.8,-70.8,102.21938789629004,56.5000_-70.8000
5462,41,68,-80000.0,1480000.0,57.35621612738299,-69.83553297896471,-69.83553297896471,56.5,-70.8,-70.8,111.75257600709908,56.5000_-70.8000
5463,42,68,-60000.0,1480000.0,57.35916275465136,-69.50170061458195,-69.50170061458195,56.5,-70.8,-70.8,123.81960360073877,56.5000_-70.8000
5464,43,68,-40000.0,1480000.0,57.36126761792042,-69.16782464226144,-69.16782464226144,56.5,-69.3,-69.3,96.10386297651186,56.5000_-69.3000
5465,44,68,-20000.0,1480000.0,57.362530587691204,-68.83391959165255,-68.83391959165255,56.5,-69.3,-69.3,99.99057549221585,56.5000_-69.3000
5466,45,68,0.0,1480000.0,57.36295158625037,-68.5,-68.5,56.5,-69.3,-69.3,107.53191332166342,56.5000_-69.3000
5467,46,68,20000.0,1480000.0,57.362530587691204,-68.16608040834747,-68.16608040834747,56.5,-69.3,-69.3,118.02942243191865,56.5000_-69.3000
5468,47,68,40000.0,1480000.0,57.36126761792042,-67.83217535773856,-67.83217535773856,56.5,-69.3,-69.3,130.77314707514824,56.5000_-69.3000
5469,48,68,60000.0,1480000.0,57.35916275465136,-67.49829938541805,-67.49829938541805,56.5,-67.8,-67.8,97.27244512479042,56.5000_-67.8000
5470,49,68,80000.0,1480000.0,57.35621612738299,-67.16446702103529,-67.16446702103529,56.5,-67.8,-67.8,102.7192523793672,56.5000_-67.8000
5471,50,68,100000.0,1480000.0,57.35242791736512,-66.83069278285285,-66.83069278285285,56.5,-67.8,-67.8,111.55007149794788,56.5000_-67.8000
5472,51,68,120000.0,1480000.0,57.34779835754971,-66.49699117396241,-66.49699117396241,56.5,-67.8,-67.8,123.03846715445273,56.5000_-67.8000
5473,52,68,140000.0,1480000.0,57.34232773252832,-66.16337667851067,-66.16337667851067,56.5,-66.3,-66.3,94.02894144064055,56.5000_-66.3000
5474,53,68,160000.0,1480000.0,57.33601637845568,-65.82986375793743,-65.82986375793743,56.5,-66.3,-66.3,97.24114765510944,56.5000_-66.3000
5475,54,68,180000.0,1480000.0,57.32886468295965,-65.49646684722873,-65.49646684722873,56.5,-66.3,-66.3,104.27429198716818,56.5000_-66.3000
5476,55,68,200000.0,1480000.0,57.32087308503732,-65.16320035118683,-65.16320035118683,56.5,-66.3,-66.3,114.42608421606344,56.5000_-66.3000
5477,56,68,220000.0,1480000.0,57.3120420749376,-64.83007864072016,-64.83007864072016,56.5,-66.3,-66.3,126.95066843496167,56.5000_-66.3000
5478,57,68,240000.0,1480000.0,57.30237219403022,-64.4971160491549,-64.4971160491549,56.5,-64.8,-64.8,91.09549554047732,56.5000_-64.8000
5479,58,68,260000.0,1480000.0,57.291864034661295,-64.16432686857111,-64.16432686857111,56.5,-64.8,-64.8,96.14140256218366,56.5000_-64.8000
5510,21,69,-480000.0,1500000.0,57.30052396521418,-76.51797776153063,-76.51797776153063,56.5,-76.8,-76.8,90.64650733892242,56.5000_-76.8000
5511,22,69,-460000.0,1500000.0,57.320285694750964,-76.18651413869267,-76.18651413869267,56.5,-76.8,-76.8,98.52121101170499,56.5000_-76.8000
5512,23,69,-440000.0,1500000.0,57.33921541338722,-75.85471908292881,-75.85471908292881,56.5,-76.8,-76.8,109.5394560279715,56.5000_-76.8000
5513,24,69,-420000.0,1500000.0,57.35731196830722,-75.52260638357242,-75.52260638357242,56.5,-76.8,-76.8,122.85812475048279,56.5000_-76.8000
5514,25,69,-400000.0,1500000.0,57.374574255761786,-75.19018991110165,-75.19018991110165,56.5,-75.3,-75.3,97.47620316797156,56.5000_-75.3000
5515,26,69,-380000.0,1500000.0,57.39100122135823,-74.85748361381569,-74.85748361381569,56.5,-75.3,-75.3,102.64518694741028,56.5000_-75.3000
5516,27,69,-360000.0,1500000.0,57.40659186033813,-74.52450151446179,-74.52450151446179,56.5,-75.3,-75.3,111.2350129478633,56.5000_-75.3000
5517,28,69,-340000.0,1500000.0,57.421345217842756,-74.19125770681521,-74.19125770681521,56.5,-75.3,-75.3,122.52812298148044,56.5000_-75.3000
5518,29,69,-320000.0,1500000.0,57.4352603891661,-73.85776635221369,-73.85776635221369,56.5,-75.3,-75.3,135.85185339252635,56.5000_-75.3000
5519,30,69,-300000.0,1500000.0,57.448336519995195,-73.524041676049,-73.524041676049,56.5,-73.8,-73.8,106.76804903802925,56.5000_-73.8000
5520,31,69,-280000.0,1500000.0,57.460572806637686,-73.19009796421717,-73.19009796421717,56.5,-73.8,-73.8,113.02237705794387,56.5000_-73.8000
5521,32,69,-260000.0,1500000.0,57.471968496236194,-72.85594955952999,-72.85594955952999,56.5,-73.8,-73.8,122.27585199800008,56.5000_-73.8000
5522,33,69,-240000.0,1500000.0,57.48252288696993,-72.5216108580897,-72.5216108580897,56.5,-73.8,-73.8,133.9080243866459,56.5000_-73.8000
5523,34,69,-220000.0,1500000.0,57.492235328242636,-72.18709630562915,-72.18709630562915,56.5,-72.3,-72.3,110.54335766146457,56.5000_-72.3000
5524,35,69,-200000.0,1500000.0,57.501105220857426,-71.85242039381994,-71.85242039381994,56.5,-72.3,-72.3,114.56983907421501,56.5000_-72.3000
5525,36,69,-180000.0,1500000.0,57.509132017178,-71.51759765655048,-71.51759765655048,56.5,-72.3,-72.3,121.8003363263579,56.5000_-72.3000
5526,37,69,-160000.0,1500000.0,57.51631522127608,-71.18264266617662,-71.18264266617662,56.5,-72.3,-72.3,131.70812564978235,56.5000_-72.3000
5527,38,69,-140000.0,1500000.0,57.52265438906541,-70.84757002974727,-70.84757002974727,56.5,-72.3,-72.3,143.74057149399692,56.5000_-72.3000
5528,39,69,-120000.0,1500000.0,57.528149128421646,-70.51239438520717,-70.51239438520717,56.5,-70.8,-70.8,115.64305290021453,56.5000_-70.8000
5529,40,69,-100000.0,1500000.0,57.5327990992885,-70.17713039757943,-70.17713039757943,56.5,-70.8,-70.8,120.87215312455373,56.5000_-70.8000
5530,41,69,-80000.0,1500000.0,57.53660401376978,-69.84179275513044,-69.84179275513044,56.5,-70.8,-70.8,129.03281926098705,56.5000_-70.8000
5531,42,69,-60000.0,1500000.0,57.53956363620748,-69.50639616551932,-69.50639616551932,56.5,-70.8,-70.8,139.6118847531252,56.5000_-70.8000
5532,43,69,-40000.0,1500000.0,57.54167778324563,-69.17095535193481,-69.17095535193481,56.5,-69.3,-69.3,116.09243693547141,56.5000_-69.3000
5533,44,69,-20000.0,1500000.0,57.54294632388012,-68.83548504922175,-68.83548504922175,56.5,-69.3,-69.3,119.32916113971352,56.5000_-69.3000
5534,45,69,0.0,1500000.0,57.543369179494285,-68.5,-68.5,56.5,-69.3,-69.3,125.71426477600312,56.5000_-69.3000
5535,46,69,20000.0,1500000.0,57.54294632388012,-68.16451495077825,-68.16451495077825,56.5,-69.3,-69.3,134.80110332979834,56.5000_-69.3000
5536,47,69,40000.0,1500000.0,57.54167778324563,-67.82904464806519,-67.82904464806519,56.5,-69.3,-69.3,146.08640053132595,56.5000_-69.3000
5537,48,69,60000.0,1500000.0,57.53956363620748,-67.49360383448068,-67.49360383448068,56.5,-67.8,-67.8,117.07231838602473,56.5000_-67.8000
5538,49,69,80000.0,1500000.0,57.53660401376978,-67.15820724486956,-67.15820724486956,56.5,-67.8,-67.8,121.63449510648874,56.5000_-67.8000
5539,50,69,100000.0,1500000.0,57.5327990992885,-66.82286960242057,-66.82286960242057,56.5,-67.8,-67.8,129.176737863637,56.5000_-67.8000
5540,51,69,120000.0,1500000.0,57.528149128421646,-66.48760561479283,-66.48760561479283,56.5,-67.8,-67.8,139.21559085230777,56.5000_-67.8000
5541,52,69,140000.0,1500000.0,57.52265438906541,-66.15242997025273,-66.15242997025273,56.5,-66.3,-66.3,114.0644962194057,56.5000_-66.3000
5542,53,69,160000.0,1500000.0,57.51631522127608,-65.81735733382338,-65.81735733382338,56.5,-66.3,-66.3,116.725702595966,56.5000_-66.3000
5543,54,69,180000.0,1500000.0,57.509132017178,-65.48240234344954,-65.48240234344954,56.5,-66.3,-66.3,122.64484545836612,56.5000_-66.3000
5544,55,69,200000.0,1500000.0,57.501105220857426,-65.14757960618006,-65.14757960618006,56.5,-66.3,-66.3,131.38242245805068,56.5000_-66.3000
5545,56,69,220000.0,1500000.0,57.492235328242636,-64.81290369437086,-64.81290369437086,56.5,-66.3,-66.3,142.42074326544113,56.5000_-66.3000
5546,57,69,240000.0,1500000.0,57.48252288696993,-64.47838914191031,-64.47838914191031,56.5,-64.8,-64.8,110.97475937928733,56.5000_-64.8000
5547,58,69,260000.0,1500000.0,57.471968496236194,-64.14405044047001,-64.14405044047001,56.5,-64.8,-64.8,115.15133862477254,56.5000_-64.8000
5548,59,69,280000.0,1500000.0,57.460572806637686,-63.80990203578283,-63.80990203578283,56.5,-64.8,-64.8,122.50318131912186,56.5000_-64.8000
5578,21,70,-480000.0,1520000.0,57.47982211229253,-76.55542716603443,-76.55542716603443,56.5,-76.8,-76.8,109.95392972136145,56.5000_-76.8000
5579,22,70,-460000.0,1520000.0,57.49967042163284,-76.22243997024799,-76.22243997024799,56.5,-76.8,-76.8,116.53063815938427,56.5000_-76.8000
5580,23,70,-440000.0,1520000.0,57.518683138719744,-75.88911670903106,-75.88911670903106,56.5,-76.8,-76.8,125.98227387813223,56.5000_-76.8000
5581,24,70,-420000.0,1520000.0,57.536859097529884,-75.55547135856979,-75.55547135856979,56.5,-76.8,-76.8,137.7179553692546,56.5000_-76.8000
5582,25,70,-400000.0,1520000.0,57.55419718164666,-75.22151797808276,-75.22151797808276,56.5,-75.3,-75.3,117.31769720896507,56.5000_-75.3000
5583,26,70,-380000.0,1520000.0,57.57069632455638,-74.88727070642338,-74.88727070642338,56.5,-75.3,-75.3,121.6462189616431,56.5000_-75.3000
5584,27,70,-360000.0,1520000.0,57.58635550993188,-74.55274375863156,-74.55274375863156,56.5,-75.3,-75.3,128.97569037621213,56.5000_-75.3000
5585,28,70,-340000.0,1520000.0,57.60117377190379,-74.2179514224367,-74.2179514224367,56.5,-75.3,-75.3,138.83143936215424,56.5000_-75.3000
5586,29,70,-320000.0,1520000.0,57.61515019531892,-73.88290805471368,-73.88290805471368,56.5,-75.3,-75.3,150.71852560773738,56.5000_-75.3000
5587,30,70,-300000.0,1520000.0,57.6282839159858,-73.54762807789459,-73.54762807789459,56.5,-73.8,-73.8,126.38373596860932,56.5000_-73.8000
5588,31,70,-280000.0,1520000.0,57.64057412090709,-73.21212597633777,-73.21212597633777,56.5,-73.8,-73.8,131.70909592497725,56.5000_-73.8000
5589,32,70,-260000.0,1520000.0,57.6520200484987,-72.8764162926569,-72.8764162926569,56.5,-73.8,-73.8,139.72903136571648,56.5000_-73.8000
5590,33,70,-240000.0,1520000.0,57.66262098879565,-72.5405136240118,-72.5405136240118,56.5,-73.8,-73.8,150.01186728585213,56.5000_-73.8000
5591,34,70,-220000.0,1520000.0,57.67237628364421,-72.20443261836404,-72.20443261836404,56.5,-72.3,-72.3,130.4902580826182,56.5000_-72.3000
5592,35,70,-200000.0,1520000.0,57.681285326880456,-71.86818797069893,-71.86818797069893,56.5,-72.3,-72.3,133.91784730020638,56.5000_-72.3000
5593,36,70,-180000.0,1520000.0,57.68934756449492,-71.53179441921684,-71.53179441921684,56.5,-72.3,-72.3,140.15250938113553,56.5000_-72.3000
5594,37,70,-160000.0,1520000.0,57.6965624947835,-71.19526674149603,-71.19526674149603,56.5,-72.3,-72.3,148.8418275356602,56.5000_-72.3000
5595,38,70,-140000.0,1520000.0,57.70292966848409,-70.85861975062954,-70.85861975062954,56.5,-72.3,-72.3,159.58527188064633,56.5000_-72.3000
5596,39,70,-120000.0,1520000.0,57.70844868889928,-70.52186829133869,-70.52186829133869,56.5,-70.8,-70.8,135.41896639783715,56.5000_-70.8000
5597,40,70,-100000.0,1520000.0,57.7131192120047,-70.18502723606547,-70.18502723606547,56.5,-70.8,-70.8,139.9099684361602,56.5000_-70.8000
5598,41,70,-80000.0,1520000.0,57.71694094654316,-69.84811148104684,-69.84811148104684,56.5,-70.8,-70.8,147.01606955675982,56.5000_-70.8000
5599,42,70,-60000.0,1520000.0,57.71991365410441,-69.511135942373,-69.511135942373,56.5,-70.8,-70.8,156.3811434968982,56.5000_-70.8000
5600,43,70,-40000.0,1520000.0,57.72203714919039,-69.17411555203273,-69.17411555203273,56.5,-69.3,-69.3,136.09687351228942,56.5000_-69.3000
5601,44,70,-20000.0,1520000.0,57.723311299266136,-68.83706525394783,-68.83706525394783,56.5,-69.3,-69.3,138.8674834915055,56.5000_-69.3000
5602,45,70,0.0,1520000.0,57.72373602479614,-68.5,-68.5,56.5,-69.3,-69.3,144.38983141261804,56.5000_-69.3000
5603,46,70,20000.0,1520000.0,57.723311299266136,-68.16293474605217,-68.16293474605217,56.5,-69.3,-69.3,152.36500874480512,56.5000_-69.3000
5604,47,70,40000.0,1520000.0,57.72203714919039,-67.82588444796727,-67.82588444796727,56.5,-69.3,-69.3,162.43213973180954,56.5000_-69.3000
5605,48,70,60000.0,1520000.0,57.71991365410441,-67.488864057627,-67.488864057627,56.5,-67.8,-67.8,136.94280141773203,56.5000_-67.8000
5606,49,70,80000.0,1520000.0,57.71694094654316,-67.15188851895316,-67.15188851895316,56.5,-67.8,-67.8,140.8618340384241,56.5000_-67.8000
5607,50,70,100000.0,1520000.0,57.7131192120047,-66.81497276393453,-66.81497276393453,56.5,-67.8,-67.8,147.42195410923378,56.5000_-67.8000
5608,51,70,120000.0,1520000.0,57.70844868889928,-66.47813170866131,-66.47813170866131,56.5,-67.8,-67.8,156.29099635072,56.5000_-67.8000
5609,52,70,140000.0,1520000.0,57.70292966848409,-66.14138024937046,-66.14138024937046,56.5,-66.3,-66.3,134.1023826072396,56.5000_-66.3000
5610,53,70,160000.0,1520000.0,57.6965624947835,-65.80473325850397,-65.80473325850397,56.5,-66.3,-66.3,136.37234330995847,56.5000_-66.3000
5611,54,70,180000.0,1520000.0,57.68934756449492,-65.46820558078316,-65.46820558078316,56.5,-66.3,-66.3,141.47037226329047,56.5000_-66.3000
5612,55,70,200000.0,1520000.0,57.681285326880456,-65.13181202930107,-65.13181202930107,56.5,-66.3,-66.3,149.10676271493242,56.5000_-66.3000
5613,56,70,220000.0,1520000.0,57.67237628364421,-64.79556738163596,-64.79556738163596,56.5,-64.8,-64.8,130.36274995831351,56.5000_-64.8000
5614,57,70,240000.0,1520000.0,57.66262098879565,-64.4594863759882,-64.4594863759882,56.5,-64.8,-64.8,130.90461696589804,56.5000_-64.8000
5615,58,70,260000.0,1520000.0,57.6520200484987,-64.12358370734312,-64.12358370734312,56.5,-64.8,-64.8,134.46231840113387,56.5000_-64.8000
5616,59,70,280000.0,1520000.0,57.64057412090709,-63.787874023662226,-63.787874023662226,56.5,-64.8,-64.8,140.80757649998432,56.5000_-64.8000
5646,21,71,-480000.0,1540000.0,57.65906018049303,-76.59322654072379,-76.59322654072379,56.5,-76.8,-76.8,129.48596013994018,56.5000_-76.8000
5647,22,71,-460000.0,1540000.0,57.67899565959468,-76.25870188163154,-76.25870188163154,56.5,-76.8,-76.8,135.11468546848354,56.5000_-76.8000
5648,23,71,-440000.0,1540000.0,57.698091941724996,-75.92383643821786,-75.92383643821786,56.5,-76.8,-76.8,143.3448829634729,56.5000_-76.8000
5649,24,71,-420000.0,1540000.0,57.716347847431855,-75.58864437686682,-75.58864437686682,56.5,-76.8,-76.8,153.7591662981988,56.5000_-76.8000
5650,25,71,-400000.0,1540000.0,57.733762247418646,-75.25313994893531,-75.25313994893531,56.5,-75.3,-75.3,137.21744817227247,56.5000_-75.3000
5651,26,71,-380000.0,1540000.0,57.75033406284679,-74.91733748727967,-74.91733748727967,56.5,-75.3,-75.3,140.93576824709265,56.5000_-75.3000
5652,27,71,-360000.0,1540000.0,57.76606226562551,-74.58125140272992,-74.58125140272992,56.5,-75.3,-75.3,147.30753661142955,56.5000_-75.3000
5653,28,71,-340000.0,1540000.0,57.78094587868889,-74.2448961805137,-74.2448961805137,56.5,-75.3,-75.3,156.0077991309719,56.5000_-75.3000
5654,29,71,-320000.0,1540000.0,57.79498397625985,-73.9082863766319,-73.9082863766319,56.5,-75.3,-75.3,166.67216429508596,56.5000_-75.3000
5655,30,71,-300000.0,1540000.0,57.808175684101016,-73.57143661418813,-73.57143661418813,56.5,-73.8,-73.8,146.11415782301052,56.5000_-73.8000
5656,31,71,-280000.0,1540000.0,57.8205201797522,-73.2343615796745,-73.2343615796745,56.5,-73.8,-73.8,150.7433234164923,56.5000_-73.8000
5657,32,71,-260000.0,1540000.0,57.83201669275427,-72.89707601921586,-72.89707601921586,56.5,-73.8,-73.8,157.7974029210421,56.5000_-73.8000
5658,33,71,-240000.0,1540000.0,57.842664504859485,-72.55959473477473,-72.55959473477473,56.5,-73.8,-73.8,166.96922269716345,56.5000_-73.8000
5659,34,71,-220000.0,1540000.0,57.852462950227775,-72.22193258031959,-72.22193258031959,56.5,-72.3,-72.3,150.4607940493367,56.5000_-72.3000
5660,35,71,-200000.0,1540000.0,57.86141141560931,-71.88410445795861,-71.88410445795861,56.5,-72.3,-72.3,153.4424302459695,56.5000_-72.3000
5661,36,71,-180000.0,1540000.0,57.86950934051272,-71.5461253140417,-71.5461253140417,56.5,-72.3,-72.3,158.91177121023875,56.5000_-72.3000
5662,37,71,-160000.0,1540000.0,57.87675621735918,-71.20801013523305,-71.20801013523305,56.5,-72.3,-72.3,166.623943899223,56.5000_-72.3000
5663,38,71,-140000.0,1540000.0,57.88315159162223,-70.86977394455684,-70.86977394455684,56.5,-72.3,-72.3,176.28476878069452,56.5000_-72.3000
5664,39,71,-120000.0,1540000.0,57.88869506195304,-70.53143179741882,-70.53143179741882,56.5,-70.8,-70.8,155.26106450534684,56.5000_-70.8000
5665,40,71,-100000.0,1540000.0,57.89338628029117,-70.19299877760616,-70.19299877760616,56.5,-70.8,-70.8,159.19241386558625,56.5000_-70.8000
5666,41,71,-80000.0,1540000.0,57.89722495196078,-69.85448999326846,-69.85448999326846,56.5,-70.8,-70.8,165.4710314984738,56.5000_-70.8000
5667,42,71,-60000.0,1540000.0,57.900210835752155,-69.51592057288224,-69.51592057288224,56.5,-70.8,-70.8,173.84274510856864,56.5000_-70.8000
5668,43,71,-40000.0,1540000.0,57.90234374398838,-69.17730566120203,-69.17730566120203,56.5,-69.3,-69.3,156.10868215210186,56.5000_-69.3000
5669,44,71,-20000.0,1540000.0,57.90362354257735,-68.83866041520045,-68.83866041520045,56.5,-69.3,-69.3,158.52935308533293,56.5000_-69.3000
5670,45,71,0.0,1540000.0,57.90405015104895,-68.5,-68.5,56.5,-69.3,-69.3,163.38728892593642,56.5000_-69.3000
5671,46,71,20000.0,1540000.0,57.90362354257735,-68.16133958479955,-68.16133958479955,56.5,-69.3,-69.3,170.47425741863918,56.5000_-69.3000
5672,47,71,40000.0,1540000.0,57.90234374398838,-67.82269433879797,-67.82269433879797,56.5,-69.3,-69.3,179.52648653596992,56.5000_-69.3000
5673,48,71,60000.0,1540000.0,57.900210835752155,-67.48407942711776,-67.48407942711776,56.5,-67.8,-67.8,156.8546814729515,56.5000_-67.8000
5674,49,71,80000.0,1540000.0,57.89722495196078,-67.14551000673154,-67.14551000673154,56.5,-67.8,-67.8,160.28666786656441,56.5000_-67.8000
5675,50,71,100000.0,1540000.0,57.89338628029117,-66.80700122239384,-66.80700122239384,56.5,-67.8,-67.8,166.0797430658057,56.5000_-67.8000
5676,51,71,120000.0,1540000.0,57.88869506195304,-66.46856820258118,-66.46856820258118,56.5,-67.8,-67.8,173.99828438843295,56.5000_-67.8000
5677,52,71,140000.0,1540000.0,57.88315159162223,-66.13022605544316,-66.13022605544316,56.5,-66.3,-66.3,154.13928059570972,56.5000_-66.3000
5678,53,71,160000.0,1540000.0,57.87675621735918,-65.79198986476695,-65.79198986476695,56.5,-66.3,-66.3,156.1175116164972,56.5000_-66.3000
5679,54,71,180000.0,1540000.0,57.86950934051272,-65.4538746859583,-65.4538746859583,56.5,-66.3,-66.3,160.58863772355843,56.5000_-66.3000
5680,55,71,200000.0,1540000.0,57.86141141560931,-65.11589554204139,-65.11589554204139,56.5,-66.3,-66.3,167.35305520601364,56.5000_-66.3000
5681,56,71,220000.0,1540000.0,57.852462950227775,-64.77806741968041,-64.77806741968041,56.5,-64.8,-64.8,150.39303424681034,56.5000_-64.8000
5682,57,71,240000.0,1540000.0,57.842664504859485,-64.44040526522527,-64.44040526522527,56.5,-64.8,-64.8,150.86258251615862,56.5000_-64.8000
5713,20,72,-500000.0,1560000.0,57.81737126965165,-76.96709713281973,-76.96709713281973,56.5,-78.3,-78.3,167.08062079868432,56.5000_-78.3000
5714,21,72,-480000.0,1560000.0,57.838236097696935,-76.63138079302095,-76.63138079302095,56.5,-76.8,-76.8,149.15194794451187,56.5000_-76.8000
5715,22,72,-460000.0,1560000.0,57.858259343910326,-76.29530459207001,-76.29530459207001,56.5,-76.8,-76.8,154.06318560098927,56.5000_-76.8000
5716,23,72,-440000.0,1560000.0,57.87743976479349,-75.95888279950563,-75.95888279950563,56.5,-76.8,-76.8,161.3283203136964,56.5000_-76.8000
5717,24,72,-420000.0,1560000.0,57.895776167239575,-75.62212977532903,-75.62212977532903,56.5,-76.8,-76.8,170.64677751007807,56.5000_-76.8000
5718,25,72,-400000.0,1560000.0,57.91326740885469,-75.28505996650904,-75.28505996650904,56.5,-75.3,-75.3,157.15095760571236,56.5000_-75.3000
5719,26,72,-380000.0,1560000.0,57.92991239826704,-74.94768790343099,-74.94768790343099,56.5,-75.3,-75.3,160.40745715152966,56.5000_-75.3000
5720,27,72,-360000.0,1560000.0,57.94571009542297,-74.61002819629154,-74.61002819629154,56.5,-75.3,-75.3,166.03260070108854,56.5000_-75.3000
5721,28,72,-340000.0,1560000.0,57.96065951186994,-74.27209553144134,-74.27209553144134,56.5,-75.3,-75.3,173.79638977107612,56.5000_-75.3000
5722,29,72,-320000.0,1560000.0,57.9747597110264,-73.93390466767802,-73.93390466767802,56.5,-75.3,-75.3,183.42732390117033,56.5000_-75.3000
5723,30,72,-300000.0,1560000.0,57.988009808437965,-73.5954704324914,-73.5954704324914,56.5,-73.8,-73.8,165.91609642528235,56.5000_-73.8000
5724,31,72,-280000.0,1560000.0,58.00040897202013,-73.25680771826354,-73.25680771826354,58.0,-73.8,-73.8,32.00705077843318,58.0000_-73.8000
5725,32,72,-260000.0,1560000.0,58.01195642228715,-72.91793147842591,-72.91793147842591,58.0,-73.8,-73.8,51.983326723191155,58.0000_-73.8000
5726,33,72,-240000.0,1560000.0,58.022651432566725,-72.57885672357587,-72.57885672357587,58.0,-73.8,-73.8,71.97549017120775,58.0000_-73.8000
5727,34,72,-220000.0,1560000.0,58.03249332920086,-72.23959851755538,-72.23959851755538,58.0,-72.3,-72.3,5.0705355227389175,58.0000_-72.3000
5728,35,72,-200000.0,1560000.0,58.04148149173219,-71.90017197349401,-71.90017197349401,58.0,-72.3,-72.3,23.9934777827202,58.0000_-72.3000
5729,36,72,-180000.0,1560000.0,58.04961535307614,-71.56059224981901,-71.56059224981901,58.0,-72.3,-72.3,43.88689501971624,58.0000_-72.3000
5730,37,72,-160000.0,1560000.0,58.05689439967824,-71.22087454623515,-71.22087454623515,58.0,-72.3,-72.3,63.84979483825645,58.0000_-72.3000
5731,38,72,-140000.0,1560000.0,58.06331817165707,-70.88103409967671,-70.88103409967671,58.0,-72.3,-72.3,83.83239264563738,58.0000_-72.3000
5732,39,72,-120000.0,1560000.0,58.06888626293225,-70.54108618023442,-70.54108618023442,58.0,-70.8,-70.8,17.05815296392154,58.0000_-70.8000
5733,40,72,-100000.0,1560000.0,58.073598321337776,-70.20104608706013,-70.20104608706013,58.0,-70.8,-70.8,36.19393888392164,58.0000_-70.8000
5734,41,72,-80000.0,1560000.0,58.077454048720206,-69.86092914425188,-69.86092914425188,58.0,-70.8,-70.8,55.94080820161549,58.0000_-70.8000
5735,42,72,-60000.0,1560000.0,58.08045320102203,-69.520750696722,-69.520750696722,58.0,-70.8,-70.8,75.82272468796253,58.0000_-70.8000
5736,43,72,-40000.0,1560000.0,58.08259558834989,-69.1805261060512,-69.1805261060512,58.0,-69.3,-69.3,11.567029672794208,58.0000_-69.3000
5737,44,72,-20000.0,1560000.0,58.08388107502768,-68.8402707463314,-68.8402707463314,58.0,-69.3,-69.3,28.619963013998294,58.0000_-69.3000
5738,45,72,0.0,1560000.0,58.08430957963456,-68.5,-68.5,58.0,-69.3,-69.3,48.00793901646928,58.0000_-69.3000
5739,46,72,20000.0,1560000.0,58.08388107502768,-68.1597292536686,-68.1597292536686,58.0,-69.3,-69.3,67.75526751639993,58.0000_-69.3000
5740,47,72,40000.0,1560000.0,58.08259558834989,-67.8194738939488,-67.8194738939488,58.0,-69.3,-69.3,87.61934431331564,58.0000_-69.3000
5741,48,72,60000.0,1560000.0,58.08045320102203,-67.479249303278,-67.479249303278,58.0,-67.8,-67.8,20.891124682762438,58.0000_-67.8000
5742,49,72,80000.0,1560000.0,58.077454048720206,-67.13907085574812,-67.13907085574812,58.0,-67.8,-67.8,39.8444912717023,58.0000_-67.8000
5743,50,72,100000.0,1560000.0,58.073598321337776,-66.79895391293987,-66.79895391293987,58.0,-67.8,-67.8,59.49042679733626,58.0000_-67.8000
5744,51,72,120000.0,1560000.0,58.06888626293225,-66.45891381976558,-66.45891381976558,58.0,-67.8,-67.8,79.31607652210532,58.0000_-67.8000
5745,52,72,140000.0,1560000.0,58.06331817165707,-66.11896590032329,-66.11896590032329,58.0,-66.3,-66.3,12.773470861596415,58.0000_-66.3000
5746,53,72,160000.0,1560000.0,58.05689439967824,-65.77912545376485,-65.77912545376485,58.0,-66.3,-66.3,31.313478930194115,58.0000_-66.3000
5747,54,72,180000.0,1560000.0,58.04961535307614,-65.43940775018099,-65.43940775018099,58.0,-66.3,-66.3,50.97383213080868,58.0000_-66.3000
5748,55,72,200000.0,1560000.0,58.04148149173219,-65.09982802650599,-65.09982802650599,58.0,-66.3,-66.3,70.82786636629692,58.0000_-66.3000
5749,56,72,220000.0,1560000.0,58.03249332920086,-64.76040148244462,-64.76040148244462,58.0,-64.8,-64.8,4.30045550748913,58.0000_-64.8000
5750,57,72,240000.0,1560000.0,58.022651432566725,-64.42114327642413,-64.42114327642413,58.0,-64.8,-64.8,22.458502928934507,58.0000_-64.8000
5781,20,73,-500000.0,1580000.0,57.99639094465852,-77.00717198114349,-77.00717198114349,56.5,-78.3,-78.3,183.66154995857863,56.5000_-78.3000
5782,21,73,-480000.0,1580000.0,58.01734778252702,-76.66989492212184,-76.66989492212184,58.0,-76.8,-76.8,7.903521915482051,58.0000_-76.8000
5783,22,73,-460000.0,1580000.0,58.03745940072862,-76.33225290920059,-76.33225290920059,58.0,-76.8,-76.8,27.86037331082509,58.0000_-76.8000
5784,23,73,-440000.0,1580000.0,58.05672454131973,-75.99426040690177,-75.99426040690177,58.0,-76.8,-76.8,47.857296686234896,58.0000_-76.8000
5785,24,73,-420000.0,1580000.0,58.075141997307675,-75.6559319723389,-75.6559319723389,58.0,-76.8,-76.8,67.85830167878456,58.0000_-76.8000
5786,25,73,-400000.0,1580000.0,58.09271061297926,-75.31728225164414,-75.31728225164414,58.0,-76.8,-76.8,87.86018196223485,58.0000_-76.8000
5787,26,73,-380000.0,1580000.0,58.10942928421646,-74.97832597633744,-74.97832597633744,58.0,-75.3,-75.3,22.499606019965068,58.0000_-75.3000
5788,27,73,-360000.0,1580000.0,58.12529695879902,-74.63907795963969,-74.63907795963969,58.0,-75.3,-75.3,41.29720740787258,58.0000_-75.3000
5789,28,73,-340000.0,1580000.0,58.1403126366936,-74.29955309273205,-74.29955309273205,58.0,-75.3,-75.3,60.86810050757322,58.0000_-75.3000
5790,29,73,-320000.0,1580000.0,58.15447537032941,-73.95976634096401,-73.95976634096401,58.0,-75.3,-75.3,80.65092101127453,58.0000_-75.3000
5791,30,73,-300000.0,1580000.0,58.16778426486015,-73.61973274001191,-73.61973274001191,58.0,-73.8,-73.8,21.4563832522781,58.0000_-73.8000
5792,31,73,-280000.0,1580000.0,58.18023847841203,-73.27946739199112,-73.27946739199112,58.0,-73.8,-73.8,36.5745761272913,58.0000_-73.8000
5793,32,73,-260000.0,1580000.0,58.19183722231748,-72.93898546152343,-72.93898546152343,58.0,-73.8,-73.8,54.91090890009575,58.0000_-73.8000
5794,33,73,-240000.0,1580000.0,58.20257976133486,-72.59830217176297,-72.59830217176297,58.0,-73.8,-73.8,74.11379628843426,58.0000_-73.8000
5795,34,73,-220000.0,1580000.0,58.212465413853515,-72.25743280038253,-72.25743280038253,58.0,-72.3,-72.3,23.757097962151658,58.0000_-72.3000
5796,35,73,-200000.0,1580000.0,58.22149355208434,-71.91639267552337,-71.91639267552337,58.0,-72.3,-72.3,33.381970206636595,58.0000_-72.3000
5797,36,73,-180000.0,1580000.0,58.22966360223567,-71.57519717171078,-71.57519717171078,58.0,-72.3,-72.3,49.64329941385041,58.0000_-72.3000
5798,37,73,-160000.0,1580000.0,58.23697504467411,-71.23386170573858,-71.23386170573858,58.0,-72.3,-72.3,67.93136864359623,58.0000_-72.3000
5799,38,73,-140000.0,1580000.0,58.243427414070645,-70.8924017325245,-70.8924017325245,58.0,-72.3,-72.3,86.97683084186009,58.0000_-72.3000
5800,39,73,-120000.0,1580000.0,58.249020299531495,-70.55083274094015,-70.55083274094015,58.0,-70.8,-70.8,31.317535567963333,58.0000_-70.8000
5801,40,73,-100000.0,1580000.0,58.25375334471391,-70.20917024961751,-70.20917024961751,58.0,-70.8,-70.8,44.7166510826896,58.0000_-70.8000
5802,41,73,-80000.0,1580000.0,58.25762624792656,-69.86742980273534,-69.86742980273534,58.0,-70.8,-70.8,61.79377055384772,58.0000_-70.8000
5803,42,73,-60000.0,1580000.0,58.26063876221482,-69.52562696578813,-69.52562696578813,58.0,-70.8,-70.8,80.23370777613883,58.0000_-70.8000
5804,43,73,-40000.0,1580000.0,58.26279069543036,-69.18377732134046,-69.18377732134046,58.0,-69.3,-69.3,30.00706740687382,58.0000_-69.3000
5805,44,73,-20000.0,1580000.0,58.26408191028561,-68.8418964647697,-68.8418964647697,58.0,-69.3,-69.3,39.81891348251711,58.0000_-69.3000
5806,45,73,0.0,1580000.0,58.264512324392435,-68.5,-68.5,58.0,-69.3,-69.3,55.414526838048744,58.0000_-69.3000
5807,46,73,20000.0,1580000.0,58.26408191028561,-68.1581035352303,-68.1581035352303,58.0,-69.3,-69.3,73.18535506443841,58.0000_-69.3000
5808,47,73,40000.0,1580000.0,58.26279069543036,-67.81622267865954,-67.81622267865954,58.0,-69.3,-69.3,91.87780086960527,58.0000_-69.3000
5809,48,73,60000.0,1580000.0,58.26063876221482,-67.47437303421187,-67.47437303421187,58.0,-67.8,-67.8,34.719069982805074,58.0000_-67.8000
5810,49,73,80000.0,1580000.0,58.25762624792656,-67.13257019726466,-67.13257019726466,58.0,-67.8,-67.8,48.54039052459772,58.0000_-67.8000
5811,50,73,100000.0,1580000.0,58.25375334471391,-66.79082975038249,-66.79082975038249,58.0,-67.8,-67.8,65.62817471822162,58.0000_-67.8000
5812,51,73,120000.0,1580000.0,58.249020299531495,-66.44916725905985,-66.44916725905985,58.0,-67.8,-67.8,84.0124781471927,58.0000_-67.8000
5813,52,73,140000.0,1580000.0,58.243427414070645,-66.1075982674755,-66.1075982674755,58.0,-66.3,-66.3,29.331370542582693,58.0000_-66.3000
5814,53,73,160000.0,1580000.0,58.23697504467411,-65.76613829426142,-65.76613829426142,58.0,-66.3,-66.3,40.95558032835236,58.0000_-66.3000
5815,54,73,180000.0,1580000.0,58.22966360223567,-65.42480282828922,-65.42480282828922,58.0,-66.3,-66.3,57.39830245564018,58.0000_-66.3000
5816,55,73,200000.0,1580000.0,58.22149355208434,-65.08360732447663,-65.08360732447663,58.0,-66.3,-66.3,75.57763676974135,58.0000_-66.3000
5817,56,73,220000.0,1580000.0,58.212465413853515,-64.74256719961747,-64.74256719961747,58.0,-64.8,-64.8,23.864838460341733,58.0000_-64.8000
5818,57,73,240000.0,1580000.0,58.20257976133486,-64.40169782823703,-64.40169782823703,58.0,-64.8,-64.8,32.482644578289595,58.0000_-64.8000
5847,19,74,-520000.0,1600000.0,58.15344661823247,-77.38609360820806,-77.38609360820806,58.0,-78.3,-78.3,56.379272099088496,58.0000_-78.3000
5848,20,74,-500000.0,1600000.0,58.1753436600838,-77.04762616837895,-77.04762616837895,58.0,-78.3,-78.3,76.15158460447225,58.0000_-78.3000
5849,21,74,-480000.0,1600000.0,58.19639314427625,-76.7087740211414,-76.7087740211414,58.0,-76.8,-76.8,22.486280893071626,58.0000_-76.8000
5850,22,74,-460000.0,1600000.0,58.21659374700523,-76.36955173114232,-76.36955173114232,58.0,-76.8,-76.8,34.921019431915816,58.0000_-76.8000
5851,23,74,-440000.0,1600000.0,58.23594419563679,-76.02997396140005,-76.02997396140005,58.0,-76.8,-76.8,52.282474161051525,58.0000_-76.8000
5852,24,74,-420000.0,1600000.0,58.2544432690563,-75.6900554697135,-75.6900554697135,58.0,-76.8,-76.8,71.04569960148862,58.0000_-76.8000
5853,25,74,-400000.0,1600000.0,58.27208979800423,-75.34981110500951,-75.34981110500951,58.0,-76.8,-76.8,90.34104868634063,58.0000_-76.8000
5854,26,74,-380000.0,1600000.0,58.288882665398596,-75.00925580362981,-75.00925580362981,58.0,-75.3,-75.3,36.3727381994826,58.0000_-75.3000
5855,27,74,-360000.0,1600000.0,58.304820806644315,-74.66840458556045,-74.66840458556045,58.0,-75.3,-75.3,50.22037820489744,58.0000_-75.3000
5856,28,74,-340000.0,1600000.0,58.31990320992856,-74.32727255060567,-74.32727255060567,58.0,-75.3,-75.3,67.23973295558164,58.0000_-75.3000
5857,29,74,-320000.0,1600000.0,58.33412891650254,-73.9858748745084,-73.9858748745084,58.0,-75.3,-75.3,85.55816897209885,58.0000_-75.3000
5858,30,74,-300000.0,1600000.0,58.34749702094916,-73.64422680502005,-73.64422680502005,58.0,-73.8,-73.8,39.70489662055019,58.0000_-73.8000
5859,31,74,-280000.0,1600000.0,58.36000667143651,-73.30234365792202,-73.30234365792202,58.0,-73.8,-73.8,49.53503950284207,58.0000_-73.8000
5860,32,74,-260000.0,1600000.0,58.37165706995674,-72.9602408130012,-72.9602408130012,58.0,-73.8,-73.8,64.27201028146632,58.0000_-73.8000
5861,33,74,-240000.0,1600000.0,58.38244747255057,-72.61793370998242,-72.61793370998242,58.0,-73.8,-73.8,81.2892653525778,58.0000_-73.8000
5862,34,74,-220000.0,1600000.0,58.392377189517056,-72.27543784442,-72.27543784442,58.0,-72.3,-72.3,43.65414829096442,58.0000_-72.3000
5863,35,74,-200000.0,1600000.0,58.40144558560823,-71.93276876355164,-71.93276876355164,58.0,-72.3,-72.3,49.554035349038536,58.0000_-72.3000
5864,36,74,-180000.0,1600000.0,58.40965208020887,-71.58994206211693,-71.58994206211693,58.0,-72.3,-72.3,61.687999467869886,58.0000_-72.3000
5865,37,74,-160000.0,1600000.0,58.41699614750108,-71.24697337814344,-71.24697337814344,58.0,-72.3,-72.3,77.16911191753394,58.0000_-72.3000
5866,38,74,-140000.0,1600000.0,58.42347731661352,-70.90387838870322,-70.90387838870322,58.0,-72.3,-72.3,94.36398446814147,58.0000_-72.3000
5867,39,74,-120000.0,1600000.0,58.42909517175521,-70.56067280564248,-70.56067280564248,58.0,-70.8,-70.8,49.72968293406799,58.0000_-70.8000
5868,40,74,-100000.0,1600000.0,58.43384935233388,-70.21737237128744,-70.21737237128744,58.0,-70.8,-70.8,59.08965324379882,58.0000_-70.8000
5869,41,74,-80000.0,1600000.0,58.4377395530587,-69.87399285412917,-69.87399285412917,58.0,-70.8,-70.8,72.86958496722418,58.0000_-70.8000
5870,42,74,-60000.0,1600000.0,58.44076552402735,-69.53055004449043,-69.53055004449043,58.0,-70.8,-70.8,89.04041309499571,58.0000_-70.8000
5871,43,74,-40000.0,1600000.0,58.44292707079725,-69.1870597501774,-69.1870597501774,58.0,-69.3,-69.3,49.693370311734355,58.0000_-69.3000
5872,44,74,-20000.0,1600000.0,58.4442240544412,-68.84353779211953,-68.84353779211953,58.0,-69.3,-69.3,56.1636991387756,58.0000_-69.3000
5873,45,74,0.0,1600000.0,58.44465639158698,-68.5,-68.5,58.0,-69.3,-69.3,68.1112079072262,58.0000_-69.3000
5874,46,74,20000.0,1600000.0,58.4442240544412,-68.15646220788047,-68.15646220788047,58.0,-69.3,-69.3,83.20912254925814,58.0000_-69.3000
5875,47,74,40000.0,1600000.0,58.44292707079725,-67.8129402498226,-67.8129402498226,58.0,-69.3,-69.3,100.04114536122103,58.0000_-69.3000
5878,50,74,100000.0,1600000.0,58.43384935233388,-66.78262762871256,-66.78262762871256,58.0,-67.8,-67.8,76.66399759298326,58.0000_-67.8000
5879,51,74,120000.0,1600000.0,58.42909517175521,-66.43932719435752,-66.43932719435752,58.0,-67.8,-67.8,92.88435528743702,58.0000_-67.8000
5880,52,74,140000.0,1600000.0,58.42347731661352,-66.09612161129678,-66.09612161129678,58.0,-66.3,-66.3,48.579296335581496,58.0000_-66.3000
5881,53,74,160000.0,1600000.0,58.41699614750108,-65.75302662185656,-65.75302662185656,58.0,-66.3,-66.3,56.36168630942969,58.0000_-66.3000
5882,54,74,180000.0,1600000.0,58.40965208020887,-65.41005793788307,-65.41005793788307,58.0,-66.3,-66.3,69.23331412344291,58.0000_-66.3000
5883,55,74,200000.0,1600000.0,58.40144558560823,-65.06723123644836,-65.06723123644836,58.0,-66.3,-66.3,84.91064961220852,58.0000_-66.3000
5884,56,74,220000.0,1600000.0,58.392377189517056,-64.72456215558,-64.72456215558,58.0,-64.8,-64.8,43.85379425651147,58.0000_-64.8000
5885,57,74,240000.0,1600000.0,58.38244747255057,-64.38206629001759,-64.38206629001759,58.0,-64.8,-64.8,49.07605781635986,58.0000_-64.8000
5886,58,74,260000.0,1600000.0,58.37165706995674,-64.0397591869988,-64.0397591869988,58.0,-64.8,-64.8,60.776163200878365,58.0000_-64.8000
5913,18,75,-540000.0,1620000.0,58.309389463636634,-77.76816343806337,-77.76816343806337,58.0,-78.3,-78.3,46.444771328838065,58.0000_-78.3000
5914,19,75,-520000.0,1620000.0,58.33223330443549,-77.42851668628748,-77.42851668628748,58.0,-78.3,-78.3,63.06519554959194,58.0000_-78.3000
5915,20,75,-500000.0,1620000.0,58.3542273077303,-77.0884650800077,-77.0884650800077,58.0,-78.3,-78.3,81.22317476861342,58.0000_-78.3000
5916,21,75,-480000.0,1620000.0,58.37537008283429,-76.7480232793195,-76.7480232793195,58.0,-76.8,-76.8,41.850344597748354,58.0000_-76.8000
5917,22,75,-460000.0,1620000.0,58.39566029043201,-76.40720604862578,-76.40720604862578,58.0,-76.8,-76.8,49.65249309563923,58.0000_-76.8000
5918,23,75,-440000.0,1620000.0,58.41509664294866,-76.06602825303217,-76.06602825303217,58.0,-76.8,-76.8,63.080643311083875,58.0000_-76.8000
5919,24,75,-420000.0,1620000.0,58.433677904906254,-75.72450485467634,-75.72450485467634,58.0,-76.8,-76.8,79.32693022517573,58.0000_-76.8000
5920,25,75,-400000.0,1620000.0,58.45140289326678,-75.38265090899284,-75.38265090899284,58.0,-76.8,-76.8,96.98492439095602,58.0000_-76.8000
5921,26,75,-380000.0,1620000.0,58.46827047776177,-75.04048156091628,-75.04048156091628,58.0,-75.3,-75.3,54.240206851579494,58.0000_-75.3000
5922,27,75,-360000.0,1620000.0,58.48427958120829,-74.69801204102453,-74.69801204102453,58.0,-75.3,-75.3,64.350285938859,58.0000_-75.3000
5923,28,75,-340000.0,1620000.0,58.49942917981099,-74.35525766162456,-74.35525766162456,58.0,-75.3,-75.3,78.35588251343924,58.0000_-75.3000
5924,29,75,-320000.0,1620000.0,58.51371830344997,-74.01223381278345,-74.01223381278345,58.0,-75.3,-75.3,94.54095332768712,58.0000_-75.3000
5925,30,75,-300000.0,1620000.0,58.527146035954424,-73.66895595830665,-73.66895595830665,58.0,-73.8,-73.8,59.115021545445465,58.0000_-73.8000
5926,31,75,-280000.0,1620000.0,58.53971151536169,-73.32543963166647,-73.32543963166647,58.0,-73.8,-73.8,66.11897053191268,58.0000_-73.8000
5927,32,75,-260000.0,1620000.0,58.55141393416145,-72.98170043188296,-72.98170043188296,58.0,-73.8,-73.8,77.77223432565114,58.0000_-73.8000
5928,33,75,-240000.0,1620000.0,58.562252539525375,-72.63775401936036,-72.63775401936036,58.0,-73.8,-73.8,92.33062023703172,58.0000_-73.8000
5929,34,75,-220000.0,1620000.0,58.57222663352125,-72.29361611168126,-72.29361611168126,58.0,-72.3,-72.3,63.629880537986736,58.0000_-72.3000
5930,35,75,-200000.0,1620000.0,58.58133557331224,-71.94930247936175,-71.94930247936175,58.0,-72.3,-72.3,67.81313930191837,58.0000_-72.3000
5931,36,75,-180000.0,1620000.0,58.58957877134057,-71.60482894157,-71.60482894157,58.0,-72.3,-72.3,77.12399297917005,58.0000_-72.3000
5932,37,75,-160000.0,1620000.0,58.59695569549575,-71.2602113618114,-71.2602113618114,58.0,-72.3,-72.3,89.98440286075024,58.0000_-72.3000
5933,38,75,-140000.0,1620000.0,58.603465869267175,-70.91546564358302,-70.91546564358302,58.0,-72.3,-72.3,105.09919147802508,58.0000_-72.3000
5934,39,75,-120000.0,1620000.0,58.60910887188102,-70.57060772600042,-70.57060772600042,58.0,-70.8,-70.8,69.04295264125672,58.0000_-70.8000
5935,40,75,-100000.0,1620000.0,58.61388433842107,-70.22565357939965,-70.22565357939965,58.0,-70.8,-70.8,76.06059468392993,58.0000_-70.8000
5936,41,75,-80000.0,1620000.0,58.617791959933896,-69.88061920091772,-69.88061920091772,58.0,-70.8,-70.8,87.19564571949081,58.0000_-70.8000
5937,42,75,-60000.0,1620000.0,58.620831483517826,-69.53552061005443,-69.53552061005443,58.0,-70.8,-70.8,101.0965608352121,58.0000_-70.8000
5938,43,75,-40000.0,1620000.0,58.623002712395795,-69.19037384421837,-69.19037384421837,58.0,-69.3,-69.3,69.57012577317974,58.0000_-69.3000
5939,44,75,-20000.0,1620000.0,58.624305505972195,-68.84519495426082,-68.84519495426082,58.0,-69.3,-69.3,74.32854861711886,58.0000_-69.3000
5940,45,75,0.0,1620000.0,58.62473977987341,-68.5,-68.5,58.0,-69.3,-69.3,83.7200562872892,58.0000_-69.3000
5946,51,75,120000.0,1620000.0,58.60910887188102,-66.42939227399958,-66.42939227399958,58.0,-67.8,-67.8,104.87348316168024,58.0000_-67.8000
5947,52,75,140000.0,1620000.0,58.603465869267175,-66.08453435641698,-66.08453435641698,58.0,-66.3,-66.3,68.27303249763928,58.0000_-66.3000
5948,53,75,160000.0,1620000.0,58.59695569549575,-65.7397886381886,-65.7397886381886,58.0,-66.3,-66.3,74.01056840077925,58.0000_-66.3000
5949,54,75,180000.0,1620000.0,58.58957877134057,-65.39517105843,-65.39517105843,58.0,-66.3,-66.3,84.22340646890007,58.0000_-66.3000
5950,55,75,200000.0,1620000.0,58.58133557331224,-65.05069752063827,-65.05069752063827,58.0,-66.3,-66.3,97.51561842057191,58.0000_-66.3000
5951,56,75,220000.0,1620000.0,58.57222663352125,-64.70638388831874,-64.70638388831874,58.0,-64.8,-64.8,63.863638968668226,58.0000_-64.8000
5952,57,75,240000.0,1620000.0,58.562252539525375,-64.36224598063966,-64.36224598063966,58.0,-64.8,-64.8,67.55437371912821,58.0000_-64.8000
5978,17,76,-560000.0,1640000.0,58.46420575499029,-78.15339881298091,-78.15339881298091,58.0,-78.3,-78.3,52.3259798203309,58.0000_-78.3000
5979,18,76,-540000.0,1640000.0,58.48800297015365,-77.81258442355647,-77.81258442355647,58.0,-78.3,-78.3,61.3036785323332,58.0000_-78.3000
5980,19,76,-520000.0,1640000.0,58.51094812794348,-77.47134463684672,-77.47134463684672,58.0,-78.3,-78.3,74.68596550752872,58.0000_-78.3000
5981,20,76,-500000.0,1640000.0,58.533039769773914,-77.12969420343127,-77.12969420343127,58.0,-78.3,-78.3,90.53986707721589,58.0000_-78.3000
5982,21,76,-480000.0,1640000.0,58.55427648861118,-76.78764798428877,-76.78764798428877,58.0,-76.8,-76.8,61.63704939247255,58.0000_-76.8000
5983,22,76,-460000.0,1640000.0,58.57465692936385,-76.44522094718288,-76.44522094718288,58.0,-76.8,-76.8,67.1794622863656,58.0000_-76.8000
5984,23,76,-440000.0,1640000.0,58.59417978926007,-76.1024281629778,-76.1024281629778,58.0,-76.8,-76.8,77.63151604566346,58.0000_-76.8000
5985,24,76,-420000.0,1640000.0,58.61284381821172,-75.75928480188513,-75.75928480188513,58.0,-76.8,-76.8,91.32227683582592,58.0000_-76.8000
5986,25,76,-400000.0,1640000.0,58.63064781916499,-75.41580612964471,-75.41580612964471,58.0,-76.8,-76.8,107.01550692225119,58.0000_-76.8000
5987,26,76,-380000.0,1640000.0,58.647590648437244,-75.07200750364103,-75.07200750364103,58.0,-75.3,-75.3,73.22902104447961,58.0000_-75.3000
5988,27,76,-360000.0,1640000.0,58.66367121604004,-74.72790436895825,-74.72790436895825,58.0,-75.3,-75.3,81.00161471888275,58.0000_-75.3000
5989,28,76,-340000.0,1640000.0,58.678888485987734,-74.38351225437572,-74.38351225437572,58.0,-75.3,-75.3,92.51754024818548,58.0000_-75.3000
5990,29,76,-320000.0,1640000.0,58.6932414765919,-74.03884676830664,-74.03884676830664,58.0,-75.3,-75.3,106.56981614601985,58.0000_-75.3000
5991,30,76,-300000.0,1640000.0,58.70672926074092,-73.69392359468256,-73.69392359468256,58.0,-73.8,-73.8,78.82809697737797,58.0000_-73.8000
5992,31,76,-280000.0,1640000.0,58.71935096616484,-73.34875848878609,-73.34875848878609,58.0,-73.8,-73.8,84.2072688961756,58.0000_-73.8000
5993,32,76,-260000.0,1640000.0,58.7311057756851,-73.00336727303464,-73.00336727303464,58.0,-73.8,-73.8,93.63366921477078,58.0000_-73.8000
5994,33,76,-240000.0,1640000.0,58.74199292744915,-72.65776583271804,-72.65776583271804,58.0,-73.8,-73.8,106.03310079842838,58.0000_-73.8000
5995,34,76,-220000.0,1640000.0,58.75201171514955,-72.31197011169256,-72.31197011169256,58.0,-73.8,-73.8,120.4910060067052,58.0000_-73.8000
5996,35,76,-200000.0,1640000.0,58.76116148822756,-71.96599610803449,-71.96599610803449,58.0,-72.3,-72.3,86.84799536033924,58.0000_-72.3000
5997,36,76,-180000.0,1640000.0,58.76944165206103,-71.61985986965597,-71.61985986965597,58.0,-72.3,-72.3,94.29591316576574,58.0000_-72.3000
5998,37,76,-160000.0,1640000.0,58.77685166813639,-71.27357748988624,-71.27357748988624,58.0,-72.3,-72.3,105.07231642679494,58.0000_-72.3000
5999,38,76,-140000.0,1640000.0,58.783391054204664,-70.92716510302111,-70.92716510302111,58.0,-72.3,-72.3,118.27071370245392,58.0000_-72.3000
6000,39,76,-120000.0,1640000.0,58.78905938442139,-70.58063887984386,-70.58063887984386,58.0,-70.8,-70.8,88.6656930179353,58.0000_-70.8000
6001,40,76,-100000.0,1640000.0,58.7938562894704,-70.23401502312052,-70.23401502312052,58.0,-70.8,-70.8,94.23169509805858,58.0000_-70.8000
6004,43,76,-40000.0,1640000.0,58.803015610513,-69.19372006387547,-69.19372006387547,58.0,-69.3,-69.3,89.50579844794277,58.0000_-69.3000
6005,44,76,-20000.0,1640000.0,58.80432425570809,-68.84686818145298,-68.84686818145298,58.0,-69.3,-69.3,93.25133576094753,58.0000_-69.3000
6006,45,76,0.0,1640000.0,58.804760480262125,-68.5,-68.5,58.0,-69.3,-69.3,100.89426564465381,58.0000_-69.3000
6012,51,76,120000.0,1640000.0,58.78905938442139,-66.41936112015615,-66.41936112015615,58.0,-67.8,-67.8,119.03814337420684,58.0000_-67.8000
6013,52,76,140000.0,1640000.0,58.783391054204664,-66.07283489697889,-66.07283489697889,58.0,-66.3,-66.3,88.10936289797395,58.0000_-66.3000
6014,53,76,160000.0,1640000.0,58.77685166813639,-65.72642251011376,-65.72642251011376,58.0,-66.3,-66.3,92.62444415067296,58.0000_-66.3000
6015,54,76,180000.0,1640000.0,58.76944165206103,-65.38014013034405,-65.38014013034405,58.0,-66.3,-66.3,100.96886436885157,58.0000_-66.3000
6016,55,76,200000.0,1640000.0,58.76116148822756,-65.03400389196553,-65.03400389196553,58.0,-66.3,-66.3,112.29233042401587,58.0000_-66.3000
6017,56,76,220000.0,1640000.0,58.75201171514955,-64.68802988830744,-64.68802988830744,58.0,-64.8,-64.8,83.87442200158485,58.0000_-64.8000
6018,57,76,240000.0,1640000.0,58.74199292744915,-64.34223416728196,-64.34223416728196,58.0,-64.8,-64.8,86.71612313081602,58.0000_-64.8000
6019,58,76,260000.0,1640000.0,58.7311057756851,-63.99663272696537,-63.99663272696537,58.0,-64.8,-64.8,93.82915225078533,58.0000_-64.8000
6043,16,77,-580000.0,1660000.0,58.61788169684696,-78.54181662984819,-78.54181662984819,58.0,-79.8,-79.8,100.60619405818596,58.0000_-79.8000
6044,17,77,-560000.0,1660000.0,58.642638839992316,-78.199846896373,-78.199846896373,58.0,-78.3,-78.3,71.69718312932127,58.0000_-78.3000
6045,18,77,-540000.0,1660000.0,58.6665417677255,-77.85743082532704,-77.85743082532704,58.0,-78.3,-78.3,78.48936693796973,58.0000_-78.3000
6046,19,77,-520000.0,1660000.0,58.68958895255005,-77.51458325251349,-77.51458325251349,58.0,-78.3,-78.3,89.33157876395852,58.0000_-78.3000
6047,20,77,-500000.0,1660000.0,58.71177891868141,-77.17131913038138,-77.17131913038138,58.0,-78.3,-78.3,102.95162174163501,58.0000_-78.3000
6048,21,77,-480000.0,1660000.0,58.733110242458615,-76.82765352440674,-76.82765352440674,58.0,-78.3,-78.3,118.39426212336942,58.0000_-78.3000
6049,22,77,-460000.0,1660000.0,58.75358155274299,-76.48360160939895,-76.48360160939895,58.0,-76.8,-76.8,85.80078792374758,58.0000_-76.8000
6050,23,77,-440000.0,1660000.0,58.7731915313039,-76.13917866573411,-76.13917866573411,58.0,-76.8,-76.8,94.20762352420685,58.0000_-76.8000
6051,24,77,-420000.0,1660000.0,58.79193891319063,-75.79440007551756,-75.79440007551756,58.0,-76.8,-76.8,105.7716568910166,58.0000_-76.8000
6052,25,77,-400000.0,1660000.0,58.80982248709092,-75.44928131867808,-75.44928131867808,58.0,-76.8,-76.8,119.58007852414383,58.0000_-76.8000
6053,26,77,-380000.0,1660000.0,58.82684109567521,-75.10383796899565,-75.10383796899565,58.0,-75.3,-75.3,92.64769143305266,58.0000_-75.3000
6054,27,77,-360000.0,1660000.0,58.84299363592682,-74.75808569006557,-74.75808569006557,58.0,-75.3,-75.3,98.90470932330486,58.0000_-75.3000
6055,28,77,-340000.0,1660000.0,58.858279059457445,-74.41204023120125,-74.41204023120125,58.0,-75.3,-75.3,108.53515973929815,58.0000_-75.3000
6056,29,77,-320000.0,1660000.0,58.872696372808136,-74.06571742327803,-74.06571742327803,58.0,-75.3,-75.3,120.7341976291995,58.0000_-75.3000
6057,30,77,-300000.0,1660000.0,58.88624463773509,-73.71913317452128,-73.71913317452128,58.0,-73.8,-73.8,98.65832130454051,58.0000_-73.8000
6058,31,77,-280000.0,1660000.0,58.898922971480516,-73.37230346624058,-73.37230346624058,58.0,-73.8,-73.8,103.00627401866902,58.0000_-73.8000
6059,32,77,-260000.0,1660000.0,58.91073054702794,-73.02524434851367,-73.02524434851367,58.0,-73.8,-73.8,110.84338197991224,58.0000_-73.8000
6060,33,77,-240000.0,1660000.0,58.921666593342024,-72.67797193582231,-72.67797193582231,58.0,-73.8,-73.8,121.49609727762761,58.0000_-73.8000
6061,34,77,-220000.0,1660000.0,58.9317303955927,-72.3305024026434,-72.3305024026434,58.0,-73.8,-73.8,134.29588763480382,58.0000_-73.8000
6062,35,77,-200000.0,1660000.0,58.940921295363296,-71.98285197899806,-71.98285197899806,58.0,-72.3,-72.3,106.2383369032327,58.0000_-72.3000
6063,36,77,-180000.0,1660000.0,58.94923869084265,-71.6350369459617,-71.6350369459617,58.0,-72.3,-72.3,112.40711536307732,58.0000_-72.3000
6064,37,77,-160000.0,1660000.0,58.956682037001,-71.28707363113841,-71.28707363113841,58.0,-72.3,-72.3,121.58614678033388,58.0000_-72.3000
6065,38,77,-140000.0,1660000.0,58.963250845749585,-70.9389784041024,-70.9389784041024,58.0,-72.3,-72.3,133.1542269446523,58.0000_-72.3000
6066,39,77,-120000.0,1660000.0,58.96894468608373,-70.59076767180986,-70.59076767180986,58.0,-70.8,-70.8,108.42594900382535,58.0000_-70.8000
6067,40,77,-100000.0,1660000.0,58.97376318420922,-70.2424578739844,-70.2424578739844,58.0,-70.8,-70.8,113.02167502335928,58.0000_-70.8000
6068,41,77,-80000.0,1660000.0,58.977706023652345,-69.89406547847942,-69.89406547847942,58.0,-70.8,-70.8,120.79178572186633,58.0000_-70.8000
6069,42,77,-60000.0,1660000.0,58.98077294535284,-69.54560697662026,-69.54560697662026,58.0,-70.8,-70.8,131.1733234382415,58.0000_-70.8000
6080,53,77,160000.0,1660000.0,58.956682037001,-65.71292636886159,-65.71292636886159,58.0,-66.3,-66.3,111.71807723367384,58.0000_-66.3000
6081,54,77,180000.0,1660000.0,58.94923869084265,-65.3649630540383,-65.3649630540383,58.0,-66.3,-66.3,118.72556393532493,58.0000_-66.3000
6082,55,77,200000.0,1660000.0,58.940921295363296,-65.01714802100194,-65.01714802100194,58.0,-66.3,-66.3,128.4902867663997,58.0000_-66.3000
6083,56,77,220000.0,1660000.0,58.9317303955927,-64.6694975973566,-64.6694975973566,58.0,-64.8,-64.8,103.88139111593568,58.0000_-64.8000
6110,17,78,-560000.0,1680000.0,58.820994317338766,-78.24674133736933,-78.24674133736933,58.0,-78.3,-78.3,91.34321371304158,58.0000_-78.3000
6111,18,78,-540000.0,1680000.0,58.845003701074134,-77.9027087483083,-77.9027087483083,58.0,-78.3,-78.3,96.76563840480858,58.0000_-78.3000
6112,19,78,-520000.0,1680000.0,58.86815363209601,-77.55823843633877,-77.55823843633877,58.0,-78.3,-78.3,105.748671614852,58.0000_-78.3000
6113,20,78,-500000.0,1680000.0,58.890442617125615,-77.21334555939825,-77.21334555939825,58.0,-78.3,-78.3,117.47790517944838,58.0000_-78.3000
6114,21,78,-480000.0,1680000.0,58.91186921558825,-76.86804539115427,-76.86804539115427,58.0,-78.3,-78.3,131.21859880175361,58.0000_-78.3000
6115,22,78,-460000.0,1680000.0,58.93243204002086,-76.52235331722888,-76.52235331722888,58.0,-76.8,-76.8,104.93134659547137,58.0000_-76.8000
6116,23,78,-440000.0,1680000.0,58.95212975646612,-76.17628483134784,-76.17628483134784,58.0,-76.8,-76.8,111.90875575614251,58.0000_-76.8000
6117,24,78,-420000.0,1680000.0,58.970961084852725,-75.82985553141657,-75.82985553141657,58.0,-76.8,-76.8,121.80125183770697,58.0000_-76.8000
6118,25,78,-400000.0,1680000.0,58.988924799361726,-75.48308111552531,-75.48308111552531,58.0,-76.8,-76.8,133.96428750572298,58.0000_-76.8000
6119,26,78,-380000.0,1680000.0,59.00601972877861,-75.13597737788587,-75.13597737788587,58.0,-75.3,-75.3,112.26945496916122,58.0000_-75.3000
6120,27,78,-360000.0,1680000.0,59.022244756830666,-74.78856020470239,-74.78856020470239,58.0,-75.3,-75.3,117.4849438718369,58.0000_-75.3000
6121,28,78,-340000.0,1680000.0,59.03759882250969,-74.44084556997875,-74.44084556997875,58.0,-75.3,-75.3,125.69770202013152,58.0000_-75.3000
6122,29,78,-320000.0,1680000.0,59.05208092037956,-74.09284953126513,-74.09284953126513,58.0,-75.3,-75.3,136.36701708793333,58.0000_-75.3000
6123,30,78,-300000.0,1680000.0,59.06569010086864,-73.74458822534662,-73.74458822534662,58.0,-73.8,-73.8,118.54312706453703,58.0000_-73.8000
6124,31,78,-280000.0,1680000.0,59.078425470546506,-73.39607786387656,-73.39607786387656,58.0,-73.8,-73.8,122.18470656677687,58.0000_-73.8000
6125,32,78,-260000.0,1680000.0,59.0902861923852,-73.0473347289575,-73.0473347289575,58.0,-73.8,-73.8,128.85880687545318,58.0000_-73.8000
6126,33,78,-240000.0,1680000.0,59.10127148600441,-72.69837516867258,-72.69837516867258,58.0,-73.8,-73.8,138.12635269362687,58.0000_-73.8000
6127,34,78,-220000.0,1680000.0,59.11138062790057,-72.34921559257077,-72.34921559257077,58.0,-73.8,-73.8,149.50567557137313,58.0000_-73.8000
6128,35,78,-200000.0,1680000.0,59.12061295165993,-71.9998724671083,-71.9998724671083,58.0,-72.3,-72.3,125.81629655382797,58.0000_-72.3000
6129,36,78,-180000.0,1680000.0,59.128967848154765,-71.65036231105022,-71.65036231105022,58.0,-72.3,-72.3,131.06532379194886,58.0000_-72.3000
6130,37,78,-160000.0,1680000.0,59.13644476572348,-71.3007016908344,-71.3007016908344,58.0,-72.3,-72.3,139.0153868102279,58.0000_-72.3000
6131,38,78,-140000.0,1680000.0,59.14304321033375,-70.95090721590212,-70.95090721590212,58.0,-72.3,-72.3,149.23533496942994,58.0000_-72.3000
6132,39,78,-120000.0,1680000.0,59.14876274572874,-70.60099553399758,-70.60099553399758,58.0,-70.8,-70.8,128.25659853808529,58.0000_-70.8000
6133,40,78,-100000.0,1680000.0,59.15360299355669,-70.25098332644029,-70.25098332644029,58.0,-70.8,-70.8,132.1633659287699,58.0000_-70.8000
6134,41,78,-80000.0,1680000.0,59.15756363348309,-69.90088730337348,-69.90088730337348,58.0,-70.8,-70.8,138.86440609428584,58.0000_-70.8000
6135,42,78,-60000.0,1680000.0,59.16064440328603,-69.55072419899173,-69.55072419899173,58.0,-70.8,-70.8,147.98055158248897,58.0000_-70.8000
6146,53,78,160000.0,1680000.0,59.13644476572348,-65.6992983091656,-65.6992983091656,58.0,-66.3,-66.3,131.07849066327915,58.0000_-66.3000
6147,54,78,180000.0,1680000.0,59.128967848154765,-65.3496376889498,-65.3496376889498,58.0,-66.3,-66.3,137.09781170803333,58.0000_-66.3000
6148,55,78,200000.0,1680000.0,59.12061295165993,-65.0001275328917,-65.0001275328917,58.0,-66.3,-66.3,145.63289312113494,58.0000_-66.3000
6149,56,78,220000.0,1680000.0,59.11138062790057,-64.65078440742923,-64.65078440742923,58.0,-64.8,-64.8,123.88271988734058,58.0000_-64.8000
6177,18,79,-540000.0,1700000.0,59.023386604710375,-77.9484244141049,-77.9484244141049,58.0,-78.3,-78.3,115.61264218311378,58.0000_-78.3000
6178,19,79,-520000.0,1700000.0,59.04664001037808,-77.60231620442556,-77.60231620442556,58.0,-78.3,-78.3,123.22767661421287,58.0000_-78.3000
6179,20,79,-500000.0,1700000.0,59.06902871789759,-77.25577929837979,-77.25577929837979,58.0,-78.3,-78.3,133.42655377595295,58.0000_-78.3000
6180,21,79,-480000.0,1700000.0,59.090551269487534,-76.9088291816025,-76.9088291816025,58.0,-78.3,-78.3,145.66721511685063,58.0000_-78.3000
6181,22,79,-460000.0,1700000.0,59.11120626107695,-76.56148145437969,-76.56148145437969,58.0,-76.8,-76.8,124.33267493255599,58.0000_-76.8000
6182,23,79,-440000.0,1700000.0,59.13099234270796,-76.21375182771119,-76.21375182771119,58.0,-76.8,-76.8,130.27366112030597,58.0000_-76.8000
6183,24,79,-420000.0,1700000.0,59.14990821892472,-75.86565611929767,-75.86565611929767,58.0,-76.8,-76.8,138.8616405040949,58.0000_-76.8000
6184,25,79,-400000.0,1700000.0,59.16795264914784,-75.51721024945455,-75.51721024945455,58.0,-76.8,-76.8,149.64128509880157,58.0000_-76.8000
6185,26,79,-380000.0,1700000.0,59.18512444803426,-75.16843023695509,-75.16843023695509,58.0,-75.3,-75.3,132.00028902799536,58.0000_-75.3000
6186,27,79,-360000.0,1700000.0,59.20142248582228,-74.81933219480538,-74.81933219480538,58.0,-75.3,-75.3,136.4626342354951,58.0000_-75.3000
6187,28,79,-340000.0,1700000.0,59.21684568866155,-74.46993232595358,-74.46993232595358,58.0,-75.3,-75.3,143.59200861268144,58.0000_-75.3000
6188,29,79,-320000.0,1700000.0,59.23139303892745,-74.12024691893659,-74.12024691893659,58.0,-75.3,-75.3,153.01584876420122,58.0000_-75.3000
6189,30,79,-300000.0,1700000.0,59.24506357552016,-73.77029234346641,-73.77029234346641,58.0,-73.8,-73.8,138.4556239181463,58.0000_-73.8000
6190,31,79,-280000.0,1700000.0,59.25785639414773,-73.42008504595964,-73.42008504595964,58.0,-73.8,-73.8,141.58516078105603,58.0000_-73.8000
6191,32,79,-260000.0,1700000.0,59.26977064759308,-73.06964154501264,-73.06964154501264,58.0,-73.8,-73.8,147.38160120952182,58.0000_-73.8000
6192,33,79,-240000.0,1700000.0,59.28080554596491,-72.71897842682544,-72.71897842682544,58.0,-73.8,-73.8,155.54691257880987,58.0000_-73.8000
6193,34,79,-220000.0,1700000.0,59.290960356931954,-72.36811234057791,-72.36811234057791,58.0,-73.8,-73.8,165.73118750740636,58.0000_-73.8000
6194,35,79,-200000.0,1700000.0,59.30023440594079,-72.01705999376064,-72.01705999376064,58.0,-72.3,-72.3,145.5029074130664,58.0000_-72.3000
6195,36,79,-180000.0,1700000.0,59.30862707641678,-71.66583814746448,-71.66583814746448,58.0,-72.3,-72.3,150.06348567692032,58.0000_-72.3000
6196,37,79,-160000.0,1700000.0,59.31613780994809,-71.31446361163145,-71.31446361163145,58.0,-72.3,-72.3,157.05254744390552,58.0000_-72.3000
6197,38,79,-140000.0,1700000.0,59.322766106452484,-70.96295324027066,-70.96295324027066,58.0,-72.3,-72.3,166.1638434227147,58.0000_-72.3000
6198,39,79,-120000.0,1700000.0,59.328511524327226,-70.61132392664254,-70.61132392664254,58.0,-70.8,-70.8,148.12615241997352,58.0000_-70.8000
6199,40,79,-100000.0,1700000.0,59.33337368058129,-70.25959259841476,-70.25959259841476,58.0,-70.8,-70.8,151.5203830853204,58.0000_-70.8000
6200,41,79,-80000.0,1700000.0,59.3373522509503,-69.90777621279318,-69.90777621279318,58.0,-70.8,-70.8,157.3975315529318,58.0000_-70.8000
6213,54,79,180000.0,1700000.0,59.30862707641678,-65.33416185253552,-65.33416185253552,58.0,-66.3,-66.3,155.86504077937116,58.0000_-66.3000
6214,55,79,200000.0,1700000.0,59.30023440594079,-64.98294000623936,-64.98294000623936,58.0,-66.3,-66.3,163.42023644918143,58.0000_-66.3000
6215,56,79,220000.0,1700000.0,59.290960356931954,-64.63188765942209,-64.63188765942209,58.0,-64.8,-64.8,143.87747257359345,58.0000_-64.8000
6242,18,80,-540000.0,1720000.0,59.20168830283576,-77.99458416377622,-77.99458416377622,58.0,-78.3,-78.3,134.78778238144625,58.0000_-78.3000
6243,19,80,-520000.0,1720000.0,59.22504592105452,-77.64682268863275,-77.64682268863275,58.0,-78.3,-78.3,141.37201677305612,58.0000_-78.3000
6244,20,80,-500000.0,1720000.0,59.247535063815924,-77.29862626720353,-77.29862626720353,58.0,-78.3,-78.3,150.34252473528662,58.0000_-78.3000
6245,21,80,-480000.0,1720000.0,59.269154255832426,-76.95001060095063,-76.95001060095063,58.0,-78.3,-78.3,161.30135287085062,58.0000_-78.3000
6246,22,80,-460000.0,1720000.0,59.289902076135085,-76.60099150876172,-76.60099150876172,58.0,-76.8,-76.8,143.89203090010545,58.0000_-76.8000
6247,23,80,-440000.0,1720000.0,59.309777158485524,-76.25158492292398,-76.25158492292398,58.0,-76.8,-76.8,149.05404078509176,58.0000_-76.8000
6248,24,80,-420000.0,1720000.0,59.32877819177334,-75.90180688501991,-75.90180688501991,58.0,-76.8,-76.8,156.61331692056817,58.0000_-76.8000
6249,25,80,-400000.0,1720000.0,59.34690392039901,-75.55167354174739,-75.55167354174739,58.0,-76.8,-76.8,166.24289873283416,58.0000_-76.8000
6250,26,80,-380000.0,1720000.0,59.36415314464186,-75.20120114066671,-75.20120114066671,58.0,-75.3,-75.3,151.79451866659795,58.0000_-75.3000
6251,27,80,-360000.0,1720000.0,59.38052472101294,-74.85040602587691,-74.85040602587691,58.0,-75.3,-75.3,155.68943073530093,58.0000_-75.3000
6252,28,80,-340000.0,1720000.0,59.39601756259222,-74.49930463362443,-74.49930463362443,58.0,-75.3,-75.3,161.9727714018058,58.0000_-75.3000
6253,29,80,-320000.0,1720000.0,59.41063063935045,-74.14791348784681,-74.14791348784681,58.0,-75.3,-75.3,170.38029316112033,58.0000_-75.3000
6254,30,80,-300000.0,1720000.0,59.424362978454724,-73.79624919565414,-73.79624919565414,58.0,-73.8,-73.8,158.38230371080766,58.0000_-73.8000
6255,31,80,-280000.0,1720000.0,59.43721366455812,-73.44432844275161,-73.44432844275161,58.0,-73.8,-73.8,161.12444229532855,58.0000_-73.8000
6256,32,80,-260000.0,1720000.0,59.449181840072804,-73.09216798880581,-73.09216798880581,58.0,-73.8,-73.8,166.23932841592966,58.0000_-73.8000
6257,33,80,-240000.0,1720000.0,59.46026670542655,-72.7397846627583,-72.7397846627583,58.0,-73.8,-73.8,173.51710143044644,58.0000_-73.8000
6258,34,80,-220000.0,1720000.0,59.47046751930249,-72.38719535808922,-72.38719535808922,58.0,-73.8,-73.8,182.69933555093692,58.0000_-73.8000
6259,35,80,-200000.0,1720000.0,59.47978359886184,-72.03441702803472,-72.03441702803472,58.0,-72.3,-72.3,165.25637069845138,58.0000_-72.3000
6260,36,80,-180000.0,1720000.0,59.488214319949435,-71.68146668076105,-71.68146668076105,58.0,-72.3,-72.3,169.2842800122925,58.0000_-72.3000
6261,37,80,-160000.0,1720000.0,59.495759117282,-71.32836137449893,-71.32836137449893,58.0,-72.3,-72.3,175.50749472702543,58.0000_-72.3000
6262,38,80,-140000.0,1720000.0,59.50241748461883,-70.97511821264176,-70.97511821264176,59.5,-72.3,-72.3,74.76729104392751,59.5000_-72.3000
6263,39,80,-120000.0,1720000.0,59.50818897491503,-70.62175433881085,-70.62175433881085,59.5,-70.8,-70.8,10.09934064212774,59.5000_-70.8000
6264,40,80,-100000.0,1720000.0,59.51307320045685,-70.26828693189148,-70.26828693189148,59.5,-70.8,-70.8,30.03694014786001,59.5000_-70.8000
6265,41,80,-80000.0,1720000.0,59.51706983297928,-69.91473320104312,-69.91473320104312,59.5,-70.8,-70.8,49.983758683526524,59.5000_-70.8000
6278,54,80,180000.0,1720000.0,59.488214319949435,-65.31853331923897,-65.31853331923897,58.0,-66.3,-66.3,174.8973254543839,58.0000_-66.3000
6279,55,80,200000.0,1720000.0,59.47978359886184,-64.96558297196528,-64.96558297196528,58.0,-66.3,-66.3,181.66031236289012,58.0000_-66.3000
6280,56,80,220000.0,1720000.0,59.47046751930249,-64.61280464191078,-64.61280464191078,58.0,-64.8,-64.8,163.8650597907477,58.0000_-64.8000
6308,19,81,-520000.0,1740000.0,59.403369187547625,-77.69176413935654,-77.69176413935654,58.0,-78.3,-78.3,159.95245160831655,58.0000_-78.3000
6309,20,81,-500000.0,1740000.0,59.42595948763298,-77.34189250042411,-77.34189250042411,58.0,-78.3,-78.3,167.93090411356366,58.0000_-78.3000
6310,21,81,-480000.0,1740000.0,59.44767601639718,-76.99159546513687,-76.99159546513687,58.0,-78.3,-78.3,177.80586722975264,58.0000_-78.3000
6311,22,81,-460000.0,1740000.0,59.46851733567685,-76.64088907501058,-76.64088907501058,58.0,-76.8,-76.8,163.5497514246502,58.0000_-76.8000
6312,23,81,-440000.0,1740000.0,59.48848206266656,-76.28978948772439,-76.28978948772439,58.0,-76.8,-76.8,168.1078053170606,58.0000_-76.8000
6313,24,81,-420000.0,1740000.0,59.507568870325194,-75.93831297292293,-75.93831297292293,59.5,-76.8,-76.8,48.63145948099479,59.5000_-76.8000
6314,25,81,-400000.0,1740000.0,59.525776487767516,-75.5864759079401,-75.5864759079401,59.5,-76.8,-76.8,68.51902915771095,59.5000_-76.8000
6315,26,81,-380000.0,1740000.0,59.54310370064037,-75.23429477344715,-75.23429477344715,59.5,-75.3,-75.3,6.0584406372718425,59.5000_-75.3000
6316,27,81,-360000.0,1740000.0,59.55954935148364,-74.88178614902797,-74.88178614902797,59.5,-75.3,-75.3,24.493374239311436,59.5000_-75.3000
6317,28,81,-340000.0,1740000.0,59.575112340075066,-74.52896670868418,-74.52896670868418,59.5,-75.3,-75.3,44.26033669208112,59.5000_-75.3000
6318,29,81,-320000.0,1740000.0,59.58979162375944,-74.1758532162728,-74.1758532162728,59.5,-75.3,-75.3,64.13875016997783,59.5000_-75.3000
6319,30,81,-300000.0,1740000.0,59.60358621776113,-73.82246252088014,-73.82246252088014,59.5,-75.3,-75.3,84.04912561921229,59.5000_-75.3000
6320,31,81,-280000.0,1740000.0,59.61649519548034,-73.46881155213403,-73.46881155213403,59.5,-73.8,-73.8,22.714310263198914,59.5000_-73.8000
6321,32,81,-260000.0,1740000.0,59.6285176887725,-73.11491731545848,-73.11491731545848,59.5,-73.8,-73.8,41.15035808476861,59.5000_-73.8000
6322,33,81,-240000.0,1740000.0,59.63965288821065,-72.76079688727322,-72.76079688727322,59.5,-73.8,-73.8,60.55118579415318,59.5000_-73.8000
6323,34,81,-220000.0,1740000.0,59.649900043330696,-72.40646741014207,-72.40646741014207,59.5,-73.8,-73.8,80.21948329571906,59.5000_-73.8000
6324,35,81,-200000.0,1740000.0,59.659258462859285,-72.05194608787309,-72.05194608787309,59.5,-72.3,-72.3,22.553265136210825,59.5000_-72.3000
6325,36,81,-180000.0,1740000.0,59.66772751492407,-71.69725018057404,-71.69725018057404,59.5,-72.3,-72.3,38.71964362901615,59.5000_-72.3000
6326,37,81,-160000.0,1740000.0,59.675306627246286,-71.3423969996669,-71.3423969996669,59.5,-72.3,-72.3,57.31848342300808,59.5000_-72.3000
6327,38,81,-140000.0,1740000.0,59.68199528731551,-70.98740390286463,-70.98740390286463,59.5,-72.3,-72.3,76.59768345932939,59.5000_-72.3000
6328,39,81,-120000.0,1740000.0,59.68779304254628,-70.63228828911396,-70.63228828911396,59.5,-70.8,-70.8,22.9157164283376,59.5000_-70.8000
6329,40,81,-100000.0,1740000.0,59.692699500416644,-70.27706759350811,-70.27706759350811,59.5,-70.8,-70.8,36.40205228432645,59.5000_-70.8000
6330,41,81,-80000.0,1740000.0,59.696714328588506,-69.92175928217253,-69.92175928217253,59.5,-70.8,-70.8,54.04352287802602,59.5000_-70.8000
6343,54,81,180000.0,1740000.0,59.66772751492407,-65.30274981942596,-65.30274981942596,59.5,-66.3,-66.3,59.15686013707428,59.5000_-66.3000
6344,55,81,200000.0,1740000.0,59.659258462859285,-64.94805391212692,-64.94805391212692,59.5,-66.3,-66.3,78.1493304489591,59.5000_-66.3000
6372,19,82,-520000.0,1760000.0,59.58160762294296,-77.7371469283918,-77.7371469283918,59.5,-78.3,-78.3,32.99872334914364,59.5000_-78.3000
6373,20,82,-500000.0,1760000.0,59.60429981193787,-77.38558415004856,-77.38558415004856,59.5,-78.3,-78.3,52.81462461015398,59.5000_-78.3000
6374,21,82,-480000.0,1760000.0,59.62611438296126,-77.03358970352497,-77.03358970352497,59.5,-78.3,-78.3,72.70133335874158,59.5000_-78.3000
6375,22,82,-460000.0,1760000.0,59.647049880351915,-76.6811798570824,-76.6811798570824,59.5,-76.8,-76.8,17.66728513358372,59.5000_-76.8000
6376,23,82,-440000.0,1760000.0,59.667104904444365,-76.32837099799036,-76.32837099799036,59.5,-76.8,-76.8,32.40680520251892,59.5000_-76.8000
6377,24,82,-420000.0,1760000.0,59.686278111984215,-75.97517962823227,-75.97517962823227,59.5,-76.8,-76.8,50.8319399516702,59.5000_-76.8000
6378,25,82,-400000.0,1760000.0,59.70456821652874,-75.62162236013027,-75.62162236013027,59.5,-76.8,-76.8,70.0934121593497,59.5000_-76.8000
6379,26,82,-380000.0,1760000.0,59.72197398883159,-75.26771591189194,-75.26771591189194,59.5,-75.3,-75.3,24.749129002524317,59.5000_-75.3000
6380,27,82,-360000.0,1760000.0,59.738494257211926,-74.91347710308142,-74.91347710308142,59.5,-75.3,-75.3,34.289204972304375,59.5000_-75.3000
6381,28,82,-340000.0,1760000.0,59.754127907907225,-74.55892285001802,-74.55892285001802,59.5,-75.3,-75.3,50.34368172716679,59.5000_-75.3000
6382,29,82,-320000.0,1760000.0,59.76887388540987,-74.2040701611053,-74.2040701611053,59.5,-75.3,-75.3,68.47369048115212,59.5000_-75.3000
6383,30,82,-300000.0,1760000.0,59.78273119278691,-73.84893613209375,-73.84893613209375,59.5,-75.3,-75.3,87.39652459957821,59.5000_-75.3000
6384,31,82,-280000.0,1760000.0,59.79569889198317,-73.49353794127998,-73.49353794127998,59.5,-73.8,-73.8,37.11629327254626,59.5000_-73.8000
6385,32,82,-260000.0,1760000.0,59.807776104107,-73.13789284464617,-73.13789284464617,59.5,-73.8,-73.8,50.544298247614954,59.5000_-73.8000
6386,33,82,-240000.0,1760000.0,59.81896200969878,-72.78201817094262,-72.78201817094262,59.5,-73.8,-73.8,67.2843770143065,59.5000_-73.8000
6387,34,82,-220000.0,1760000.0,59.829255848981774,-72.4259313167172,-72.4259313167172,59.5,-73.8,-73.8,85.41045120224993,59.5000_-73.8000
6388,35,82,-200000.0,1760000.0,59.8386569220953,-72.0696497412949,-72.0696497412949,59.5,-72.3,-72.3,39.81645792112009,59.5000_-72.3000
6389,36,82,-180000.0,1760000.0,59.847164589309976,-71.71319096171123,-71.71319096171123,59.5,-72.3,-72.3,50.7506271258046,59.5000_-72.3000
6390,37,82,-160000.0,1760000.0,59.8547782712246,-71.3565725476032,-71.3565725476032,59.5,-72.3,-72.3,66.03946120272798,59.5000_-72.3000
6391,38,82,-140000.0,1760000.0,59.86149744894509,-70.999812116061,-70.999812116061,59.5,-72.3,-72.3,83.31905253604833,59.5000_-72.3000
6392,39,82,-120000.0,1760000.0,59.86732166424464,-70.64292732644496,-70.64292732644496,59.5,-70.8,-70.8,41.78498793732081,59.5000_-70.8000
6393,40,82,-100000.0,1760000.0,59.87225051970567,-70.28593587517086,-70.28593587517086,59.5,-70.8,-70.8,50.4549970227502,59.5000_-70.8000
6394,41,82,-80000.0,1760000.0,59.87628367884282,-69.92885549046777,-69.92885549046777,59.5,-70.8,-70.8,64.34837455596364,59.5000_-70.8000
6407,54,82,180000.0,1760000.0,59.847164589309976,-65.28680903828877,-65.28680903828877,59.5,-66.3,-66.3,68.74614629402336,59.5000_-66.3000
6408,55,82,200000.0,1760000.0,59.8386569220953,-64.93035025870512,-64.93035025870512,59.5,-66.3,-66.3,85.631057119263,59.5000_-66.3000
6438,21,83,-480000.0,1780000.0,59.80446717721291,-77.07599936166902,-77.07599936166902,59.5,-78.3,-78.3,76.64621301616442,59.5000_-78.3000
6439,22,83,-460000.0,1780000.0,59.825497540885564,-76.72186967092495,-76.72186967092495,59.5,-76.8,-76.8,36.4587485467297,59.5000_-76.8000
6440,23,83,-440000.0,1780000.0,59.84564352324885,-76.3673350373144,-76.3673350373144,59.5,-76.8,-76.8,45.46728507862305,59.5000_-76.8000
6441,24,83,-420000.0,1780000.0,59.864903764546135,-76.01241219953516,-76.01241219953516,59.5,-76.8,-76.8,60.004973576021406,59.5000_-76.8000
6442,25,83,-400000.0,1780000.0,59.8832769624991,-75.65711800935155,-75.65711800935155,59.5,-76.8,-76.8,77.00068115538582,59.5000_-76.8000
6443,26,83,-380000.0,1780000.0,59.900761872701416,-75.30146942703674,-75.30146942703674,59.5,-76.8,-76.8,95.14567933099244,59.5000_-76.8000
6444,27,83,-360000.0,1780000.0,59.91735730899615,-74.94548351673696,-74.94548351673696,59.5,-75.3,-75.3,50.488098937282885,59.5000_-75.3000
6445,28,83,-340000.0,1780000.0,59.93306214383684,-74.58917744176074,-74.58917744176074,59.5,-75.3,-75.3,62.50942124980763,59.5000_-75.3000
6446,29,83,-320000.0,1780000.0,59.94787530863176,-74.23256845979606,-74.23256845979606,59.5,-75.3,-75.3,77.85177716365561,59.5000_-75.3000
6447,30,83,-300000.0,1780000.0,59.961795794071016,-73.87567391805875,-73.87567391805875,59.5,-75.3,-75.3,94.9177742345385,59.5000_-75.3000
6448,31,83,-280000.0,1780000.0,59.97482265043677,-73.51851124837548,-73.51851124837548,59.5,-73.8,-73.8,55.10383081714051,59.5000_-73.8000
6449,32,83,-260000.0,1780000.0,59.98695498789542,-73.16109796220456,-73.16109796220456,59.5,-73.8,-73.8,64.90916697234131,59.5000_-73.8000
6450,33,83,-240000.0,1780000.0,59.998191976772546,-72.80345164559806,-72.80345164559806,59.5,-73.8,-73.8,78.64470574796788,59.5000_-73.8000
6451,34,83,-220000.0,1780000.0,60.00853284780945,-72.44558995410883,-72.44558995410883,59.5,-73.8,-73.8,94.61364790657996,59.5000_-73.8000
6452,35,83,-200000.0,1780000.0,60.01797689240182,-72.08753060764602,-72.08753060764602,59.5,-72.3,-72.3,58.812626822423134,59.5000_-72.3000
6453,36,83,-180000.0,1780000.0,60.02652346281994,-71.7292913852827,-71.7292913852827,59.5,-72.3,-72.3,66.70000182973084,59.5000_-72.3000
6454,37,83,-160000.0,1780000.0,60.03417197241023,-71.37089012001952,-71.37089012001952,59.5,-72.3,-72.3,78.95461223102437,59.5000_-72.3000
6455,38,83,-140000.0,1780000.0,60.040921895778276,-71.01234469350788,-71.01234469350788,59.5,-72.3,-72.3,93.88134684101718,59.5000_-72.3000
6456,39,83,-120000.0,1780000.0,60.0467727689529,-70.65367303073688,-70.65367303073688,59.5,-70.8,-70.8,61.347692867508734,59.5000_-70.8000
6457,40,83,-100000.0,1780000.0,60.051724189531214,-70.29489309468775,-70.29489309468775,59.5,-70.8,-70.8,67.54988041458965,59.5000_-70.8000
6458,41,83,-80000.0,1780000.0,60.05577581680469,-69.93602288095961,-69.93602288095961,59.5,-70.8,-70.8,78.46900672567251,59.5000_-70.8000
6472,55,83,200000.0,1780000.0,60.01797689240182,-64.91246939235398,-64.91246939235398,59.5,-66.3,-66.3,96.71992311498474,59.5000_-66.3000
6502,21,84,-480000.0,1800000.0,59.98273221064967,-77.1188306041591,-77.1188306041591,59.5,-78.3,-78.3,85.21192626275409,59.5000_-78.3000
6503,22,84,-460000.0,1800000.0,60.00385813798271,-76.7629644472268,-76.7629644472268,59.5,-76.8,-76.8,56.0649371301934,59.5000_-76.8000
6504,23,84,-440000.0,1800000.0,60.02409574865441,-76.4066872996538,-76.4066872996538,59.5,-76.8,-76.8,62.299516418910606,59.5000_-76.8000
6505,24,84,-420000.0,1800000.0,60.04344366610997,-76.05001614132941,-76.05001614132941,59.5,-76.8,-76.8,73.58083168618161,59.5000_-76.8000
6506,25,84,-400000.0,1800000.0,60.06190057195101,-75.6929680680183,-75.6929680680183,59.5,-76.8,-76.8,87.98805703957589,59.5000_-76.8000
6507,26,84,-380000.0,1800000.0,60.07946520633805,-75.33556028669551,-75.33556028669551,59.5,-76.8,-76.8,104.23247121472005,59.5000_-76.8000
6508,27,84,-360000.0,1800000.0,60.09613636837683,-74.97781011080076,-74.97781011080076,59.5,-75.3,-75.3,68.69347703478505,59.5000_-75.3000
6509,28,84,-340000.0,1800000.0,60.111912916487576,-74.61973495541508,-74.61973495541508,59.5,-75.3,-75.3,77.95365635392542,59.5000_-75.3000
6510,29,84,-320000.0,1800000.0,60.12679376875715,-74.26135233236295,-74.26135233236295,59.5,-75.3,-75.3,90.71662966994744,59.5000_-75.3000
6511,30,84,-300000.0,1800000.0,60.140777903274035,-73.90267984524326,-73.90267984524326,59.5,-75.3,-75.3,105.72093740776552,59.5000_-75.3000
6512,31,84,-280000.0,1800000.0,60.15386435844538,-73.54373518439247,-73.54373518439247,59.5,-73.8,-73.8,74.10355877050263,59.5000_-73.8000
6513,32,84,-260000.0,1800000.0,60.166052233296305,-73.18453612178344,-73.18453612178344,59.5,-73.8,-73.8,81.65617397555549,59.5000_-73.8000
6514,33,84,-240000.0,1800000.0,60.177340687751034,-72.8251005058636,-72.8251005058636,59.5,-73.8,-73.8,92.94519271576102,59.5000_-73.8000
6515,34,84,-220000.0,1800000.0,60.18772894289558,-72.46544625633592,-72.46544625633592,59.5,-73.8,-73.8,106.79190687164247,59.5000_-73.8000
6516,35,84,-200000.0,1800000.0,60.19721628122194,-72.10559135888667,-72.10559135888667,59.5,-72.3,-72.3,78.28360053318553,59.5000_-72.3000
6517,36,84,-180000.0,1800000.0,60.20580204685337,-71.74555385986355,-71.74555385986355,59.5,-72.3,-72.3,84.36794453544735,59.5000_-72.3000
6518,37,84,-160000.0,1800000.0,60.213485645750865,-71.38535186090816,-71.38535186090816,59.5,-72.3,-72.3,94.35155310233264,59.5000_-72.3000
6519,38,84,-140000.0,1800000.0,60.22026654590028,-71.0250035135469,-71.0250035135469,59.5,-72.3,-72.3,107.1497942878434,59.5000_-72.3000
6520,39,84,-120000.0,1800000.0,60.226144277480394,-70.66452701374396,-70.66452701374396,59.5,-70.8,-70.8,81.09706301292125,59.5000_-70.8000
6521,40,84,-100000.0,1800000.0,60.23111843301134,-70.30394059642076,-70.30394059642076,59.5,-70.8,-70.8,85.88299354191898,59.5000_-70.8000
6522,41,84,-80000.0,1800000.0,60.235188667483584,-69.94326252994588,-69.94326252994588,59.5,-70.8,-70.8,94.7082742883775,59.5000_-70.8000
6536,55,84,200000.0,1800000.0,60.19721628122194,-64.89440864111333,-64.89440864111333,59.5,-66.3,-66.3,110.32886567787489,59.5000_-66.3000
6565,20,85,-500000.0,1820000.0,60.13879425909626,-77.51927493976073,-77.51927493976073,59.5,-78.3,-78.3,83.36594117081593,59.5000_-78.3000
6566,21,85,-480000.0,1820000.0,60.160907284475385,-77.16208971755042,-77.16208971755042,59.5,-78.3,-78.3,97.17893153580847,59.5000_-78.3000
6567,22,85,-460000.0,1820000.0,60.18212948222918,-76.80447023424789,-76.80447023424789,59.5,-78.3,-78.3,112.83669280783313,59.5000_-78.3000
6568,23,85,-440000.0,1820000.0,60.20245940028478,-76.44643359205945,-76.44643359205945,59.5,-76.8,-76.8,80.56688255551947,59.5000_-76.8000
6569,24,85,-420000.0,1820000.0,60.22189564498661,-76.08799701664769,-76.08799701664769,59.5,-76.8,-76.8,89.57378994668379,59.5000_-76.8000
6570,25,85,-400000.0,1820000.0,60.24043688152488,-75.72917785244302,-75.72917785244302,59.5,-76.8,-76.8,101.73699340211076,59.5000_-76.8000
6571,26,85,-380000.0,1820000.0,60.25808183434759,-75.36999355786854,-75.36999355786854,59.5,-76.8,-76.8,116.06798278670557,59.5000_-76.8000
6572,27,85,-360000.0,1820000.0,60.27482928755559,-75.01046170048139,-75.01046170048139,59.5,-75.3,-75.3,87.65799026679315,59.5000_-75.3000
6573,28,85,-340000.0,1820000.0,60.29067808528049,-74.65059995203349,-74.65059995203349,59.5,-75.3,-75.3,95.08656788173944,59.5000_-75.3000
6574,29,85,-320000.0,1820000.0,60.30562713204504,-74.29042608345546,-74.29042608345546,59.5,-75.3,-75.3,105.79887591431634,59.5000_-75.3000
6575,30,85,-300000.0,1820000.0,60.31967539310583,-73.92995795976664,-73.92995795976664,59.5,-75.3,-75.3,118.9103933479376,59.5000_-75.3000
6576,31,85,-280000.0,1820000.0,60.332821894777815,-73.56921353491502,-73.56921353491502,59.5,-73.8,-73.8,93.49469223735306,59.5000_-73.8000
6577,32,85,-260000.0,1820000.0,60.34506572474058,-73.20821084655054,-73.20821084655054,59.5,-73.8,-73.8,99.58533722739566,59.5000_-73.8000
6578,33,85,-240000.0,1820000.0,60.3564060323261,-72.84696801073554,-72.84696801073554,59.5,-73.8,-73.8,109.03010659868276,59.5000_-73.8000
6579,34,85,-220000.0,1820000.0,60.36684202878757,-72.48550321659607,-72.48550321659607,59.5,-73.8,-73.8,121.04614899942511,59.5000_-73.8000
6580,35,85,-200000.0,1820000.0,60.376372987549345,-72.12383472091803,-72.12383472091803,59.5,-72.3,-72.3,97.94106992198839,59.5000_-72.3000
6581,36,85,-180000.0,1820000.0,60.384998244437604,-71.76198084269178,-71.76198084269178,59.5,-72.3,-72.3,102.86746930416935,59.5000_-72.3000
6582,37,85,-160000.0,1820000.0,60.39271719789149,-71.39995995760992,-71.39995995760992,59.5,-72.3,-72.3,111.19925518022377,59.5000_-72.3000
6583,38,85,-140000.0,1820000.0,60.39952930915496,-71.03779049252134,-71.03779049252134,59.5,-72.3,-72.3,122.24191795071441,59.5000_-72.3000
6584,39,85,-120000.0,1820000.0,60.40543410244854,-70.67549091984651,-70.67549091984651,59.5,-70.8,-70.8,100.91814683636116,59.5000_-70.8000
6585,40,85,-100000.0,1820000.0,60.4104311651214,-70.31307975195796,-70.31307975195796,59.5,-70.8,-70.8,104.80132292633706,59.5000_-70.8000
6586,41,85,-80000.0,1820000.0,60.41452014778345,-69.95057553552992,-69.95057553552992,59.5,-70.8,-70.8,112.14469749850787,59.5000_-70.8000
6628,20,86,-500000.0,1840000.0,60.31677620440362,-77.56473222584324,-77.56473222584324,59.5,-78.3,-78.3,99.64239940482011,59.5000_-78.3000
6629,21,86,-480000.0,1840000.0,60.338990189493934,-77.20578311337901,-77.20578311337901,59.5,-78.3,-78.3,111.45220030397945,59.5000_-78.3000
6630,22,86,-460000.0,1840000.0,60.360309373989224,-76.84639320073342,-76.84639320073342,59.5,-78.3,-78.3,125.33452434380442,59.5000_-78.3000
6631,23,86,-440000.0,1840000.0,60.3807322877147,-76.48657983748548,-76.48657983748548,59.5,-76.8,-76.8,99.47648416726192,59.5000_-76.8000
6632,24,86,-420000.0,1840000.0,60.40025751960412,-76.12636049975998,-76.12636049975998,59.5,-76.8,-76.8,106.8994292664467,59.5000_-76.8000
6633,25,86,-400000.0,1840000.0,60.4188837181383,-75.76575278542875,-75.76575278542875,59.5,-76.8,-76.8,117.27562145987275,59.5000_-76.8000
6634,26,86,-380000.0,1840000.0,60.43660959176654,-75.40477440922223,-75.40477440922223,59.5,-76.8,-76.8,129.89887308013638,59.5000_-76.8000
6635,27,86,-360000.0,1840000.0,60.453433909310995,-75.04344319775457,-75.04344319775457,59.5,-75.3,-75.3,106.97353468575803,59.5000_-75.3000
6636,28,86,-340000.0,1840000.0,60.46935550035334,-74.68177708446542,-74.68177708446542,59.5,-75.3,-75.3,113.13874156156982,59.5000_-75.3000
6637,29,86,-320000.0,1840000.0,60.4843732556036,-74.31979410448204,-74.31979410448204,59.5,-75.3,-75.3,122.27625081636558,59.5000_-75.3000
6638,30,86,-300000.0,1840000.0,60.49848612725082,-73.9575123894049,-73.9575123894049,59.5,-75.3,-75.3,133.77807611224262,59.5000_-75.3000
6639,31,86,-280000.0,1840000.0,60.5116931292953,-73.59495016202081,-73.59495016202081,59.5,-73.8,-73.8,113.07112138540988,59.5000_-73.8000
6640,32,86,-260000.0,1840000.0,60.523993337862045,-73.23212573094698,-73.23212573094698,59.5,-73.8,-73.8,118.1550271908975,59.5000_-73.8000
6641,33,86,-240000.0,1840000.0,60.535385891495196,-72.86905748521,-72.86905748521,59.5,-73.8,-73.8,126.21465316018966,59.5000_-73.8000
6642,34,86,-220000.0,1840000.0,60.54586999143342,-72.5057638887636,-72.5057638887636,59.5,-73.8,-73.8,136.72454205251202,59.5000_-73.8000
6643,35,86,-200000.0,1840000.0,60.555444901865556,-72.14226347494908,-72.14226347494908,59.5,-72.3,-72.3,117.6868451693251,59.5000_-72.3000
6644,36,86,-180000.0,1840000.0,60.56410995016683,-71.77857484090283,-71.77857484090283,59.5,-72.3,-72.3,121.81569230947942,59.5000_-72.3000
6645,37,86,-160000.0,1840000.0,60.571864527115096,-71.41471664191467,-71.41471664191467,59.5,-72.3,-72.3,128.92587089475086,59.5000_-72.3000
6646,38,86,-140000.0,1840000.0,60.578708087087065,-71.05070758574149,-71.05070758574149,59.5,-72.3,-72.3,138.55902571000925,59.5000_-72.3000
6647,39,86,-120000.0,1840000.0,60.58464014823425,-70.68656642688047,-70.68656642688047,59.5,-70.8,-70.8,120.77095491066518,59.5000_-70.8000
6648,40,86,-100000.0,1840000.0,60.58966029263872,-70.32231196080612,-70.32231196080612,59.5,-70.8,-70.8,124.03281714286207,59.5000_-70.8000
6649,41,86,-80000.0,1840000.0,60.59376816644817,-69.95796301817563,-69.95796301817563,59.5,-70.8,-70.8,130.2942038253593,59.5000_-70.8000
6691,20,87,-500000.0,1860000.0,60.49466300707202,-77.61064755308084,-77.61064755308084,59.5,-78.3,-78.3,117.05332670450115,59.5000_-78.3000
6692,21,87,-480000.0,1860000.0,60.516978705999335,-77.24991733126694,-77.24991733126694,59.5,-78.3,-78.3,127.25374294413649,59.5000_-78.3000
6693,22,87,-460000.0,1860000.0,60.53839560329993,-76.88873963891484,-76.88873963891484,59.5,-78.3,-78.3,139.56849196357126,59.5000_-78.3000
6694,23,87,-440000.0,1860000.0,60.558912210368185,-76.52713207768272,-76.52713207768272,59.5,-76.8,-76.8,118.71713086169487,59.5000_-76.8000
6695,24,87,-420000.0,1860000.0,60.5785270984101,-76.16511237895685,-76.16511237895685,59.5,-76.8,-76.8,125.0003642910719,59.5000_-76.8000
6696,25,87,-400000.0,1860000.0,60.597238898891916,-75.80269839893936,-75.80269839893936,59.5,-76.8,-76.8,133.97851433585242,59.5000_-76.8000
6697,26,87,-380000.0,1860000.0,60.6150463039714,-75.43990811364351,-75.43990811364351,59.5,-76.8,-76.8,145.15200620480027,59.5000_-76.8000
6698,27,87,-360000.0,1860000.0,60.63194806691165,-75.07675961379925,-75.07675961379925,59.5,-75.3,-75.3,126.4748974583478,59.5000_-75.3000
6699,28,87,-340000.0,1860000.0,60.647943002476815,-74.71327109967251,-74.71327109967251,59.5,-75.3,-75.3,131.72848256566772,59.5000_-75.3000
6700,29,87,-320000.0,1860000.0,60.66302998730964,-74.34946087580201,-74.34946087580201,59.5,-75.3,-75.3,139.6517283350402,59.5000_-75.3000
6701,30,87,-300000.0,1860000.0,60.677207960290374,-73.98534734565699,-73.98534734565699,59.5,-75.3,-75.3,149.8213966543624,59.5000_-75.3000
6702,31,87,-280000.0,1860000.0,60.69047592287684,-73.62094900621959,-73.62094900621959,59.5,-73.8,-73.8,132.7465636277955,59.5000_-73.8000
6703,32,87,-260000.0,1860000.0,60.70283293942529,-73.25628444249601,-73.25628444249601,59.5,-73.8,-73.8,137.10102842387283,59.5000_-73.8000
6704,33,87,-240000.0,1860000.0,60.714278137491874,-72.89137232196,-72.89137232196,59.5,-73.8,-73.8,144.10197412601764,59.5000_-73.8000
6705,34,87,-220000.0,1860000.0,60.72481070811448,-72.52623138893307,-72.52623138893307,59.5,-73.8,-73.8,153.38724537220648,59.5000_-73.8000
6706,35,87,-200000.0,1860000.0,60.73442990607458,-72.16088045890535,-72.16088045890535,59.5,-72.3,-72.3,137.47865941989633,59.5000_-72.3000
6707,36,87,-180000.0,1860000.0,60.7431350501389,-71.79533841280141,-71.79533841280141,59.5,-72.3,-72.3,141.02775436744,59.5000_-72.3000
6708,37,87,-160000.0,1860000.0,60.75092552328102,-71.42962419119547,-71.42962419119547,59.5,-72.3,-72.3,147.21028995320313,59.5000_-72.3000
6709,38,87,-140000.0,1860000.0,60.757800772882156,-71.06375678847994,-71.06375678847994,59.5,-72.3,-72.3,155.71276473067655,59.5000_-72.3000
6710,39,87,-120000.0,1860000.0,60.76376031091134,-70.69775524699232,-70.69775524699232,59.5,-70.8,-70.8,140.63789820970777,59.5000_-70.8000
6711,40,87,-100000.0,1860000.0,60.76880371408492,-70.33163865110453,-70.33163865110453,59.5,-70.8,-70.8,143.44750410691802,59.5000_-70.8000
6712,41,87,-80000.0,1860000.0,60.772930624004864,-69.96542612127939,-69.96542612127939,59.5,-70.8,-70.8,148.89233108569024,59.5000_-70.8000
6713,42,87,-60000.0,1860000.0,60.77614074727608,-69.59913680809885,-69.59913680809885,59.5,-70.8,-70.8,156.69785192467484,59.5000_-70.8000
6753,20,88,-500000.0,1880000.0,60.67245242648773,-77.65702784118388,-77.65702784118388,59.5,-78.3,-78.3,135.1568191601727,59.5000_-78.3000
6754,21,88,-480000.0,1880000.0,60.694870603662345,-77.29449904211984,-77.29449904211984,59.5,-78.3,-78.3,144.0776639347099,59.5000_-78.3000
6755,22,88,-460000.0,1880000.0,60.71638594976191,-76.93151596760023,-76.93151596760023,59.5,-78.3,-78.3,155.05754202274306,59.5000_-78.3000
6756,23,88,-440000.0,1880000.0,60.736996957413425,-76.56809647617901,-76.56809647617901,59.5,-76.8,-76.8,138.14639908841048,59.5000_-76.8000
6757,24,88,-420000.0,1880000.0,60.75670217977046,-76.20425855941632,-76.20425855941632,59.5,-76.8,-76.8,143.5796531993741,59.5000_-76.8000
6758,25,88,-400000.0,1880000.0,60.77550023097226,-75.84002033685015,-75.84002033685015,59.5,-76.8,-76.8,151.45715485977993,59.5000_-76.8000
6759,26,88,-380000.0,1880000.0,60.793389786585195,-75.47540005087154,-75.47540005087154,59.5,-76.8,-76.8,161.42112136503218,59.5000_-76.8000
6760,27,88,-360000.0,1880000.0,60.81036958402624,-75.11041606150741,-75.11041606150741,59.5,-75.3,-75.3,146.08367071192575,59.5000_-75.3000
6761,28,88,-340000.0,1880000.0,60.826438422968046,-74.74508684111386,-74.74508684111386,59.5,-75.3,-75.3,150.65303186049,59.5000_-75.3000
6762,29,88,-320000.0,1880000.0,60.841595165725415,-74.379430968984,-74.379430968984,59.5,-75.3,-75.3,157.62486170607514,59.5000_-75.3000
6763,30,88,-300000.0,1880000.0,60.855838737622676,-74.01346712587397,-74.01346712587397,59.5,-75.3,-75.3,166.69773591052717,59.5000_-75.3000
6764,31,88,-280000.0,1880000.0,60.86916812734187,-73.64721408845092,-73.64721408845092,59.5,-73.8,-73.8,152.47880361532899,59.5000_-73.8000
6765,32,88,-260000.0,1880000.0,60.88158238725121,-73.28069072366708,-73.28069072366708,59.5,-73.8,-73.8,156.28274203479387,59.5000_-73.8000
6766,33,88,-240000.0,1880000.0,60.89308063371372,-72.91391598306392,-72.91391598306392,59.5,-73.8,-73.8,162.45643977250452,59.5000_-73.8000
6767,34,88,-220000.0,1880000.0,60.90366204737585,-72.54690889701052,-72.54690889701052,59.5,-73.8,-73.8,170.74284308359972,59.5000_-73.8000
6768,35,88,-200000.0,1880000.0,60.913325873435554,-72.17968856888069,-72.17968856888069,59.5,-72.3,-72.3,157.29532691858415,59.5000_-72.3000
6769,36,88,-180000.0,1880000.0,60.922071421889804,-71.81227416917291,-71.81227416917291,59.5,-72.3,-72.3,160.40514572022974,59.5000_-72.3000
6770,37,88,-160000.0,1880000.0,60.92989806776136,-71.44468492957773,-71.44468492957773,59.5,-72.3,-72.3,165.8645284522991,59.5000_-72.3000
6771,38,88,-140000.0,1880000.0,60.93680525130449,-71.07694013699711,-71.07694013699711,59.5,-72.3,-72.3,173.45163462401305,59.5000_-72.3000
6772,39,88,-120000.0,1880000.0,60.94279247818961,-70.70905912752025,-70.70905912752025,59.5,-70.8,-70.8,160.50997261334706,59.5000_-70.8000
6773,40,88,-100000.0,1880000.0,60.947859319666314,-70.34106128036079,-70.34106128036079,59.5,-70.8,-70.8,162.97622853317662,59.5000_-70.8000
6774,41,88,-80000.0,1880000.0,60.952005412705226,-69.97296601175971,-69.97296601175971,59.5,-70.8,-70.8,167.7863711116668,59.5000_-70.8000
6775,42,88,-60000.0,1880000.0,60.955230460118166,-69.60479276885913,-69.60479276885913,59.5,-70.8,-70.8,174.7468902194922,59.5000_-70.8000
6814,19,89,-520000.0,1900000.0,60.82671547873543,-78.06774604961952,-78.06774604961952,59.5,-78.3,-78.3,148.08247634172903,59.5000_-78.3000
6815,20,89,-500000.0,1900000.0,60.850142211099,-77.70388014915765,-77.70388014915765,59.5,-78.3,-78.3,153.70455475652807,59.5000_-78.3000
6816,21,89,-480000.0,1900000.0,60.87266364141306,-77.33953505142037,-77.33953505142037,59.5,-78.3,-78.3,161.60134096035412,59.5000_-78.3000
6817,22,89,-460000.0,1900000.0,60.89427818242646,-76.97472873535774,-76.97472873535774,59.5,-78.3,-78.3,171.45844463885464,59.5000_-78.3000
6818,23,89,-440000.0,1900000.0,60.914984307654166,-76.60947932134903,-76.60947932134903,59.5,-76.8,-76.8,157.69081179579564,59.5000_-76.8000
6819,24,89,-420000.0,1900000.0,60.93478055186493,-76.24380506615742,-76.24380506615742,59.5,-76.8,-76.8,162.46960499820352,59.5000_-76.8000
6820,25,89,-400000.0,1900000.0,60.953665511551144,-75.87772435778179,-75.87772435778179,59.5,-76.8,-76.8,169.4681638669078,59.5000_-76.8000
6821,26,89,-380000.0,1900000.0,60.97163784538068,-75.511255710209,-75.511255710209,59.5,-76.8,-76.8,178.4251667290925,59.5000_-76.8000
6822,27,89,-360000.0,1900000.0,60.98869627463047,-75.14441775807012,-75.14441775807012,59.5,-75.3,-75.3,165.7580947438084,59.5000_-75.3000
6823,28,89,-340000.0,1900000.0,61.00483958360108,-74.77722925120419,-74.77722925120419,61.0,-75.3,-75.3,28.184673752282674,61.0000_-75.3000
6824,29,89,-320000.0,1900000.0,61.020066620012344,-74.4097090491334,-74.4097090491334,61.0,-75.3,-75.3,48.030522604706384,61.0000_-75.3000
6825,30,89,-300000.0,1900000.0,61.03437629537965,-74.04187611545342,-74.04187611545342,61.0,-75.3,-75.3,67.8934300025502,61.0000_-75.3000
6826,31,89,-280000.0,1900000.0,61.04776758537023,-73.67374951214306,-73.67374951214306,61.0,-73.8,-73.8,8.629238015247138,61.0000_-73.8000
6827,32,89,-260000.0,1900000.0,61.06023953013961,-73.30534839379715,-73.30534839379715,61.0,-73.8,-73.8,27.469720719320737,61.0000_-73.8000
6828,33,89,-240000.0,1900000.0,61.07179123464768,-72.93669200178708,-72.93669200178708,61.0,-73.8,-73.8,47.167051426014304,61.0000_-73.8000
6829,34,89,-220000.0,1900000.0,61.082421868954036,-72.56779965835328,-72.56779965835328,61.0,-73.8,-73.8,66.9688403649703,61.0000_-73.8000
6830,35,89,-200000.0,1900000.0,61.0921306684927,-72.198690760634,-72.198690760634,61.0,-72.3,-72.3,11.605597822617566,61.0000_-72.3000
6831,36,89,-180000.0,1900000.0,61.10091693432557,-71.82938477463492,-71.82938477463492,61.0,-72.3,-72.3,27.70408687259322,61.0000_-72.3000
6832,37,89,-160000.0,1900000.0,61.10878003337458,-71.4599012291444,-71.4599012291444,61.0,-72.3,-72.3,46.80057425135335,61.0000_-72.3000
6833,38,89,-140000.0,1900000.0,61.11571939863248,-71.09025970959884,-71.09025970959884,61.0,-72.3,-72.3,66.3548987942613,61.0000_-72.3000
6877,20,90,-500000.0,1920000.0,61.0277300982903,-77.75121167880465,-77.75121167880465,61.0,-78.3,-78.3,29.731642580982264,61.0000_-78.3000
6878,21,90,-480000.0,1920000.0,61.05035556731999,-77.38503230262076,-77.38503230262076,61.0,-78.3,-78.3,49.60200968897469,61.0000_-78.3000
6879,22,90,-460000.0,1920000.0,61.07207005967902,-77.01838462379484,-77.01838462379484,61.0,-78.3,-78.3,69.47408248466101,61.0000_-78.3000
6880,23,90,-440000.0,1920000.0,61.09287202941755,-76.65128702957733,-76.65128702957733,61.0,-76.8,-76.8,13.066275150862975,61.0000_-76.8000
6881,24,90,-420000.0,1920000.0,61.11275999257914,-76.28375804708318,-76.28375804708318,61.0,-76.8,-76.8,30.478736773761728,61.0000_-76.8000
6882,25,90,-400000.0,1920000.0,61.131732527681784,-75.91581633802052,-75.91581633802052,61.0,-76.8,-76.8,49.76998243243985,61.0000_-76.8000
6883,26,90,-380000.0,1920000.0,61.149788276180466,-75.54748069331636,-75.54748069331636,61.0,-76.8,-76.8,69.38945831354795,61.0000_-76.8000
6884,27,90,-360000.0,1920000.0,61.16692594291091,-75.17877002764276,-75.17877002764276,61.0,-75.3,-75.3,19.672550898126076,61.0000_-75.3000
6885,28,90,-340000.0,1920000.0,61.18314429651422,-74.8097033738472,-74.8097033738472,61.0,-75.3,-75.3,33.306053391937866,61.0000_-75.3000
6886,29,90,-320000.0,1920000.0,61.198442169841904,-74.44029987729127,-74.44029987729127,61.0,-75.3,-75.3,51.19870564816793,61.0000_-75.3000
6887,30,90,-300000.0,1920000.0,61.21281846034105,-74.07057879010128,-74.07057879010128,61.0,-75.3,-75.3,70.16375405431982,61.0000_-75.3000
6888,31,90,-280000.0,1920000.0,61.22627213041933,-73.7005594653354,-73.7005594653354,61.0,-73.8,-73.8,25.721103066141513,61.0000_-73.8000
6889,32,90,-260000.0,1920000.0,61.23880220778948,-73.33026135107127,-73.33026135107127,61.0,-73.8,-73.8,36.626704972190694,61.0000_-73.8000
6890,33,90,-240000.0,1920000.0,61.2504077857929,-72.95970398441857,-72.95970398441857,61.0,-73.8,-73.8,53.01960655672187,61.0000_-73.8000
6891,34,90,-220000.0,1920000.0,61.2610880237023,-72.58890698546098,-72.58890698546098,61.0,-73.8,-73.8,71.20526360848325,61.0000_-73.8000
6892,35,90,-200000.0,1920000.0,61.27084214700294,-72.21789005113224,-72.21789005113224,61.0,-72.3,-72.3,30.437121064135695,61.0000_-72.3000
6893,36,90,-180000.0,1920000.0,61.27966944765215,-71.84667294903093,-71.84667294903093,61.0,-72.3,-72.3,39.484612563974096,61.0000_-72.3000
6940,21,91,-480000.0,1940000.0,61.22794411846478,-77.43099788063775,-77.43099788063775,61.0,-78.3,-78.3,53.11532722426124,61.0000_-78.3000
6941,22,91,-460000.0,1940000.0,61.2497593291186,-77.06249045093722,-77.06249045093722,61.0,-78.3,-78.3,72.01836642063628,61.0000_-78.3000
6942,23,91,-440000.0,1940000.0,61.27065788043805,-76.69352614851736,-76.69352614851736,61.0,-76.8,-76.8,30.633697252455548,61.0000_-76.8000
6943,24,91,-420000.0,1940000.0,61.290638269392964,-76.32412377611669,-76.32412377611669,61.0,-76.8,-76.8,41.18868091362839,61.0000_-76.8000
6944,25,91,-400000.0,1940000.0,61.30969905619147,-75.95430227452758,-75.95430227452758,61.0,-76.8,-76.8,56.956665323755175,61.0000_-76.8000
6945,26,91,-380000.0,1940000.0,61.32783886475356,-75.58408071709164,-75.58408071709164,61.0,-76.8,-76.8,74.70582389906014,61.0000_-76.8000
6946,27,91,-360000.0,1940000.0,61.34505638316546,-75.2134783040921,-75.2134783040921,61.0,-75.3,-75.3,38.64797450229847,61.0000_-75.3000
6947,28,91,-340000.0,1940000.0,61.3613503641144,-74.84251435704708,-74.84251435704708,61.0,-75.3,-75.3,47.07189571823367,61.0000_-75.3000
6948,29,91,-320000.0,1940000.0,61.37671962530339,-74.4712083129074,-74.4712083129074,61.0,-75.3,-75.3,61.050695242815024,61.0000_-75.3000
6949,30,91,-300000.0,1940000.0,61.39116304984567,-74.09957971816367,-74.09957971816367,61.0,-75.3,-75.3,77.63914293770672,61.0000_-75.3000
6950,31,91,-280000.0,1940000.0,61.40467958663853,-73.72764822286662,-73.72764822286662,61.0,-73.8,-73.8,45.164952398638434,61.0000_-73.8000
6951,32,91,-260000.0,1940000.0,61.417268250716084,-73.35543357456484,-73.35543357456484,61.0,-73.8,-73.8,52.14974484428271,61.0000_-73.8000
6952,33,91,-240000.0,1940000.0,61.428928123580775,-72.982955612165,-72.982955612165,61.0,-73.8,-73.8,64.71890257122621,61.0000_-73.8000
6953,34,91,-220000.0,1940000.0,61.4396583535133,-72.61023425971885,-72.61023425971885,61.0,-73.8,-73.8,80.2908332152932,61.0000_-73.8000
6954,35,91,-200000.0,1940000.0,61.44945815586072,-72.23728952014169,-72.23728952014169,61.0,-72.3,-72.3,50.09012601773899,61.0000_-72.3000
6955,36,91,-180000.0,1940000.0,61.458326813302335,-71.8641414688675,-71.8641414688675,61.0,-72.3,-72.3,56.04819180948967,61.0000_-72.3000
7002,21,92,-480000.0,1960000.0,61.405427020813214,-77.47743901545397,-77.47743901545397,61.0,-78.3,-78.3,63.0355588142478,61.0000_-78.3000
7003,22,92,-460000.0,1960000.0,61.427343727433424,-77.1070531747106,-77.1070531747106,61.0,-78.3,-78.3,79.61114836534965,61.0000_-78.3000
7004,23,92,-440000.0,1960000.0,61.44833960773767,-76.73620336045015,-76.73620336045015,61.0,-76.8,-76.8,49.96997255200218,61.0000_-76.8000
7005,24,92,-420000.0,1960000.0,61.4684131392651,-76.36490865643306,-76.36490865643306,61.0,-76.8,-76.8,57.05160234730806,61.0000_-76.8000
7006,25,92,-400000.0,1960000.0,61.48756286357036,-75.99318828804115,-75.99318828804115,61.0,-76.8,-76.8,69.29528428116052,61.0000_-76.8000
7007,26,92,-380000.0,1960000.0,61.50578738670857,-75.62106161663891,-75.62106161663891,61.0,-76.8,-76.8,84.48504608541661,61.0000_-76.8000
7008,27,92,-360000.0,1960000.0,61.52308537970051,-75.24854813382831,-75.24854813382831,61.0,-75.3,-75.3,58.22952779689019,61.0000_-75.3000
7009,28,92,-340000.0,1960000.0,61.539455578977964,-74.87566745560065,-74.87566745560065,61.0,-75.3,-75.3,64.12910572322717,61.0000_-75.3000
7010,29,92,-320000.0,1960000.0,61.55489678680845,-74.50243931638981,-74.50243931638981,61.0,-75.3,-75.3,74.98883037742712,61.0000_-75.3000
7011,30,92,-300000.0,1960000.0,61.56940787169925,-74.12888356303124,-74.12888356303124,61.0,-75.3,-75.3,89.01079735372655,61.0000_-75.3000
7012,31,92,-280000.0,1960000.0,61.58298776878026,-73.75502014863095,-73.75502014863095,61.0,-73.8,-73.8,64.86987215280175,61.0000_-73.8000
7013,32,92,-260000.0,1960000.0,61.59563548016536,-73.3808691263492,-73.3808691263492,61.0,-73.8,-73.8,69.91114521477657,61.0000_-73.8000
7014,33,92,-240000.0,1960000.0,61.607350075292054,-73.00645064310348,-73.00645064310348,61.0,-73.8,-73.8,79.7235456019434,61.0000_-73.8000
7015,34,92,-220000.0,1960000.0,61.61813069123885,-72.63178493319579,-72.63178493319579,61.0,-73.8,-73.8,92.80543645443188,61.0000_-73.8000
7016,35,92,-200000.0,1960000.0,61.627976533020494,-72.25689231186881,-72.25689231186881,61.0,-72.3,-72.3,69.86579364709839,61.0000_-72.3000
7017,36,92,-180000.0,1960000.0,61.63688687386035,-71.88179316879632,-71.88179316879632,61.0,-72.3,-72.3,74.25188776456355,61.0000_-72.3000
7063,21,93,-480000.0,1980000.0,61.58280198908169,-77.52436308582902,-77.52436308582902,61.0,-78.3,-78.3,76.91453735149423,61.0000_-78.3000
7064,22,93,-460000.0,1980000.0,61.60482098027244,-77.15207989652917,-77.15207989652917,61.0,-78.3,-78.3,90.99049596925799,61.0000_-78.3000
7065,23,93,-440000.0,1980000.0,61.62591494750231,-76.77932548574617,-76.77932548574617,61.0,-76.8,-76.8,69.60740990340977,61.0000_-76.8000
7066,24,93,-420000.0,1980000.0,61.64608234851411,-76.40611922379104,-76.40611922379104,61.0,-76.8,-76.8,74.85201516570437,61.0000_-76.8000
7067,25,93,-400000.0,1980000.0,61.66532170585703,-76.03248062627414,-76.03248062627414,61.0,-76.8,-76.8,84.55240852999563,61.0000_-76.8000
7068,26,93,-380000.0,1980000.0,61.6836316073833,-75.65842934832885,-75.65842934832885,61.0,-76.8,-76.8,97.38540776700339,61.0000_-76.8000
7069,27,93,-360000.0,1980000.0,61.70101070672469,-75.28398517872465,-75.28398517872465,61.0,-75.3,-75.3,77.95361685920528,61.0000_-75.3000
7070,28,93,-340000.0,1980000.0,61.71745772374846,-74.90916803387347,-74.90916803387347,61.0,-75.3,-75.3,82.45209961573205,61.0000_-75.3000
7071,29,93,-320000.0,1980000.0,61.73297144499261,-74.5339979517341,-74.5339979517341,61.0,-75.3,-75.3,91.15062413006068,61.0000_-75.3000
7072,30,93,-300000.0,1980000.0,61.74755072407957,-74.15849508561848,-74.15849508561848,61.0,-75.3,-75.3,102.98992133619636,61.0000_-75.3000
7073,31,93,-280000.0,1980000.0,61.76119448210851,-73.78267969790507,-73.78267969790507,61.0,-73.8,-73.8,84.64610769757473,61.0000_-73.8000
7074,32,93,-260000.0,1980000.0,61.77390170802547,-73.40657215366355,-73.40657215366355,61.0,-73.8,-73.8,88.5671331930354,61.0000_-73.8000
7075,33,93,-240000.0,1980000.0,61.785671458971365,-73.03019291419588,-73.03019291419588,61.0,-73.8,-73.8,96.49716956670892,61.0000_-73.8000
7076,34,93,-220000.0,1980000.0,61.79650286060711,-72.6535625304989,-72.6535625304989,61.0,-73.8,-73.8,107.55270507982566,61.0000_-73.8000
7077,35,93,-200000.0,1980000.0,61.806395107416215,-72.2767016366531,-72.2767016366531,61.0,-72.3,-72.3,89.67574065362005,61.0000_-72.3000
7122,20,94,-500000.0,2000000.0,61.737017025925184,-77.9454792531925,-77.9454792531925,61.0,-78.3,-78.3,84.10111837840242,61.0000_-78.3000
7123,21,94,-480000.0,2000000.0,61.760066726599426,-77.5717776231246,-77.5717776231246,61.0,-78.3,-78.3,92.9895171936183,61.0000_-78.3000
7124,22,94,-460000.0,2000000.0,61.78218880211252,-77.19757786499432,-77.19757786499432,61.0,-78.3,-78.3,104.92553328033192,61.0000_-78.3000
7125,23,94,-440000.0,2000000.0,61.803381624953765,-76.82289948643407,-76.82289948643407,61.0,-78.3,-78.3,118.99495510324168,61.0000_-78.3000
7126,24,94,-420000.0,2000000.0,61.823643632695095,-76.44776214996769,-76.44776214996769,61.0,-76.8,-76.8,93.48274907037946,61.0000_-76.8000
7127,25,94,-400000.0,2000000.0,61.842973328519676,-76.07218566721113,-76.07218566721113,61.0,-76.8,-76.8,101.41291645719896,61.0000_-76.8000
7128,26,94,-380000.0,2000000.0,61.86136928173056,-75.69618999295432,-75.69618999295432,61.0,-76.8,-76.8,112.33093653940944,61.0000_-76.8000
7129,27,94,-360000.0,2000000.0,61.87883012823883,-75.31979521912845,-75.31979521912845,61.0,-76.8,-76.8,125.4586735052351,61.0000_-76.8000
7130,28,94,-340000.0,2000000.0,61.89535457103066,-74.94302156866264,-74.94302156866264,61.0,-75.3,-75.3,101.3502099357873,61.0000_-75.3000
7131,29,94,-320000.0,2000000.0,61.910941380613096,-74.5658893892348,-74.5658893892348,61.0,-75.3,-75.3,108.54124630883807,61.0000_-75.3000
7132,30,94,-300000.0,2000000.0,61.92558939543799,-74.18841914692102,-74.18841914692102,61.0,-75.3,-75.3,118.65293920207422,61.0000_-75.3000
7133,31,94,-280000.0,2000000.0,61.939297522303804,-73.81063141974822,-73.81063141974822,61.0,-75.3,-75.3,131.0103819099728,61.0000_-75.3000
7134,32,94,-260000.0,2000000.0,61.952064736735004,-73.4325468911552,-73.4325468911552,61.0,-73.8,-73.8,107.64743317241087,61.0000_-73.8000
7135,33,94,-240000.0,2000000.0,61.963890083338484,-73.05418634336681,-73.05418634336681,61.0,-73.8,-73.8,114.25752556401024,61.0000_-73.8000
7136,34,94,-220000.0,2000000.0,61.97477267613678,-72.67557065068661,-72.67557065068661,61.0,-73.8,-73.8,123.73151618213089,61.0000_-73.8000
7165,20,95,-500000.0,2020000.0,61.914061090224315,-77.995320174906,-77.995320174906,61.0,-78.3,-78.3,102.91983677569013,61.0000_-78.3000
7166,21,95,-480000.0,2020000.0,61.93721892516634,-77.61969031524741,-77.61969031524741,61.0,-78.3,-78.3,110.29858133164223,61.0000_-78.3000
7167,22,95,-460000.0,2020000.0,61.959444896121376,-77.24355447970808,-77.24355447970808,61.0,-78.3,-78.3,120.52761530027978,61.0000_-78.3000
7168,23,95,-440000.0,2020000.0,61.980737354217766,-76.86693246988008,-76.86693246988008,61.0,-78.3,-78.3,132.95009126906706,61.0000_-78.3000
